# word	frequency
haus	200000
arbeit	199950
bericht	199900
projekt	199850
projekte	199800
bau	199750
inspektion	199700
wartung	199650
struktur	199600
strukturen	199550
beton	199500
stahl	199450
holz	199400
mauer	199350
mauern	199300
fundament	199250
fundamente	199200
boden	199150
geotechnik	199100
hang	199050
hänge	199000
füllung	198950
aushub	198900
entwässerung	198850
wasser	198800
rohr	198750
rohre	198700
eisenbahn	198650
bahn	198600
linie	198550
linien	198500
station	198450
stationen	198400
plattform	198350
gleis	198300
gleise	198250
schwelle	198200
schwellen	198150
schotter	198100
brücke	198050
brücken	198000
tunnel	197950
straße	197900
straßen	197850
zugang	197800
gebäude	197750
dach	197700
dächer	197650
böden	197600
decke	197550
decken	197500
tür	197450
türen	197400
fenster	197350
zeichnung	197300
zeichnungen	197250
plan	197200
pläne	197150
berechnung	197100
berechnungen	197050
entwurf	197000
widerstand	196950
kraft	196900
kräfte	196850
moment	196800
momente	196750
last	196700
lasten	196650
stütze	196600
stützen	196550
säule	196500
säulen	196450
balken	196400
platte	196350
platten	196300
bewehrung	196250
sicherheit	196200
qualität	196150
material	196100
materialien	196050
ausrüstung	196000
werkzeug	195950
werkzeuge	195900
fehler	195850
budget	195800
preis	195750
preise	195700
kosten	195650
wert	195600
werte	195550
dokument	195500
dokumente	195450
datei	195400
dateien	195350
unterschrift	195300
digital	195250
anwendung	195200
anwendungen	195150
tastatur	195100
tastaturen	195050
wörterbuch	195000
wörterbücher	194950
korrektur	194900
korrekturwort	194850
wort	194800
wörter	194750
satz	194700
sätze	194650
text	194600
texte	194550
sprache	194500
sprachen	194450
deutsch	194400
portugiesisch	194350
englisch	194300
italienisch	194250
spanisch	194200
französisch	194150
heute	194100
morgen	194050
gestern	194000
vormittag	193950
nachmittag	193900
abend	193850
nacht	193800
woche	193750
monat	193700
jahr	193650
besprechung	193600
nachricht	193550
nachrichten	193500
senden	193450
empfangen	193400
prüfen	193350
korrigieren	193300
verbessern	193250
speichern	193200
öffnen	193150
schließen	193100
bearbeiten	193050
auswählen	193000
wählen	192950
aktivieren	192900
deaktivieren	192850
schnell	192800
effizient	192750
intelligent	192700
automatisch	192650
persönlich	192600
privat	192550
technisch	192500
technik	192450
ingenieur	192400
ingenieurwesen	192350
bauingenieurwesen	192300
architektur	192250
elektrisch	192200
hydraulisch	192150
küche	192100
familie	192050
schule	192000
studium	191950
prüfung	191900
test	191850
lehrer	191800
schüler	191750
firma	191700
kunde	191650
lieferant	191600
vertrag	191550
rechnung	191500
zahlung	191450
konto	191400
bank	191350
telefon	191300
computer	191250
tablet	191200
internet	191150
email	191100
adresse	191050
datum	191000
uhr	190950
minute	190900
sekunde	190850
erste	190800
montag	190750
dienstag	190700
mittwoch	190650
donnerstag	190600
freitag	190550
samstag	190500
sonntag	190450
januar	190400
februar	190350
märz	190300
april	190250
mai	190200
juni	190150
juli	190100
august	190050
september	190000
oktober	189950
november	189900
dezember	189850
nord	189800
süd	189750
ost	189700
west	189650
links	189600
rechts	189550
oben	189500
unten	189450
innen	189400
außen	189350
groß	189300
klein	189250
größer	189200
kleiner	189150
besser	189100
schlechter	189050
neu	189000
alt	188950
richtig	188900
falsch	188850
wichtig	188800
dringend	188750
verfügbar	188700
möglich	188650
notwendig	188600
danke	188550
bitte	188500
hallo	188450
guten	188400
tag	188350
herr	188300
frau	188250
information	188200
informationen	188150
status	188100
fertig	188050
ausstehend	188000
geplant	187950
abgeschlossen	187900
ort	187850
foto	187800
fotos	187750
messung	187700
messungen	187650
menge	187600
mengen	187550
einheit	187500
einheiten	187450
länge	187400
breite	187350
höhe	187300
fläche	187250
volumen	187200
gewicht	187150
kilometer	187100
meter	187050
zentimeter	187000
millimeter	186950
tonne	186900
tonnen	186850
ab	50000
aber	49999
ach	49998
acht	49997
achte	49996
achten	49995
achter	49994
achtes	49993
ag	49992
alle	49991
allein	49990
allem	49989
allen	49988
aller	49987
allerdings	49986
alles	49985
allgemeinen	49984
als	49983
also	49982
am	49981
an	49980
andere	49979
anderem	49978
anderen	49977
andern	49976
anders	49975
auch	49974
auf	49973
aus	49972
ausser	49971
ausserdem	49970
bald	49967
bei	49966
beide	49965
beiden	49964
beim	49963
beispiel	49962
bekannt	49961
bereits	49960
besonders	49959
besten	49958
bin	49957
bis	49956
bisher	49955
bist	49954
da	49953
dabei	49952
dadurch	49951
dafür	49950
dagegen	49949
daher	49948
dahin	49947
dahinter	49946
damals	49945
damit	49944
danach	49943
daneben	49942
dank	49941
dann	49940
daran	49939
darauf	49938
daraus	49937
darf	49936
darfst	49935
darin	49934
darum	49933
darunter	49932
darüber	49931
das	49930
dasein	49929
daselbst	49928
dass	49927
dasselbe	49926
davon	49925
davor	49924
dazu	49923
dazwischen	49922
dein	49920
deine	49919
deinem	49918
deiner	49917
dem	49916
dementsprechend	49915
demgegenüber	49914
demgemäss	49913
demselben	49911
demzufolge	49910
den	49909
denen	49908
denn	49907
denselben	49906
der	49905
deren	49904
derjenige	49903
derjenigen	49902
dermassen	49901
derselbe	49899
derselben	49898
des	49897
deshalb	49896
desselben	49895
dessen	49894
deswegen	49893
dich	49892
die	49891
diejenige	49890
diejenigen	49889
dies	49888
diese	49887
dieselbe	49886
dieselben	49885
diesem	49884
diesen	49883
dieser	49882
dieses	49881
dir	49880
doch	49879
dort	49878
drei	49877
drin	49876
dritte	49875
dritten	49874
dritter	49873
drittes	49872
du	49871
durch	49870
durchaus	49869
durfte	49868
durften	49867
dürfen	49866
dürft	49865
eben	49864
ebenso	49863
ehrlich	49862
eigen	49861
eigene	49860
eigenen	49859
eigener	49858
eigenes	49857
ein	49856
einander	49855
eine	49854
einem	49853
einen	49852
einer	49851
eines	49850
einige	49849
einigen	49848
einiger	49847
einiges	49846
einmal	49845
einmaleins	49844
elf	49843
en	49842
ende	49841
endlich	49840
entweder	49839
er	49838
erst	49837
ersten	49836
erster	49835
erstes	49834
es	49833
etwa	49832
etwas	49831
euch	49830
früher	49829
fünf	49828
fünfte	49827
fünften	49826
fünfter	49825
fünftes	49824
für	49823
gab	49822
ganz	49821
ganze	49820
ganzen	49819
ganzer	49818
ganzes	49817
gar	49816
gedurft	49815
gegen	49814
gegenüber	49813
gehabt	49812
gehen	49811
geht	49810
gekannt	49809
gekonnt	49808
gemacht	49807
gemocht	49806
gemusst	49805
genug	49804
gerade	49803
gern	49802
gesagt	49801
geschweige	49800
gewesen	49799
gewollt	49798
geworden	49797
gibt	49796
ging	49795
gleich	49794
grosse	49792
grossen	49791
grosser	49790
grosses	49789
gut	49784
gute	49783
guter	49782
gutes	49781
habe	49780
haben	49779
habt	49778
hast	49777
hat	49776
hatte	49775
hatten	49774
heisst	49773
her	49771
hier	49770
hin	49769
hinter	49768
hoch	49767
hätte	49766
hätten	49765
ich	49764
ihm	49763
ihn	49762
ihnen	49761
ihr	49760
ihre	49759
ihrem	49758
ihren	49757
ihrer	49756
ihres	49755
im	49754
immer	49753
in	49752
indem	49751
infolgedessen	49750
ins	49749
irgend	49748
ist	49747
ja	49746
jahre	49745
jahren	49744
je	49743
jede	49742
jedem	49741
jeden	49740
jeder	49739
jedermann	49738
jedermanns	49737
jedoch	49736
jemand	49735
jemandem	49734
jemanden	49733
jene	49732
jenem	49731
jenen	49730
jener	49729
jenes	49728
jetzt	49727
kam	49726
kann	49725
kannst	49724
kaum	49723
kein	49722
keine	49721
keinem	49720
keinen	49719
keiner	49718
kleine	49717
kleinen	49716
kleines	49715
kommen	49714
kommt	49713
konnte	49712
konnten	49711
kurz	49710
können	49709
könnt	49708
könnte	49707
lang	49706
lange	49705
leicht	49704
leider	49703
lieber	49702
los	49701
machen	49700
macht	49699
machte	49698
mag	49697
magst	49696
man	49695
manche	49694
manchem	49693
manchen	49692
mancher	49691
manches	49690
mehr	49689
mein	49688
meine	49687
meinem	49686
meinen	49685
meiner	49684
meines	49683
mich	49682
mir	49681
mit	49680
mittel	49679
mochte	49678
mochten	49677
muss	49676
musst	49675
musste	49674
mussten	49673
möchte	49671
mögen	49670
mögt	49669
müssen	49668
müsst	49667
na	49666
nach	49665
nachdem	49664
nahm	49663
natürlich	49662
neben	49661
nein	49660
neue	49659
neuen	49658
neun	49657
neunte	49656
neunten	49655
neunter	49654
neuntes	49653
nicht	49652
nichts	49651
nie	49650
niemand	49649
niemandem	49648
niemanden	49647
noch	49646
nun	49645
nur	49644
ob	49643
oder	49642
offen	49641
oft	49640
ohne	49639
recht	49638
rechte	49637
rechten	49636
rechter	49635
rechtes	49634
rund	49633
sagt	49632
sagte	49631
sah	49630
satt	49629
schlecht	49628
schon	49627
sechs	49626
sechste	49625
sechsten	49624
sechster	49623
sechstes	49622
sehr	49621
sei	49620
seid	49619
seien	49618
sein	49617
seine	49616
seinem	49615
seinen	49614
seiner	49613
seines	49612
seit	49611
seitdem	49610
selbst	49609
sich	49608
sie	49607
sieben	49606
siebente	49605
siebenten	49604
siebenter	49603
siebentes	49602
siebte	49601
siebten	49600
siebter	49599
siebtes	49598
sind	49597
so	49596
solang	49595
solche	49594
solchem	49593
solchen	49592
solcher	49591
solches	49590
soll	49589
sollen	49588
sollte	49587
sollten	49586
sondern	49585
sonst	49584
sowie	49583
später	49582
statt	49581
tage	49580
tagen	49579
tat	49578
teil	49577
tel	49576
trotzdem	49575
tun	49574
um	49573
und	49572
uns	49571
unser	49570
unsere	49569
unserer	49568
unter	49567
vergangene	49566
vergangenen	49565
viel	49564
viele	49563
vielem	49562
vielen	49561
vielleicht	49560
vier	49559
vierte	49558
vierten	49557
vierter	49556
viertes	49555
vom	49554
von	49553
vor	49552
wahr	49551
wann	49550
war	49549
waren	49548
wart	49547
warum	49546
was	49545
wegen	49544
weil	49543
weit	49542
weiter	49541
weitere	49540
weiteren	49539
weiteres	49538
welche	49537
welchem	49536
welchen	49535
welcher	49534
welches	49533
wem	49532
wen	49531
wenig	49530
wenige	49529
weniger	49528
weniges	49527
wenigstens	49526
wenn	49525
wer	49524
werde	49523
werden	49522
werdet	49521
wessen	49520
wie	49519
wieder	49518
will	49517
willst	49516
wir	49515
wird	49514
wirklich	49513
wirst	49512
wo	49511
wohl	49510
wollen	49509
wollt	49508
wollte	49507
wollten	49506
worden	49505
wurde	49504
wurden	49503
während	49502
währenddem	49501
währenddessen	49500
wäre	49499
würde	49498
würden	49497
zehn	49496
zehnte	49495
zehnten	49494
zehnter	49493
zehntes	49492
zeit	49491
zu	49490
zuerst	49489
zugleich	49488
zum	49487
zunächst	49486
zur	49485
zurück	49484
zusammen	49483
zwanzig	49482
zwar	49481
zwei	49480
zweite	49479
zweiten	49478
zweiter	49477
zweites	49476
zwischen	49475
über	49474
überhaupt	49473
übrigens	49472
This	2500
derived	2500
Version:	2500
Copyright	2500
License:	2500
There	2500
of	2500
GPL.	2500
GPL	2500
for	2500
Äbte	2500
Äbtissin	2500
Ächten	2500
Äcker	2500
Äderchen	2500
Äffchen	2500
Äffin	2500
Ägide	2500
Ägypten	2500
Ägypter	2500
Ähnlichkeit	2500
Ähre	2500
Ähren	2500
Ährenamt	2500
Ältesten	2500
Ämter	2500
Ändern	2500
Änderungs	2500
Ängste	2500
Ängstigen	2500
Ängstlichkeit	2500
Äon	2500
Äpfel	2500
Äquator	2500
Äquatorial	2500
Äquatorialafrika	2500
Äquivalents	2500
Äquivalenz	2500
Ära	2500
Ärger	2500
Ärgernis	2500
Ärmel	2500
Ärsche	2500
Ärzte	2500
Äste	2500
Ästhet	2500
Ästhetik	2500
Äthanol	2500
Äther	2500
Äthiopien	2500
Äthiopier	2500
Äthiopis	2500
Äthyl	2500
Ätna	2500
Ätzen	2500
Äugelchen	2500
Äußerlichkeit	2500
Äußern	2500
Äxte	2500
ABC	2500
ABM	2500
ACL	2500
ACLs	2500
ACPI	2500
ADAC	2500
ADSL	2500
AEG	2500
AGB	2500
AGP	2500
AGs	2500
AI	2500
AIX	2500
AKP	2500
AKW	2500
AKWs	2500
AMD	2500
ANSI	2500
AOK	2500
AOL	2500
API	2500
APIs	2500
ARD	2500
ASCII	2500
ASTA	2500
AT	2500
ATM	2500
Aachen	2500
Aachener	2500
Aal	2500
Aargau	2500
Aas	2500
Aasgeier	2500
Abändern	2500
Abänderungs	2500
Abakus	2500
Abarbeiten	2500
Abarbeitungs	2500
Abart	2500
Abb.	2500
Abbau	2500
Abbaubarkeit	2500
Abberufen	2500
Abbestellen	2500
Abbiegen	2500
Abbieger	2500
Abbild	2500
Abbildungs	2500
Abbinde	2500
Abbitte	2500
Abblas	2500
Abblend	2500
Abbrände	2500
Abbrand	2500
Abbrecher	2500
Abbrems	2500
Abbremsen	2500
Abbrenn	2500
Abbrüche	2500
Abbruch	2500
Abbuchen	2500
Abbuchungs	2500
Abdampf	2500
Abdanken	2500
Abdeck	2500
Abdecken	2500
Abdecker	2500
Abdeckerei	2500
Abdicht	2500
Abdichten	2500
Abdichtungs	2500
Abdominal	2500
Abdreh	2500
Abdrift	2500
Abdrosseln	2500
Abdrücke	2500
Abdruck	2500
Abduktions	2500
Abduktor	2500
Abduktoren	2500
Abdunkeln	2500
Abdunkelungs	2500
Abduzens	2500
Abel	2500
Abendmahl	2500
Abendmahls	2500
Abendmal	2500
Abendröte	2500
Abendrot	2500
Abenteuer	2500
Abenteurer	2500
Aberglaube	2500
Aberglauben	2500
Aberkennen	2500
Aberwitz	2500
Abessinien	2500
Abessinienkrieg	2500
Abeter	2500
Abfahrt	2500
Abfahrts	2500
Abfall	2500
Abfang	2500
Abfassen	2500
Abfertigen	2500
Abfertigungs	2500
Abfinden	2500
Abfindungs	2500
Abflachen	2500
Abflug	2500
Abfluss	2500
Abfördermenge	2500
Abfolge	2500
Abforsten	2500
Abfrage	2500
Abführ	2500
Abführen	2500
Abfüll	2500
Abfüllen	2500
Abfuhr	2500
Abgabe	2500
Abgaben	2500
Abgabeordnung	2500
Abgang	2500
Abgangs	2500
Abgas	2500
Abgebrühtheit	2500
Abgeklärtheit	2500
Abgelegenheit	2500
Abgelten	2500
Abgeordnete	2500
Abgeordneten	2500
Abgeordneter	2500
Abgeschiedenheit	2500
Abgeschlossenheit	2500
Abgeschlossenheits	2500
Abgespanntheit	2500
Abglanz	2500
Abgleich	2500
Abgötter	2500
Abgott	2500
Abgrenzen	2500
Abgrenzungs	2500
Abgriff	2500
Abgriffspannung	2500
Abgründe	2500
Abgrund	2500
Abguss	2500
Abhänge	2500
Abhängigkeit	2500
Abhängigkeits	2500
Abhärten	2500
Abhäute	2500
Abhandeln	2500
Abhandenkommen	2500
Abhang	2500
Abhebe	2500
Abheben	2500
Abhilfe	2500
Abhitze	2500
Abhör	2500
Abhören	2500
Abhörer	2500
Abhol	2500
Abholen	2500
Abholzen	2500
Abi	2500
Abisolier	2500
Abitur	2500
Abiturient	2500
Abiturienten	2500
Abk.	2500
Abkant	2500
Abkapseln	2500
Abkehr	2500
Abklären	2500
Abklatsch	2500
Abkling	2500
Abkömmling	2500
Abkocher	2500
Abkommen	2500
Abkoppeln	2500
Abkühlen	2500
Abkühlungs	2500
Abkürzen	2500
Abkürzungs	2500
Abkunft	2500
Ablade	2500
Abladen	2500
Ablader	2500
Abladungs	2500
Ablage	2500
Ablagern	2500
Ablagerungs	2500
Ablass	2500
Ablativ	2500
Ablauf	2500
Ablaut	2500
Ableben	2500
Ablege	2500
Ablegen	2500
Ableger	2500
Ablehnen	2500
Ablehnungs	2500
Ableisten	2500
Ableit	2500
Ableiten	2500
Ableiter	2500
Ableitungs	2500
Ablenk	2500
Ablenkbarkeit	2500
Ablenken	2500
Ablenkungs	2500
Ablese	2500
Ablesen	2500
Ablichten	2500
Abliefern	2500
Ablieferungs	2500
Ablöse	2500
Ablösen	2500
Ablösungs	2500
Abluft	2500
Abmärsche	2500
Abmachen	2500
Abmagern	2500
Abmagerungs	2500
Abmahnen	2500
Abmahner	2500
Abmahnwelle	2500
Abmarsch	2500
Abmelde	2500
Abmelden	2500
Abmessen	2500
Abmildern	2500
Abmischen	2500
Abnahme	2500
Abnehmer	2500
Abneigen	2500
Abnormalität	2500
Abnormität	2500
Abnützen	2500
Abnutzen	2500
Abnutzungs	2500
Abo	2500
Abonnement	2500
Abonnements	2500
Abonnent	2500
Abonnenten	2500
Abordnen	2500
Abort	2500
Abortus	2500
Abpack	2500
Abplatten	2500
Abprall	2500
Abraham	2500
Abraum	2500
Abraumhalde	2500
Abrechnen	2500
Abrechnungs	2500
Abrede	2500
Abreiben	2500
Abreiß	2500
Abreise	2500
Abricht	2500
Abrichten	2500
Abrieb	2500
Abriegeln	2500
Abriss	2500
Abroll	2500
Abrüsten	2500
Abrüstungs	2500
Abruf	2500
Abrunden	2500
Abs.	2500
Absätze	2500
Absacker	2500
Absage	2500
Absahner	2500
Absatz	2500
Absaug	2500
Abschätzen	2500
Abschaffen	2500
Abschalt	2500
Abschalten	2500
Abschaum	2500
Abscheiden	2500
Abscheider	2500
Abscheu	2500
Abscheulichkeit	2500
Abschiebe	2500
Abschieben	2500
Abschiebungs	2500
Abschied	2500
Abschieds	2500
Abschirm	2500
Abschirmen	2500
Abschläge	2500
Abschlachten	2500
Abschlag	2500
Abschlags	2500
Abschlepp	2500
Abschluss	2500
Abschmier	2500
Abschmiernippel	2500
Abschmink	2500
Abschneid	2500
Abschneide	2500
Abschneiden	2500
Abschneider	2500
Abschnitt	2500
Abschnitts	2500
Abschnüren	2500
Abschöpfen	2500
Abschott	2500
Abschotten	2500
Abschottungs	2500
Abschreck	2500
Abschrecken	2500
Abschreckungs	2500
Abschreibe	2500
Abschreiben	2500
Abschreiber	2500
Abschreibungs	2500
Abschrift	2500
Abschürfen	2500
Abschuss	2500
Abschwächen	2500
Abschwächungs	2500
Abschweifen	2500
Abschwitzdecke	2500
Abschwung	2500
Absegnen	2500
Abseits	2500
Absenden	2500
Absender	2500
Absenken	2500
Abservieren	2500
Absetz	2500
Absetzen	2500
Absetzungs	2500
Absichern	2500
Absicherungs	2500
Absicht	2500
Absichtlichkeit	2500
Absichts	2500
Absinken	2500
Absolut	2500
Absolutheit	2500
Absolutheitsanspruch	2500
Absolutismus	2500
Absolvent	2500
Absolvieren	2500
Absondern	2500
Absonderungs	2500
Absorbens	2500
Absorbenzien	2500
Absorbier	2500
Absorption	2500
Absorptions	2500
Abspalten	2500
Abspann	2500
Abspeichern	2500
Absperr	2500
Absperren	2500
Abspiel	2500
Abspieler	2500
Absprache	2500
Absprengungs	2500
Absprünge	2500
Absprung	2500
Abspül	2500
Abspulen	2500
Abstände	2500
Abstammen	2500
Abstammungs	2500
Abstand	2500
Abstands	2500
Abstecher	2500
Absteiger	2500
Abstell	2500
Abstellen	2500
Abstieg	2500
Abstiegs	2500
Abstimm	2500
Abstimmen	2500
Abstimmungs	2500
Abstinenz	2500
Abstoß	2500
Abstoßungs	2500
Abstrahl	2500
Abstrahlen	2500
Abstraktion	2500
Abstraktions	2500
Abstraktum	2500
Abstreifer	2500
Abstrich	2500
Abstürze	2500
Abstützen	2500
Abstufen	2500
Absturz	2500
Absud	2500
Absurdität	2500
Abszess	2500
Abszisse	2500
Abszissen	2500
Abt	2500
Abtast	2500
Abtasten	2500
Abtauchen	2500
Abtei	2500
Abteil	2500
Abteilungs	2500
Abtöten	2500
Abtragen	2500
Abtransport	2500
Abtreiben	2500
Abtreibungs	2500
Abtrenn	2500
Abtrennen	2500
Abtreten	2500
Abtreter	2500
Abtretungs	2500
Abtrieb	2500
Abtritt	2500
Abtropf	2500
Abtrünnigkeit	2500
Aburteilen	2500
Abverkauf	2500
Abwägen	2500
Abwägungs	2500
Abwälzen	2500
Abwärme	2500
Abwärts	2500
Abwässer	2500
Abwahl	2500
Abwandeln	2500
Abwandelung	2500
Abwandern	2500
Abwanderungs	2500
Abwasch	2500
Abwasser	2500
Abwechseln	2500
Abweg	2500
Abwehr	2500
Abweichen	2500
Abweichler	2500
Abweisen	2500
Abwenden	2500
Abwerben	2500
Abwerten	2500
Abwertungs	2500
Abwesenheit	2500
Abwesenheits	2500
Abwickel	2500
Abwickeln	2500
Abwicklungs	2500
Abwind	2500
Abwrack	2500
Abwrackgelände	2500
Abwürfe	2500
Abwurf	2500
Abzähl	2500
Abzählbarkeit	2500
Abzahlen	2500
Abzahlungs	2500
Abzehren	2500
Abzeichen	2500
Abzieh	2500
Abzieher	2500
Abzug	2500
Abzugs	2500
Abzweig	2500
Abzweigen	2500
Access	2500
Accessoire	2500
Account	2500
Accounting	2500
Acer	2500
Aceton	2500
Achilles	2500
Achim	2500
Achs	2500
Achse	2500
Achsel	2500
Achsen	2500
Achtbarkeit	2500
Achteck	2500
Achtelfinale	2500
Achterbahn	2500
Achtklässler	2500
Achtlosigkeit	2500
Achtsamkeit	2500
Achtungs	2500
Achtzigerjahre	2500
Acidum	2500
Acker	2500
Ackermann	2500
Acryl	2500
Action	2500
Adäquatheit	2500
Ada	2500
Adam	2500
Adamek	2500
Adams	2500
Adamsapfel	2500
Adaptations	2500
Adaptec	2500
Adapter	2500
Adaptieren	2500
Adaption	2500
Adaptions	2500
Addier	2500
Addition	2500
Additions	2500
Additiv	2500
Adduktions	2500
Adduktorenzerrung	2500
Adebar	2500
Adel	2500
Adeln	2500
Adels	2500
Adenauer	2500
Ader	2500
Aderlass	2500
Adhäsion	2500
Adhäsions	2500
Adiabat	2500
Adidas	2500
Adipositas	2500
Adjektiv	2500
Adjunktion	2500
Adjutant	2500
Adler	2500
Administration	2500
Administrations	2500
Administrator	2500
Admiral	2500
Admiralität	2500
Admirals	2500
Adobe	2500
Adoleszent	2500
Adoleszenten	2500
Adoleszenz	2500
Adolf	2500
Adolph	2500
Adonis	2500
Adoption	2500
Adoptions	2500
Adoptiv	2500
Adorno	2500
Adrenalin	2500
Adress	2500
Adressat	2500
Adressbit	2500
Adressen	2500
Adressieren	2500
Adressierungsart	2500
Adressoffset	2500
Adria	2500
Adrian	2500
Adrianopel	2500
Adsorbens	2500
Adsorbentia	2500
Adsorbenzien	2500
Adsorption	2500
Adsorptions	2500
Advent	2500
Advents	2500
Adventssonntag	2500
Adverb	2500
Adverbien	2500
Advokat	2500
Aerodynamik	2500
Aerodynamiker	2500
Aeronautik	2500
Aerosol	2500
Aerostatik	2500
AfA	2500
AfD	2500
Affäre	2500
Affe	2500
Affekt	2500
Affektiertheit	2500
Affektion	2500
Affektivität	2500
Affen	2500
Affenfleisch	2500
Afferenz	2500
Affinität	2500
Affirmation	2500
Affront	2500
Afghane	2500
Afghanistan	2500
Afrika	2500
Afrikaner	2500
Afroamerikaner	2500
Afrolook	2500
After	2500
Aftershave	2500
Agadir	2500
Agave	2500
Agenda	2500
Agende	2500
Agent	2500
Agenten	2500
Agentur	2500
Agfa	2500
Agglomeration	2500
Agglutination	2500
Agglutinations	2500
Aggregat	2500
Aggregation	2500
Aggregations	2500
Aggregatzustände	2500
Aggregatzustand	2500
Aggression	2500
Aggressions	2500
Aggressivität	2500
Aggressor	2500
Agilität	2500
Agio	2500
Agitation	2500
Agitations	2500
Agitator	2500
Agnostiker	2500
Agonie	2500
Agrar	2500
Agrarparteiler	2500
Agronom	2500
Ahle	2500
Ahnden	2500
Ahnen	2500
Ahnfrau	2500
Ahnherr	2500
Ahnungslosigkeit	2500
Ahorn	2500
Aids	2500
Airbag	2500
Airbrush	2500
Airbus	2500
Airline	2500
Ajatollah	2500
Akaba	2500
Akademie	2500
Akademiker	2500
Akazie	2500
Akazienart	2500
Akklamation	2500
Akklimatisation	2500
Akklimatisieren	2500
Akkolade	2500
Akkommodation	2500
Akkommodations	2500
Akkord	2500
Akkordeon	2500
Akkreditieren	2500
Akkreditierungs	2500
Akkreditiv	2500
Akku	2500
Akkumulation	2500
Akkumulator	2500
Akkumulatorenbatterie	2500
Akkuratesse	2500
Akkusativ	2500
Akkusativobjekt	2500
Akne	2500
Akontozahlung	2500
Akquise	2500
Akquisiteur	2500
Akquisition	2500
Akquisitions	2500
Akribie	2500
Akrobat	2500
Akrobaten	2500
Akrobatik	2500
Akronym	2500
Akropolis	2500
Akt	2500
Aktant	2500
Akten	2500
Akteur	2500
Aktie	2500
Aktien	2500
Aktienbesitz	2500
Aktiensplit	2500
Aktion	2500
Aktionär	2500
Aktionärs	2500
Aktionismus	2500
Aktions	2500
Aktiv	2500
Aktiva	2500
Aktivierungs	2500
Aktivist	2500
Aktivisten	2500
Aktivität	2500
Aktivitäts	2500
Aktivsein	2500
Aktor	2500
Aktstudie	2500
Aktualisieren	2500
Aktualisierungs	2500
Aktualität	2500
Aktuar	2500
Akupressur	2500
Akupunktur	2500
Akustik	2500
Akzeleration	2500
Akzent	2500
Akzentuieren	2500
Akzept	2500
Akzeptanz	2500
Akzidenz	2500
Alabama	2500
Alabaster	2500
Aladin	2500
Alarm	2500
Alarmieren	2500
Alarmierungs	2500
Alarmklingel	2500
Alaska	2500
Alaskastraße	2500
Alb	2500
Alba	2500
Albaner	2500
Albanien	2500
Albatros	2500
Albdruck	2500
Alben	2500
Albernheit	2500
Albert	2500
Albinismus	2500
Albino	2500
Albion	2500
Albrecht	2500
Albtraum	2500
Album	2500
Alcatel	2500
Alchemie	2500
Alchemist	2500
Alchimie	2500
Aldi	2500
Alemanne	2500
Alembert	2500
Aleppo	2500
Alex	2500
Alexander	2500
Alexanderplatz	2500
Alexanderschlacht	2500
Alexandra	2500
Alexandria	2500
Alf	2500
Alfa	2500
Alfons	2500
Alfred	2500
Alge	2500
Algebra	2500
Algebraisieren	2500
Algebren	2500
Algen	2500
Algerien	2500
Algerier	2500
Algier	2500
Algorithmen	2500
Algorithmenfamilie	2500
Algorithmentheorie	2500
Algorithmisierbarkeit	2500
Algorithmus	2500
Alias	2500
Alibi	2500
Alice	2500
Alimente	2500
Alkali	2500
Alkohol	2500
Alkoholika	2500
Alkoholiker	2500
Alkoholismus	2500
Alkoven	2500
All	2500
Allah	2500
Allee	2500
Allegorie	2500
Alleinbesitz	2500
Alleinvertretungsanbefugnis	2500
Allergie	2500
Allergiker	2500
Allerheiligen	2500
Allerwelts	2500
Allesfresser	2500
Alleskönner	2500
Allg.	2500
Allgäu	2500
Allgegenwart	2500
Allgemein	2500
Allgemeinheit	2500
Allheilmittel	2500
Allianz	2500
Alligator	2500
Alliierten	2500
Alliteration	2500
Allmacht	2500
Allquantifizierung	2500
Allquantor	2500
Allrad	2500
Allround	2500
Alltäglichkeit	2500
Alltag	2500
Alltags	2500
Allwetter	2500
Allwissenheit	2500
Allzeithoch	2500
Allzeittief	2500
Allzuständigkeit	2500
Allzweck	2500
Alm	2500
Almanach	2500
Almosen	2500
Alp	2500
Alpdruck	2500
Alpen	2500
Alpencup	2500
Alpenglühen	2500
Alpha	2500
Alphabet	2500
Alpinist	2500
Alptraum	2500
Alster	2500
Altäre	2500
Altamerikaner	2500
Altamira	2500
Altar	2500
Altbayern	2500
Alten	2500
Altenholz	2500
Alter	2500
Altern	2500
Alternativ	2500
Alternative	2500
Alters	2500
Altertum	2500
Altertums	2500
Alterungs	2500
Altimeter	2500
Altlast	2500
Altmaterial	2500
Altöl	2500
Altona	2500
Alu	2500
Aluminium	2500
Alzheimer	2500
Amadeus	2500
Amalgam	2500
Amaretto	2500
Amateur	2500
Amazon	2500
Amazonas	2500
Amazone	2500
Ambiente	2500
Ambiguität	2500
Ambition	2500
Ambivalenz	2500
Amboss	2500
Ambulanz	2500
Ameise	2500
Ameisen	2500
Amerika	2500
Amerikaner	2500
Amerikanertums	2500
Amerikanismen	2500
Amerikanismus	2500
Ami	2500
Aminosäure	2500
Amme	2500
Ammen	2500
Ammoniak	2500
Ammonit	2500
Ammonium	2500
Amnesie	2500
Amnestie	2500
Amnestievorlage	2500
Amnesty	2500
Amok	2500
Amor	2500
Amortisation	2500
Ampel	2500
Ampere	2500
Amphetamin	2500
Amphibie	2500
Amphibien	2500
Amphitheater	2500
Amplitude	2500
Amplituden	2500
Ampulle	2500
Amputation	2500
Amrum	2500
Amsel	2500
Amsterdam	2500
Amsterdamer	2500
Amt	2500
Amtmann	2500
Amts	2500
Amtschinesisch	2500
Amtseid	2500
Amtsübernahme	2500
Amüsement	2500
Amulett	2500
Anästhesie	2500
Anästhesist	2500
Anästhetika	2500
Anästhetikum	2500
Anachoret	2500
Anachronismen	2500
Anachronismus	2500
Anagramm	2500
Anal	2500
Analen	2500
Analog	2500
Analogie	2500
Analogiebildung	2500
Analogieschluss	2500
Analogmultiplexer	2500
Analogon	2500
Analphabet	2500
Analphabetenquote	2500
Analphabetentum	2500
Analphabetismus	2500
Analysator	2500
Analyse	2500
Analysierbarkeit	2500
Analysis	2500
Analyst	2500
Analystenerwartungen	2500
Analytik	2500
Analytiker	2500
Anamnese	2500
Ananas	2500
Anapher	2500
Anarchie	2500
Anarchismus	2500
Anarchist	2500
Anatol	2500
Anatolien	2500
Anatomie	2500
Anbahnen	2500
Anbau	2500
Anbauer	2500
Anbeginn	2500
Anbeten	2500
Anbeter	2500
Anbetracht	2500
Anbiedern	2500
Anbieten	2500
Anbieter	2500
Anbinden	2500
Anblick	2500
Anbringen	2500
Anbrüche	2500
Anbruch	2500
Andacht	2500
Andachts	2500
Andalusien	2500
Andalusier	2500
Anden	2500
Andenken	2500
Anderkonten	2500
Andersartigkeit	2500
Anderssein	2500
Andeuten	2500
Andockmanöver	2500
Andorra	2500
Andrängen	2500
Andrang	2500
Andre	2500
Andrea	2500
Androgene	2500
Androhen	2500
Android	2500
Androide	2500
Andromeda	2500
Andruck	2500
Andy	2500
Aneignen	2500
Aneinanderreihen	2500
Anekdote	2500
Anemone	2500
Anempfehlen	2500
Anerbieten	2500
Anerkennen	2500
Anerkenntnis	2500
Anerkennungs	2500
Anfälligkeit	2500
Anfänger	2500
Anfahr	2500
Anfahrt	2500
Anfahrts	2500
Anfall	2500
Anfang	2500
Anfangs	2500
Anfechten	2500
Anfechtungs	2500
Anfeinden	2500
Anfertigen	2500
Anfertigungswunsch	2500
Anfeuern	2500
Anfeuerungs	2500
Anflug	2500
Anflutungsphase	2500
Anfordern	2500
Anforderungs	2500
Anfrage	2500
Anfügen	2500
Anführen	2500
Anführer	2500
Anführungs	2500
Anführungsstich	2500
Anfuhr	2500
Angabe	2500
Angeber	2500
Angeberei	2500
Angebot	2500
Angebots	2500
Angedenken	2500
Angehörige	2500
Angehörigkeit	2500
Angehörigkeits	2500
Angel	2500
Angela	2500
Angelegenheit	2500
Angelei	2500
Angeles	2500
Angelika	2500
Angelpunkt	2500
Angelsachse	2500
Angemessenheit	2500
Angepasstheit	2500
Angermünde	2500
Angesicht	2500
Angestammtheit	2500
Angestellte	2500
Angestellten	2500
Angewöhnen	2500
Angewohnheit	2500
Angina	2500
Angleichen	2500
Angler	2500
Angliedern	2500
Anglistik	2500
Anglizismen	2500
Anglizismus	2500
Anglokanadier	2500
Angola	2500
Angora	2500
Angreifer	2500
Angriff	2500
Angriffs	2500
Angst	2500
Angstmache	2500
Anhänger	2500
Anhängerschaft	2500
Anhänglichkeit	2500
Anhängsel	2500
Anhäufen	2500
Anhalt	2500
Anhalter	2500
Anhaltspunkt	2500
Anhang	2500
Anheben	2500
Anhieb	2500
Anhöhe	2500
Anhören	2500
Anhörungs	2500
Anilin	2500
Animation	2500
Animations	2500
Animieren	2500
Animosität	2500
Anion	2500
Anis	2500
Anita	2500
Anja	2500
Ankara	2500
Ankathete	2500
Ankauf	2500
Ankaufs	2500
Anke	2500
Anker	2500
Ankick	2500
Ankläger	2500
Anklage	2500
Anklagebank	2500
Anklang	2500
Ankleide	2500
Anklemmung	2500
Anknüpfen	2500
Ankömmling	2500
Ankoppeln	2500
Ankündigen	2500
Ankündigungs	2500
Ankünfte	2500
Ankunft	2500
Ankunfts	2500
Ankunftszeit	2500
Ankurbeln	2500
Anlage	2500
Anlagekapitalien	2500
Anlagen	2500
Anlass	2500
Anlasser	2500
Anlauf	2500
Anlaut	2500
Anlege	2500
Anlegen	2500
Anleger	2500
Anlegerschar	2500
Anlehnen	2500
Anleihe	2500
Anleiten	2500
Anlernling	2500
Anliefern	2500
Anliegen	2500
Anlieger	2500
Anm.	2500
Anmärsche	2500
Anmarsch	2500
Anmaßen	2500
Anmelde	2500
Anmelden	2500
Anmelder	2500
Anmerken	2500
Anmieten	2500
Anmoderation	2500
Anmut	2500
Annähern	2500
Annäherungs	2500
Anna	2500
Annahme	2500
Annalen	2500
Anne	2500
Annehmlichkeit	2500
Annektion	2500
Anneliese	2500
Annemarie	2500
Annette	2500
Annexe	2500
Annexion	2500
Annie	2500
Annonce	2500
Annoncen	2500
Annotation	2500
Annullieren	2500
Anode	2500
Anoden	2500
Anomalie	2500
Anonymisierungs	2500
Anonymität	2500
Anorak	2500
Anordnen	2500
Anordnungs	2500
Anpassen	2500
Anpasshardware	2500
Anpassungs	2500
Anpfiff	2500
Anpflanzen	2500
Anprall	2500
Anpreisen	2500
Anpressdruck	2500
Anprobe	2500
Anrainer	2500
Anrechnen	2500
Anrechnungs	2500
Anrecht	2500
Anrechts	2500
Anrede	2500
Anregen	2500
Anregungs	2500
Anreichern	2500
Anreicherungs	2500
Anreise	2500
Anreiz	2500
Anriss	2500
Anrollens	2500
Anruf	2500
Anrufer	2500
Ansätze	2500
Ansage	2500
Ansager	2500
Ansammeln	2500
Ansatz	2500
Ansaug	2500
Ansbach	2500
Anschaffen	2500
Anschaffungs	2500
Anschalt	2500
Anschauen	2500
Anschaulichkeit	2500
Anschauungs	2500
Anschein	2500
Anschiss	2500
Anschlag	2500
Anschlags	2500
Anschluss	2500
Anschnall	2500
Anschnitt	2500
Anschraub	2500
Anschreibekredit	2500
Anschrift	2500
Anschub	2500
Anschuldigen	2500
Ansehen	2500
Ansehnlichkeit	2500
Ansicht	2500
Ansichts	2500
Ansichtskarte	2500
Ansichtssache	2500
Ansiedeln	2500
Ansiedler	2500
Ansiedlungs	2500
Ansinnen	2500
Ansitz	2500
Anspannen	2500
Anspielen	2500
Anspitzer	2500
Ansporn	2500
Ansprache	2500
Ansprech	2500
Ansprechbarkeit	2500
Ansprüche	2500
Anspruch	2500
Anspruchs	2500
Anständigkeit	2500
Anstalt	2500
Anstalts	2500
Anstand	2500
Anstands	2500
Ansteck	2500
Anstecken	2500
Ansteckungs	2500
Anstellen	2500
Anstellungs	2500
Ansteuer	2500
Ansteuerboard	2500
Ansteuern	2500
Ansteuerungs	2500
Anstieg	2500
Anstiegs	2500
Anstiften	2500
Anstifter	2500
Anstoß	2500
Anstreicher	2500
Anstrengen	2500
Anstrich	2500
Ansturm	2500
Antagonismus	2500
Antarktika	2500
Antarktis	2500
Anteil	2500
Anteils	2500
Antenne	2500
Antennen	2500
Anthologie	2500
Anthracen	2500
Anthrazitfeinkohlen	2500
Anthropoide	2500
Anthropologe	2500
Anthropologie	2500
Anthroposoph	2500
Anthroposophie	2500
Anti	2500
Antialiasing	2500
Antibiotika	2500
Antibiotikum	2500
Antidepressiva	2500
Antidot	2500
Antiemetikum	2500
Antifa	2500
Antihistaminika	2500
Antihistaminikum	2500
Antijudaismus	2500
Antikomintern	2500
Antillen	2500
Antilleninsel	2500
Antilope	2500
Antimon	2500
Antimykotikum	2500
Antipathie	2500
Antiquar	2500
Antiquariat	2500
Antiquariats	2500
Antiquität	2500
Antiquitäten	2500
Antisemit	2500
Antisemitismus	2500
Antiseptika	2500
Antiseptikum	2500
Antithese	2500
Antizipation	2500
Antje	2500
Antlitz	2500
Anton	2500
Antonio	2500
Antonius	2500
Antonym	2500
Antrag	2500
Antrags	2500
Antragstellen	2500
Antragsteller	2500
Antrieb	2500
Antriebs	2500
Antritt	2500
Antritts	2500
Antwerpen	2500
Antwort	2500
Anverwandlung	2500
Anverwandte	2500
Anwälte	2500
Anwältin	2500
Anwärter	2500
Anwahl	2500
Anwalt	2500
Anwalts	2500
Anwaltschaft	2500
Anwandeln	2500
Anwandelung	2500
Anwar	2500
Anwartschaft	2500
Anwartschafts	2500
Anweisen	2500
Anweisungs	2500
Anwendbarkeit	2500
Anwenden	2500
Anwender	2500
Anwendungs	2500
Anwerben	2500
Anwerbestopp	2500
Anwesen	2500
Anwesenheit	2500
Anwesenheits	2500
Anwohner	2500
Anz.	2500
Anzahl	2500
Anzahlungs	2500
Anzapfen	2500
Anzeichen	2500
Anzeige	2500
Anzeigen	2500
Anzeiger	2500
Anziehen	2500
Anziehungs	2500
Anzüglichkeit	2500
Anzünder	2500
Anzug	2500
Aorten	2500
Apache	2500
Apartheid	2500
Apartment	2500
Apathie	2500
Aperitif	2500
Apertur	2500
Apfel	2500
Apfelmus	2500
Apfelsine	2500
Apfelsinen	2500
Aphorismen	2500
Aphorismus	2500
Aphrodisiaka	2500
Aphrodisiakum	2500
Aphrodite	2500
Apokalypse	2500
Apoll	2500
Apollo	2500
Apologet	2500
Apostel	2500
Apostroph	2500
Apotheke	2500
Apotheken	2500
Apotheker	2500
Appalachen	2500
Apparat	2500
Apparateglasbläser	2500
Apparatur	2500
Appartement	2500
Appell	2500
Appellationsgericht	2500
Appetenz	2500
Appetit	2500
Applaus	2500
Apple	2500
Applet	2500
Applikation	2500
Applikations	2500
Apportierhund	2500
Approbation	2500
Approximation	2500
Aprikose	2500
Aprikosen	2500
Apside	2500
Apsis	2500
Apulien	2500
Aquädukt	2500
Aquadrom	2500
Aquarell	2500
Aquarien	2500
Aquarium	2500
Aquitanien	2500
Ar	2500
Araber	2500
Arabeske	2500
Arabien	2500
Arafat	2500
Aral	2500
Araldit	2500
Ararat	2500
Arbeitens	2500
Arbeiter	2500
Arbeiterschaft	2500
Arbeitgeber	2500
Arbeitnehmer	2500
Arbeits	2500
Arbeitsamkeit	2500
Arbeitsarray	2500
Arbeitsdirectory	2500
Arbeitsgeber	2500
Arbeitslosen	2500
Arbeitsnehmer	2500
Arbeitsüberlastung	2500
Archäologe	2500
Archäologie	2500
Arche	2500
Archenholz	2500
Archimedes	2500
Archipel	2500
Architekt	2500
Architekten	2500
Architektonik	2500
Archiv	2500
Archivale	2500
Archivalien	2500
Archivar	2500
Archivieren	2500
Archivierungs	2500
Areal	2500
Arena	2500
Arenen	2500
Areopag	2500
Argentinien	2500
Arglist	2500
Arglosigkeit	2500
Argon	2500
Argonaut	2500
Argument	2500
Argumentation	2500
Argumentations	2500
Argus	2500
Argusaugen	2500
Argwohn	2500
Ariadne	2500
Ariane	2500
Arie	2500
Arier	2500
Aristokrat	2500
Aristokraten	2500
Aristokratie	2500
Aristoteles	2500
Arithmetik	2500
Arizona	2500
Arkade	2500
Arkaden	2500
Arkansas	2500
Arktis	2500
Arm	2500
Armada	2500
Armagnac	2500
Armatur	2500
Armaturen	2500
Armbrüste	2500
Armee	2500
Armen	2500
Armenien	2500
Armenier	2500
Armseligkeit	2500
Armstrong	2500
Armut	2500
Armuts	2500
Arndt	2500
Arnika	2500
Arno	2500
Arnold	2500
Arnsberg	2500
Aroma	2500
Aromen	2500
Arosa	2500
Arrangement	2500
Arrangierens	2500
Array	2500
Arrest	2500
Arroganz	2500
Arrondieren	2500
Arrondissement	2500
Arsch	2500
Arsen	2500
Arsenal	2500
Art	2500
Artaxerxes	2500
Artefakt	2500
Artemis	2500
Arten	2500
Arterie	2500
Arterien	2500
Arteriosklerose	2500
Arthritis	2500
Arthrose	2500
Arthur	2500
Artigkeit	2500
Artikel	2500
Artikulation	2500
Artikulations	2500
Artillerie	2500
Artischocke	2500
Artist	2500
Artistik	2500
Artus	2500
Arznei	2500
Arzt	2500
Asbest	2500
Aschaffenburg	2500
Asche	2500
Aschen	2500
Aschenbrödel	2500
Aschenputtel	2500
Aschermittwoch	2500
Ascona	2500
Aserbaidschan	2500
Asexualität	2500
Asiat	2500
Asien	2500
Askese	2500
Asket	2500
Aspekt	2500
Asphalt	2500
Aspik	2500
Aspirant	2500
Aspiration	2500
Aspirin	2500
Ass	2500
Assekuranz	2500
Assel	2500
Assembler	2500
Assessmentcenter	2500
Assessor	2500
Assimilation	2500
Assisi	2500
Assistent	2500
Assistenz	2500
Assoziation	2500
Assoziations	2500
Assoziativität	2500
Assuanstaudamm	2500
Assyrien	2500
Ast	2500
Aster	2500
Asterblüte	2500
Asterix	2500
Asteroid	2500
Asteroiden	2500
Asthma	2500
Astoria	2500
Astralkörper	2500
Astrid	2500
Astro	2500
Astrologe	2500
Astrologie	2500
Astronaut	2500
Astronauten	2500
Astronautik	2500
Astronom	2500
Astronomie	2500
Asyl	2500
Asylant	2500
Asymmetrie	2500
Asymptote	2500
Asynchronmotor	2500
Atari	2500
Atelier	2500
Atem	2500
Atemwegs	2500
Atheismus	2500
Atheist	2500
Athen	2500
Athene	2500
Athener	2500
Athlet	2500
Athleten	2500
Athletik	2500
Athlon	2500
Atlant	2500
Atlanta	2500
Atlanten	2500
Atlantik	2500
Atlantis	2500
Atlas	2500
Atlasgebirge	2500
Atmen	2500
Atmosphäre	2500
Atmosphärensäule	2500
Atmungs	2500
Atoll	2500
Atom	2500
Atomisieren	2500
Atomium	2500
Atomsphäre	2500
Attachment	2500
Attaché	2500
Attacke	2500
Attentäter	2500
Attentat	2500
Attentats	2500
Attest	2500
Attika	2500
Attila	2500
Attitüde	2500
Attraktion	2500
Attraktivität	2500
Attrappe	2500
Attrappenversuch	2500
Attribuieren	2500
Attribut	2500
Atü	2500
Au	2500
Aubergine	2500
Audi	2500
Audienz	2500
Audio	2500
Auditorien	2500
Auditorium	2500
Audrey	2500
Auerhähne	2500
Auerhahn	2500
Auerhühner	2500
Auerhuhn	2500
Auerochse	2500
Aufarbeiten	2500
Aufbahren	2500
Aufbau	2500
Aufbauschen	2500
Aufbauten	2500
Aufbegehren	2500
Aufbereiten	2500
Aufbereitungs	2500
Aufbessern	2500
Aufbewahren	2500
Aufbewahrungs	2500
Aufbieten	2500
Aufbrüche	2500
Aufbruch	2500
Aufbruchstimmung	2500
Aufdecken	2500
Aufdruck	2500
Aufeinanderfolge	2500
Aufeinandertreffen	2500
Aufenthalt	2500
Aufenthalts	2500
Auferstehen	2500
Auferstehungs	2500
Auffächern	2500
Auffälligkeit	2500
Auffahrt	2500
Auffahrts	2500
Auffahrunfall	2500
Auffang	2500
Auffangweiche	2500
Auffassbarkeit	2500
Auffassen	2500
Auffassungs	2500
Auffindbarkeit	2500
Auffinden	2500
Aufflackern	2500
Auffordern	2500
Aufforderungs	2500
Aufforsten	2500
Auffrischen	2500
Auffrischungs	2500
Aufführen	2500
Aufführungs	2500
Auffüllen	2500
Aufgabe	2500
Aufgaben	2500
Aufgang	2500
Aufgebot	2500
Aufgeklärtheit	2500
Aufgeld	2500
Aufgeregtheit	2500
Aufgeschlossenheit	2500
Aufgliedern	2500
Aufguss	2500
Aufhängen	2500
Aufhänger	2500
Aufhäufen	2500
Aufhebbarkeit	2500
Aufheben	2500
Aufhebungs	2500
Aufheitern	2500
Aufheiz	2500
Aufheizen	2500
Aufhellen	2500
Aufhetzen	2500
Aufhetzer	2500
Aufholbedarf	2500
Aufkäufer	2500
Aufkauf	2500
Aufklären	2500
Aufklärer	2500
Aufklärungs	2500
Aufkleber	2500
Aufkommen	2500
Aufl.	2500
Auflade	2500
Aufladen	2500
Auflader	2500
Auflage	2500
Auflagen	2500
Auflassen	2500
Auflauf	2500
Auflaufform	2500
Auflehnen	2500
Aufliege	2500
Auflisten	2500
Auflösen	2500
Auflösungs	2500
Auflockern	2500
Auflockerungs	2500
Auflodern	2500
Aufmärsche	2500
Aufmachen	2500
Aufmarsch	2500
Aufmaß	2500
Aufmerksamkeit	2500
Aufmerksamkeits	2500
Aufmuntern	2500
Aufnahme	2500
Aufnehmer	2500
Aufopfern	2500
Aufpasser	2500
Aufpolieren	2500
Aufprall	2500
Aufpreis	2500
Aufputsch	2500
Aufputz	2500
Aufräumarbeit	2500
Aufrauen	2500
Aufrechnen	2500
Aufrechterhalten	2500
Aufrechtstehen	2500
Aufregen	2500
Aufrichten	2500
Aufrichtigkeit	2500
Aufriss	2500
Aufrüsten	2500
Aufrüstungs	2500
Aufruf	2500
Aufrufer	2500
Aufruhr	2500
Aufsätze	2500
Aufsatz	2500
Aufschaukeln	2500
Aufschlag	2500
Aufschlüsseln	2500
Aufschluss	2500
Aufschneider	2500
Aufschneiderei	2500
Aufschnitt	2500
Aufschrei	2500
Aufschrift	2500
Aufschübe	2500
Aufschüttungs	2500
Aufschub	2500
Aufschwung	2500
Aufsehens	2500
Aufseher	2500
Aufsicht	2500
Aufsichts	2500
Aufsichtsratsitze	2500
Aufsichtsratvertreter	2500
Aufspalten	2500
Aufspann	2500
Aufsplitten	2500
Aufstände	2500
Aufstacheln	2500
Aufstand	2500
Aufstands	2500
Aufsteck	2500
Aufsteiger	2500
Aufsteigerkarriere	2500
Aufstell	2500
Aufstellen	2500
Aufstellungs	2500
Aufstieg	2500
Aufstiegs	2500
Aufstock	2500
Aufstocken	2500
Aufstrich	2500
Aufsuchen	2500
Aufsummieren	2500
Auftakt	2500
Aufteilen	2500
Auftrag	2500
Auftraggeber	2500
Auftragnehmer	2500
Auftrags	2500
Auftragsnehmer	2500
Auftrennen	2500
Auftretens	2500
Auftrieb	2500
Auftriebs	2500
Auftritt	2500
Auftritts	2500
Aufwände	2500
Aufwärm	2500
Aufwärmen	2500
Aufwärts	2500
Aufwach	2500
Aufwallen	2500
Aufwand	2500
Aufwands	2500
Aufwarten	2500
Aufweichen	2500
Aufwenden	2500
Aufwerten	2500
Aufwickel	2500
Aufwicklung	2500
Aufwind	2500
Aufwurf	2500
Aufzählen	2500
Aufzeichnen	2500
Aufzeichnungs	2500
Aufzucht	2500
Aufzuchtphase	2500
Aufzug	2500
Aug	2500
Augapfel	2500
Augen	2500
Augenlied	2500
Augenmerk	2500
Augmentation	2500
Augsburg	2500
Augsburger	2500
Augustin	2500
Augustiner	2500
Augustus	2500
Auktion	2500
Auktions	2500
Aula	2500
Aura	2500
Aurel	2500
Aureole	2500
Aurich	2500
Außenamtsspecher	2500
Außenbord	2500
Außenborder	2500
Außenseiter	2500
Außenstehende	2500
Außerachtlassen	2500
Außerbetriebnahme	2500
Ausarbeiten	2500
Ausarten	2500
Ausbau	2500
Ausbessern	2500
Ausbesserungsarbeit	2500
Ausbeuten	2500
Ausbeutungs	2500
Ausbilden	2500
Ausbilder	2500
Ausbildungs	2500
Ausbinder	2500
Ausblenden	2500
Ausblick	2500
Ausbrecher	2500
Ausbrecherkönig	2500
Ausbreiten	2500
Ausbreitungs	2500
Ausbrüche	2500
Ausbruch	2500
Ausbruchs	2500
Ausbürgern	2500
Ausbuchten	2500
Auschwitz	2500
Ausdauer	2500
Ausdehnen	2500
Ausdehnungs	2500
Ausdifferenzieren	2500
Ausdrück	2500
Ausdrücke	2500
Ausdruck	2500
Ausdrucke	2500
Ausdrucks	2500
Ausdünnen	2500
Ausdünsten	2500
Auseinander	2500
Auseinandersetzen	2500
Ausfahrt	2500
Ausfall	2500
Ausfertigen	2500
Ausflüchte	2500
Ausflügler	2500
Ausflucht	2500
Ausflug	2500
Ausflugs	2500
Ausfluss	2500
Ausformen	2500
Ausforschen	2500
Ausführen	2500
Ausführlichkeit	2500
Ausführungs	2500
Ausfüll	2500
Ausfüllen	2500
Ausfuhr	2500
Ausfuhrkontrakt	2500
Ausgabe	2500
Ausgaben	2500
Ausgang	2500
Ausgangs	2500
Ausgasen	2500
Ausgeber	2500
Ausgeburt	2500
Ausgeglichenheit	2500
Ausgeh	2500
Ausgelassenheit	2500
Ausgereiftheit	2500
Ausgesetztheit	2500
Ausgestalten	2500
Ausgewogenheit	2500
Ausgleich	2500
Ausgleicher	2500
Ausgleichs	2500
Ausgliedern	2500
Ausgraben	2500
Ausgrenzen	2500
Ausguck	2500
Ausguss	2500
Aushändigen	2500
Aushängeschild	2500
Aushärte	2500
Aushandeln	2500
Aushang	2500
Ausheben	2500
Aushilfe	2500
Aushilfs	2500
Aushöhlen	2500
Aushübe	2500
Ausklammern	2500
Auskoppeln	2500
Auskünfte	2500
Auskunft	2500
Auskunftei	2500
Auskunfts	2500
Ausländer	2500
Ausläufer	2500
Ausladen	2500
Auslage	2500
Auslagern	2500
Ausland	2500
Auslands	2500
Auslandschuld	2500
Auslandsdeutscher	2500
Auslass	2500
Auslassen	2500
Auslassungsstrich	2500
Auslassungszeichen	2500
Auslasten	2500
Auslastungsquote	2500
Auslauf	2500
Auslaut	2500
Ausleben	2500
Auslegen	2500
Ausleger	2500
Auslegesteuerung	2500
Auslegungs	2500
Ausleihen	2500
Ausleiher	2500
Ausleihungsgeschäft	2500
Auslenken	2500
Auslese	2500
Auslesen	2500
Auslieferer	2500
Ausliefern	2500
Auslieferungs	2500
Auslösbarkeit	2500
Auslöschen	2500
Auslöse	2500
Auslösen	2500
Auslöser	2500
Auslobung	2500
Auslosen	2500
Ausloten	2500
Ausmärsche	2500
Ausmarsch	2500
Ausmaß	2500
Ausmerzen	2500
Ausmessen	2500
Ausmündung	2500
Ausnahme	2500
Ausnützen	2500
Ausnutzen	2500
Ausnutzungs	2500
Ausplündern	2500
Ausprägen	2500
Ausprägungs	2500
Auspuff	2500
Ausrechnen	2500
Ausreißer	2500
Ausreise	2500
Ausreisevisen	2500
Ausrichten	2500
Ausritt	2500
Ausrotten	2500
Ausrüsten	2500
Ausrüster	2500
Ausrüstungs	2500
Ausruf	2500
Ausrufezeichen	2500
Ausrufungszeichen	2500
Ausrutscher	2500
Aussaat	2500
Aussage	2500
Ausschänke	2500
Ausschaben	2500
Ausschalt	2500
Ausschalten	2500
Ausschalter	2500
Ausschank	2500
Ausschau	2500
Ausscheiden	2500
Ausscheidungs	2500
Ausscheidungswettbewerbe	2500
Ausschlag	2500
Ausschluss	2500
Ausschmücken	2500
Ausschnitt	2500
Ausschöpfen	2500
Ausschreiben	2500
Ausschreibungs	2500
Ausschreiten	2500
Ausschütten	2500
Ausschuss	2500
Ausschweifen	2500
Aussehens	2500
Aussenden	2500
Aussetzen	2500
Aussetzer	2500
Aussicht	2500
Aussichts	2500
Aussiedler	2500
Aussöhnen	2500
Aussöhnungs	2500
Aussondern	2500
Aussonderungs	2500
Ausspäh	2500
Ausspähen	2500
Ausspannen	2500
Aussparen	2500
Aussperren	2500
Ausspielen	2500
Aussprache	2500
Aussprachefehler	2500
Aussprüche	2500
Ausspruch	2500
Ausstände	2500
Ausstaffieren	2500
Ausstand	2500
Ausstatten	2500
Ausstatter	2500
Ausstattungs	2500
Aussteige	2500
Aussteigens	2500
Aussteiger	2500
Ausstell	2500
Ausstellen	2500
Aussteller	2500
Ausstellungs	2500
Aussterbens	2500
Aussteuer	2500
Aussteuern	2500
Ausstieg	2500
Ausstiegs	2500
Ausstoß	2500
Ausstrahlen	2500
Ausstrahlungskraft	2500
Ausströmen	2500
Austausch	2500
Austauschbarkeit	2500
Austeilen	2500
Austenit	2500
Auster	2500
Austräger	2500
Austragen	2500
Austragungs	2500
Australien	2500
Australier	2500
Austreiben	2500
Austriazismen	2500
Austriazismus	2500
Austritt	2500
Austritts	2500
Ausüben	2500
Ausübungs	2500
Ausufern	2500
Ausverkauf	2500
Ausverkaufs	2500
Auswärts	2500
Auswahl	2500
Auswanderer	2500
Auswandererberatungsstelle	2500
Auswandern	2500
Auswanderungs	2500
Auswechseln	2500
Ausweg	2500
Ausweich	2500
Ausweis	2500
Ausweisungs	2500
Ausweiten	2500
Auswerte	2500
Auswerten	2500
Auswertungs	2500
Auswirken	2500
Auswüchse	2500
Auswürfe	2500
Auswuchs	2500
Auswurf	2500
Auszählen	2500
Auszahlen	2500
Auszahlungs	2500
Auszehren	2500
Auszeichnen	2500
Auszeit	2500
Auszug	2500
Auszugs	2500
Autarkie	2500
Authentifizieren	2500
Authentifizierungs	2500
Authentisieren	2500
Authentizität	2500
Autismus	2500
Autist	2500
Auto	2500
Autodidakt	2500
Autodrom	2500
Autogramm	2500
Autograph	2500
Automat	2500
Automaten	2500
Automatik	2500
Automation	2500
Automatisieren	2500
Automatisierungs	2500
Automatismus	2500
Automobil	2500
Automobilisten	2500
Automorphismen	2500
Automorphismus	2500
Autonomie	2500
Autonomisieren	2500
Autopsie	2500
Autor	2500
Autoren	2500
Autorisieren	2500
Autorität	2500
Autoritäts	2500
Autoritarismus	2500
Autorschaft	2500
Auvergne	2500
Avantgarde	2500
Aversion	2500
Aviv	2500
Avocado	2500
Avogadro	2500
Axel	2500
Axiom	2500
Axt	2500
Azalee	2500
Azetat	2500
Azoren	2500
Azteken	2500
Aztekenöfen	2500
Aztekenofen	2500
Aztekenreich	2500
Azur	2500
BASF	2500
BBC	2500
BGB	2500
BGH	2500
BGHSt	2500
BGS	2500
BH	2500
BIC	2500
BIOS	2500
BIP	2500
BKA	2500
BLZ	2500
BMW	2500
BND	2500
BP	2500
BRD	2500
BSE	2500
BTX	2500
BVG	2500
Bäche	2500
Bächlein	2500
Bäckchen	2500
Bäcker	2500
Bäckerei	2500
Bäder	2500
Bälde	2500
Bände	2500
Bändel	2500
Bänder	2500
Bändigen	2500
Bänke	2500
Bänker	2500
Bär	2500
Bärbel	2500
Bären	2500
Bärte	2500
Bäuche	2500
Bäuchlein	2500
Bäuerin	2500
Bäumchen	2500
Bäusche	2500
Babel	2500
Baby	2500
Babylon	2500
Babylonier	2500
Babyphon	2500
Bach	2500
Bachelor	2500
Back	2500
Backen	2500
Backgammon	2500
Background	2500
Backslash	2500
Backup	2500
Bad	2500
Bade	2500
Badminton	2500
Bafög	2500
Bagatelle	2500
Bagatellfall	2500
Bagdad	2500
Bagger	2500
Baguette	2500
Bahamas	2500
Bahncard	2500
Bahnexpress	2500
Bahnhofs	2500
Bahrain	2500
Bahre	2500
Bahrein	2500
Bai	2500
Baiser	2500
Baisse	2500
Baissedeckung	2500
Baissemeldung	2500
Baissier	2500
Bajonett	2500
Bake	2500
Bakschisch	2500
Bakterie	2500
Bakterien	2500
Bakteriologe	2500
Bakterium	2500
Balance	2500
Balanceakt	2500
Balancieren	2500
Balboa	2500
Baldian	2500
Balearen	2500
Bali	2500
Balkan	2500
Balkanisierung	2500
Balkenlettern	2500
Balkon	2500
Ball	2500
Ballade	2500
Ballen	2500
Ballerina	2500
Ballerinen	2500
Ballerspiel	2500
Ballett	2500
Ballettwettbewerb	2500
Ballistik	2500
Ballon	2500
Ballungs	2500
Balsam	2500
Balte	2500
Baltikum	2500
Baltrum	2500
Balz	2500
Bamberg	2500
Bambi	2500
Bambus	2500
Bammel	2500
Banalität	2500
Banane	2500
Bananen	2500
Banause	2500
Banausentum	2500
Band	2500
Bandage	2500
Bandagist	2500
Bande	2500
Banden	2500
Banderole	2500
Bandit	2500
Banditen	2500
Bandoneon	2500
Bangemänner	2500
Bangkok	2500
Bangladesch	2500
Banjo	2500
Banken	2500
Banker	2500
Bankett	2500
Bankier	2500
Bankrott	2500
Bankrotteur	2500
Bann	2500
Bannen	2500
Banner	2500
Bantamgewichtsmeister	2500
Bantu	2500
Baptist	2500
Baptisterium	2500
Bar	2500
Baracke	2500
Baracken	2500
Barak	2500
Barbados	2500
Barbar	2500
Barbara	2500
Barbarei	2500
Barbarella	2500
Barbaren	2500
Barbarossa	2500
Barbie	2500
Barbier	2500
Barbitursäure	2500
Barcelona	2500
Barclays	2500
Barde	2500
Barentssee	2500
Bariton	2500
Barium	2500
Bark	2500
Barkeeper	2500
Barmherzigkeit	2500
Barnabas	2500
Barock	2500
Barometer	2500
Baron	2500
Baroness	2500
Barrakuda	2500
Barrel	2500
Barren	2500
Barriere	2500
Barrierefreiheit	2500
Barrikade	2500
Barsch	2500
Barschaft	2500
Bart	2500
Bartholdy	2500
Basal	2500
Basalt	2500
Basar	2500
Base	2500
Baseball	2500
Basel	2500
Basic	2500
Basilika	2500
Basilikum	2500
Basis	2500
Baske	2500
Basken	2500
Basketball	2500
Basler	2500
Bass	2500
Bassin	2500
Bassist	2500
Bast	2500
Bastard	2500
Bastel	2500
Bastelei	2500
Bastille	2500
Bastion	2500
Bastler	2500
Bataillon	2500
Bataillons	2500
Batik	2500
Batist	2500
Bator	2500
Batterie	2500
Batzen	2500
Bauch	2500
Bauchgrimmen	2500
Baud	2500
Baudrate	2500
Baudratenbestimmung	2500
Bauer	2500
Bauern	2500
Bauerntum	2500
Bauersfrau	2500
Baum	2500
Baumstumpf	2500
Bausch	2500
Bauten	2500
Bauxit	2500
Bavaria	2500
Bayer	2500
Bayern	2500
Bayeux	2500
Bayonne	2500
Bayreuth	2500
Bazillen	2500
Bazillus	2500
Bde	2500
Bea	2500
Beachten	2500
Beamer	2500
Beamte	2500
Beamten	2500
Beanspruchen	2500
Beanstanden	2500
Beantragen	2500
Beantragungs	2500
Beantworten	2500
Beantworter	2500
Beantwortungs	2500
Bearbeiter	2500
Bearbeitungs	2500
Beat	2500
Beate	2500
Beatle	2500
Beatmen	2500
Beatmungs	2500
Beatrice	2500
Beatrix	2500
Beaufschlagen	2500
Beaufsichtigen	2500
Beauftragen	2500
Beauftragte	2500
Beaujolais	2500
Beauty	2500
Bebauen	2500
Bebauungs	2500
Beben	2500
Becher	2500
Beck	2500
Becken	2500
Beckenbauer	2500
Becker	2500
Beckmann	2500
Becks	2500
Becquerel	2500
Bedachen	2500
Bedachtsamkeit	2500
Bedachungs	2500
Bedarf	2500
Bedarfs	2500
Bedecken	2500
Bedenken	2500
Bedenklichkeit	2500
Bedenkminute	2500
Bedenkzeit	2500
Bedeuten	2500
Bedeutsamkeit	2500
Bedeutungs	2500
Bedien	2500
Bedienbarkeit	2500
Bedienen	2500
Bediener	2500
Bedienstete	2500
Bedienungs	2500
Bedingen	2500
Bedingtheit	2500
Bedingungs	2500
Bedrängnis	2500
Bedrohen	2500
Bedrohungs	2500
Bedrücken	2500
Bedrucken	2500
Bedürfnis	2500
Bedürftigkeit	2500
Bedüsen	2500
Beefsteak	2500
Beeinflussbarkeit	2500
Beeinflussen	2500
Beeinflusser	2500
Beeinflusstwerden	2500
Beeinflussungs	2500
Beeinträchtigen	2500
Beelzebub	2500
Beendigen	2500
Beengen	2500
Beengtheit	2500
Beerdigen	2500
Beerdigungs	2500
Beere	2500
Beet	2500
Beethoven	2500
Befähigen	2500
Befähigungs	2500
Befangenheit	2500
Befangenheits	2500
Befehl	2500
Befehls	2500
Befestigen	2500
Befestigungs	2500
Befeuchten	2500
Befinden	2500
Befindlichkeit	2500
Beflecken	2500
Befördern	2500
Beförderungs	2500
Befolgen	2500
Befolger	2500
Befrachtungs	2500
Befragen	2500
Befrager	2500
Befragungs	2500
Befreien	2500
Befreier	2500
Befreiungs	2500
Befremden	2500
Befrieden	2500
Befriedigen	2500
Befriedigungs	2500
Befristen	2500
Befruchten	2500
Befruchtungs	2500
Befüllen	2500
Befürchten	2500
Befürworten	2500
Befürworter	2500
Befugnis	2500
Befund	2500
Begabten	2500
Begabung	2500
Begabungs	2500
Begasungs	2500
Begatten	2500
Begattungs	2500
Begebenheit	2500
Begebungs	2500
Begegnen	2500
Begegnungszentrum	2500
Begehen	2500
Begehren	2500
Begehrlichkeit	2500
Begehrtheit	2500
Begeistern	2500
Begeisterungs	2500
Begierde	2500
Beginn	2500
Beglaubigen	2500
Beglaubigungs	2500
Begleichen	2500
Begleit	2500
Begleiten	2500
Begleiter	2500
Beglückwünschung	2500
Begnadigen	2500
Begnadigungs	2500
Begonie	2500
Begräbnis	2500
Begradigen	2500
Begrenzen	2500
Begrenzer	2500
Begrenztheit	2500
Begrenzungs	2500
Begriff	2500
Begrifflichkeit	2500
Begriffs	2500
Begründen	2500
Begründer	2500
Begründungs	2500
Begrüßen	2500
Begrüßungs	2500
Begünstigen	2500
Begutachten	2500
Behäbigkeit	2500
Behälter	2500
Behältnis	2500
Behändigkeit	2500
Behaarung	2500
Behagen	2500
Behaglichkeit	2500
Behandeln	2500
Behandelung	2500
Behandlungs	2500
Behang	2500
Beharrlichkeit	2500
Behaupten	2500
Behausen	2500
Behaviorismus	2500
Behaviorist	2500
Beheben	2500
Behebungs	2500
Beheizen	2500
Behelf	2500
Behelfs	2500
Behelligen	2500
Beherrschbarkeit	2500
Beherrschen	2500
Beherrscher	2500
Beherrschtheit	2500
Beherztheit	2500
Behilfs	2500
Behindern	2500
Behinderten	2500
Behörde	2500
Behörden	2500
Behördendeutsch	2500
Behr	2500
Behutsamkeit	2500
Beibehalten	2500
Beiblatt	2500
Beicht	2500
Beiersdorf	2500
Beifall	2500
Beifalls	2500
Beifallsstürme	2500
Beifügen	2500
Beigeschmack	2500
Beihilfe	2500
Beil	2500
Beilage	2500
Beilagscheiben	2500
Beilegen	2500
Beileid	2500
Beileids	2500
Beimengen	2500
Bein	2500
Beiname	2500
Beinamen	2500
Beipflichten	2500
Beiräte	2500
Beirat	2500
Beiratstreffen	2500
Beirut	2500
Beiruter	2500
Beißring	2500
Beisammensein	2500
Beischläfer	2500
Beischlaf	2500
Beisein	2500
Beisetzen	2500
Beisitzer	2500
Beistand	2500
Beistands	2500
Beistellen	2500
Beitag	2500
Beitrag	2500
Beitrags	2500
Beitritt	2500
Beitritts	2500
Beiwagen	2500
Beiwörter	2500
Beiwort	2500
Bejahen	2500
Bekämpfen	2500
Bekämpfungs	2500
Bekanntenkreis	2500
Bekanntgabe	2500
Bekanntgeben	2500
Bekanntheit	2500
Bekanntheitsgrad	2500
Bekanntmachen	2500
Bekanntschaft	2500
Bekanntwerden	2500
Bekehren	2500
Bekehrer	2500
Bekenner	2500
Bekenntnis	2500
Bekleiden	2500
Bekleidungs	2500
Beklemmen	2500
Beklemmungszustände	2500
Bekömmlichkeit	2500
Beköstigen	2500
Bekräftigen	2500
Bekümmernis	2500
Bekunden	2500
Belästigen	2500
Belade	2500
Beladen	2500
Belag	2500
Belagerer	2500
Belagern	2500
Belagerungs	2500
Belang	2500
Belanglosigkeit	2500
Belastbarkeit	2500
Belasten	2500
Belastungs	2500
Beleben	2500
Belebungs	2500
Beleg	2500
Belegen	2500
Belegschaft	2500
Belegschafts	2500
Belegschein	2500
Belegstelle	2500
Belegungs	2500
Belehren	2500
Belehrungs	2500
Beleidigen	2500
Beleidigungs	2500
Beleihen	2500
Beleihungs	2500
Belesenheit	2500
Beleuchten	2500
Beleuchter	2500
Beleuchtungs	2500
Belfast	2500
Belgien	2500
Belgier	2500
Belgrad	2500
Belgrader	2500
Belichten	2500
Belichtungs	2500
Beliebigkeit	2500
Beliebtheit	2500
Beliebtheits	2500
Beliefern	2500
Belize	2500
Belletristik	2500
Bellevue	2500
Belobigen	2500
Belohnen	2500
Belüften	2500
Belüftungs	2500
Belustigen	2500
Bemalen	2500
Bemaßen	2500
Bemerken	2500
Bemessen	2500
Bemessungs	2500
Bemühen	2500
Bemustern	2500
Bemuttern	2500
Ben	2500
Benachrichtigen	2500
Benachteiligen	2500
Benchmark	2500
Benedikt	2500
Benediktiner	2500
Benefiz	2500
Benehmens	2500
Benelux	2500
Benennen	2500
Benetton	2500
Bengel	2500
Benjamin	2500
Benommenheit	2500
Benoten	2500
Benotungs	2500
Bentley	2500
Benützer	2500
Benutzbarkeit	2500
Benutzen	2500
Benutzer	2500
Benutzungs	2500
Benz	2500
Benzin	2500
Benzindämpfe	2500
Benziner	2500
Benzol	2500
Beo	2500
Beobachten	2500
Beobachter	2500
Beobachtungs	2500
Bepflanzen	2500
Beplanken	2500
Bequemlichkeit	2500
Bequemlichkeits	2500
Beraten	2500
Berater	2500
Beratschlager	2500
Beratschlagungs	2500
Beratungs	2500
Berauben	2500
Berauschen	2500
Berauschtheit	2500
Berchtesgaden	2500
Berechenbarkeit	2500
Berechenbarkeitstheorie	2500
Berechnen	2500
Berechnungs	2500
Berechtigen	2500
Berechtigte	2500
Berechtigungs	2500
Beredsamkeit	2500
Bereich	2500
Bereichern	2500
Bereichs	2500
Bereifen	2500
Bereinigen	2500
Bereinigungs	2500
Bereiten	2500
Bereithalten	2500
Bereitschaft	2500
Bereitschafts	2500
Bereitstellen	2500
Bereitstellungs	2500
Bereitwilligkeit	2500
Berg	2500
Berge	2500
Bergegurt	2500
Bergen	2500
Berger	2500
Bergler	2500
Bergmanns	2500
Bergungs	2500
Berichterstatter	2500
Berichtigen	2500
Berichtigungs	2500
Berichts	2500
Beriemen	2500
Berieseln	2500
Berkeley	2500
Berlin	2500
Berlinale	2500
Berliner	2500
Berlinförderungsgesetz	2500
Berlinverhandlung	2500
Berlusconi	2500
Bermuda	2500
Bern	2500
Bernadotte	2500
Bernd	2500
Berner	2500
Bernhard	2500
Bernhardiner	2500
Bernhardt	2500
Bernoulli	2500
Bernstein	2500
Berserker	2500
Bert	2500
Berta	2500
Bertelsmann	2500
Berthold	2500
Berücksichtigen	2500
Berühmtheit	2500
Berühren	2500
Berührungs	2500
Beruf	2500
Beruferaten	2500
Berufoffiziere	2500
Berufs	2500
Berufsunfähigkeitesrente	2500
Berufungs	2500
Beruhigen	2500
Beruhigungs	2500
Beryll	2500
Beryllium	2500
Besänftigen	2500
Besätze	2500
Besatz	2500
Besatzer	2500
Besatzungs	2500
Beschädigen	2500
Beschäftigen	2500
Beschäftigtenzahl	2500
Beschäftigungs	2500
Beschämen	2500
Beschaffen	2500
Beschaffenheit	2500
Beschaffungs	2500
Beschallen	2500
Beschalten	2500
Beschatten	2500
Beschaulichkeit	2500
Bescheid	2500
Bescheiden	2500
Bescheidenheit	2500
Bescheinigen	2500
Bescheren	2500
Beschichten	2500
Beschießen	2500
Beschildern	2500
Beschimpfen	2500
Beschiss	2500
Beschlag	2500
Beschlagenheit	2500
Beschlagnahme	2500
Beschlagnahmen	2500
Beschleunigen	2500
Beschleuniger	2500
Beschleunigungs	2500
Beschluss	2500
Beschneiden	2500
Beschönigen	2500
Beschränken	2500
Beschränktheit	2500
Beschreiben	2500
Beschreibungs	2500
Beschriften	2500
Beschützer	2500
Beschuldigen	2500
Beschuss	2500
Beschwerde	2500
Beschweren	2500
Beschwerer	2500
Beschwichtigen	2500
Beschwichtigungs	2500
Beschwören	2500
Beschwörer	2500
Beschwörungs	2500
Beseitigen	2500
Beseitigungs	2500
Besen	2500
Besenreißer	2500
Besenreiser	2500
Besenstil	2500
Besessenheit	2500
Besetzen	2500
Besetzer	2500
Besetztzeichen	2500
Besetzungs	2500
Besichtigen	2500
Besichtigungs	2500
Besiedeln	2500
Besiedelung	2500
Besiegen	2500
Besinnen	2500
Besinnungs	2500
Besitz	2500
Besitzer	2500
Besitzerrecht	2500
Besitztümer	2500
Besitztum	2500
Besolden	2500
Besoldungs	2500
Besonderheit	2500
Besonnenheit	2500
Besorgen	2500
Besorgnis	2500
Bespannen	2500
Bespielbarkeit	2500
Bespitzeln	2500
Bespitzelungs	2500
Besprechen	2500
Besprechungs	2500
Bessern	2500
Besserungs	2500
Besserverdiener	2500
Besserwisser	2500
Bestände	2500
Beständigkeit	2500
Bestärken	2500
Bestätigen	2500
Bestätigungs	2500
Bestallen	2500
Bestand	2500
Bestands	2500
Bestandschutz	2500
Bestandteil	2500
Bestatten	2500
Bestattungs	2500
Bestechen	2500
Bestechlichkeit	2500
Bestechungs	2500
Besteck	2500
Bestehens	2500
Besteigen	2500
Bestell	2500
Bestellen	2500
Besteller	2500
Bestellnr.	2500
Bestenliste	2500
Besteuern	2500
Besteuerungs	2500
Bestie	2500
Bestimmen	2500
Bestimmtheit	2500
Bestimmtheitsgrundsatz	2500
Bestimmungs	2500
Bestleistung	2500
Bestmarke	2500
Bestnr.	2500
Bestrafen	2500
Bestrahlen	2500
Bestrahlungs	2500
Bestreben	2500
Bestseller	2500
Bestsellerliste	2500
Bestücken	2500
Bestückungs	2500
Bestürmen	2500
Bestürzen	2500
Bestuhlen	2500
Bestzeit	2500
Besuch	2500
Besucher	2500
Besuchs	2500
Betätigen	2500
Betätigungs	2500
Betäuben	2500
Betäubungs	2500
Betastrahlen	2500
Betaversion	2500
Beteiligen	2500
Beteiligte	2500
Beteiligungs	2500
Betel	2500
Beteuern	2500
Bethlehem	2500
Betören	2500
Betonen	2500
Betonier	2500
Betracht	2500
Betrachten	2500
Betrachter	2500
Betrachtungs	2500
Betrag	2500
Betrags	2500
Betrauen	2500
Betreff	2500
Betreffzeile	2500
Betreiben	2500
Betreiber	2500
Betreibergesellschaft	2500
Betreten	2500
Betreuen	2500
Betreuer	2500
Betreuungs	2500
Betrieb	2500
Betriebs	2500
Betriebsamkeit	2500
Betriebsratmitglied	2500
Betriebverlagerung	2500
Betroffenheit	2500
Betroffensein	2500
Betrübnis	2500
Betrüger	2500
Betrügerbande	2500
Betrügerei	2500
Betrug	2500
Betrugs	2500
Betrunkenheit	2500
Betstunde	2500
Bett	2500
Bettel	2500
Bettelei	2500
Betten	2500
Bettenbau	2500
Bettina	2500
Bettler	2500
Bettnässer	2500
Betty	2500
Beuge	2500
Beugen	2500
Beugungsform	2500
Beule	2500
Beunruhigen	2500
Beurkunden	2500
Beurlauben	2500
Beurteilen	2500
Beurteilungs	2500
Beute	2500
Beutel	2500
Bevölkern	2500
Bevölkerungs	2500
Bevollmächtigen	2500
Bevormunden	2500
Bevorrechtigen	2500
Bevorteilen	2500
Bevorzugen	2500
Bewähren	2500
Bewährungs	2500
Bewältigen	2500
Bewältigungsstrategie	2500
Bewässern	2500
Bewässerungs	2500
Bewachen	2500
Bewacher	2500
Bewachungs	2500
Bewaffnen	2500
Bewahren	2500
Bewahrer	2500
Bewandtnis	2500
Bewegen	2500
Beweggründe	2500
Beweggrund	2500
Beweglichkeit	2500
Bewegungs	2500
Beweihräuchern	2500
Beweis	2500
Beweisbarkeit	2500
Beweisens	2500
Beweiser	2500
Bewerben	2500
Bewerber	2500
Bewerbungs	2500
Bewerten	2500
Bewertungs	2500
Bewilligen	2500
Bewilligungs	2500
Bewirten	2500
Bewirtschaften	2500
Bewirtungs	2500
Bewölken	2500
Bewölkungs	2500
Bewohnbarkeit	2500
Bewohner	2500
Bewuchs	2500
Bewunderer	2500
Bewundern	2500
Bewunderungs	2500
Bewusstheit	2500
Bewusstlosigkeit	2500
Bewusstsein	2500
Bewusstseins	2500
Bezahldienst	2500
Bezahlen	2500
Bezahlfernsehen	2500
Bezahlfunktion	2500
Bezahlsender	2500
Bezahlservice	2500
Bezahlsystem	2500
Bezahlterminal	2500
Bezahlvorgang	2500
Bezaubern	2500
Bezeichnen	2500
Bezeichner	2500
Bezeichnerlänge	2500
Bezeugen	2500
Bezichtigen	2500
Beziehen	2500
Bezieher	2500
Beziehungs	2500
Bezierkurve	2500
Bezirk	2500
Bezirks	2500
Bezogenheit	2500
Bezug	2500
Bezugnahme	2500
Bezugs	2500
Bezugsnahme	2500
Bezugstoff	2500
Bezwingen	2500
Bezwinger	2500
Biafra	2500
Biarritz	2500
Bias	2500
Biathlet	2500
Biathlon	2500
Bibel	2500
Biber	2500
Bibliografie	2500
Bibliographie	2500
Bibliothek	2500
Bibliothekar	2500
Bibliotheks	2500
Biedenkopf	2500
Biederkeit	2500
Biedermeier	2500
Biegen	2500
Biegewinkel	2500
Biegsamkeit	2500
Bielefeld	2500
Bielefelder	2500
Biene	2500
Bienen	2500
Bier	2500
Biest	2500
Bieter	2500
Bietrunde	2500
Bigamie	2500
Bigamist	2500
Bigband	2500
Bijektion	2500
Bijektivität	2500
Biker	2500
Bikini	2500
Bilanz	2500
Bilanzieren	2500
Bilanzierungs	2500
Bilanzunterlagen	2500
Bild	2500
Bilden	2500
Bilder	2500
Bildhaftigkeit	2500
Bildnis	2500
Bildungs	2500
Bildungswilligen	2500
Bilingualität	2500
Bill	2500
Billard	2500
Billett	2500
Billetteur	2500
Billiarde	2500
Billig	2500
Billigen	2500
Billigstkaufaufträge	2500
Billion	2500
Billionstel	2500
Billy	2500
Binär	2500
Binaries	2500
Binary	2500
Binde	2500
Binden	2500
Binder	2500
Binderei	2500
Bindestrick	2500
Bindfäden	2500
Bindfaden	2500
Bindungs	2500
Bingen	2500
Binnen	2500
Binom	2500
Binomialkoeffizient	2500
Binomialreihe	2500
Binse	2500
Binsenweisheit	2500
Bio	2500
Biochemie	2500
Biochemiker	2500
Biograf	2500
Biografie	2500
Biograph	2500
Biographie	2500
Biologe	2500
Biologie	2500
Biologismen	2500
Biologismus	2500
Biometrie	2500
Biopsie	2500
Biorhythmus	2500
Biotop	2500
Biplot	2500
Birgit	2500
Birke	2500
Birken	2500
Birkenau	2500
Birmingham	2500
Birnbaum	2500
Birne	2500
Birnen	2500
Bisamratte	2500
Bischöfe	2500
Bischof	2500
Bischofs	2500
Bisexualität	2500
Bisimulation	2500
Biskaya	2500
Biskuit	2500
Bismarck	2500
Bismut	2500
Biss	2500
Bistümer	2500
Bistum	2500
Bistums	2500
Bit	2500
Bitbus	2500
Bitfolge	2500
Bitlänge	2500
Bitmap	2500
Bitmaske	2500
Bitmaskierung	2500
Bitmuster	2500
Bitnummer	2500
Bitpattern	2500
Bitport	2500
Bitstrom	2500
Bittbrief	2500
Bitterkeit	2500
Bitternis	2500
Bitterstoff	2500
Bittgesuch	2500
Bittschreiben	2500
Bittschrift	2500
Bittsteller	2500
Bitumen	2500
Bitzuordnung	2500
Biwak	2500
Bizeps	2500
Björn	2500
Blähen	2500
Bläschen	2500
Bläser	2500
Blässe	2500
Blässhuhn	2500
Blättchen	2500
Blätter	2500
Blackbox	2500
Blackjack	2500
Blacklist	2500
Blackout	2500
Bladecenter	2500
Blair	2500
Blamage	2500
Blanko	2500
Blas	2500
Blase	2500
Blasebälge	2500
Blasebalg	2500
Blasen	2500
Blasentang	2500
Blasphemie	2500
Blatt	2500
Blattgrün	2500
Blau	2500
Blaubeer	2500
Blauhelmsoldat	2500
Blech	2500
Blei	2500
Bleibe	2500
Bleich	2500
Blende	2500
Blenden	2500
Blesshuhn	2500
Blick	2500
Blind	2500
Blindarm	2500
Blinden	2500
Blindheit	2500
Blindschleiche	2500
Blink	2500
Blinker	2500
Blitz	2500
Blöcke	2500
Blödelei	2500
Blödheit	2500
Blödian	2500
Blödmänner	2500
Blödmann	2500
Blödsinn	2500
Blöße	2500
Block	2500
Blockade	2500
Blockbuster	2500
Blockieren	2500
Blog	2500
Blogbeitrag	2500
Blogeintrag	2500
Blogger	2500
Blondine	2500
Bloomberg	2500
Bloßlegen	2500
Bloßstellen	2500
Blouson	2500
Blüm	2500
Blümchen	2500
Blümlein	2500
Blüte	2500
Blüten	2500
Blütezeit	2500
Bluejeans	2500
Blues	2500
Bluetooth	2500
Bluff	2500
Blume	2500
Blumen	2500
Blumenriviera	2500
Bluse	2500
Blut	2500
Blutsverwandten	2500
Blutsverwandtschaft	2500
Bö	2500
Böblingen	2500
Böblinger	2500
Böcke	2500
Bögen	2500
Böhme	2500
Böller	2500
Börde	2500
Börse	2500
Börsen	2500
Börsianer	2500
Bösartigkeit	2500
Böschung	2500
Böschungs	2500
Bösewicht	2500
Bösewichter	2500
Böswilligkeit	2500
Bötchen	2500
Boa	2500
Bob	2500
Boccia	2500
Bocciakugel	2500
Bochum	2500
Bochumer	2500
Bock	2500
Bockshorn	2500
Bocuse	2500
Bodyguard	2500
Boeing	2500
Bogen	2500
Bogota	2500
Bohle	2500
Bohne	2500
Bohnen	2500
Bohnerwachs	2500
Bohr	2500
Bohren	2500
Bohrer	2500
Boiler	2500
Boje	2500
Bolero	2500
Bolide	2500
Bolivianer	2500
Bolivien	2500
Bolivier	2500
Bollerwagen	2500
Bollwerk	2500
Bologna	2500
Bolognese	2500
Bolschewik	2500
Bolschewiki	2500
Bolschewist	2500
Bolschoi	2500
Boltzmann	2500
Bolzano	2500
Bolzen	2500
Bolzplätze	2500
Bolzplatz	2500
Bombardement	2500
Bombardieren	2500
Bombay	2500
Bombe	2500
Bomben	2500
Bomber	2500
Bon	2500
Bonaparte	2500
Bonbon	2500
Bonboniere	2500
Bonbonniere	2500
Bond	2500
Bongo	2500
Bonhoeffer	2500
Boni	2500
Bonieren	2500
Bonifikation	2500
Bonität	2500
Bonitäts	2500
Bonmot	2500
Bonn	2500
Bonner	2500
Bonsai	2500
Bonus	2500
Bonze	2500
Boogie	2500
Booklet	2500
Bookmark	2500
Boom	2500
Boot	2500
Bootprompt	2500
Boots	2500
Bootstrapping	2500
Bord	2500
Bordeaux	2500
Bordell	2500
Borderline	2500
Borderlinesyndrom	2500
Bordüre	2500
Boris	2500
Borke	2500
Borkenkäfer	2500
Borkum	2500
Borland	2500
Borste	2500
Borte	2500
Borussia	2500
Bosch	2500
Bosheit	2500
Bosniake	2500
Bosnien	2500
Bosnienkrieg	2500
Bosnier	2500
Boson	2500
Bosporus	2500
Boss	2500
Boston	2500
Botanik	2500
Botaniker	2500
Botank	2500
Bote	2500
Boten	2500
Botschaft	2500
Botschafter	2500
Botschafts	2500
Botswana	2500
Bottich	2500
Bottrop	2500
Bottroper	2500
Bouclé	2500
Bougainville	2500
Bouillabaisse	2500
Bouillon	2500
Bouillonwürfel	2500
Boulevard	2500
Bourbone	2500
Bourgeoisie	2500
Bourgogne	2500
Bourrée	2500
Boutique	2500
Bowiemesser	2500
Bowle	2500
Bowling	2500
Box	2500
Boxcalf	2500
Boxcalfleder	2500
Boxcalfschuh	2500
Boxer	2500
Boxeraufstand	2500
Boxerhund	2500
Boxhorn	2500
Boxkalf	2500
Boxkalfleder	2500
Boxkalfschuh	2500
Boy	2500
Boykott	2500
Bozen	2500
Bozener	2500
Brände	2500
Bräuche	2500
Bräune	2500
Bräunen	2500
Bräute	2500
Bräutigam	2500
Brabant	2500
Brachland	2500
Brackwasser	2500
Brahman	2500
Brahmanentum	2500
Brahmanismus	2500
Brahms	2500
Brainstorming	2500
Branche	2500
Branchen	2500
Branchenerfahrener	2500
Brand	2500
Brandenburg	2500
Brandenburger	2500
Brandmal	2500
Brandt	2500
Brandung	2500
Brandungs	2500
Brandwein	2500
Branntwein	2500
Brasilianer	2500
Brasilien	2500
Brat	2500
Braten	2500
Bratensaft	2500
Bratensoße	2500
Bratsche	2500
Bratschen	2500
Brau	2500
Brauch	2500
Brauchbarkeit	2500
Brauchtum	2500
Brauchwasser	2500
Braue	2500
Brauer	2500
Brauerbund	2500
Brauerei	2500
Braun	2500
Braunschweig	2500
Braunschweiger	2500
Brause	2500
Braut	2500
Bravour	2500
Bravourstück	2500
Bravourstückchen	2500
Bravur	2500
Breakcontroller	2500
Breaksignal	2500
Brech	2500
Brechen	2500
Brecher	2500
Brecht	2500
Brechungs	2500
Bredouille	2500
Bregenz	2500
Brei	2500
Breisach	2500
Breit	2500
Breitbandigkeit	2500
Breiten	2500
Bremen	2500
Bremer	2500
Bremerhaven	2500
Brems	2500
Bremse	2500
Bremsen	2500
Bremser	2500
Brenn	2500
Brennbarkeit	2500
Brenner	2500
Brennerei	2500
Brennerpass	2500
Brenzligkeit	2500
Bresche	2500
Breslau	2500
Brest	2500
Brett	2500
Bretter	2500
Bretton	2500
Breughel	2500
Brevier	2500
Brezel	2500
Brie	2500
Brief	2500
Brigade	2500
Brigadier	2500
Brighton	2500
Brigitte	2500
Brikett	2500
Brillant	2500
Brillanz	2500
Brille	2500
Brillen	2500
Brimborium	2500
Bringen	2500
Bringer	2500
Bringschuld	2500
Brisanz	2500
Brise	2500
Bristol	2500
Bristolkanal	2500
Brite	2500
Britenwährung	2500
Britta	2500
Brixen	2500
Bröckchen	2500
Brösel	2500
Brötchen	2500
Broadcast	2500
Brockdorf	2500
Brocken	2500
Brockhaus	2500
Brokat	2500
Brokdorf	2500
Broker	2500
Brokerhaus	2500
Brokkoli	2500
Brombeer	2500
Brombeere	2500
Bronchial	2500
Bronchie	2500
Bronchitis	2500
Bronze	2500
Brosame	2500
Brosche	2500
Broschüre	2500
Brot	2500
Browser	2500
Brüche	2500
Brüchigkeit	2500
Brüder	2500
Brüderlichkeit	2500
Brüderorden	2500
Brüderschaft	2500
Brügge	2500
Brühe	2500
Brüskieren	2500
Brüssel	2500
Brüsseler	2500
Brüsten	2500
Brüter	2500
Bruch	2500
Bruder	2500
Brumm	2500
Brummer	2500
Brunch	2500
Brunft	2500
Brunhild	2500
Brunnen	2500
Bruno	2500
Brunst	2500
Brust	2500
Brut	2500
Brutalität	2500
Brutto	2500
Bryan	2500
Bsp	2500
Bsp.	2500
Bücher	2500
Bücherei	2500
Büchermachen	2500
Büchlein	2500
Büchner	2500
Büchse	2500
Büchsen	2500
Bückling	2500
Büfett	2500
Büffel	2500
Bügel	2500
Bühne	2500
Bühnen	2500
Bünde	2500
Bündel	2500
Bündeln	2500
Bündelung	2500
Bündelungs	2500
Bündigkeit	2500
Bündnis	2500
Bündnisgrüne	2500
Bürde	2500
Bürdelast	2500
Bürgenstock	2500
Bürger	2500
Bürgerschaft	2500
Bürgerschaftswahl	2500
Bürgersleute	2500
Bürgertum	2500
Bürgschaft	2500
Bürgschafts	2500
Büro	2500
Bürokrat	2500
Bürokratie	2500
Bürokratismus	2500
Bürste	2500
Bürsten	2500
Büßer	2500
Büßerhemd	2500
Büsche	2500
Büschel	2500
Büste	2500
Büstenhalter	2500
Bütt	2500
Büttel	2500
Büttenpapier	2500
Bub	2500
Buben	2500
Buch	2500
Buchbinderhandwerk	2500
Buchbindermeister	2500
Buchecker	2500
Buchen	2500
Buchsbaum	2500
Buchse	2500
Buchsen	2500
Buchstabe	2500
Buchstaben	2500
Bucht	2500
Buchungs	2500
Buckel	2500
Buckingham	2500
Budapest	2500
Buddha	2500
Buddhismus	2500
Buddhist	2500
Bude	2500
Budenzauber	2500
Budgetieren	2500
Buenos	2500
Bufferausgang	2500
Bufferflush	2500
Buffergatter	2500
Buffet	2500
Bug	2500
Bugatti	2500
Bugfix	2500
Buhmänner	2500
Bukarest	2500
Bukett	2500
Buklee	2500
Bulette	2500
Bulgarenreich	2500
Bulgarien	2500
Bulimie	2500
Bull	2500
Bullauge	2500
Bulldog	2500
Bulldogge	2500
Bulldozer	2500
Bulle	2500
Bullen	2500
Bulletin	2500
Bumerang	2500
Bummel	2500
Bummelant	2500
Bummelei	2500
Bummler	2500
Bund	2500
Bundes	2500
Bundesbevollmächtigte	2500
Bundesgesetzblatt	2500
Bundesligist	2500
Bundesmietengesetz	2500
Bundespräsidialamt	2500
Bundestags	2500
Bundestagsplenardebatte	2500
Bundeswehrgefreite	2500
Bundeswehroberst	2500
Bundsteg	2500
Bungalow	2500
Bunker	2500
Bunsen	2500
Bunsenbrenner	2500
Bunt	2500
Burchard	2500
Burda	2500
Burenkrieg	2500
Burg	2500
Burgenbau	2500
Burgenland	2500
Burghardt	2500
Burgund	2500
Burgunder	2500
Burgunderreich	2500
Burka	2500
Burma	2500
Bursche	2500
Burschenschaft	2500
Burschenschaftler	2500
Burundi	2500
Bus	2500
Buß	2500
Buße	2500
Busch	2500
Busen	2500
Busgeld	2500
Bush	2500
Business	2500
Busmaster	2500
Bussard	2500
Butan	2500
Butangas	2500
Butler	2500
Butter	2500
Button	2500
Butze	2500
Butzenscheibe	2500
Buxtehude	2500
Bypass	2500
Byte	2500
Byzantiner	2500
Byzanz	2500
Béchamel	2500
CAD	2500
CD	2500
CDC	2500
CDU	2500
CDs	2500
CHF	2500
CIA	2500
CNN	2500
CPU	2500
CPUs	2500
CSFR	2500
CSU	2500
Cäsar	2500
Cäsarismus	2500
Cäsium	2500
Cabaret	2500
Cabrio	2500
Cabriolet	2500
Cache	2500
Cadillac	2500
Cadiz	2500
Caen	2500
Cafeteria	2500
Café	2500
Caipirinha	2500
Calabrien	2500
Calamares	2500
Calcium	2500
Californium	2500
Call	2500
Callboy	2500
Callcenter	2500
Callgirl	2500
Calvin	2500
Calvinist	2500
Cambridge	2500
Camembert	2500
Camion	2500
Camp	2500
Campari	2500
Camper	2500
Camping	2500
Campus	2500
Canberra	2500
Candela	2500
Cannabis	2500
Cannes	2500
Canon	2500
Canossa	2500
Cappuccino	2500
Caravan	2500
Carbonat	2500
Cardin	2500
Caritas	2500
Caritasverband	2500
Carlo	2500
Carol	2500
Carola	2500
Carotinoid	2500
Cartoon	2500
Caruso	2500
Casanova	2500
Casino	2500
Casinoabend	2500
Castor	2500
Castortransport	2500
Castro	2500
Catcherveranstaltung	2500
Cathy	2500
Cayenne	2500
CeBIT	2500
Celle	2500
Celli	2500
Cellist	2500
Cello	2500
Cellophan	2500
Cellulitis	2500
Cellulose	2500
Celsius	2500
Cembali	2500
Cembalist	2500
Cembalo	2500
Cembalomusik	2500
Cent	2500
CentOS	2500
Center	2500
Centronics	2500
Cervelatwurst	2500
Ceylon	2500
Ch	2500
Chalet	2500
Chamäleon	2500
Champagner	2500
Champagnerkorken	2500
Champignon	2500
Champion	2500
Chance	2500
Chancengleichheit	2500
Chancenungleichheit	2500
Chanel	2500
Chanson	2500
Chansonnier	2500
Chaos	2500
Chaostheorie	2500
Chaot	2500
Chaplin	2500
Charakter	2500
Charakterisieren	2500
Charakteristik	2500
Charakteristika	2500
Charge	2500
Chargenbezeichnung	2500
Chargenheft	2500
Chargenwagen	2500
Chargenzeit	2500
Charisma	2500
Charles	2500
Charlie	2500
Charlotte	2500
Charlottenburg	2500
Charme	2500
Charmeur	2500
Chart	2500
Charta	2500
Charter	2500
Chartres	2500
Chassis	2500
Chassisbeschädigung	2500
Chassisblech	2500
Chat	2500
Chateau	2500
Chateaubriand	2500
Chatter	2500
Chauffeur	2500
Chaussee	2500
Chauvinismen	2500
Chauvinismus	2500
Check	2500
Checkliste	2500
Checkpoint	2500
Checksumme	2500
Cheerleader	2500
Cheeseburger	2500
Chef	2500
Chefkapellmeister	2500
Chemie	2500
Chemikalie	2500
Chemikalien	2500
Chemiker	2500
Chemnitz	2500
Chemotechniker	2500
Chemotherapie	2500
Cheops	2500
Cheopspyramide	2500
Cherusker	2500
Cheyenne	2500
Chiapas	2500
Chicago	2500
Chicorée	2500
Chiemsee	2500
Chiffre	2500
Chile	2500
China	2500
Chinareise	2500
Chinchilla	2500
Chinese	2500
Chinesenviertel	2500
Chinin	2500
Chininfabrik	2500
Chintz	2500
Chip	2500
Chirac	2500
Chirotherapie	2500
Chirurg	2500
Chirurgenleben	2500
Chirurgie	2500
Chlor	2500
Chlorgas	2500
Chlorid	2500
Chlornitrat	2500
Chloroform	2500
Chlorophyll	2500
Chlorophyllzusatz	2500
Chöre	2500
Choke	2500
Cholera	2500
Choleraepidemie	2500
Choleriker	2500
Cholesky	2500
Cholesterin	2500
Chomsky	2500
Chopin	2500
Chor	2500
Choral	2500
Choreograf	2500
Choreografie	2500
Choreograph	2500
Choreographie	2500
Chorist	2500
Chose	2500
Chr.	2500
Christ	2500
Christa	2500
Christall	2500
Christen	2500
Christenheit	2500
Christentum	2500
Christi	2500
Christian	2500
Christianisierung	2500
Christina	2500
Christine	2500
Christlichkeit	2500
Christoph	2500
Christophorus	2500
Christus	2500
Christusfigur	2500
Christuskopf	2500
Christusvision	2500
Chrom	2500
Chromausfuhr	2500
Chromerz	2500
Chromosom	2500
Chromosomen	2500
Chronik	2500
Chronist	2500
Chronologie	2500
Chronometer	2500
Chronometrie	2500
Chruschtschow	2500
Chrysantheme	2500
Chrysler	2500
Chur	2500
Churchill	2500
Château	2500
Cineast	2500
Cinemascope	2500
Circus	2500
Cisco	2500
Citibank	2500
Citrat	2500
Citroen	2500
Citroenfahrer	2500
City	2500
Citygrundstück	2500
Cityhaus	2500
Citylage	2500
Civil	2500
Claude	2500
Claudia	2500
Clausewitz	2500
Clemens	2500
Clement	2500
Clenbuterol	2500
Cleverness	2500
Client	2500
Clinch	2500
Clinton	2500
Clip	2500
Clipart	2500
Clique	2500
Cliquen	2500
Clochard	2500
Clockausgang	2500
Clone	2500
Clonehersteller	2500
Closure	2500
Clou	2500
Clown	2500
Clownsfigur	2500
Club	2500
Cluny	2500
Cluster	2500
Cmos	2500
Co	2500
Coatingmaß	2500
Coats	2500
Coautor	2500
Cobalt	2500
Cobol	2500
Coburg	2500
Coca	2500
Cockerspaniel	2500
Cockpit	2500
Cocktail	2500
Cocteau	2500
Code	2500
Codec	2500
Codegeneratorgenerator	2500
Codegenerierungsphase	2500
Codex	2500
Codieren	2500
Codiernase	2500
Cognac	2500
Coitus	2500
Cola	2500
Collage	2500
Collie	2500
Colmar	2500
Colombo	2500
Colorglas	2500
Colorscheiben	2500
Colorverglasung	2500
Colt	2500
Columbus	2500
Comeback	2500
Comecon	2500
Comic	2500
Commerzbank	2500
Commodore	2500
Commonwealth	2500
Commune	2500
Compaq	2500
Compiegne	2500
Compiler	2500
Compilerbau	2500
Computertomograph	2500
Concorde	2500
Conferencier	2500
Connectzustand	2500
Connor	2500
Consulter	2500
Consulting	2500
Container	2500
Contergan	2500
Continuation	2500
Controller	2500
Controllerbox	2500
Controllerplatine	2500
Cookie	2500
Coolness	2500
Coprozessor	2500
Corazon	2500
Cornedbeef	2500
Cornelia	2500
Cornflakes	2500
Cornichon	2500
Cornwall	2500
Cortison	2500
Cottbus	2500
Couch	2500
Couleur	2500
Coulomb	2500
Countdown	2500
Countertenor	2500
Coup	2500
Coupon	2500
Courage	2500
Courtage	2500
Couscous	2500
Cousin	2500
Couture	2500
Coventry	2500
Cover	2500
Cowboy	2500
Crash	2500
Creme	2500
Crescendi	2500
Crescendo	2500
Crew	2500
Crimpen	2500
Croissant	2500
Croupier	2500
Crowdfunding	2500
Crux	2500
Cruz	2500
Crêpe	2500
Ctrl	2500
Cunnilingus	2500
Cupfinale	2500
Cupgewinner	2500
Cupkämpfe	2500
Cupsieger	2500
Cupslalom	2500
Cupspiel	2500
Curacao	2500
Curie	2500
Curriculum	2500
Curry	2500
Cursor	2500
Cursorbewegung	2500
Cursorposition	2500
Cursorspur	2500
Cursorsteuerungsbefehl	2500
Cuxhaven	2500
Cyber	2500
Cyberspace	2500
DAX	2500
DB	2500
DDR	2500
DECT	2500
DFB	2500
DFÜ	2500
DGB	2500
DHCP	2500
DIHK	2500
DIN	2500
DKP	2500
DNA	2500
DNS	2500
DNVP	2500
DOS	2500
DPA	2500
DRK	2500
DSL	2500
DTP	2500
DVD	2500
DVDs	2500
Dämm	2500
Dämme	2500
Dämmen	2500
Dämmer	2500
Dämmern	2500
Dämon	2500
Dämonen	2500
Dämonie	2500
Dämpfen	2500
Dämpfer	2500
Dämpfungs	2500
Däne	2500
Dänemark	2500
Dänenherrschaft	2500
Därme	2500
Däumchen	2500
Dachauer	2500
Dachdecker	2500
Dachs	2500
Dackel	2500
Dackeldame	2500
Dadaismus	2500
Dagmar	2500
Dahlie	2500
Daimler	2500
DaimlerChrysler	2500
Dakar	2500
Dalai	2500
Dali	2500
Dallas	2500
Dalmatien	2500
Damaskus	2500
Damast	2500
Dame	2500
Damen	2500
Damhirsch	2500
Damm	2500
Dammtor	2500
Dammwild	2500
Damokles	2500
Damoklesschwert	2500
Dampf	2500
Dampfer	2500
Damwild	2500
Dandy	2500
Daniel	2500
Daniela	2500
Dankbarkeit	2500
Dankes	2500
Dankeschön	2500
Danksagen	2500
Dante	2500
Danton	2500
Danzig	2500
Danziger	2500
Darbieten	2500
Darbietungs	2500
Darbringen	2500
Dardanellensperre	2500
Darlegen	2500
Darlehen	2500
Darlehens	2500
Darlehn	2500
Darlehns	2500
Darm	2500
Darreichungsform	2500
Darstellen	2500
Darsteller	2500
Darstellungs	2500
Darwin	2500
Daseins	2500
Dasssätze	2500
Dasssatz	2500
Data	2500
Databook	2500
Dataframe	2500
Dataphon	2500
Daten	2500
Datenbankserver	2500
Datenbit	2500
Datenbyte	2500
Datenfile	2500
Datenframe	2500
Datenkanalmultiplexer	2500
Datenlink	2500
Datenserver	2500
Datex	2500
Datexteilnehmer	2500
Datieren	2500
Dativ	2500
Dattel	2500
Datums	2500
Dauer	2500
Dauerhaftigkeit	2500
Dauerparker	2500
Daum	2500
Daumen	2500
Daune	2500
Daunen	2500
David	2500
Davidson	2500
Davidswache	2500
Davis	2500
Daviscup	2500
Davispokal	2500
Davos	2500
Deadline	2500
Deal	2500
Dealer	2500
Debakel	2500
Debatte	2500
Debattenbeitrag	2500
Debattenpunkt	2500
Debattierklub	2500
Debian	2500
Debitorengefüge	2500
Debitorenliste	2500
Debüt	2500
Debütant	2500
Debuggen	2500
Debugger	2500
Debuglevel	2500
Debussy	2500
Deck	2500
Deckel	2500
Deckelung	2500
Deckenfluter	2500
Deckenfresko	2500
Deckungs	2500
Decoder	2500
Decodier	2500
Decodieren	2500
Deduktion	2500
Deduktionsmethode	2500
Deduktionsregel	2500
Deduktionsschema	2500
Deeskalation	2500
Deeskalations	2500
Defätismus	2500
Defaultwert	2500
Defekt	2500
Defensiv	2500
Defilee	2500
Definiertheit	2500
Definition	2500
Definitions	2500
Defizit	2500
Deflation	2500
Deflations	2500
Deformation	2500
Deformieren	2500
Degen	2500
Degeneration	2500
Degenerieren	2500
Degradieren	2500
Degression	2500
Degussa	2500
Dehnbarkeit	2500
Dehnen	2500
Dehnungs	2500
Dehydrieren	2500
Deich	2500
Deichsel	2500
Deinstallation	2500
Deismus	2500
Dekade	2500
Dekadenz	2500
Dekalog	2500
Dekan	2500
Dekanat	2500
Deklamation	2500
Deklamator	2500
Deklaration	2500
Deklarations	2500
Deklassieren	2500
Deklination	2500
Deklinations	2500
Dekodier	2500
Dekodieren	2500
Dekolletee	2500
Dekolleté	2500
Dekomposition	2500
Dekompression	2500
Dekontamination	2500
Dekontaminieren	2500
Dekor	2500
Dekorateur	2500
Dekoration	2500
Dekorations	2500
Dekrementieren	2500
Dekret	2500
Dekriminalisieren	2500
Delaware	2500
Delegation	2500
Delegations	2500
Delegierten	2500
Delfin	2500
Delfinschwimmer	2500
Delhi	2500
Delikatesse	2500
Delikatessengeschäft	2500
Delikatessenhandlung	2500
Delikatesssenf	2500
Delikt	2500
Deliktgruppe	2500
Delinquent	2500
Delinquenz	2500
Delirien	2500
Delirium	2500
Dell	2500
Delle	2500
Delors	2500
Delphi	2500
Delphin	2500
Delphinschwimmer	2500
Delta	2500
Demagoge	2500
Demagogenverfolgung	2500
Demagogie	2500
Demarkation	2500
Demarkationslinie	2500
Dementi	2500
Dementieren	2500
Demenz	2500
Demilitarisieren	2500
Demission	2500
Demo	2500
Demobilisieren	2500
Demograf	2500
Demografie	2500
Demograph	2500
Demographie	2500
Demokrat	2500
Demokratie	2500
Demokratisieren	2500
Demokratisierungs	2500
Demolieren	2500
Demonstrant	2500
Demonstration	2500
Demonstrations	2500
Demonstrativpronomen	2500
Demonstrativpronomina	2500
Demontage	2500
Demonteur	2500
Demoralisation	2500
Demoralisieren	2500
Demoskopie	2500
Demütigen	2500
Demut	2500
Denitrifikation	2500
Denitrifikations	2500
Denk	2500
Denkbarkeit	2500
Denken	2500
Denker	2500
Denkmäler	2500
Denkmahl	2500
Denkmal	2500
Denkmalsschutz	2500
Dennis	2500
Dental	2500
Dentist	2500
Denunziant	2500
Denunziantentum	2500
Denunziation	2500
Deodorant	2500
Departement	2500
Dependance	2500
Depesche	2500
Deponie	2500
Deportation	2500
Depositen	2500
Depot	2500
Depp	2500
Depression	2500
Depressions	2500
Deputat	2500
Derby	2500
Derbyfeld	2500
Derbysieger	2500
Dereferenzierung	2500
Deregulieren	2500
Derivat	2500
Derivation	2500
Dermatologe	2500
Desaster	2500
Descartes	2500
Deserteur	2500
Desertifikation	2500
Desertion	2500
Design	2500
Designer	2500
Desillusion	2500
Desillusionieren	2500
Desinfektion	2500
Desinfektions	2500
Desinfizieren	2500
Desinformation	2500
Desintegration	2500
Desinteresse	2500
Desktop	2500
Desktoppublishing	2500
Desorption	2500
Desoxyribonukleinsäure	2500
Despot	2500
Despotie	2500
Dessau	2500
Dessert	2500
Dessertteller	2500
Dessous	2500
Destabilisieren	2500
Destillat	2500
Destillateur	2500
Destillation	2500
Destillieren	2500
Destination	2500
Destruktion	2500
Detail	2500
Detaillieren	2500
Detaillierungsgrad	2500
Detektei	2500
Detektieren	2500
Detektion	2500
Detektiv	2500
Detektor	2500
Detektorenempfänger	2500
Determinante	2500
Determination	2500
Determinismus	2500
Detlef	2500
Detlev	2500
Detmold	2500
Detonation	2500
Detroit	2500
Deut	2500
Deuterium	2500
Deutlichkeit	2500
Deutschenfeindlichkeit	2500
Deutschland	2500
Deutungshoheit	2500
Deutungsversuch	2500
Devalvation	2500
Device	2500
Devise	2500
Devisen	2500
Devon	2500
Devotionalien	2500
Devotionalienhändler	2500
Dextrose	2500
Dez.	2500
Dezentralisation	2500
Dezentralisieren	2500
Dezernat	2500
Dezernent	2500
Dezibel	2500
Dezimal	2500
Dhabi	2500
Diät	2500
Diätenerhöhung	2500
Dia	2500
Diabetes	2500
Diabeteserkrankung	2500
Diabetiker	2500
Diadem	2500
Diagnose	2500
Diagnostik	2500
Diagnostiker	2500
Diagramm	2500
Diakon	2500
Diakonie	2500
Dialekt	2500
Dialektik	2500
Dialektunabhängigkeit	2500
Dialog	2500
Dialyse	2500
Diamant	2500
Diana	2500
Diaphragma	2500
Diapositiv	2500
Diaprojektor	2500
Diarrhö	2500
Diaschau	2500
Diaspora	2500
Dichotomie	2500
Dicht	2500
Dichte	2500
Dichten	2500
Dichter	2500
Dichtheit	2500
Dichtigkeit	2500
Dichtungs	2500
Dick	2500
Dickhäuter	2500
Dickicht	2500
Dickleibigkeit	2500
Didaktik	2500
Didaktiker	2500
Didaktikseminar	2500
Dieb	2500
Diebes	2500
Diebstähle	2500
Diebstahl	2500
Diele	2500
Dielektrika	2500
Dielektrikum	2500
Dielen	2500
Diener	2500
Dienerschaft	2500
Dienst	2500
Dienstälteste	2500
Dienstältester	2500
Dienstagmorgen	2500
Dienstags	2500
Dienstbarkeit	2500
Diensteanbieter	2500
Dienstvorgesetzte	2500
Diepgen	2500
Diesel	2500
Diesellok	2500
Dieter	2500
Dietrich	2500
Diffamieren	2500
Diffamierungs	2500
Differential	2500
Differentialgleichung	2500
Differentialrechnung	2500
Differentiation	2500
Differenz	2500
Differenzenbildung	2500
Differenzial	2500
Differenzialgleichung	2500
Differenzialrechnung	2500
Differenziation	2500
Differenzieren	2500
Differenziertheit	2500
Differenzierungs	2500
Diffusion	2500
Diffusions	2500
Diffusor	2500
Digitalisieren	2500
Digitalisierungsbericht	2500
Diktafon	2500
Diktaphon	2500
Diktat	2500
Diktator	2500
Diktatübung	2500
Diktatur	2500
Diktier	2500
Diktion	2500
Diktum	2500
Dildo	2500
Dilemma	2500
Dilettant	2500
Dilettantismus	2500
Dill	2500
Dilschalter	2500
Dilschaltereinstellung	2500
Dilschalterstellung	2500
Dilswitch	2500
Dimension	2500
Dimensionieren	2500
Dimensionierungsänderung	2500
Diminuendi	2500
Diminuendo	2500
Diminutiv	2500
Dimmer	2500
Dinar	2500
Ding	2500
Dinkel	2500
Dinkelkissen	2500
Dinosaurier	2500
Diözesan	2500
Diözese	2500
Diözesenbischöfe	2500
Diözesengebiete	2500
Diözesengrenzen	2500
Diode	2500
Dioden	2500
Diogenes	2500
Dionysios	2500
Dioptrie	2500
Dioxid	2500
Dioxin	2500
Diphtherie	2500
Diphtheriebazille	2500
Diphthong	2500
Dipl.	2500
Diplom	2500
Diplomand	2500
Diplomat	2500
Diplomaten	2500
Diplomatie	2500
Dipol	2500
Directories	2500
Directory	2500
Direkt	2500
Direktion	2500
Direktions	2500
Direktive	2500
Direktor	2500
Direktorat	2500
Direktorenkonferenz	2500
Direktorien	2500
Direktorium	2500
Direktrice	2500
Dirigent	2500
Dirigenten	2500
Dirk	2500
Dirndl	2500
Dirne	2500
Disagiokosten	2500
Disco	2500
Discountkrieg	2500
Disharmonie	2500
Disjunktion	2500
Disk	2500
Diskette	2500
Disketten	2500
Diskografie	2500
Diskographie	2500
Diskont	2500
Diskontinuität	2500
Diskothek	2500
Diskquota	2500
Diskreditieren	2500
Diskrepanz	2500
Diskretion	2500
Diskriminieren	2500
Diskriminierungsverbot	2500
Diskurs	2500
Diskursverweigerung	2500
Diskus	2500
Diskussion	2500
Diskussions	2500
Diskuswerfer	2500
Diskzugriff	2500
Disney	2500
Disparität	2500
Dispens	2500
Dispersion	2500
Display	2500
Displaycontroller	2500
Disposition	2500
Dispositions	2500
Disproportion	2500
Disproportionalität	2500
Disput	2500
Disqualifikation	2500
Disqualifizieren	2500
Dissens	2500
Dissertation	2500
Dissident	2500
Dissonanz	2500
Distanz	2500
Distanzieren	2500
Distel	2500
Distelfink	2500
Distribution	2500
Distributions	2500
Distributor	2500
Distrikt	2500
Distrikthauptstadt	2500
Disziplin	2500
Disziplinar	2500
Disziplinieren	2500
Disziplinierungs	2500
Disziplinlosigkeit	2500
Diva	2500
Divergenz	2500
Divergenzwinkel	2500
Diversifikation	2500
Diversifizieren	2500
Dividend	2500
Dividenden	2500
Division	2500
Divisions	2500
Divisor	2500
Diwan	2500
Dixieland	2500
Dnjepr	2500
Döner	2500
Dörfchen	2500
Dörfer	2500
Dörfler	2500
Dörrfleisch	2500
Dörrobst	2500
Döschen	2500
Dobermann	2500
Docht	2500
Dock	2500
Dockbetrieb	2500
Doge	2500
Dogge	2500
Dogma	2500
Dogmatik	2500
Dogmatiker	2500
Dogmatismus	2500
Dogmen	2500
Dogmengeschichte	2500
Dohle	2500
Dohlennest	2500
Dohlenpärchen	2500
Doktor	2500
Doktorand	2500
Doktrin	2500
Doku	2500
Dokumentar	2500
Dokumentation	2500
Dokumentations	2500
Dokumenten	2500
Dokumentvorlage	2500
Dolch	2500
Dollar	2500
Dolly	2500
Dolmetscher	2500
Dom	2500
Domäne	2500
Domain	2500
Domestizieren	2500
Domina	2500
Dominanz	2500
Dominanzstreben	2500
Dominik	2500
Dominikaner	2500
Domino	2500
Dominus	2500
Domizil	2500
Dompfaff	2500
Dompteur	2500
Dompteuse	2500
Don	2500
Donald	2500
Donator	2500
Donau	2500
Donauwalzer	2500
Donner	2500
Donnergang	2500
Donnerstagmorgen	2500
Donnerstags	2500
Doping	2500
Doppel	2500
Doppeldecker	2500
Doppeldeutigkeit	2500
Doppeln	2500
Doppelpack	2500
Doppelsitzer	2500
Dopplereffekt	2500
Dora	2500
Dorado	2500
Dorf	2500
Dorfschöne	2500
Doris	2500
Dormagen	2500
Dorn	2500
Dornen	2500
Dornfelder	2500
Dornier	2500
Dornröschen	2500
Dornsavanne	2500
Dorothee	2500
Dorsch	2500
Dortmund	2500
Dortmunder	2500
Dose	2500
Dosen	2500
Dosier	2500
Dosieren	2500
Dosierungshinweis	2500
Dosimeter	2500
Dosis	2500
Dosisleistung	2500
Dosiswert	2500
Dossier	2500
Dostojewski	2500
Dotbuffer	2500
Dotieren	2500
Dotoffset	2500
Dotposition	2500
Dotreihe	2500
Dotter	2500
Dotterblume	2500
Double	2500
Dover	2500
Dow	2500
Download	2500
Downsyndrom	2500
Dozent	2500
Dr.	2500
Drähte	2500
Drängen	2500
Drache	2500
Drachen	2500
Drachme	2500
Dracula	2500
Dragee	2500
Drageeform	2500
Dragoner	2500
Dragée	2500
Draht	2500
Drainage	2500
Drama	2500
Dramatik	2500
Dramatiker	2500
Dramatikerpreis	2500
Dramatisieren	2500
Dramaturg	2500
Dramaturgentagung	2500
Dramaturgie	2500
Dramen	2500
Dramenfragment	2500
Dramenstoff	2500
Drang	2500
Drangperiode	2500
Drangzeit	2500
Draufgänger	2500
Draufgängertum	2500
Draufgabe	2500
Draufsicht	2500
Drechsler	2500
Drechslerei	2500
Dreck	2500
Drecks	2500
Dreh	2500
Drehen	2500
Drehentriegelung	2500
Dreher	2500
Drehmomentverlust	2500
Drehpoti	2500
Dreieck	2500
Dreiecks	2500
Dreier	2500
Dreifaltigkeit	2500
Dreiländereck	2500
Dreimeilenzone	2500
Dreingabe	2500
Dreißiger	2500
Dreisatz	2500
Dreistigkeit	2500
Dreitagewoche	2500
Dreiteilen	2500
Dreschflegel	2500
Dreschgut	2500
Dresden	2500
Dresdner	2500
Dress	2500
Dresseur	2500
Dressman	2500
Dressur	2500
Dribbelkünstler	2500
Drift	2500
Drilling	2500
Drillings	2500
Dringlichkeit	2500
Dringlichkeits	2500
Drink	2500
Dritt	2500
Drittel	2500
Drittklässler	2500
Drittmittel	2500
Droge	2500
Drogen	2500
Drogerie	2500
Drogeriekette	2500
Drogeriemarktkette	2500
Drogist	2500
Droh	2500
Drohen	2500
Drohne	2500
Drohnenattacke	2500
Dromedar	2500
Droschke	2500
Drossel	2500
Drosseln	2500
Drücke	2500
Drückeberger	2500
Drückebergerei	2500
Drücken	2500
Drücker	2500
Drüse	2500
Drüsen	2500
Druck	2500
Druckbarkeit	2500
Drucken	2500
Drucker	2500
Druckerbuffer	2500
Druckerei	2500
Druckereibetrieb	2500
Druckereigewerkschaft	2500
Druckerschwärze	2500
Druckertask	2500
Druckminderer	2500
Drucksachengebühren	2500
Druckvorlagen	2500
Druckwerktest	2500
Druide	2500
Drummer	2500
Drusen	2500
Dschibuti	2500
Dschihad	2500
Dschihadismus	2500
Dschihadist	2500
Dschingis	2500
Dschungel	2500
Dübel	2500
Düfte	2500
Düne	2500
Dünge	2500
Düngen	2500
Dünger	2500
Dünkel	2500
Dünkirchen	2500
Dünn	2500
Dürer	2500
Dürftigkeit	2500
Dürre	2500
Dürregebiet	2500
Dürrekatastrophe	2500
Dürrenmatt	2500
Düse	2500
Düsen	2500
Düsenclipper	2500
Düsentrieb	2500
Düsseldorf	2500
Düsseldorfer	2500
Düsterkeit	2500
Dualismus	2500
Dualität	2500
Dualzahl	2500
Dubai	2500
Dubcek	2500
Dublette	2500
Dublin	2500
Duckmäusertum	2500
Dudel	2500
Dudelsack	2500
Dudelsackpfeifer	2500
Duden	2500
Duell	2500
Duett	2500
Duft	2500
Duisburg	2500
Duisburger	2500
Dukaten	2500
Duktus	2500
Dulden	2500
Duldsamkeit	2500
Dumas	2500
Dummerchenrolle	2500
Dummheit	2500
Dummköpfe	2500
Dummkopf	2500
Dummy	2500
Dummyfunktion	2500
Dumpfheit	2500
Dumping	2500
Dumpingpreis	2500
Dung	2500
Dunkel	2500
Dunkelbleiben	2500
Dunkelheit	2500
Dunkelmänner	2500
Dunkeln	2500
Dunst	2500
Duo	2500
Duplexdruck	2500
Duplikat	2500
Duplikationsrate	2500
Duplizieren	2500
Duplizität	2500
Dur	2500
Duralith	2500
Durcharbeiten	2500
Durchblick	2500
Durchblutung	2500
Durchblutungsstörung	2500
Durchbrüche	2500
Durchbruch	2500
Durchbruchsoffensive	2500
Durchdringen	2500
Durcheinander	2500
Durchfahrt	2500
Durchfahrtshöhe	2500
Durchfahrtsschein	2500
Durchfall	2500
Durchfallerkrankung	2500
Durchfallquote	2500
Durchfluss	2500
Durchfluten	2500
Durchforsten	2500
Durchführbarkeit	2500
Durchführen	2500
Durchführungs	2500
Durchgabe	2500
Durchgang	2500
Durchgangs	2500
Durchgriffs	2500
Durchhalte	2500
Durchhaltungsvermögens	2500
Durchhang	2500
Durchimpfungsrate	2500
Durchkontaktierung	2500
Durchkontaktierungsplatine	2500
Durchlässigkeit	2500
Durchlass	2500
Durchlaucht	2500
Durchlauf	2500
Durchleiten	2500
Durchleitungsgebühr	2500
Durchleuchten	2500
Durchlüften	2500
Durchmärsche	2500
Durchmarsch	2500
Durchmesser	2500
Durchmischen	2500
Durchqueren	2500
Durchreise	2500
Durchsatz	2500
Durchschlag	2500
Durchschlagskraft	2500
Durchschleifen	2500
Durchschnitt	2500
Durchschnitts	2500
Durchschreiten	2500
Durchschrift	2500
Durchschuss	2500
Durchsetzbarkeit	2500
Durchsetzen	2500
Durchsetzungs	2500
Durchsicht	2500
Durchsteiger	2500
Durchstich	2500
Durchsuchen	2500
Durchsuchungs	2500
Durchtriebenheit	2500
Durchwahl	2500
Durchzug	2500
Durchzugsgebiet	2500
Durst	2500
Dusch	2500
Dusche	2500
Dusel	2500
Dusseligkeit	2500
Dussligkeit	2500
Dutt	2500
Dutzend	2500
Dynamik	2500
Dynamisieren	2500
Dynamit	2500
Dynamo	2500
Dynamomaschine	2500
Dynastie	2500
Dynastiegründer	2500
Dyslexie	2500
Dysprosium	2500
EADS	2500
EDV	2500
EFTA	2500
EG	2500
EH	2500
EKG	2500
EM	2500
EPROM	2500
ETH	2500
EU	2500
EUR	2500
EWG	2500
EWS	2500
EWU	2500
EZB	2500
Ebbe	2500
Ebenbild	2500
Ebene	2500
Ebenheit	2500
Ebenholz	2500
Eber	2500
Eberhard	2500
Ebert	2500
Ebola	2500
Echnaton	2500
Echo	2500
Echolot	2500
Echtheit	2500
Echtzeit	2500
Eck	2500
Ecke	2500
Eckenklarheit	2500
Eckenschliff	2500
Eckernförde	2500
Economyklasse	2500
Ecu	2500
Ecuador	2500
Ecuadorianer	2500
Edeka	2500
Edel	2500
Edeltraud	2500
Edelweiß	2500
Eden	2500
Eder	2500
Edgar	2500
Edinburgh	2500
Edison	2500
Edith	2500
Editier	2500
Edition	2500
Editor	2500
Editorial	2500
Editorinstallation	2500
Edmund	2500
Eduard	2500
Edukation	2500
Edukt	2500
Eduscho	2500
Efeu	2500
Effeff	2500
Effekt	2500
Effekten	2500
Effekthascherei	2500
Effektiv	2500
Effektivität	2500
Effenberg	2500
Effizienz	2500
Egalisieren	2500
Egel	2500
Egge	2500
Ego	2500
Egoismen	2500
Egoismus	2500
Egoist	2500
Egon	2500
Egozentrik	2500
Egozentriker	2500
Ehe	2500
Ehegatten	2500
Ehegattensplitting	2500
Ehrabschneider	2500
Ehrbarkeit	2500
Ehrbegriff	2500
Ehre	2500
Ehren	2500
Ehrengast	2500
Ehrerbieten	2500
Ehrfurcht	2500
Ehrgefühl	2500
Ehrgeiz	2500
Ehrlichkeit	2500
Ehrlosigkeit	2500
Ehrsamkeit	2500
Ehrungsliste	2500
Ei	2500
Eiabstoßung	2500
Eibe	2500
Eich	2500
Eiche	2500
Eichel	2500
Eichen	2500
Eid	2500
Eidechse	2500
Eidechsen	2500
Eidgenosse	2500
Eidgenossenschaft	2500
Eidotter	2500
Eier	2500
Eierchen	2500
Eies	2500
Eifel	2500
Eifelberge	2500
Eifer	2500
Eifersucht	2500
Eifersuchts	2500
Eiffelturm	2500
Eigelb	2500
Eigenbrötelei	2500
Eigenbrötler	2500
Eigenheit	2500
Eigenkapitalien	2500
Eigennutz	2500
Eigennutzen	2500
Eigenschaft	2500
Eigenschafts	2500
Eigensinn	2500
Eigenständigkeit	2500
Eigentümer	2500
Eigentümerschaft	2500
Eigentümlichkeit	2500
Eigentum	2500
Eigentums	2500
Eigernordwand	2500
Eignen	2500
Eigner	2500
Eignungs	2500
Eil	2500
Eiland	2500
Eilland	2500
Eimer	2500
Einakter	2500
Einarbeiten	2500
Einarbeitungs	2500
Einbände	2500
Einbahnstraße	2500
Einbalsamieren	2500
Einband	2500
Einbau	2500
Einbehalten	2500
Einberufen	2500
Einbetten	2500
Einbeziehen	2500
Einbilden	2500
Einbinden	2500
Einblenden	2500
Einblick	2500
Einbrecher	2500
Einbrecherbande	2500
Einbrecherkönig	2500
Einbrüche	2500
Einbruch	2500
Einbruchs	2500
Einbürgerung	2500
Einbürgerungstest	2500
Einbuchen	2500
Einbuchten	2500
Einbuße	2500
Einchecken	2500
Eindämmen	2500
Eindämmungspolitik	2500
Eindeckungs	2500
Eindeutigkeit	2500
Eindeutschen	2500
Eindringens	2500
Eindringlichkeit	2500
Eindringling	2500
Eindruck	2500
Eindrucks	2500
Einehe	2500
Einengen	2500
Einfärben	2500
Einfachheit	2500
Einfahrt	2500
Einfall	2500
Einfalls	2500
Einfallspinsel	2500
Einfalt	2500
Einfaltspinsel	2500
Einfang	2500
Einfassen	2500
Einflüstern	2500
Einfluss	2500
Einförmigkeit	2500
Einfrieren	2500
Einfügemodus	2500
Einfügen	2500
Einfühlen	2500
Einfühlungs	2500
Einführen	2500
Einführungs	2500
Einfüll	2500
Einfüllen	2500
Einfuhr	2500
Eingabe	2500
Eingabestring	2500
Eingabeterm	2500
Eingang	2500
Eingangs	2500
Eingangsmultiplexer	2500
Eingangstrigger	2500
Eingeben	2500
Eingeborene	2500
Eingehen	2500
Eingeständnis	2500
Eingeweide	2500
Eingewöhnen	2500
Eingewöhnungszeit	2500
Eingliedern	2500
Eingreifen	2500
Eingrenzen	2500
Eingriff	2500
Eingriffs	2500
Einhalt	2500
Einheitlichkeit	2500
Einheits	2500
Einhörner	2500
Einholen	2500
Einhorn	2500
Einigkeit	2500
Einigungs	2500
Einkäufer	2500
Einkauf	2500
Einkaufs	2500
Einkehr	2500
Einkellerungspreis	2500
Einkesseln	2500
Einklagbarkeit	2500
Einklang	2500
Einknicken	2500
Einkommen	2500
Einkommens	2500
Einkommensteuer	2500
Einkoppeln	2500
Einkreisen	2500
Einkünfte	2500
Einladen	2500
Einlage	2500
Einlagekonto	2500
Einlagepflicht	2500
Einlagern	2500
Einlass	2500
Einlassen	2500
Einlauf	2500
Einlege	2500
Einlegen	2500
Einleger	2500
Einleiten	2500
Einlieferer	2500
Einliefern	2500
Einlieferungs	2500
Einlieger	2500
Einlösen	2500
Einmärsche	2500
Einmach	2500
Einmalgabe	2500
Einmaligkeit	2500
Einmalzahlung	2500
Einmann	2500
Einmarsch	2500
Einmischen	2500
Einmünden	2500
Einnahme	2500
Einnahmenminderung	2500
Einnisten	2500
Einöde	2500
Einordnen	2500
Einordnungs	2500
Einpendeln	2500
Einpflanzen	2500
Einprägsamkeit	2500
Einquartieren	2500
Einräder	2500
Einrad	2500
Einreihungsbescheid	2500
Einreise	2500
Einrichten	2500
Einrichter	2500
Einrichtungs	2500
Einriss	2500
Einrücken	2500
Einsätze	2500
Einsamkeit	2500
Einsamkeits	2500
Einsatz	2500
Einschätzen	2500
Einschalt	2500
Einschalten	2500
Einschieben	2500
Einschiffen	2500
Einschlag	2500
Einschließen	2500
Einschluss	2500
Einschnitt	2500
Einschnüren	2500
Einschränken	2500
Einschränkungs	2500
Einschreibe	2500
Einschreiben	2500
Einschübe	2500
Einschüchtern	2500
Einschüchterungs	2500
Einschub	2500
Einschulen	2500
Einschulungs	2500
Einschuss	2500
Einseitigkeit	2500
Einsen	2500
Einsende	2500
Einsenden	2500
Einsender	2500
Einsetzbarkeit	2500
Einsetzen	2500
Einsicht	2500
Einsichtigkeit	2500
Einsichtnahme	2500
Einsiedler	2500
Einsitzer	2500
Einsortier	2500
Einspannen	2500
Einsparen	2500
Einsparungs	2500
Einspeisen	2500
Einspielen	2500
Einsprache	2500
Einsprengsel	2500
Einspritz	2500
Einspritzen	2500
Einsprüche	2500
Einspruch	2500
Einspruchs	2500
Einstands	2500
Einsteiger	2500
Einstein	2500
Einstell	2500
Einstellen	2500
Einstellungs	2500
Einstich	2500
Einstieg	2500
Einstiegs	2500
Einstimmigkeit	2500
Einstimmigkeitsprinzip	2500
Einstimmigkeitsregel	2500
Einstreuen	2500
Einstufen	2500
Einstufungs	2500
Einsturz	2500
Eintagsfliege	2500
Eintausch	2500
Eintauschen	2500
Einteilen	2500
Einteilungs	2500
Eintönigkeit	2500
Eintopf	2500
Einträglichkeit	2500
Eintracht	2500
Eintrag	2500
Eintragungs	2500
Eintreiben	2500
Eintreiber	2500
Eintritt	2500
Eintritts	2500
Einüben	2500
Einverleiben	2500
Einvernehmen	2500
Einverständnis	2500
Einwände	2500
Einwärts	2500
Einwahl	2500
Einwand	2500
Einwanderer	2500
Einwandern	2500
Einwanderungs	2500
Einwechseln	2500
Einweg	2500
Einweihen	2500
Einweihungs	2500
Einweisen	2500
Einweisungs	2500
Einwenden	2500
Einwilligen	2500
Einwilligungs	2500
Einwirken	2500
Einwirkungs	2500
Einwohner	2500
Einwohnerschaft	2500
Einwürfe	2500
Einwurf	2500
Einzahl	2500
Einzahlungs	2500
Einzeichnen	2500
Einzel	2500
Einzelbit	2500
Einzelbitsteuerung	2500
Einzelhaushalten	2500
Einzelheit	2500
Einzeller	2500
Einziehungs	2500
Einzigartigkeit	2500
Einzug	2500
Einzugs	2500
Eis	2500
Eisbohrkern	2500
Eisen	2500
Eisenach	2500
Eisenacher	2500
Eisenbahnbonds	2500
Eisenbahner	2500
Eisenbahnerlöhne	2500
Eisenbahnerstreik	2500
Eisenklopfer	2500
Eisflugschneise	2500
Eisler	2500
Eisprung	2500
Eisschnelllaufen	2500
Eitelkeit	2500
Eiter	2500
Eiweiß	2500
Eizelle	2500
Ejakulat	2500
Ejakulation	2500
Ejakulations	2500
Ekel	2500
Eklat	2500
Eklektizismus	2500
Eklipse	2500
Ekstase	2500
Ekzem	2500
Elaborat	2500
Elan	2500
Elastik	2500
Elastizität	2500
Elastizitäts	2500
Elba	2500
Elbe	2500
Elbmündung	2500
Elbtunnel	2500
Elch	2500
Elefant	2500
Elefanten	2500
Eleganz	2500
Elegie	2500
Elektrifizieren	2500
Elektrik	2500
Elektriker	2500
Elektrizität	2500
Elektrizitäts	2500
Elektro	2500
Elektrode	2500
Elektrodenmaterial	2500
Elektrolyse	2500
Elektrolyt	2500
Elektrolytkupfer	2500
Elektron	2500
Elektronen	2500
Elektronik	2500
Elektroniker	2500
Elektronvolt	2500
Element	2500
Elementar	2500
Elend	2500
Elends	2500
Eleonore	2500
Elevations	2500
Elfe	2500
Elfen	2500
Elfmeter	2500
Elftklässler	2500
Eli	2500
Elias	2500
Elimination	2500
Eliminieren	2500
Elisabeth	2500
Elite	2500
Elixier	2500
Eliza	2500
Elke	2500
Elko	2500
Ellbogen	2500
Elle	2500
Ellen	2500
Ellipse	2500
Ellipsengleichung	2500
Elsässer	2500
Elsass	2500
Elster	2500
Eltern	2500
Emanuel	2500
Emanuela	2500
Emanze	2500
Emanzipation	2500
Emanzipations	2500
Emanzipieren	2500
Embargo	2500
Embargopolitik	2500
Emblem	2500
Embolie	2500
Embryo	2500
Embryonal	2500
Embryonen	2500
Emden	2500
Emeritieren	2500
Emeritus	2500
Emigrant	2500
Emigranten	2500
Emigration	2500
Emigrationsfrage	2500
Emil	2500
Emilia	2500
Eminenz	2500
Emirat	2500
Emission	2500
Emissions	2500
Emittent	2500
Emitter	2500
Emma	2500
Emmentaler	2500
Emoticon	2500
Emotion	2500
Emotionalität	2500
Empathie	2500
Empfänger	2500
Empfänglichkeit	2500
Empfängnis	2500
Empfang	2500
Empfangs	2500
Empfangsarray	2500
Empfehlen	2500
Empfehlungs	2500
Empfinden	2500
Empfindlichkeit	2500
Empfindungs	2500
Emphysem	2500
Empirie	2500
Empören	2500
Empore	2500
Emporkömmling	2500
Ems	2500
Emsigkeit	2500
Emsland	2500
Emulation	2500
Emulations	2500
Emulator	2500
Emulsion	2500
Emulsions	2500
EnBW	2500
End	2500
Enddeckung	2500
Enden	2500
Endführer	2500
Endführung	2500
Endgeld	2500
Endlichkeit	2500
Endlos	2500
Endogamie	2500
Endomorphismen	2500
Endomorphismus	2500
Endorphin	2500
Endoskopie	2500
Endrekursion	2500
Endrekursionseliminierung	2500
Endsperre	2500
Endsperren	2500
Energie	2500
Engagement	2500
Enge	2500
Engel	2500
Engelhaar	2500
Engels	2500
Engerling	2500
Engineering	2500
Engländer	2500
England	2500
Englischheit	2500
Engpass	2500
Engstirnigkeit	2500
Enkel	2500
Enklave	2500
Enquete	2500
Ensemble	2500
Entäußern	2500
Entarten	2500
Entartungs	2500
Entbehren	2500
Entbehrlichkeit	2500
Entbinden	2500
Entbindungs	2500
Entblößen	2500
Entdecken	2500
Entdecker	2500
Entdeckungs	2500
Ente	2500
Entebbe	2500
Enteignen	2500
Enteignungs	2500
Enteisungs	2500
Enten	2500
Entenhausen	2500
Entente	2500
Enterhaken	2500
Enterich	2500
Entertainer	2500
Entertainment	2500
Entertaste	2500
Entfalten	2500
Entfaltungs	2500
Entfernen	2500
Entferner	2500
Entfernungs	2500
Entfesselungskünstler	2500
Entflammungs	2500
Entflechten	2500
Entflockungs	2500
Entfremden	2500
Entführen	2500
Entführer	2500
Entführungs	2500
Entgegennahme	2500
Entgegnen	2500
Entgelt	2500
Entgiften	2500
Entgleisen	2500
Entgrenzen	2500
Enthaarungs	2500
Enthalpie	2500
Enthalten	2500
Enthaltsamkeit	2500
Enthaupten	2500
Enthauptungs	2500
Entheben	2500
Enthebungs	2500
Enthüllen	2500
Enthüller	2500
Enthüllungsplattform	2500
Enthusiasmus	2500
Enthusiast	2500
Entindustrialisierung	2500
Entkernen	2500
Entkerner	2500
Entkleidungs	2500
Entkolonialisierung	2500
Entkoppeln	2500
Entkräften	2500
Entkriminalisieren	2500
Entlade	2500
Entladen	2500
Entladezeit	2500
Entlassen	2500
Entlassungs	2500
Entlasten	2500
Entlastungs	2500
Entlaubungs	2500
Entlausungs	2500
Entleeren	2500
Entlehnen	2500
Entlohnen	2500
Entlohnungs	2500
Entlüften	2500
Entlüftungs	2500
Entmachten	2500
Entmilitarisieren	2500
Entminungs	2500
Entmündigen	2500
Entmutigen	2500
Entnahme	2500
Entnazifizierungs	2500
Entnerven	2500
Entpacker	2500
Entpolitisierung	2500
Entprellung	2500
Entprellungs	2500
Entprellzeit	2500
Entrauchungs	2500
Entrechten	2500
Entrepreneur	2500
Entrichten	2500
Entriegelungs	2500
Entropie	2500
Entrücken	2500
Entrüsten	2500
Entsagen	2500
Entsalzungs	2500
Entschädigen	2500
Entschädigungs	2500
Entschärfen	2500
Entscheid	2500
Entscheidbarkeit	2500
Entscheiden	2500
Entscheider	2500
Entscheidungs	2500
Entschiedenheit	2500
Entschlacken	2500
Entschließen	2500
Entschließungsantrag	2500
Entschließungstext	2500
Entschlossenheit	2500
Entschlüsseln	2500
Entschluss	2500
Entschulden	2500
Entschuldigen	2500
Entschuldigungs	2500
Entsenden	2500
Entsetzens	2500
Entseuchungsanstalt	2500
Entsorgen	2500
Entsorgungs	2500
Entspannen	2500
Entspannungs	2500
Entsperr	2500
Entsperren	2500
Entsprechen	2500
Entstehen	2500
Entstehungs	2500
Entstellen	2500
Entstörbaustein	2500
Entstören	2500
Enttäuschen	2500
Enttabuisieren	2500
Enttarnen	2500
Entvölkerung	2500
Entwässern	2500
Entwässerungs	2500
Entwaffnen	2500
Entwalden	2500
Entwarnen	2500
Entweihen	2500
Entwenden	2500
Entwerfen	2500
Entwerten	2500
Entwertungsmaschine	2500
Entwickeln	2500
Entwickler	2500
Entwicklungs	2500
Entwicklungslibrary	2500
Entwöhnen	2500
Entwöhnungskur	2500
Entwürfe	2500
Entwurfs	2500
Entwurzeln	2500
Entzaubern	2500
Entzerren	2500
Entziehen	2500
Entziehungs	2500
Entziffern	2500
Entzifferungsarbeit	2500
Entzücken	2500
Entzündbarkeit	2500
Entzünden	2500
Entzug	2500
Entzweien	2500
Enzephalitis	2500
Enzian	2500
Enzmann	2500
Enzyklopädie	2500
Enzym	2500
Enzymbiotechnologie	2500
Epen	2500
Epidemie	2500
Epidemiologie	2500
Epigramm	2500
Epikur	2500
Epikureer	2500
Epilepsie	2500
Epileptiker	2500
Epilog	2500
Epimorphismen	2500
Epimorphismus	2500
Episode	2500
Episodendrama	2500
Episodenpropagierung	2500
Epizentren	2500
Epizentrum	2500
Epoche	2500
Epos	2500
Epoxiplättchen	2500
Epoxischeibe	2500
Epoxyd	2500
Epromnummer	2500
Epromversion	2500
Epson	2500
Equalizer	2500
Equipe	2500
Equipment	2500
Erachtens	2500
Erarbeiten	2500
Erasmus	2500
Eratosthenes	2500
Erb	2500
Erbärmlichkeit	2500
Erbauen	2500
Erbauer	2500
Erbe	2500
Erbenaufgebot	2500
Erbenaufruf	2500
Erbens	2500
Erbgutanalyse	2500
Erbgutschäden	2500
Erbin	2500
Erbittern	2500
Erblasser	2500
Erblichkeit	2500
Erblinden	2500
Erbringen	2500
Erbschaftssteuer	2500
Erbschaftsteuer	2500
Erbschleicher	2500
Erbse	2500
Erbsensuppe	2500
Erd	2500
Erdbeer	2500
Erde	2500
Erden	2500
Erdenbürger	2500
Erdenken	2500
Erdkundler	2500
Erdöl	2500
Erdölindustriellen	2500
Erdöllager	2500
Erdölquelle	2500
Erdölvorkommen	2500
Erdölwerte	2500
Erdogan	2500
Erdräumgerät	2500
Erdungs	2500
Ereignis	2500
Erektion	2500
Erektions	2500
Erektorbrücke	2500
Eremit	2500
Eremitage	2500
Eremitenorden	2500
Erfahren	2500
Erfahrenheit	2500
Erfahrungs	2500
Erfassen	2500
Erfassungs	2500
Erfinden	2500
Erfinder	2500
Erfindungs	2500
Erfolg	2500
Erfolglosigkeit	2500
Erfolgs	2500
Erforderlichkeit	2500
Erfordernis	2500
Erforschen	2500
Erforscher	2500
Erfragen	2500
Erfrieren	2500
Erfrischen	2500
Erfrischungs	2500
Erfüllbarkeit	2500
Erfüllen	2500
Erfüllungsgehilfe	2500
Erfüllungsort	2500
Erfüllungspolitik	2500
Erfurt	2500
Erfurter	2500
Ergänzen	2500
Ergänzungs	2500
Ergeben	2500
Ergebenheit	2500
Ergebnis	2500
Ergiebigkeit	2500
Ergometer	2500
Ergonomie	2500
Ergreifen	2500
Ergriffenheit	2500
Ergründen	2500
Erguss	2500
Erhältlichkeit	2500
Erhalt	2500
Erhalten	2500
Erhaltungs	2500
Erhard	2500
Erhardt	2500
Erheben	2500
Erheblichkeit	2500
Erhebungs	2500
Erheitern	2500
Erhellen	2500
Erhitzer	2500
Erhöhen	2500
Erhören	2500
Erholen	2500
Erholungs	2500
Erholungsuchende	2500
Erholzeit	2500
Erich	2500
Ericsson	2500
Erika	2500
Erinnern	2500
Erinnerungs	2500
Eritrea	2500
Erkälten	2500
Erkältungs	2500
Erkennbarkeit	2500
Erkennen	2500
Erkenner	2500
Erkenntlichkeit	2500
Erkenntnis	2500
Erkennungs	2500
Erker	2500
Erkerfenster	2500
Erklären	2500
Erklärer	2500
Erklärungs	2500
Erkranken	2500
Erkrankungsgefahr	2500
Erkrankungswahrscheinlichkeit	2500
Erkunden	2500
Erkundigen	2500
Erkundungs	2500
Erläutern	2500
Erlahmen	2500
Erlangen	2500
Erlass	2500
Erlassen	2500
Erlaubnis	2500
Erle	2500
Erleben	2500
Erlebnis	2500
Erledigen	2500
Erleichtern	2500
Erlenmeyerkolben	2500
Erlernbarkeit	2500
Erleuchten	2500
Erlkönig	2500
Erlös	2500
Erlöseinbuße	2500
Erlöser	2500
Erlössteigerung	2500
Ermächtigen	2500
Ermächtigungs	2500
Ermäßigen	2500
Ermahnen	2500
Ermangeln	2500
Ermatten	2500
Ermessens	2500
Ermitteln	2500
Ermittelung	2500
Ermittler	2500
Ermittlungs	2500
Ermöglichen	2500
Ermorden	2500
Ermüden	2500
Ermüdungs	2500
Ermuntern	2500
Ermutigen	2500
Ernähren	2500
Ernährer	2500
Ernährungs	2500
Ernennen	2500
Ernennungsurkunde	2500
Erneuern	2500
Erneuerungs	2500
Erniedrigen	2500
Ernstfall	2500
Ernsthaftigkeit	2500
Ernte	2500
Ernüchtern	2500
Eröffnen	2500
Eröffnungs	2500
Erörtern	2500
Eroberer	2500
Erobern	2500
Eroberungs	2500
Erodieren	2500
Eros	2500
Erosion	2500
Erotik	2500
Erpressbarkeit	2500
Erpressen	2500
Erpresser	2500
Erpressergruppe	2500
Erpressungs	2500
Erproben	2500
Erprobungs	2500
Erquicken	2500
Errata	2500
Erratum	2500
Errechnen	2500
Erregbarkeit	2500
Erregen	2500
Erreger	2500
Erregertyp	2500
Erregungs	2500
Erreichbarkeit	2500
Erreichen	2500
Erretten	2500
Erretter	2500
Errichten	2500
Errichtungs	2500
Errorroutine	2500
Errungenschaft	2500
Ersatz	2500
Erschaffen	2500
Erschaffer	2500
Erscheinen	2500
Erscheinungs	2500
Erschießen	2500
Erschießungs	2500
Erschlaffen	2500
Erschleichen	2500
Erschließen	2500
Erschöpfen	2500
Erschöpfungs	2500
Erschreckens	2500
Erschrockenheit	2500
Erschüttern	2500
Erschweren	2500
Erschwernis	2500
Ersetzbarkeit	2500
Ersetzen	2500
Ersetzungs	2500
Ersparnis	2500
Ersparnisgründe	2500
Erstarken	2500
Erstarren	2500
Erstatten	2500
Erstattungsfähigkeit	2500
Erstaunens	2500
Erstehungskosten	2500
Ersteigern	2500
Ersteingabe	2500
Erstellen	2500
Ersteller	2500
Erstellungs	2500
Ersticken	2500
Erstickungs	2500
Erstklässler	2500
Erstligist	2500
Erstling	2500
Erstlingsfilm	2500
Erstlingswerk	2500
Erstrecken	2500
Erstürmen	2500
Ersuchen	2500
Erteilen	2500
Ertrag	2500
Ertrags	2500
Ertragsteueraufwand	2500
Ertüchtigen	2500
Eruption	2500
Erwägen	2500
Erwähnen	2500
Erwärmen	2500
Erwachsenen	2500
Erwachsensein	2500
Erwarten	2500
Erwartungs	2500
Erwecken	2500
Erweichen	2500
Erweisen	2500
Erweiterbarkeit	2500
Erweitern	2500
Erweiterungs	2500
Erwerb	2500
Erwerber	2500
Erwerbs	2500
Erwerbslosenzahl	2500
Erwidern	2500
Erwin	2500
Erythrozyt	2500
Erz	2500
Erzählen	2500
Erzähler	2500
Erzähltechnik	2500
Erzeugen	2500
Erzeuger	2500
Erzeugnis	2500
Erzeugungs	2500
Erziehen	2500
Erzieher	2500
Erziehungs	2500
Erzielen	2500
Erzwingen	2500
Esc	2500
Escapesequenz	2500
Esche	2500
Escher	2500
Eschweiler	2500
Escudo	2500
Esel	2500
Eselei	2500
Eselsbrücke	2500
Eselsohr	2500
Eskalation	2500
Eskalations	2500
Eskapade	2500
Eskimo	2500
Eskorte	2500
Eskudo	2500
Esoterik	2500
Esoteriker	2500
Espenlaub	2500
Esperanto	2500
Espresso	2500
Ess	2500
Essay	2500
Essayist	2500
Essen	2500
Essener	2500
Essenmaschine	2500
Essens	2500
Essenz	2500
Esser	2500
Essig	2500
Esslingen	2500
Esso	2500
Establishment	2500
Estland	2500
Estrade	2500
Etablieren	2500
Etablissement	2500
Etage	2500
Etagen	2500
Etappe	2500
Etappen	2500
Etat	2500
Ethanol	2500
Ethernet	2500
Ethernetadapter	2500
Ethik	2500
Ethiker	2500
Ethnie	2500
Ethnografie	2500
Ethnograph	2500
Ethnographie	2500
Ethnologe	2500
Ethnologie	2500
Ethologe	2500
Ethologie	2500
Ethos	2500
Etikett	2500
Etiketten	2500
Etikettieren	2500
Eton	2500
Etruskerreich	2500
Etüde	2500
Etüden	2500
Etui	2500
Etymologie	2500
EuGH	2500
Eudämonie	2500
Eugenik	2500
Eugeniker	2500
Eukaryont	2500
Euklid	2500
Eule	2500
Eulen	2500
Eulenspiegelei	2500
Euler	2500
Eunuch	2500
Eupen	2500
Euphemismen	2500
Euphemismus	2500
Euphorie	2500
Euphrat	2500
Eurasien	2500
Euratom	2500
Euro	2500
Euroasien	2500
Eurobonds	2500
Eurocard	2500
Europäer	2500
Europäerviertel	2500
Europa	2500
Europacup	2500
Europacupfinale	2500
Europacupsieg	2500
Europacupsieger	2500
Europacupspiel	2500
Europaexekutiven	2500
Europium	2500
Eurovision	2500
Eurythmie	2500
Euter	2500
Euthanasie	2500
Eutrophie	2500
Eutrophieren	2500
Eutrophika	2500
Eutrophikum	2500
Eva	2500
Evakuieren	2500
Evakuierungsbefehl	2500
Evaluation	2500
Evaluations	2500
Evaluieren	2500
Evaluierungs	2500
Evalutions	2500
Evangeliar	2500
Evangelien	2500
Evangelist	2500
Evangelium	2500
Eventualfall	2500
Eventualität	2500
Everest	2500
Evergreens	2500
Evidenz	2500
Evolution	2500
Evolutions	2500
Ewigkeit	2500
Exabyte	2500
Exaktheit	2500
Examen	2500
Examens	2500
Examensfeier	2500
Examina	2500
Exbotschafter	2500
Exbundeskanzler	2500
Exbundesligisten	2500
Excel	2500
Exegese	2500
Exekution	2500
Exekutionskommando	2500
Exekutionsstätte	2500
Exekutiv	2500
Exekutor	2500
Exempel	2500
Exemplar	2500
Exemplifikation	2500
Exfeldmarschall	2500
Exgauleiter	2500
Exgouverneur	2500
Exhibitionismus	2500
Exhibitionist	2500
Exhumieren	2500
Exil	2500
Existentialismus	2500
Existenz	2500
Existenzialismus	2500
Exitcode	2500
Exkaiser	2500
Exkanzler	2500
Exklave	2500
Exklusiv	2500
Exklusivität	2500
Exkönig	2500
Exkommunikation	2500
Exkurs	2500
Exkursion	2500
Exminister	2500
Exmission	2500
Exorzist	2500
Exot	2500
Exotenvögel	2500
Expandierens	2500
Expansion	2500
Expansions	2500
Expedition	2500
Expeditions	2500
Experiment	2500
Experimental	2500
Experimentier	2500
Experte	2500
Experten	2500
Expertise	2500
Exploration	2500
Explorationskredite	2500
Explorationswelle	2500
Explosion	2500
Explosions	2500
Explosiv	2500
Explosivität	2500
Expo	2500
Exponat	2500
Exponent	2500
Exponentialfaktor	2500
Exponentialfunktion	2500
Exponentialgesetz	2500
Export	2500
Exporteur	2500
Exportschiffbau	2500
Exposee	2500
Exposition	2500
Exposé	2500
Expräsident	2500
Expressgut	2500
Expressionismus	2500
Expressionist	2500
Extension	2500
Exterieur	2500
Externat	2500
Extra	2500
Extrakt	2500
Extraktion	2500
Extrapolation	2500
Extravaganz	2500
Extrem	2500
Extrema	2500
Extremismus	2500
Extremist	2500
Extremistenführer	2500
Extremistengesetz	2500
Extremistenstellung	2500
Extremität	2500
Extremum	2500
Exzellenz	2500
Exzenter	2500
Exzentrizität	2500
Exzerpt	2500
Exzess	2500
FAQ	2500
FAZ	2500
FBI	2500
FC	2500
FCKW	2500
FDGB	2500
FDJ	2500
FDP	2500
FF	2500
FFr	2500
FG	2500
FKK	2500
FLN	2500
Fächer	2500
Fädchen	2500
Fäden	2500
Fähigkeit	2500
Fähnchen	2500
Fähnlein	2500
Fähnrich	2500
Fähr	2500
Fähre	2500
Fährschiffverbindung	2500
Fährte	2500
Fäkalien	2500
Fällen	2500
Fälligkeit	2500
Fälligkeits	2500
Fälschen	2500
Fälscher	2500
Fälscherbande	2500
Fälschung	2500
Fälschungs	2500
Fänger	2500
Fängerei	2500
Färbemittel	2500
Färben	2500
Färber	2500
Färberei	2500
Färbkosten	2500
Fässer	2500
Fäule	2500
Fäulnis	2500
Fäustchen	2500
Fäuste	2500
Fäustling	2500
Fa.	2500
Fabel	2500
Fabelpferd	2500
Fabian	2500
Fabrik	2500
Fabrikant	2500
Fabrikat	2500
Fabrikation	2500
Fabrikations	2500
Facebook	2500
Facette	2500
Facetten	2500
Fach	2500
Fachbereichleiter	2500
Fachübersetzen	2500
Fackel	2500
Faden	2500
Fadenscheinigkeit	2500
Fahnden	2500
Fahnder	2500
Fahndungs	2500
Fahne	2500
Fahnen	2500
Fahr	2500
Fahren	2500
Fahrenheit	2500
Fahrer	2500
Fahrlässigkeit	2500
Fahrplankonferenz	2500
Fahrräder	2500
Fahrrad	2500
Fahrradfahren	2500
Fahrradreifen	2500
Fahrt	2500
Fahrten	2500
Fahrzeit	2500
Fahrzeug	2500
Faible	2500
Fairness	2500
Faksimile	2500
Fakt	2500
Fakten	2500
Faktor	2500
Faktum	2500
Fakturieren	2500
Fakultät	2500
Fakultätsfunktion	2500
Falke	2500
Falkenjagd	2500
Falklandinsel	2500
Falklandkrieg	2500
Fall	2500
Falle	2500
Fallensteller	2500
Fallout	2500
Falschheit	2500
Falschmünzerbande	2500
Falschmünzerei	2500
Falsifikation	2500
Falt	2500
Falte	2500
Falten	2500
Falter	2500
Falz	2500
Falzbein	2500
Familien	2500
Familienclan	2500
Fan	2500
Fanatiker	2500
Fanatismus	2500
Fanclub	2500
Fanfare	2500
Fanfaren	2500
Fang	2500
Fangemeinde	2500
Fango	2500
Fangopackung	2500
Fantasie	2500
Fantasieprojekte	2500
Fantast	2500
Faraday	2500
Farb	2500
Farbe	2500
Farbenblindheit	2500
Farbenfabrik	2500
Farbenfreudigkeit	2500
Farbenindustrie	2500
Farbenkombinationsgabe	2500
Farbenlehre	2500
Farbennachfolger	2500
Farbenpracht	2500
Farbenproduktion	2500
Farbensinn	2500
Farbenspiel	2500
Farbentiefe	2500
Farbenunternehmen	2500
Farbenzusammenstellung	2500
Farbigkeit	2500
Farce	2500
Farm	2500
Farmer	2500
Farmerfamilie	2500
Farmergenossenschaft	2500
Farmland	2500
Farn	2500
Farngebüsch	2500
Farnkraut	2500
Fasan	2500
Fasanenhähne	2500
Fasching	2500
Faschings	2500
Faschismus	2500
Faschist	2500
Faschistenmarsch	2500
Faselei	2500
Faser	2500
Faserzeug	2500
Fass	2500
Fassade	2500
Fassadengeschäft	2500
Fassadenverkleidung	2500
Fassbier	2500
Fassen	2500
Fasshälfte	2500
Fassungs	2500
Fastensynode	2500
Fastenzeit	2500
Fastnacht	2500
Fastnachtsbeichte	2500
Fastnachtsdekoration	2500
Fastnulltarif	2500
Faszination	2500
Fata	2500
Fatalismus	2500
Fatalität	2500
Fatima	2500
Fatum	2500
Faulenzer	2500
Faulenzerei	2500
Faulheit	2500
Faulpelz	2500
Faultier	2500
Faun	2500
Fauna	2500
Faust	2500
Fauteuil	2500
Fauxpas	2500
Favorit	2500
Fax	2500
Faxanschluss	2500
Faxenmacher	2500
Faxgerät	2500
Faxnummer	2500
Fazit	2500
Feature	2500
Feb.	2500
Fecht	2500
Fechter	2500
Feder	2500
Fedora	2500
Fee	2500
Feedback	2500
Fegefeuer	2500
Feger	2500
Fehde	2500
Fehdehandschuh	2500
Fehl	2500
Fehlbarkeit	2500
Fehlens	2500
Fehlerbit	2500
Fehlervariable	2500
Feier	2500
Feierlichkeit	2500
Feiertags	2500
Feigen	2500
Feigheit	2500
Feigling	2500
Feile	2500
Fein	2500
Feind	2500
Feindlichkeit	2500
Feindschaft	2500
Feinfühligkeit	2500
Feingliedrigkeit	2500
Feinheit	2500
Feinkostfabrik	2500
Feinschmecker	2500
Feld	2500
Feldwebel	2500
Felge	2500
Felgengröße	2500
Felix	2500
Fell	2500
Fellatio	2500
Fels	2500
Felsen	2500
Feminina	2500
Femininum	2500
Feminisieren	2500
Feminismen	2500
Feminismus	2500
Feminist	2500
Fenchel	2500
Fenchelsträucher	2500
Fenstergucker	2500
Ferdinand	2500
Ferien	2500
Ferkel	2500
Fermat	2500
Fermi	2500
Fern	2500
Fernando	2500
Fernladbarkeit	2500
Fernleihe	2500
Fernost	2500
Fernseh	2500
Fernsehen	2500
Fernseher	2500
Fernsehgaudi	2500
Ferrara	2500
Ferrari	2500
Ferromagnetismus	2500
Ferse	2500
Fersengegend	2500
Fersengeld	2500
Fertigen	2500
Fertiger	2500
Fertigkeit	2500
Fertigstellen	2500
Fertigungs	2500
Fessel	2500
Fesseln	2500
Fesselspiel	2500
Fest	2500
Festigen	2500
Festigkeit	2500
Festival	2500
Festivität	2500
Festlandsluft	2500
Festlegen	2500
Festlichkeit	2500
Festmahl	2500
Festplattenpartition	2500
Feststellbarkeit	2500
Festtag	2500
Festung	2500
Festungsgürtel	2500
Festungsstadt	2500
Festungsturm	2500
Festzurren	2500
Fetisch	2500
Fetischglaube	2500
Fetischismus	2500
Fett	2500
Fettflöckchen	2500
Fettleibigkeit	2500
Fetzen	2500
Feuchtbiotop	2500
Feuchtgebiet	2500
Feuchtigkeit	2500
Feuchtigkeits	2500
Feuchtsavanne	2500
Feuchtwangen	2500
Feuchtwiese	2500
Feudalherr	2500
Feudalherrschaft	2500
Feudalismus	2500
Feudalstaat	2500
Feudalsystem	2500
Feuer	2500
Feuersbrünste	2500
Feuersbrunst	2500
Feuersgefahr	2500
Feuersglut	2500
Feuerwerker	2500
Feuilleton	2500
Fez	2500
Fiasko	2500
Fiat	2500
Fibel	2500
Fibrille	2500
Fibrose	2500
Fibu	2500
Fichte	2500
Fichtelgebirge	2500
Fichten	2500
Fick	2500
Ficker	2500
Fidibus	2500
Fieber	2500
Fiesling	2500
Figur	2500
Figurenbeschreibung	2500
Figureneigenschaft	2500
Figureneinteilung	2500
Fiktion	2500
File	2500
Filename	2500
Filepointer	2500
Fileserver	2500
Filesystem	2500
Filesystemtyp	2500
Filet	2500
Filetbraten	2500
Filetstück	2500
Filialchef	2500
Filiale	2500
Filialgeschäft	2500
Filialleiter	2500
Filialnetz	2500
Filialschließung	2500
Filibuster	2500
Filius	2500
Film	2500
Filmemacher	2500
Filter	2500
Filtern	2500
Filtrat	2500
Filtration	2500
Filz	2500
Fimmel	2500
Finale	2500
Finalspiel	2500
Finanz	2500
Finanzier	2500
Finanzieren	2500
Finanzierungs	2500
Finanzvorlagen	2500
Findelhaus	2500
Findelkind	2500
Finden	2500
Finder	2500
Finderlöhne	2500
Finderlohn	2500
Findigkeit	2500
Findling	2500
Findungs	2500
Finesse	2500
Finger	2500
Fingerling	2500
Fingerzeig	2500
Fink	2500
Finne	2500
Finnland	2500
Finsternis	2500
Finte	2500
Firefox	2500
Firewall	2500
Firlefanz	2500
Firmament	2500
Firmen	2500
Firmenkontakt	2500
Firmware	2500
First	2500
Firsthöhe	2500
Fisch	2500
Fischer	2500
Fischerei	2500
Fischlaich	2500
Fischleim	2500
Fischreiher	2500
Fisimatenten	2500
Fiskaljahr	2500
Fiskalpakt	2500
Fiskalpolitik	2500
Fiskalunion	2500
Fiskus	2500
Fistel	2500
Fistelstimme	2500
Fitness	2500
Fitnesscenter	2500
Fittich	2500
Fitzgerald	2500
Fixer	2500
Fixier	2500
Fixieren	2500
Fixkosten	2500
Fixpunkt	2500
Fixstern	2500
Fjord	2500
Fkt	2500
Flächen	2500
Flämmchen	2500
Fläschchen	2500
Flach	2500
Flachbrettscanner	2500
Flachheit	2500
Flachs	2500
Flackerschein	2500
Flacon	2500
Fladen	2500
Fladenbrot	2500
Flagge	2500
Flaggendiskriminierung	2500
Flaggenmast	2500
Flaggenmeer	2500
Flaggenstreit	2500
Flaggoffizier	2500
Flaggschiff	2500
Flair	2500
Flak	2500
Flakfeuer	2500
Flakinsel	2500
Flakon	2500
Flakschießen	2500
Flamen	2500
Flamenco	2500
Flamencotänzer	2500
Flamingo	2500
Flamme	2500
Flammen	2500
Flandern	2500
Flanell	2500
Flanke	2500
Flankenangriff	2500
Flankendeckung	2500
Flankensteilheit	2500
Flankentriggerung	2500
Flansch	2500
Flasche	2500
Flaschen	2500
Flash	2500
Flatrate	2500
Flatterhaftigkeit	2500
Flattersatz	2500
Flaum	2500
Flausen	2500
Flaute	2500
Flautezeit	2500
Flechte	2500
Fleck	2500
Flecken	2500
Fleckentferner	2500
Fleckfieber	2500
Fleckwasser	2500
Fledermäuse	2500
Fledermaus	2500
Flegel	2500
Flegelalter	2500
Flegeljahre	2500
Fleiß	2500
Fleißarbeit	2500
Fleisch	2500
Fleischbeschauer	2500
Fleischer	2500
Fleischerei	2500
Fleischereibedarf	2500
Fleischereibetrieb	2500
Fleischereimaschine	2500
Fleischereiwerkzeug	2500
Fleischergeselle	2500
Fleischerhandwerk	2500
Fleischerladen	2500
Fleischerverband	2500
Fleischeslüste	2500
Fleischeslust	2500
Flensburg	2500
Flexibilisieren	2500
Flexibilität	2500
Flexion	2500
Flexionsform	2500
Flickarbeit	2500
Flickenteppich	2500
Flicker	2500
Flickerei	2500
Flickwerk	2500
Flickzeug	2500
Flieder	2500
Fliege	2500
Fliegen	2500
Fliegengewichtler	2500
Fliegenklatsche	2500
Fliegens	2500
Flieger	2500
Fliegerei	2500
Fliehkraft	2500
Fliehkraftregler	2500
Fließ	2500
Fließkommaberechnung	2500
Fließkommaoperation	2500
Fließkommaprozessor	2500
Fließkommazahl	2500
Fliese	2500
Fliesen	2500
Flimmer	2500
Flimmern	2500
Flinkheit	2500
Flinte	2500
Flintenlauf	2500
Flintenschuss	2500
Flipper	2500
Flipperkasten	2500
Flirt	2500
Flittchen	2500
Flitter	2500
Flitterkleid	2500
Flitterwerk	2500
Flitterwochen	2500
Flitzer	2500
Flöhe	2500
Flöte	2500
Flöten	2500
Flötespielen	2500
Flötist	2500
Flöz	2500
Flocke	2500
Flocken	2500
Floh	2500
Flohbiss	2500
Flohmarkt	2500
Flop	2500
Floppyabdeckung	2500
Floppybetrieb	2500
Floppydisk	2500
Floppydisketten	2500
Floppylaufwerk	2500
Floppystation	2500
Flora	2500
Florenz	2500
Florett	2500
Florian	2500
Florida	2500
Florist	2500
Floß	2500
Floskel	2500
Flosse	2500
Flotte	2500
Flotten	2500
Flottillenarzt	2500
Flow	2500
Flowerpower	2500
Flüche	2500
Flüchtigkeit	2500
Flüchtigkeitsfehler	2500
Flüchtling	2500
Flüchtlings	2500
Flüchtlingstrecks	2500
Flügel	2500
Flüssig	2500
Flüssigkeit	2500
Flüssigkeits	2500
Flüsterkampagne	2500
Fluch	2500
Flucher	2500
Flucht	2500
Flug	2500
Flugbillet	2500
Fluginfos	2500
Flugwettbewerb	2500
Flugzeug	2500
Fluid	2500
Fluktuation	2500
Flunder	2500
Flunkerei	2500
Fluor	2500
Fluoreszenz	2500
Fluorid	2500
Flur	2500
Fluss	2500
Flut	2500
Fluten	2500
Flyer	2500
Föderalismus	2500
Föderation	2500
Föhn	2500
Föhneinbruch	2500
Föhre	2500
Föhrengehölz	2500
Föhrenzapfen	2500
Förder	2500
Förderer	2500
Fördererantriebs	2500
Fördererbewegung	2500
Fördererbruch	2500
Fördererlage	2500
Fördererposition	2500
Fördererrückautomatik	2500
Fördererweg	2500
Fördererzylinders	2500
Fördererzylinderweg	2500
Fördern	2500
Förderungs	2500
Förderungswettbewerb	2500
Förmchen	2500
Förmlichkeit	2500
Förster	2500
Försterei	2500
Föten	2500
Fötus	2500
Fockmast	2500
Fohlen	2500
Fokker	2500
Fokus	2500
Fokussieren	2500
Folge	2500
Folgenerscheinung	2500
Folgenglied	2500
Folgern	2500
Folgsamkeit	2500
Folie	2500
Folien	2500
Folienmaß	2500
Folienüberstand	2500
Folklore	2500
Folsäure	2500
Folter	2500
Fond	2500
Fondsanteile	2500
Fondsdaten	2500
Fondsleitung	2500
Fondsmanager	2500
Fondsvermögen	2500
Fondsverwaltung	2500
Fondswerte	2500
Fondue	2500
Fonografie	2500
Font	2500
Fontäne	2500
Fontainebleau	2500
Fopperei	2500
Ford	2500
Fordern	2500
Forderungs	2500
Forelle	2500
Forellenfilet	2500
Forellenfischerei	2500
Foren	2500
Forensik	2500
Forensiker	2500
Form	2500
Formaldehyd	2500
Formalisierbarkeit	2500
Formalisieren	2500
Formalismen	2500
Formalismus	2500
Formalität	2500
Format	2500
Formatänderung	2500
Formatbefehl	2500
Formatieren	2500
Formatierer	2500
Formatierkommando	2500
Formatierkorrektur	2500
Formatierprogramm	2500
Formatiersoftware	2500
Formatierungs	2500
Formation	2500
Formationsflug	2500
Formatpapier	2500
Formatvorlage	2500
Formel	2500
Formen	2500
Formenbau	2500
Formenlehre	2500
Formensprache	2500
Formenwelt	2500
Formfeed	2500
Formosa	2500
Formosastraße	2500
Formular	2500
Formulieren	2500
Formulierungs	2500
Forsa	2500
Forschen	2500
Forscher	2500
Forschungs	2500
Forst	2500
Fortbestand	2500
Fortbewegen	2500
Fortbilden	2500
Fortbildungs	2500
Fortdauer	2500
Fortentwickeln	2500
Fortfall	2500
Fortführen	2500
Fortgang	2500
Fortgeschrittenenkurs	2500
Fortpflanzen	2500
Fortpflanzungs	2500
Fortran	2500
Fortsätze	2500
Fortsatz	2500
Fortschreiben	2500
Fortschritt	2500
Fortschrittlichkeit	2500
Fortschritts	2500
Fortsetzen	2500
Fortsetzungsgespräch	2500
Fortsetzungsroman	2500
Fortuna	2500
Fortune	2500
Fortzahlung	2500
Forum	2500
Fossilien	2500
Fotograf	2500
Fotografie	2500
Fotovoltaik	2500
Fotze	2500
Fotzen	2500
Foul	2500
Foulspiel	2500
Fourier	2500
Fourieranalyse	2500
Fouriertransformation	2500
Foxtrott	2500
Foyer	2500
Fr	2500
Fräcke	2500
Fränkin	2500
Fräs	2500
Fräulein	2500
Fracht	2500
Frachtenindex	2500
Frachtenkartell	2500
Frachtenverlust	2500
Frachter	2500
Frack	2500
Frage	2500
Fragekatalog	2500
Fragenkatalog	2500
Fragenkomplex	2500
Fragenkreis	2500
Frager	2500
Fragment	2500
Fragmentieren	2500
Fragwürdigkeit	2500
Fraktion	2500
Fraktions	2500
Fraktur	2500
Fraktursatz	2500
Frakturschrift	2500
Frameblock	2500
Framelänge	2500
Frameword	2500
Franc	2500
Francabwertung	2500
Francisco	2500
Franco	2500
Frank	2500
Franken	2500
Frankenreich	2500
Frankenstein	2500
Frankfurt	2500
Frankfurter	2500
Frankreich	2500
Frankreichreise	2500
Franse	2500
Fransentasche	2500
Franz	2500
Franziska	2500
Franziskaner	2500
Franziskanerorden	2500
Franziskus	2500
Französin	2500
Französischkenntnisse	2500
Französischstunde	2500
Franzose	2500
Fraß	2500
Fraternisation	2500
Fratze	2500
Frauen	2500
Fraunhofer	2500
Freak	2500
Frechheit	2500
FreeBSD	2500
Freeclimbing	2500
Freejazz	2500
Freeware	2500
Fregatte	2500
Fregattenkapitän	2500
Fregattenvögel	2500
Frei	2500
Freibadanlage	2500
Freibadrecht	2500
Freiberufler	2500
Freibeuter	2500
Freibeuterei	2500
Freibillet	2500
Freiburg	2500
Freiburger	2500
Freier	2500
Freigabe	2500
Freigebigkeit	2500
Freigiebigkeit	2500
Freiheit	2500
Freiheits	2500
Freimauerei	2500
Freimaurerei	2500
Freimaurerloge	2500
Freimütigkeit	2500
Freischärler	2500
Freising	2500
Freisprechen	2500
Freistilringen	2500
Freitagmorgen	2500
Freitags	2500
Freitod	2500
Freiwilligen	2500
Freizeit	2500
Fremd	2500
Fremden	2500
Fremdheit	2500
Fremdling	2500
Fremdsprachen	2500
Frequenz	2500
Freske	2500
Freskendarstellung	2500
Fress	2500
Fresser	2500
Frettchen	2500
Freud	2500
Freuden	2500
Freudenjauchzer	2500
Freudenträne	2500
Freudigkeit	2500
Freund	2500
Freundeskreis	2500
Freundesmund	2500
Freundlichkeit	2500
Freundschaft	2500
Freundschaftlichkeit	2500
Freundschafts	2500
Frevel	2500
Freveltat	2500
Frickelei	2500
Friede	2500
Frieden	2500
Friedens	2500
Friedenspfeife	2500
Friedenstifter	2500
Friedfertigkeit	2500
Friedhöfe	2500
Friedhof	2500
Friedland	2500
Friedrich	2500
Friedrichsfelde	2500
Friedrichshafen	2500
Friedrichshain	2500
Friedrichstadt	2500
Friese	2500
Friesland	2500
Frikadelle	2500
Frisbee	2500
Frisch	2500
Frische	2500
Friseur	2500
Friseuse	2500
Frisiertisch	2500
Frisör	2500
Frist	2500
Fristablauf	2500
Fristenmodell	2500
Fristsetzung	2500
Fristverlängerung	2500
Frisur	2500
Fritteuse	2500
Fritz	2500
Frl.	2500
Fröhlichkeit	2500
Frömmigkeit	2500
Frösche	2500
Frohnatur	2500
Frohsinn	2500
Fron	2500
Fronarbeit	2500
Frondienst	2500
Fronleichnam	2500
Fronleichnamsfest	2500
Front	2500
Frontal	2500
Frontend	2500
Frontendprozessor	2500
Frosch	2500
Frost	2500
Frotteemantel	2500
Frottiertücher	2500
Frottiertuch	2500
Früchte	2500
Früh	2500
Frühaufsteher	2500
Frühchen	2500
Frühjahrsoffensive	2500
Frühjahrsputz	2500
Frühjahrssitzung	2500
Frühling	2500
Frühlings	2500
Frühstücks	2500
Frühzeitigkeit	2500
Frucht	2500
Fruchtbarkeit	2500
Fruchtbarkeits	2500
Fruchtsaftpresserei	2500
Frugalität	2500
Fruktose	2500
Frust	2500
Frustration	2500
Füchse	2500
Fügen	2500
Fügestelle	2500
Fügsamkeit	2500
Fühlbarkeit	2500
Fühler	2500
Fühlerlehre	2500
Fühlungsnahme	2500
Führen	2500
Führer	2500
Führungs	2500
Füll	2500
Fülle	2500
Füllen	2500
Füller	2500
Fünfeck	2500
Fünfer	2500
Fünferreihe	2500
Fünflinge	2500
Fünfprozenthürde	2500
Fünfsitzer	2500
Fünftelsekunde	2500
Fünftklässler	2500
Fünfzeiler	2500
Fünfziger	2500
Fünfzigerjahre	2500
Fünkchen	2500
Fürbitte	2500
Fürsorge	2500
Fürsorgepflicht	2500
Fürsorger	2500
Fürsprache	2500
Fürsprecher	2500
Fürst	2500
Fürsten	2500
Fürstenfeldbruck	2500
Fürstentümer	2500
Fürstentum	2500
Fürth	2500
Fürwörter	2500
Fürwort	2500
Fürze	2500
Füßchen	2500
Füttern	2500
Fuchs	2500
Fuchtel	2500
Fuder	2500
Fug	2500
Fugen	2500
Fugger	2500
Fuhre	2500
Fuhrgeld	2500
Fuhrpark	2500
Fuhrunternehmen	2500
Fuhrunternehmer	2500
Fuji	2500
Fujitsu	2500
Fukushima	2500
Fulda	2500
Fulltimejob	2500
Fummel	2500
Fummelei	2500
Fund	2500
Fundamental	2500
Fundamentalismus	2500
Fundamentalist	2500
Fundbüro	2500
Fundgrube	2500
Fundieren	2500
Fundort	2500
Fundsache	2500
Fundstelle	2500
Fundus	2500
Funk	2500
Funke	2500
Funkenbildung	2500
Funker	2500
Funktion	2500
Funktionär	2500
Funktionalität	2500
Funktionierens	2500
Funktions	2500
Funktionskompatibel	2500
Funktionsplot	2500
Funkton	2500
Furche	2500
Furcht	2500
Furchtlosigkeit	2500
Furie	2500
Furnier	2500
Furore	2500
Furt	2500
Furunkel	2500
Furz	2500
Fuß	2500
Fußabstreicher	2500
Fußabtreter	2500
Fußballbesessene	2500
Fußballeben	2500
Fußballer	2500
Fußballerkrankheit	2500
Fußballnationalelf	2500
Fußgängerampel	2500
Fußgängerübergang	2500
Fußgängerunterführung	2500
Fußgängerzone	2500
Fußstapfen	2500
Fusel	2500
Fusion	2500
Fusions	2500
Futter	2500
Futteral	2500
Futur	2500
Futurologie	2500
GATT	2500
GAU	2500
GB	2500
GBit	2500
GByte	2500
GEMA	2500
GEW	2500
GEZ	2500
GHz	2500
GI	2500
GMT	2500
GPS	2500
GUS	2500
Gähnens	2500
Gämse	2500
Gängelband	2500
Gängelei	2500
Gängeln	2500
Gänger	2500
Gänschen	2500
Gänse	2500
Gänserich	2500
Gänze	2500
Gären	2500
Gärmittel	2500
Gärstoff	2500
Gärtchen	2500
Gärten	2500
Gärtner	2500
Gärtnerei	2500
Gärtnereibesitzer	2500
Gärtnergehilfe	2500
Gärtnerhof	2500
Gärtnerlehrling	2500
Gärungsprozess	2500
Gässchen	2500
Gäste	2500
Gäule	2500
Gabe	2500
Gabel	2500
Gabenliste	2500
Gabentisch	2500
Gabler	2500
Gabriel	2500
Gabun	2500
Gaddafi	2500
Gag	2500
Gagenerhöhung	2500
Gala	2500
Galapagos	2500
Galaxie	2500
Galaxis	2500
Galeere	2500
Galerie	2500
Galgen	2500
Galilei	2500
Galionsfigur	2500
Galizien	2500
Galle	2500
Gallen	2500
Gallien	2500
Gallier	2500
Gallone	2500
Gallonenweise	2500
Galopp	2500
Galvanometer	2500
Gamasche	2500
Gameboy	2500
Gammastrahlen	2500
Gammler	2500
Gandhi	2500
Gang	2500
Gangster	2500
Gangway	2500
Ganove	2500
Gans	2500
Ganzaufnahme	2500
Ganzgewebe	2500
Ganzheit	2500
Ganzheitsbeziehung	2500
Ganzheitsgefühl	2500
Ganzjahresreifen	2500
Ganzkörper	2500
Ganztags	2500
Ganztonschritt	2500
Ganzwortmethode	2500
Ganzzahl	2500
Garage	2500
Garagen	2500
Garant	2500
Garantie	2500
Garaus	2500
Garbe	2500
Garbo	2500
Garching	2500
Garde	2500
Gardeoffizier	2500
Garderobe	2500
Garderoben	2500
Garderobiere	2500
Gardine	2500
Gardinen	2500
Garn	2500
Garnele	2500
Garnherstellung	2500
Garnieren	2500
Garnison	2500
Garnisonskaserne	2500
Garnisonsorten	2500
Garnisonsstadt	2500
Garnisonstadt	2500
Garnitur	2500
Garnpreis	2500
Garten	2500
Gas	2500
Gasometer	2500
Gasse	2500
Gassenjargon	2500
Gassi	2500
Gast	2500
Gastritis	2500
Gastronom	2500
Gastronomie	2500
Gastwirtseheleute	2500
Gateleitung	2500
Gateway	2500
Gatte	2500
Gattenmörder	2500
Gatter	2500
Gattung	2500
Gattungs	2500
Gaucho	2500
Gauda	2500
Gaudeamus	2500
Gaukelbild	2500
Gaukelei	2500
Gaukelspiel	2500
Gaukler	2500
Gaul	2500
Gauleiter	2500
Gaulle	2500
Gaullist	2500
Gaumeister	2500
Gaumen	2500
Gauner	2500
Gaunerei	2500
Gaunersprache	2500
Gazastreifen	2500
Gaze	2500
Gazelle	2500
Gazeschleier	2500
Gazette	2500
Gazevorhang	2500
Gazprom	2500
GbR	2500
Geäst	2500
Gebäck	2500
Gebälk	2500
Gebär	2500
Gebärde	2500
Gebein	2500
Gebell	2500
Geben	2500
Geber	2500
Gebet	2500
Gebets	2500
Gebiet	2500
Gebieter	2500
Gebiets	2500
Gebilde	2500
Gebimmel	2500
Gebinde	2500
Gebirge	2500
Gebirgs	2500
Gebirgskämme	2500
Gebiss	2500
Gebläse	2500
Geborgenheit	2500
Gebot	2500
Gebotsschild	2500
Gebräu	2500
Gebräuche	2500
Gebrauch	2500
Gebrauchs	2500
Gebraucht	2500
Gebrechen	2500
Gebrechlichkeit	2500
Gebrüder	2500
Gebrüll	2500
Gebrumm	2500
Gebühr	2500
Gebühren	2500
Gebüsch	2500
Gebundenheit	2500
Geburt	2500
Geburten	2500
Geburts	2500
Geburtstags	2500
Geburtstagsmorgen	2500
Geck	2500
Gecko	2500
Gedächtnis	2500
Gedanke	2500
Gedanken	2500
Gedeck	2500
Gedeih	2500
Gedenk	2500
Gedenken	2500
Gedenkstädte	2500
Gedicht	2500
Gedichtsammlung	2500
Gedichtzyklus	2500
Gediegenheit	2500
Gedöns	2500
Gedränge	2500
Gedröhn	2500
Geduld	2500
Gedulds	2500
Geduldspiel	2500
Gefährden	2500
Gefährder	2500
Gefährdungs	2500
Gefährlichkeit	2500
Gefährt	2500
Gefährte	2500
Gefälle	2500
Gefälligkeit	2500
Gefälligkeitsgutachten	2500
Gefälligkeitskredit	2500
Gefängnis	2500
Gefäß	2500
Gefahr	2500
Gefahren	2500
Gefahrenstoff	2500
Gefahrlosigkeit	2500
Gefahrstoff	2500
Gefallen	2500
Gefallenenehrung	2500
Gefallenenfriedhöfe	2500
Gefallsucht	2500
Gefangene	2500
Gefangenen	2500
Gefangenhalten	2500
Gefangennahme	2500
Gefangenschaft	2500
Gefasel	2500
Gefecht	2500
Gefechts	2500
Gefieder	2500
Gefilde	2500
Geflecht	2500
Geflügel	2500
Geflüster	2500
Geflunker	2500
Gefolge	2500
Gefolgschaft	2500
Gefolgsmann	2500
Gefräßigkeit	2500
Gefreitenbeförderung	2500
Gefrickel	2500
Gefrier	2500
Gefüge	2500
Gefühl	2500
Gefühllosigkeit	2500
Gefühls	2500
Gefühlsduselei	2500
Gegebenheit	2500
Gegenanklage	2500
Gegend	2500
Gegeneinanderwirken	2500
Gegensätzlichkeit	2500
Gegenseitigkeit	2500
Gegenständlichkeit	2500
Gegenstandsbereich	2500
Gegenübers	2500
Gegenwarts	2500
Gegner	2500
Gegnerschaft	2500
Gegrübel	2500
Gehälter	2500
Gehässigkeit	2500
Gehäuse	2500
Gehabe	2500
Gehalt	2500
Gehaltlosigkeit	2500
Gehalts	2500
Gehampel	2500
Gehege	2500
Geheim	2500
Geheimdienstler	2500
Geheimnis	2500
Geheimniskrämerei	2500
Geheimnistuerei	2500
Geheimtuerei	2500
Geheimverstecken	2500
Geheiß	2500
Gehemmtheit	2500
Geheul	2500
Gehhilfe	2500
Gehilfe	2500
Gehilfenbrief	2500
Gehirn	2500
Gehöft	2500
Gehölz	2500
Gehör	2500
Gehorsam	2500
Gehorsamkeit	2500
Gehsteig	2500
Gehupe	2500
Gehversuch	2500
Gehweg	2500
Geier	2500
Geifer	2500
Geige	2500
Geigen	2500
Geigenbauer	2500
Geiger	2500
Geigerzähler	2500
Geilheit	2500
Geiß	2500
Geißblätter	2500
Geißblatt	2500
Geißböcke	2500
Geißbock	2500
Geißeln	2500
Geisel	2500
Geiseldrama	2500
Geiseldramen	2500
Geiselerschießung	2500
Geiselnahme	2500
Geiselnehmer	2500
Geiser	2500
Geisha	2500
Geist	2500
Geister	2500
Geistes	2500
Geistigkeit	2500
Geistlichkeit	2500
Geistlosigkeit	2500
Geiz	2500
Geizhälse	2500
Geizhals	2500
Geizkragen	2500
Gejammer	2500
Gejohle	2500
Gekeife	2500
Gekeuche	2500
Gekicher	2500
Gekläff	2500
Geklatsche	2500
Geklimper	2500
Geklirr	2500
Geknatter	2500
Geknister	2500
Gekreisch	2500
Gekritzel	2500
Gekröse	2500
Gel	2500
Gelächter	2500
Gelände	2500
Geländer	2500
Geläufigkeit	2500
Geläut	2500
Gelaber	2500
Gelage	2500
Gelass	2500
Gelassenheit	2500
Gelatine	2500
Gelaufe	2500
Gelbschnäbel	2500
Gelbschnabel	2500
Gelbstich	2500
Gelbsucht	2500
Geld	2500
Geldheirat	2500
Geldsüchtigkeit	2500
Geldverschieber	2500
Gelee	2500
Gelegenheit	2500
Gelegenheits	2500
Gelehrigkeit	2500
Gelehrsamkeit	2500
Gelehrte	2500
Gelehrten	2500
Geleis	2500
Geleit	2500
Gelenk	2500
Gelenkigkeit	2500
Gelenkrheumatismus	2500
Gelichter	2500
Gelöbnis	2500
Gelsenkirchen	2500
Gelten	2500
Geltendmachen	2500
Geltungs	2500
Gelübde	2500
Gelüste	2500
Gelump	2500
Gemächer	2500
Gemächlichkeit	2500
Gemälde	2500
Gemäuer	2500
Gemach	2500
Gemahl	2500
Gemarkung	2500
Gemeinde	2500
Gemeingefühl	2500
Gemeingüter	2500
Gemeingut	2500
Gemeinheit	2500
Gemeinkosten	2500
Gemeinnützigkeit	2500
Gemeinnutz	2500
Gemeinsamkeit	2500
Gemeinschaft	2500
Gemeinschafts	2500
Gemeinschuldner	2500
Gemeinwesen	2500
Gemeinwohl	2500
Gemenge	2500
Gemengelage	2500
Gemetzel	2500
Gemisch	2500
Gemischtwarengeschäft	2500
Gemischtwarenhandlung	2500
Gemüse	2500
Gemüt	2500
Gemütlichkeit	2500
Gemüts	2500
Gemunkel	2500
Gemurmel	2500
Gen	2500
Genauigkeit	2500
Genauigkeitsgrad	2500
Genauigkeitsklasse	2500
Gendarm	2500
Gendarmenmarkt	2500
Gendarmerie	2500
Genehmigen	2500
Genehmigungs	2500
Generäle	2500
Genera	2500
General	2500
Generalbevollmächtigte	2500
Generalgouvernement	2500
Generalisierung	2500
Generalissimus	2500
Generalität	2500
Generaloberst	2500
Generalresident	2500
Generalsmarsch	2500
Generalsrang	2500
Generalsstab	2500
Generation	2500
Generationenfrage	2500
Generationenkonflikt	2500
Generationenvertrag	2500
Generations	2500
Generator	2500
Generatorenanlage	2500
Generieren	2500
Generierungsprozess	2500
Genesen	2500
Genesungs	2500
Genethik	2500
Genetik	2500
Genetiker	2500
Genf	2500
Genfer	2500
Genialität	2500
Genick	2500
Genickbruch	2500
Genickschlag	2500
Genickschuss	2500
Genie	2500
Genieblitz	2500
Genießer	2500
Genital	2500
Genitalien	2500
Genitiv	2500
Genitivform	2500
Genius	2500
Genom	2500
Genosse	2500
Genossenschaft	2500
Genossenschafts	2500
Genozid	2500
Genre	2500
Genreszene	2500
Genrezeichnung	2500
Genscher	2500
Gentleman	2500
Genügsamkeit	2500
Genua	2500
Genugtuung	2500
Genus	2500
Genuss	2500
Geodäsie	2500
Geograf	2500
Geografie	2500
Geograph	2500
Geographie	2500
Geoinformatik	2500
Geologe	2500
Geologenhammer	2500
Geologenkongress	2500
Geologie	2500
Geometer	2500
Geometrie	2500
Geomorphologie	2500
Georg	2500
Georgien	2500
Gepäck	2500
Gepflogenheit	2500
Geplänkel	2500
Geplärr	2500
Geplätscher	2500
Geplapper	2500
Geplauder	2500
Gepolter	2500
Gepräge	2500
Gequengel	2500
Gequengle	2500
Gerät	2500
Geräte	2500
Gerätschaften	2500
Geräumigkeit	2500
Geräusch	2500
Geradlinigkeit	2500
Geraffel	2500
Gerangel	2500
Geranie	2500
Geranienbeet	2500
Geranienkasten	2500
Gerassel	2500
Geratewohl	2500
Gerberdaten	2500
Gerberei	2500
Gerbmittel	2500
Gerd	2500
Gerda	2500
Gerechtigkeit	2500
Gerechtigkeits	2500
Gerede	2500
Gereiztheit	2500
Gerhard	2500
Gerhardt	2500
Geriatrie	2500
Gericht	2500
Gerichts	2500
Gerichtsbarkeit	2500
Gerichtsstand	2500
Gerichtsummen	2500
Geriesel	2500
Geringfügigkeit	2500
Geringschätzung	2500
Geringverdiener	2500
Gerinnen	2500
Gerinnsel	2500
Gerinnungs	2500
Gerippe	2500
Gerissenheit	2500
Germane	2500
Germanenstämme	2500
Germanenstamm	2500
Germanien	2500
Germanienpolitik	2500
Germanist	2500
Germanistenkongress	2500
Germanistik	2500
Germanium	2500
Gernegroß	2500
Geröll	2500
Gerontologie	2500
Gerste	2500
Gersten	2500
Gerte	2500
Gerüche	2500
Gerücht	2500
Gerüchteküche	2500
Gerülpse	2500
Gerümpel	2500
Gerüst	2500
Geruch	2500
Geruchlosigkeit	2500
Geruchs	2500
Gerundium	2500
Gesäß	2500
Gesäusel	2500
Gesamt	2500
Gesamtheit	2500
Gesandtschaft	2500
Gesang	2500
Gesangbuchsverse	2500
Gesangs	2500
Geschäft	2500
Geschäftemacher	2500
Geschäftigkeit	2500
Geschäftigkeitsdrang	2500
Geschäfts	2500
Geschäftsanteil	2500
Geschäftsgebaren	2500
Geschäftsunterlagen	2500
Geschehen	2500
Geschehnis	2500
Gescheitsein	2500
Geschenk	2500
Geschichte	2500
Geschichtenbaum	2500
Geschichtenerzähler	2500
Geschichtensammler	2500
Geschichts	2500
Geschick	2500
Geschicklichkeit	2500
Geschirr	2500
Geschirrspüler	2500
Geschlecht	2500
Geschlechter	2500
Geschlechts	2500
Geschlossenheit	2500
Geschmäcker	2500
Geschmäckle	2500
Geschmack	2500
Geschmacklosigkeit	2500
Geschmacks	2500
Geschmeide	2500
Geschmeidigkeit	2500
Geschmier	2500
Geschmunzel	2500
Geschnatter	2500
Geschnörkel	2500
Geschöpf	2500
Geschoss	2500
Geschrei	2500
Geschreibsel	2500
Geschütz	2500
Geschützfeuer	2500
Geschwätz	2500
Geschwätzigkeit	2500
Geschwader	2500
Geschwafel	2500
Geschwindigkeit	2500
Geschwindigkeits	2500
Geschwindigkeitsübertretungsverfahren	2500
Geschwister	2500
Geschwisterkarten	2500
Geschwisterlichkeit	2500
Geschworenenentscheidung	2500
Geschworenengericht	2500
Geschwülste	2500
Geschwür	2500
Geschwulst	2500
Geselchte	2500
Geselle	2500
Gesellenbrief	2500
Gesellenprüfung	2500
Gesellenstück	2500
Gesellenzeit	2500
Geselligkeit	2500
Gesellschaft	2500
Gesellschafter	2500
Gesellschafterversammlung	2500
Gesellschafts	2500
Gesellschaftsteuererklärung	2500
Gesetz	2500
Gesetzbücher	2500
Gesetzbuch	2500
Gesetzentwürfe	2500
Gesetzentwurf	2500
Gesetzes	2500
Gesetzesvorlage	2500
Gesetzgeber	2500
Gesetzgebung	2500
Gesetzgebungs	2500
Gesetzlichkeit	2500
Gesetzlosigkeit	2500
Gesetzmäßigkeit	2500
Gesetzwidrigkeit	2500
Gesicht	2500
Gesichts	2500
Gesimse	2500
Gesinde	2500
Gesindel	2500
Gesinnung	2500
Gesinnungs	2500
Gesittung	2500
Gesöff	2500
Gespann	2500
Gespenst	2500
Gespenster	2500
Gespielin	2500
Gespinst	2500
Gespött	2500
Gespräch	2500
Gesprächigkeit	2500
Gesprächs	2500
Gespür	2500
Geständnis	2500
Gestänge	2500
Gestängeschale	2500
Gestade	2500
Gestalt	2500
Gestalten	2500
Gestalter	2500
Gestaltungs	2500
Gestammel	2500
Gestank	2500
Gestapo	2500
Gestapokommando	2500
Gestatten	2500
Geste	2500
Gestein	2500
Gesteins	2500
Gestell	2500
Gestelleinheit	2500
Gestelltsein	2500
Gestik	2500
Gestirn	2500
Gestöber	2500
Gestöhn	2500
Gestose	2500
Gesträuch	2500
Gestrüpp	2500
Gestühl	2500
Gestüt	2500
Gesuch	2500
Gesundbrunnen	2500
Gesundheit	2500
Gesundheits	2500
Gesundschrumpfung	2500
Getöse	2500
Getränk	2500
Getränke	2500
Getratsch	2500
Getreide	2500
Getrenntheit	2500
Getrenntschreibung	2500
Getriebe	2500
Getrippel	2500
Getto	2500
Gettobildung	2500
Gettoisierung	2500
Getümmel	2500
Getue	2500
Gewächs	2500
Gewächsanlage	2500
Gewächshaus	2500
Gewähr	2500
Gewähren	2500
Gewänder	2500
Gewässer	2500
Gewässerschutz	2500
Gewackel	2500
Gewahrsam	2500
Gewalt	2500
Gewaltenteilung	2500
Gewand	2500
Gewandtheit	2500
Gewebe	2500
Gewehr	2500
Gewehrleistung	2500
Geweih	2500
Gewerbe	2500
Gewerk	2500
Gewerkschaft	2500
Gewerkschafter	2500
Gewerkschaftler	2500
Gewerkschafts	2500
Gewichten	2500
Gewichtheber	2500
Gewichtigkeit	2500
Gewichts	2500
Gewimmel	2500
Gewinde	2500
Gewinn	2500
Gewinnberechtigten	2500
Gewinnen	2500
Gewinner	2500
Gewinnerzielungsgründen	2500
Gewinnerzielungsmotiv	2500
Gewinnerzielungstrieb	2500
Gewinnmitnahme	2500
Gewinnungs	2500
Gewinsel	2500
Gewirr	2500
Gewissen	2500
Gewissenlosigkeit	2500
Gewissens	2500
Gewissheit	2500
Gewitter	2500
Gewöhnen	2500
Gewöhnlichkeit	2500
Gewölbe	2500
Gewölk	2500
Gewohnheit	2500
Gewohnheits	2500
Gewühl	2500
Gewürz	2500
Geysir	2500
Gezänk	2500
Gezappel	2500
Gezeiten	2500
Gezeitenstrom	2500
Gezeitenunterschied	2500
Gezerre	2500
Gezeter	2500
Gezirp	2500
Gezwungenheit	2500
Ghana	2500
Ghanaer	2500
Ghetto	2500
Ghettobildung	2500
Ghettoisierung	2500
Ghostwriter	2500
GiB	2500
Gibraltar	2500
Gicht	2500
Giebel	2500
Giebelwand	2500
Gier	2500
Gierwinkel	2500
Gieß	2500
Gießen	2500
Gießer	2500
Gießerei	2500
Gift	2500
Gigabyte	2500
Gigant	2500
Gigawatt	2500
Gigolo	2500
Gilde	2500
Gildenplatz	2500
Gina	2500
Ginkgo	2500
Ginko	2500
Gipfel	2500
Gips	2500
Gipser	2500
Giraffe	2500
Girlande	2500
Giro	2500
Girokonten	2500
Girokonto	2500
Gironde	2500
Gisela	2500
Gitarre	2500
Gitarren	2500
Gitarrist	2500
Gitter	2500
Gitterstruktur	2500
Gizeh	2500
Gläschen	2500
Gläser	2500
Glätten	2500
Glättungsmechanismus	2500
Gläubiger	2500
Gläubigkeit	2500
Glaceehandschuh	2500
Glacéhandschuh	2500
Gladiator	2500
Glamour	2500
Glanz	2500
Glas	2500
Glaser	2500
Glasfiberleitung	2500
Glasgow	2500
Glasmenagerie	2500
Glasnost	2500
Glasur	2500
Glatteis	2500
Glatteisbildung	2500
Glatteisgefahr	2500
Glattstellen	2500
Glatze	2500
Glaube	2500
Glauben	2500
Glaubens	2500
Glaubhaftigkeit	2500
Glaubwürdigkeit	2500
Glaubwürdigkeits	2500
Gleichen	2500
Gleichheit	2500
Gleichheits	2500
Gleichmacherei	2500
Gleichmachung	2500
Gleichnis	2500
Gleichungssystem	2500
Gleichwertigkeit	2500
Gleichzeitigkeit	2500
Gleit	2500
Gleiter	2500
Gleitkommazahl	2500
Gletscher	2500
Glied	2500
Glieder	2500
Gliederfüßler	2500
Gliederkette	2500
Gliederns	2500
Gliederpuppe	2500
Gliederungs	2500
Gliedmaße	2500
Gliedstaat	2500
Glimm	2500
Glimmer	2500
Glitzer	2500
Glöckchen	2500
Glöckner	2500
Global	2500
Globalisieren	2500
Globalisierungs	2500
Globetrotter	2500
Globuli	2500
Globus	2500
Glocke	2500
Glocken	2500
Glockenspitz	2500
Gloria	2500
Glorienschein	2500
Glossar	2500
Glosse	2500
Glotzkiste	2500
Glück	2500
Glückauf	2500
Glücklichsein	2500
Glücks	2500
Glücksache	2500
Glückseligkeit	2500
Glückswunsch	2500
Glückwünsche	2500
Glückwunsch	2500
Glüh	2500
Glut	2500
Glutamat	2500
Glutaminsäure	2500
Gluthitze	2500
Glykol	2500
Glyzerin	2500
GmbH	2500
Gnade	2500
Gnadenakt	2500
Gnadenbrot	2500
Gnadenfrist	2500
Gnadengesuch	2500
Gnadenschuss	2500
Gnom	2500
Gnosis	2500
Gnu	2500
Gödel	2500
Gödelisierung	2500
Gönner	2500
Gönnerschaft	2500
Gönnertum	2500
Göre	2500
Göring	2500
Görlitz	2500
Göteborg	2500
Göteborger	2500
Götter	2500
Götterspeise	2500
Göttin	2500
Göttingen	2500
Göttinger	2500
Götze	2500
Götzen	2500
Gockel	2500
Godesberg	2500
Godesberger	2500
Goethe	2500
Goethepreis	2500
Gold	2500
Golda	2500
Goldbonds	2500
Goldgläubige	2500
Goldgräberstimmung	2500
Goldmünzenkategorien	2500
Goldschnallen	2500
Golf	2500
Golfer	2500
Golgatha	2500
Gomorrha	2500
Gomulka	2500
Gondel	2500
Gondelhandel	2500
Gondwanaland	2500
Gong	2500
Google	2500
Gorbatschow	2500
Gorgonzola	2500
Gorilla	2500
Gorki	2500
Goslar	2500
Gosse	2500
Gote	2500
Gotha	2500
Gotik	2500
Gotland	2500
Gott	2500
Gottbekenntnis	2500
Gottes	2500
Gottfried	2500
Gotthard	2500
Gottheit	2500
Gotthelf	2500
Gottlosigkeit	2500
Gottvertrauen	2500
Gouda	2500
Gouvernante	2500
Gouverneur	2500
Gouverneursamt	2500
Gouverneurspalast	2500
Goya	2500
Gräben	2500
Gräber	2500
Gräberfriedhof	2500
Gräfin	2500
Gräser	2500
Gräte	2500
Gräuel	2500
Gräuelmärchen	2500
Gräuelmeldung	2500
Gräueltat	2500
Grab	2500
Graben	2500
Grabenräumlöffel	2500
Grabeskirche	2500
Grabesstille	2500
Grabmahl	2500
Grabmal	2500
Grabungsbericht	2500
Grace	2500
Gracht	2500
Gracia	2500
Grad	2500
Gradeinteilung	2500
Gradient	2500
Gradmesser	2500
Graf	2500
Graffiti	2500
Grafik	2500
Grafiker	2500
Grafikprozessor	2500
Grafit	2500
Grafologe	2500
Grafschaft	2500
Gral	2500
Gralsritter	2500
Gramm	2500
Grammatik	2500
Grammgewicht	2500
Grammophon	2500
Grammophonplatte	2500
Granat	2500
Granit	2500
Granularität	2500
Granulat	2500
Granulieren	2500
Graph	2500
Graphensprache	2500
Graphentheorie	2500
Graphersetzungssystem	2500
Graphik	2500
Graphikanzeige	2500
Graphikbildschirm	2500
Graphikdarstellung	2500
Graphikdisplay	2500
Graphiker	2500
Graphikfeld	2500
Graphikinterface	2500
Graphikkoordinaten	2500
Graphikprozessor	2500
Graphiktablett	2500
Graphikterminal	2500
Graphikzeile	2500
Graphit	2500
Graphologe	2500
Graphologie	2500
Gras	2500
Grasplacken	2500
Grat	2500
Gratifikation	2500
Gratisaktie	2500
Gratisexemplar	2500
Gratishilfe	2500
Gratislieferung	2500
Gratismuster	2500
Gratisprospekt	2500
Gratisreport	2500
Gratulant	2500
Gratulation	2500
Gratulationsempfang	2500
Gratwanderung	2500
Graubrot	2500
Graupe	2500
Graus	2500
Grausamkeit	2500
Grautier	2500
Grautöne	2500
Grauzone	2500
Graveur	2500
Gravieren	2500
Gravitation	2500
Gravitations	2500
Gravur	2500
Graz	2500
Grazie	2500
Greenhorn	2500
Greenpeace	2500
Greenwich	2500
Gregor	2500
Greif	2500
Greifer	2500
Greis	2500
Greisenalter	2500
Gremien	2500
Gremium	2500
Grenada	2500
Grenoble	2500
Grenz	2500
Grenze	2500
Grenzer	2500
Grenzpfähle	2500
Gretchen	2500
Gretchenfrage	2500
Grete	2500
Grieche	2500
Griechenland	2500
Griechenlandreise	2500
Grieß	2500
Grießbrei	2500
Griesgram	2500
Griff	2500
Griffel	2500
Grill	2500
Grillengezirp	2500
Grimasse	2500
Grimm	2500
Grippe	2500
Grips	2500
Grislibär	2500
Grizzlybär	2500
Grölerei	2500
Grönländer	2500
Grönland	2500
Größe	2500
Größen	2500
Grob	2500
Grobheit	2500
Grobian	2500
Grobschlächtigkeit	2500
Grog	2500
Groll	2500
Gromyko	2500
Gros	2500
Großbritannien	2500
Großherzigkeit	2500
Großmannssucht	2500
Großreinemachen	2500
Großwesir	2500
Groschen	2500
Groschenheft	2500
Grosny	2500
Grossist	2500
Grossistenverband	2500
Grotte	2500
Grübchen	2500
Grübelei	2500
Grün	2500
Gründe	2500
Gründen	2500
Gründer	2500
Gründlichkeit	2500
Gründungs	2500
Grube	2500
Gruben	2500
Grubenlokführer	2500
Gruft	2500
Grund	2500
Grundbesitzerverein	2500
Grundgesetzänderung	2500
Grundgesetzergänzung	2500
Grundierung	2500
Grundkapitalien	2500
Grundsätzlichkeit	2500
Grundstücks	2500
Grundterm	2500
Grunewald	2500
Grunge	2500
Gruppe	2500
Gruppen	2500
Gruppenidentifikation	2500
Gruppieren	2500
Gruß	2500
Grusel	2500
Gst	2500
Gültigkeit	2500
Gültigkeits	2500
Günstling	2500
Günter	2500
Günther	2500
Gürtel	2500
Güte	2500
Güter	2500
Gütersloh	2500
Guantanamo	2500
Guatemala	2500
Guatemalteke	2500
Guayana	2500
Guck	2500
Gucken	2500
Guerilla	2500
Guerillero	2500
Guggenheim	2500
Guido	2500
Guillaume	2500
Guillotine	2500
Guinea	2500
Guinness	2500
Gulag	2500
Gulasch	2500
Gulaschkanone	2500
Gulaschsuppe	2500
Gulden	2500
Gully	2500
Gullydeckel	2500
Gummersbach	2500
Gummi	2500
Gummierungsschicht	2500
Gummitüllen	2500
Gunst	2500
Gunther	2500
Gurgel	2500
Gurgelwasser	2500
Gurke	2500
Gurken	2500
Gurt	2500
Guru	2500
Guss	2500
Gusto	2500
Gutachten	2500
Gutachter	2500
Gutachterkommission	2500
Gutartigkeit	2500
Gutdünken	2500
Gutenberg	2500
Guthaben	2500
Guthabensalden	2500
Gutmensch	2500
Gutmütigkeit	2500
Guts	2500
Gutschein	2500
Gutschrift	2500
Gutsschein	2500
Gutteil	2500
Gutwilligkeit	2500
Gymnasiallehrer	2500
Gymnasialprofessor	2500
Gymnasialschulzeit	2500
Gymnasiast	2500
Gymnasiasten	2500
Gymnasien	2500
Gymnasium	2500
Gymnastik	2500
Gynäkologe	2500
Gynäkologie	2500
Gysi	2500
HIV	2500
HP	2500
HPs	2500
HTML	2500
Häfen	2500
Häftling	2500
Hähne	2500
Häkchen	2500
Hälfte	2500
Hälse	2500
Hämatom	2500
Häme	2500
Hämmer	2500
Hämoglobin	2500
Hämophilie	2500
Hämorrhoide	2500
Hämorride	2500
Hände	2500
Händedrücke	2500
Händedruck	2500
Händel	2500
Händeschütteln	2500
Händler	2500
Hänfling	2500
Hängen	2500
Hängenbleiben	2500
Hänger	2500
Hänschen	2500
Häppchen	2500
Härchen	2500
Härte	2500
Härtefall	2500
Härten	2500
Härterei	2500
Häscher	2500
Hässlichkeit	2500
Häubchen	2500
Häufchen	2500
Häufen	2500
Häufigkeit	2500
Häufigkeits	2500
Häuflein	2500
Häupter	2500
Häuptling	2500
Häuschen	2500
Häuser	2500
Häuslichkeit	2500
Häute	2500
Häuten	2500
Haag	2500
Haar	2500
Haaresbreite	2500
Haarkrause	2500
Haarwuchsmittel	2500
Hab	2500
Habakuk	2500
Habenichts	2500
Habenseite	2500
Habenzins	2500
Habenzinssätze	2500
Habgier	2500
Habicht	2500
Habilitand	2500
Habilitation	2500
Habilitationsrecht	2500
Habitus	2500
Habsburg	2500
Habsburger	2500
Habseligkeit	2500
Habsucht	2500
Hachse	2500
Hack	2500
Hacker	2500
Hackerangriff	2500
Hackerattacke	2500
Hackergruppe	2500
Hackerkonferenz	2500
Hackerkreise	2500
Hackerversuche	2500
Hackfleisch	2500
Hacktivist	2500
Hades	2500
Hadrianwall	2500
Hafen	2500
Hafer	2500
Haft	2500
Haftpflicht	2500
Haftungs	2500
Hagebutte	2500
Hagel	2500
Hagen	2500
Hahn	2500
Hahnenfuß	2500
Hahnenkamm	2500
Hahnenschrei	2500
Hai	2500
Haider	2500
Haifa	2500
Haifisch	2500
Haifischbecken	2500
Hain	2500
Hainbuche	2500
Haiti	2500
Haitianer	2500
Haken	2500
Halb	2500
Halbdot	2500
Halbdottechnik	2500
Halbfinale	2500
Halbheit	2500
Halbieren	2500
Halbintellektueller	2500
Halbmond	2500
Halbtagsarbeit	2500
Halbtagskraft	2500
Halbweise	2500
Halbwertszeit	2500
Halde	2500
Halfter	2500
Hall	2500
Halleluja	2500
Hallen	2500
Hallenvolleyball	2500
Halley	2500
Hallig	2500
Halloween	2500
Halluzination	2500
Halluzinogen	2500
Halm	2500
Halogen	2500
Hals	2500
Halskrause	2500
Halt	2500
Haltbarkeit	2500
Haltbarkeits	2500
Halte	2500
Halten	2500
Halter	2500
Halterung	2500
Halterungs	2500
Haltlosigkeit	2500
Haltungs	2500
Haltzeichen	2500
Halunke	2500
Hamas	2500
Hamburg	2500
Hamburger	2500
Hamed	2500
Hamlet	2500
Hammel	2500
Hammelfleisch	2500
Hammer	2500
Hammondorgel	2500
Hampelmänner	2500
Hampelmann	2500
Hampshire	2500
Hampton	2500
Hamster	2500
Hamsterkäufe	2500
Hanau	2500
Hand	2500
Handballer	2500
Handel	2500
Handeln	2500
Handels	2500
Handelsdelegierter	2500
Handfeger	2500
Handgreiflichkeit	2500
Handhabbarkeit	2500
Handhaben	2500
Handicap	2500
Handikap	2500
Handlanger	2500
Handlungs	2500
Handschelle	2500
Handschriftenkunde	2500
Handshake	2500
Handtand	2500
Handwerker	2500
Handy	2500
Hanf	2500
Hangar	2500
Haniel	2500
Hanne	2500
Hannelore	2500
Hannover	2500
Hannoveraner	2500
Hannovermesse	2500
Hanoi	2500
Hans	2500
Hansdampf	2500
Hanse	2500
Hanseat	2500
Hansestädte	2500
Hansestadt	2500
Hanswurst	2500
Hantel	2500
Happyend	2500
Harakiri	2500
Harald	2500
Harburger	2500
Hardcopy	2500
Hardcore	2500
Hardcover	2500
Harddisk	2500
Harddiskbetrieb	2500
Hardrock	2500
Hardware	2500
Hardwarehandshake	2500
Harem	2500
Haremsdame	2500
Harfe	2500
Harlekin	2500
Harlem	2500
Harmlosigkeit	2500
Harmonie	2500
Harmonisieren	2500
Harmonium	2500
Harn	2500
Harnwegsinfektion	2500
Harold	2500
Harpune	2500
Harpunier	2500
Harro	2500
Harry	2500
Hart	2500
Hartmut	2500
Hartnäckigkeit	2500
Harvard	2500
Harvey	2500
Harz	2500
Hasardeur	2500
Haschisch	2500
Hase	2500
Hasel	2500
Hasen	2500
Hasenscharte	2500
Haskell	2500
Hass	2500
Hastings	2500
Haube	2500
Haubitze	2500
Hauch	2500
Hauer	2500
Hauerei	2500
Haufen	2500
Haufenbildung	2500
Hauff	2500
Hauklotz	2500
Haupt	2500
Hauptangeklagte	2500
Hauptaugenmerk	2500
Hauptausrede	2500
Haupteslänge	2500
Hauptgefreiten	2500
Hauptleidtragende	2500
Hauptprozessor	2500
Hauptsacheverfahren	2500
Hauptschuldige	2500
Hauptschuldiger	2500
Hauptwachtmeister	2500
Hauptwettbewerb	2500
Hauruck	2500
Hauruckverfahren	2500
Hausart	2500
Hausbesetzerszene	2500
Haushälter	2500
Haushalts	2500
Haushaltsmanko	2500
Hausierer	2500
Hausmannskost	2500
Hausratversicherung	2500
Hausse	2500
Haussezeit	2500
Haussier	2500
Haut	2500
Hautausschlag	2500
Hautschule	2500
Havanna	2500
Havarie	2500
Havarist	2500
Havel	2500
Hawaii	2500
Hawaiianer	2500
Haydn	2500
Hd	2500
He	2500
Header	2500
Headhunter	2500
Heavymetal	2500
Hebamme	2500
Hebammenkoffer	2500
Hebebühne	2500
Hebel	2500
Heben	2500
Heber	2500
Hebewerk	2500
Hebewerkzeug	2500
Hebräer	2500
Hebriden	2500
Hebron	2500
Hecht	2500
Hechtsprung	2500
Heck	2500
Hecken	2500
Hecklautsprecher	2500
Hecktick	2500
Hedda	2500
Hedwig	2500
Hedy	2500
Heer	2500
Heeres	2500
Heerschar	2500
Heerschau	2500
Hefe	2500
Heft	2500
Heften	2500
Heftigkeit	2500
Hegel	2500
Hegemonialmacht	2500
Hegemonie	2500
Hehl	2500
Hehler	2500
Hehlerei	2500
Heide	2500
Heideblüte	2500
Heideblume	2500
Heidekraut	2500
Heidekrug	2500
Heideland	2500
Heidelandschaft	2500
Heidelbeere	2500
Heidelberg	2500
Heidelberger	2500
Heidelinde	2500
Heidenängste	2500
Heidenangst	2500
Heidengeld	2500
Heidengötter	2500
Heidenspaß	2500
Heidentum	2500
Heidepastor	2500
Heidi	2500
Heike	2500
Heiko	2500
Heil	2500
Heiland	2500
Heilbarkeit	2500
Heilbronn	2500
Heilbutt	2500
Heilen	2500
Heiler	2500
Heiligabend	2500
Heiligen	2500
Heiligenbild	2500
Heiligenblut	2500
Heiligenfigur	2500
Heiligenschein	2500
Heiligkeit	2500
Heiligtümer	2500
Heiligtum	2500
Heilmedikus	2500
Heilpraktikergesetz	2500
Heilsarmee	2500
Heilsarmeemädchen	2500
Heilsfront	2500
Heilsgeschichte	2500
Heilslehre	2500
Heilsplan	2500
Heilungs	2500
Heim	2500
Heimat	2500
Heimkehr	2500
Heimkehrer	2500
Heimlichkeit	2500
Heimlichtuerei	2500
Heimweh	2500
Heine	2500
Heino	2500
Heinrich	2500
Heinz	2500
Heinzelmännchen	2500
Heirat	2500
Heirats	2500
Heiß	2500
Heisenberg	2500
Heiserkeit	2500
Heiterkeit	2500
Heiz	2500
Heizen	2500
Heizer	2500
Heizungs	2500
Hektar	2500
Hektarertrag	2500
Hektik	2500
Hektoliter	2500
Held	2500
Helden	2500
Heldentum	2500
Helene	2500
Helfer	2500
Helferinnenbrief	2500
Helfershelfer	2500
Helga	2500
Helgoland	2500
Helikopter	2500
Helium	2500
Hellene	2500
Hellenisierung	2500
Hellenismus	2500
Hellespont	2500
Hellhörigkeit	2500
Helligkeit	2500
Helligkeits	2500
Helling	2500
Hellseher	2500
Hellseherei	2500
Hellsichtigkeit	2500
Helm	2500
Helmpflicht	2500
Helmut	2500
Helot	2500
Helsinki	2500
Helvetismen	2500
Helvetismus	2500
Hemd	2500
Hemdenstoff	2500
Hemdsärmel	2500
Hemdsärmeligkeit	2500
Hemingway	2500
Hemmen	2500
Hemmnis	2500
Hemmschuh	2500
Hemmschwelle	2500
Hengst	2500
Henkel	2500
Henker	2500
Henkersmahlzeit	2500
Henne	2500
Henning	2500
Henry	2500
Hepatitis	2500
Hera	2500
Herablassen	2500
Herabsetzung	2500
Herabstufen	2500
Herabwürdigen	2500
Herakles	2500
Heraklit	2500
Heranführen	2500
Herangehensweise	2500
Heranziehen	2500
Herausarbeiten	2500
Herausbilden	2500
Herausforderer	2500
Herausforderung	2500
Herausgabe	2500
Herausgeber	2500
Herbarien	2500
Herbarium	2500
Herberge	2500
Herbergs	2500
Herbert	2500
Herbizid	2500
Herbrand	2500
Herbst	2500
Herd	2500
Herdentier	2500
Herdentrieb	2500
Herdplatte	2500
Herdstelle	2500
Hereinfall	2500
Hereinnahme	2500
Herfahrt	2500
Hergabe	2500
Hergang	2500
Heribert	2500
Hering	2500
Herkles	2500
Herkünfte	2500
Herkunft	2500
Herkunfts	2500
Herleitbarkeit	2500
Herleiten	2500
Hermann	2500
Hermaphrodit	2500
Hermelin	2500
Hermes	2500
Herodes	2500
Herodot	2500
Heroin	2500
Herold	2500
Herren	2500
Herrgott	2500
Herrjemine	2500
Herrlichkeit	2500
Herrschaft	2500
Herrschafts	2500
Herrscher	2500
Herrschsucht	2500
Herstellart	2500
Herstellen	2500
Hersteller	2500
Herstellungs	2500
Herta	2500
Hertha	2500
Hertz	2500
Hertzbereich	2500
Hervorheben	2500
Herz	2500
Herzegowina	2500
Herzen	2500
Herzensangelegenheit	2500
Herzensanliegen	2500
Herzensbrecher	2500
Herzensgüte	2500
Herzenslust	2500
Herzenssache	2500
Herzenstür	2500
Herzhaftigkeit	2500
Herzinfarkt	2500
Herzinfarktrisiko	2500
Herzklopfen	2500
Herzlichkeit	2500
Herzöge	2500
Herzog	2500
Hesperiden	2500
Hesse	2500
Hessen	2500
Hetäre	2500
Heterogenität	2500
Heteronormativität	2500
Heterosexismus	2500
Heterosexualität	2500
Heterozentriertheit	2500
Hethiter	2500
Hethiterreich	2500
Hetz	2500
Hetzer	2500
Heu	2500
Heuchelei	2500
Heuchler	2500
Heuernte	2500
Heugabel	2500
Heuhaufen	2500
Heumarkt	2500
Heurige	2500
Heurigenabend	2500
Heurigenlied	2500
Heurigenlokal	2500
Heuristik	2500
Heuschnupfen	2500
Heuschober	2500
Heuschrecke	2500
Heuschrecken	2500
Heuss	2500
Hewlett	2500
Hexadezimalanzeige	2500
Hexadezimalzahl	2500
Hexadezimalzeichen	2500
Hexameter	2500
Hexdump	2500
Hexe	2500
Hexen	2500
Hexer	2500
Hexerei	2500
Hi	2500
Hieb	2500
Hierarchie	2500
Hierarchisieren	2500
Hieroglyphe	2500
Hieronymus	2500
Highfidelity	2500
Highheels	2500
Highlight	2500
Highsociety	2500
Hightech	2500
Hilde	2500
Hildebrand	2500
Hildegard	2500
Hildesheim	2500
Hilfe	2500
Hilflosigkeit	2500
Hilfs	2500
Hilfsvariable	2500
Hilton	2500
Himalaja	2500
Himbeer	2500
Himbeere	2500
Himmel	2500
Himmelfahrtskommando	2500
Himmelfahrtstag	2500
Himmels	2500
Hinausschieben	2500
Hinauswurf	2500
Hinblick	2500
Hindenburg	2500
Hindern	2500
Hindernis	2500
Hinderungsgrund	2500
Hindu	2500
Hinduismus	2500
Hindukusch	2500
Hindupriester	2500
Hinfälligkeit	2500
Hinfahrt	2500
Hinführen	2500
Hingabe	2500
Hingang	2500
Hingeben	2500
Hinhaltetaktik	2500
Hinlänglichkeit	2500
Hinnahme	2500
Hinrichten	2500
Hinrichtungs	2500
Hinsicht	2500
Hinspiel	2500
Hinterbliebene	2500
Hinterbliebenenrente	2500
Hintereinanderausführung	2500
Hinterfragen	2500
Hintergehen	2500
Hinterlassenschaft	2500
Hinterlegen	2500
Hinterlegungsfrist	2500
Hinterlegungstag	2500
Hintern	2500
Hinterpommern	2500
Hinweis	2500
Hinwenden	2500
Hinz	2500
Hinzufügen	2500
Hinzunahme	2500
Hinzuziehen	2500
Hiobsbotschaft	2500
Hiobsgestalt	2500
Hippie	2500
Hippodrom	2500
Hirn	2500
Hirngespinst	2500
Hiroschima	2500
Hiroshima	2500
Hirsch	2500
Hirse	2500
Hirte	2500
Hirten	2500
Hisbollah	2500
Histogramm	2500
Histologe	2500
Histologie	2500
Historie	2500
Historiendrama	2500
Historik	2500
Historiker	2500
Historikergespräch	2500
Historikertag	2500
Historikerverband	2500
Historismus	2500
Hit	2500
Hitachi	2500
Hitchcock	2500
Hitler	2500
Hitlerdeutschland	2500
Hitlerjugend	2500
Hitlerregierung	2500
Hitlerreiches	2500
Hitlertum	2500
Hitliste	2500
Hitparade	2500
Hitparadenplätze	2500
Hitze	2500
Hitzfeld	2500
Hitzköpfe	2500
Hitzkopf	2500
Hitzschlag	2500
Hiwi	2500
Höchst	2500
Höcker	2500
Höfe	2500
Höflichkeit	2500
Höflichkeitsbesuche	2500
Höflichkeitsformel	2500
Höhen	2500
Höhepunkt	2500
Höherentwicklung	2500
Höhle	2500
Höhlen	2500
Hölderlin	2500
Hölle	2500
Höllen	2500
Höllenwurz	2500
Hölzchen	2500
Hölzer	2500
Hör	2500
Hörbarkeitsgrenze	2500
Hörensagen	2500
Hörer	2500
Hörerwettbewerb	2500
Hörigkeit	2500
Hörnchen	2500
Hörner	2500
Höschen	2500
Hoare	2500
Hobby	2500
Hobbyist	2500
Hobel	2500
Hobelstreb	2500
Hochalpen	2500
Hochrhein	2500
Hochschulreife	2500
Hochverratsprozess	2500
Hochzeits	2500
Hockenheimring	2500
Hocker	2500
Hockey	2500
Hoden	2500
Hodensack	2500
Hoechst	2500
Hoeneß	2500
Hoesch	2500
Hof	2500
Hofbräuhaus	2500
Hoffen	2500
Hoffmann	2500
Hoffnung	2500
Hoffnungs	2500
Hoheit	2500
Hoheits	2500
Hohenzoller	2500
Hohl	2500
Hohn	2500
Hohngelächter	2500
Holding	2500
Holdinggesellschaften	2500
Holger	2500
Holländer	2500
Holland	2500
Hollywood	2500
Hollywoodstar	2500
Hollywoodzauber	2500
Holm	2500
Holocaust	2500
Holografie	2500
Hologramm	2500
Holographie	2500
Holstein	2500
Holunder	2500
Holunderbaum	2500
Holzfäller	2500
Homecomputer	2500
Homedirectory	2500
Homeland	2500
Homepage	2500
Homer	2500
Hommage	2500
Homöopath	2500
Homöopathie	2500
Homöopathika	2500
Homöopathikum	2500
Homoehe	2500
Homogenisierung	2500
Homogenität	2500
Homomorphie	2500
Homomorphismen	2500
Homomorphismus	2500
Homonym	2500
Homophobie	2500
Homosexualität	2500
Honda	2500
Honduras	2500
Honecker	2500
Hongkong	2500
Hongkonger	2500
Honig	2500
Honorar	2500
Honoratioren	2500
Honorieren	2500
Hopfen	2500
Hopfenhandel	2500
Hopfenpflanzer	2500
Hopfensack	2500
Hopfenstange	2500
Horcher	2500
Horchposten	2500
Horde	2500
Horizont	2500
Hormon	2500
Horn	2500
Hornberger	2500
Hornhaut	2500
Hornisse	2500
Hornvieh	2500
Horoskop	2500
Horror	2500
Horst	2500
Hort	2500
Horten	2500
Hortensie	2500
Hortungskäufe	2500
Hose	2500
Hosen	2500
Hospitäler	2500
Hospital	2500
Hospitalismus	2500
Hospitalkosten	2500
Hospitalwerk	2500
Hospitant	2500
Hospitation	2500
Hospiz	2500
Hostadapter	2500
Hostess	2500
Hostie	2500
Hostinterface	2500
Hostname	2500
Hostprozessor	2500
Hostrechner	2500
Hostsoftware	2500
Hotdog	2500
Hotel	2500
Hotelier	2500
Hotellerie	2500
Hotline	2500
Hotspot	2500
Hotzenplotz	2500
Hübe	2500
Hüft	2500
Hüfte	2500
Hügel	2500
Hühnchen	2500
Hühnchenfriedhof	2500
Hühner	2500
Hülle	2500
Hülse	2500
Hülsen	2500
Hündchen	2500
Hündin	2500
Hüne	2500
Hüpfer	2500
Hürde	2500
Hürden	2500
Hütchen	2500
Hüte	2500
Hüter	2500
Hütte	2500
Hütten	2500
Huawei	2500
Hub	2500
Huber	2500
Hubert	2500
Hubertus	2500
Hubgrenzenerkennung	2500
Hubschrauber	2500
Huf	2500
Hugenotte	2500
Hugenottenkriege	2500
Hugenottenverfolgung	2500
Hugo	2500
Huhn	2500
Huldigen	2500
Human	2500
Humanisierung	2500
Humanismus	2500
Humanist	2500
Humanität	2500
Humboldt	2500
Humbug	2500
Huminsäure	2500
Hummer	2500
Hummercremesuppe	2500
Hummerschwänze	2500
Hummertransporte	2500
Humor	2500
Humorist	2500
Humorlosigkeit	2500
Humus	2500
Hund	2500
Hunde	2500
Hundertmarkschein	2500
Hundertschaft	2500
Hundertstels	2500
Hundertstelsekunde	2500
Hundstage	2500
Hunger	2500
Hungersnöte	2500
Hungersnot	2500
Hunne	2500
Hunsrück	2500
Hupe	2500
Hupengehäuse	2500
Hupenkammer	2500
Hupenschalter	2500
Hupsignal	2500
Hupverbot	2500
Hure	2500
Hurenkind	2500
Hurerei	2500
Hurrikan	2500
Husar	2500
Husarenritt	2500
Hussein	2500
Hussitenkriege	2500
Husten	2500
Husum	2500
Hut	2500
Hutstumpen	2500
Hyäne	2500
Hybrid	2500
Hybris	2500
Hydepark	2500
Hydra	2500
Hydrant	2500
Hydraulik	2500
Hydrauliker	2500
Hydrieren	2500
Hydrierwerk	2500
Hydrobusse	2500
Hydrokultur	2500
Hydrologe	2500
Hydrologie	2500
Hydromatik	2500
Hydromotor	2500
Hydromotorenwelle	2500
Hydrophon	2500
Hydrospeicher	2500
Hygiene	2500
Hymne	2500
Hyperaktivität	2500
Hyperbel	2500
Hyperlink	2500
Hypnose	2500
Hypochonder	2500
Hyposensibilisierung	2500
Hypotenuse	2500
Hypothek	2500
Hypotheken	2500
Hypothese	2500
Hysterese	2500
Hysterie	2500
Hysteriker	2500
Hz	2500
IATA	2500
IBAN	2500
IBM	2500
ICE	2500
ICI	2500
ICQ	2500
IDE	2500
IG	2500
IHK	2500
II	2500
III	2500
IMAP	2500
IP	2500
IQ	2500
IRA	2500
IRC	2500
IRQ	2500
ISBN	2500
ISDN	2500
ISO	2500
ISP	2500
IT	2500
ITT	2500
IV	2500
IWF	2500
IX	2500
Ibbenbüren	2500
Iberer	2500
Iberien	2500
Ichbewusstsein	2500
Ichbezogenheit	2500
Ichform	2500
Ichsucht	2500
Icon	2500
Ideal	2500
Idealisieren	2500
Idealismus	2500
Idealist	2500
Idee	2500
Ideen	2500
Ideenwettbewerb	2500
Identifikation	2500
Identifikations	2500
Identifikator	2500
Identifikatorbindung	2500
Identifizierbarkeit	2500
Identifizieren	2500
Identität	2500
Identitäts	2500
Ideologe	2500
Ideologie	2500
Idiomatik	2500
Idiome	2500
Idiosynkrasie	2500
Idiot	2500
Idiotenfilm	2500
Idiotentest	2500
Idiotie	2500
Idol	2500
Idyll	2500
Igel	2500
Igelstellung	2500
Ignoranz	2500
Ignorieren	2500
Ikarus	2500
Ikone	2500
Illegalität	2500
Illegitimität	2500
Illinois	2500
Illiquidität	2500
Illiterat	2500
Illumination	2500
Illusion	2500
Illustration	2500
Illustrator	2500
Illustrieren	2500
Illyrien	2500
Illyrier	2500
Ilmenau	2500
Ilmensee	2500
Iltis	2500
Image	2500
Imagepflege	2500
Imaginärteil	2500
Imagination	2500
Imam	2500
Imbiss	2500
Imbisstube	2500
Imitation	2500
Imitator	2500
Imker	2500
Immanuel	2500
Immaterialisierung	2500
Immatrikulation	2500
Immatrikulations	2500
Immigrant	2500
Immigration	2500
Immissions	2500
Immobilie	2500
Immobilien	2500
Immun	2500
Immunität	2500
Immunitätsbarriere	2500
Immunkörper	2500
Immunsystem	2500
Impedanz	2500
Impedanzanpassung	2500
Impedanzfehlanpassung	2500
Impedanztabelle	2500
Impedanzunterschied	2500
Impedanzwandler	2500
Impedanzwandlung	2500
Imperativ	2500
Imperativform	2500
Imperator	2500
Imperatorensitz	2500
Imperfekt	2500
Imperialismus	2500
Imperien	2500
Imperium	2500
Impertinenz	2500
Impf	2500
Impfen	2500
Implantat	2500
Implantation	2500
Implementation	2500
Implementations	2500
Implementierbarkeit	2500
Implementieren	2500
Implementierer	2500
Implementierungs	2500
Implikation	2500
Implosion	2500
Imponderabilien	2500
Import	2500
Importeur	2500
Impotenz	2500
Imprägnieren	2500
Impresario	2500
Impressen	2500
Impression	2500
Impressionismus	2500
Impressionist	2500
Impressum	2500
Improvisation	2500
Improvisations	2500
Impuls	2500
Imputation	2500
Inaktivität	2500
Inanspruchnahme	2500
Inauguralvorlesung	2500
Inbegriff	2500
Inbesitznahme	2500
Inbetriebnahme	2500
Inbetriebnahmearbeit	2500
Inbetriebnahmebericht	2500
Inbetriebnahmefahrt	2500
Inbetriebnahmezeit	2500
Inbetriebsetzung	2500
Inbrunst	2500
Inbus	2500
Inbusschlüssel	2500
Inbusschraube	2500
Indefinitpronomen	2500
Indefinitpronomina	2500
Inder	2500
Index	2500
Indexieren	2500
Indiana	2500
Indianapolis	2500
Indianer	2500
Indices	2500
Indien	2500
Indienroute	2500
Indifferenz	2500
Indikation	2500
Indikations	2500
Indikativ	2500
Indikator	2500
Indio	2500
Indira	2500
Indirektion	2500
Indiskretion	2500
Individual	2500
Individualisieren	2500
Individualismus	2500
Individualist	2500
Individualität	2500
Individuation	2500
Individuen	2500
Individuum	2500
Indiz	2500
Indizien	2500
Indizienbeweis	2500
Indizienkette	2500
Indizieren	2500
Indizierungs	2500
Indochina	2500
Indoktrination	2500
Indolenz	2500
Indonesien	2500
Indonesier	2500
Indossament	2500
Indossant	2500
Induktion	2500
Induktions	2500
Induktivität	2500
Induktivitätsmessung	2500
Indus	2500
Induskultur	2500
Industrialisieren	2500
Industrie	2500
Industriefilmer	2500
Industriellenverband	2500
Industrieübliches	2500
Ineffizienz	2500
Infanterie	2500
Infanteriebataillon	2500
Infanterieregiment	2500
Infanterist	2500
Infantilismus	2500
Infarkt	2500
Infekt	2500
Infektion	2500
Infektions	2500
Inferenz	2500
Inferenzregel	2500
Inferenzschritt	2500
Inferno	2500
Infiltrieren	2500
Infimum	2500
Infineon	2500
Infinitiv	2500
Infixnotation	2500
Infixschreibweise	2500
Infizieren	2500
Inflation	2500
Inflations	2500
Influenza	2500
Info	2500
Informant	2500
Informantenschutz	2500
Informatik	2500
Informatiker	2500
Informations	2500
Infrarot	2500
Infrastruktur	2500
Infrastrukturminister	2500
Infrastrukturprogramm	2500
Infusion	2500
Ing.	2500
Inganghaltung	2500
Ingangsetzen	2500
Ingeborg	2500
Ingenieurs	2500
Ingo	2500
Ingolstädter	2500
Ingolstadt	2500
Ingrediens	2500
Ingredienz	2500
Ingredienzien	2500
Ingrid	2500
Ingwer	2500
Inhaber	2500
Inhaftieren	2500
Inhalation	2500
Inhalt	2500
Inhalteanbieter	2500
Inhalts	2500
Inhaltsverz.	2500
Inhomogenität	2500
Initial	2500
Initialisieren	2500
Initialisierungs	2500
Initialisierungsbit	2500
Initiation	2500
Initiative	2500
Initiativrecht	2500
Initiator	2500
Initiieren	2500
Injektion	2500
Injektionsmittel	2500
Injektionsnadel	2500
Injektivität	2500
Inka	2500
Inkareich	2500
Inkarnation	2500
Inkasso	2500
Inkassounternehmen	2500
Inkassovollmacht	2500
Inkassowechsel	2500
Inkaufnahme	2500
Inkavergewaltigung	2500
Inklination	2500
Inklinometer	2500
Inklinometeranzeige	2500
Inklusion	2500
Inklusivpreise	2500
Inkompatibilität	2500
Inkompetenz	2500
Inkonsequenz	2500
Inkonsistenz	2500
Inkontinenz	2500
Inkorrektheit	2500
Inkraftsetzen	2500
Inkrafttreten	2500
Inkrement	2500
Inkrementalgeber	2500
Inkrementalzähler	2500
Inkubationsphase	2500
Inkubationszeit	2500
Inkunabel	2500
Inländer	2500
Inland	2500
Inlandgesellschaften	2500
Inlandmarkt	2500
Inlandpreis	2500
Inlands	2500
Innenleben	2500
Innensechskant	2500
Innensechskantschlüssel	2500
Innensechskantschraube	2500
Innenseite	2500
Innere	2500
Innerei	2500
Innerlichkeit	2500
Innern	2500
Innigkeit	2500
Innovation	2500
Innovations	2500
Innsbruck	2500
Inobhutnahme	2500
Inputfile	2500
Inputparser	2500
Inquisition	2500
Inquisitor	2500
Insasse	2500
Insassenversicherung	2500
Inschrift	2500
Insekt	2500
Insekten	2500
Insektenbefall	2500
Insektenplage	2500
Insektenvertilgungsmittel	2500
Insektizid	2500
Insel	2500
Insemination	2500
Inserat	2500
Inseratenbüro	2500
Inserent	2500
Insertion	2500
Insertionspreise	2500
Insertionsunterlage	2500
Insider	2500
Insigne	2500
Insignien	2500
Insolvenz	2500
Inspekteur	2500
Inspektionsmaßnahmen	2500
Inspektionsreferat	2500
Inspektionsreise	2500
Inspektionszyklen	2500
Inspektor	2500
Inspiration	2500
Inspizient	2500
Inst	2500
Instabilität	2500
Installateur	2500
Installateurmeister	2500
Installation	2500
Installations	2500
Installieren	2500
Instandhalten	2500
Instandhaltungskosten	2500
Instandsetzen	2500
Instandsetzungsarbeit	2500
Instantiierung	2500
Instanz	2500
Instanzvariable	2500
Instinkt	2500
Instinktlosigkeit	2500
Institut	2500
Institution	2500
Institutionalisieren	2500
Institutionsbeschreibung	2500
Instituts	2500
Instrukteur	2500
Instruktion	2500
Instruktionsfolge	2500
Instruktionssatz	2500
Instrument	2500
Instrumental	2500
Instrumentalisieren	2500
Instrumentalist	2500
Instrumentarien	2500
Instrumentarium	2500
Instrumentation	2500
Instrumenten	2500
Insuffizienz	2500
Insulaner	2500
Insulin	2500
Inszenator	2500
Inszenieren	2500
Integral	2500
Integralbildung	2500
Integralrechnung	2500
Integralteil	2500
Integration	2500
Integrations	2500
Integrierbarkeit	2500
Integrität	2500
Integritäts	2500
Intel	2500
Intellekt	2500
Intellektuellenschicht	2500
Intelligenz	2500
Intelligenzler	2500
Intendant	2500
Intendantenamt	2500
Intendantenstuhl	2500
Intendantenwahl	2500
Intensität	2500
Intensitätsschwächung	2500
Intensivieren	2500
Intensivstation	2500
Intention	2500
Interaktion	2500
Interaktivität	2500
Intercity	2500
Interdependenz	2500
Interesse	2500
Interesselosigkeit	2500
Interessen	2500
Interessent	2500
Interessentengruppe	2500
Interessentenmeldung	2500
Interessiertheit	2500
Interface	2500
Interfaceplatine	2500
Interferenz	2500
Interferenzmuster	2500
Interferenzpunkt	2500
Interferometer	2500
Interieur	2500
Interim	2500
Interims	2500
Interjektion	2500
Interludium	2500
Intermezzi	2500
Intermezzo	2500
Interna	2500
Internat	2500
Internationalisieren	2500
Internationalismus	2500
Internats	2500
Internieren	2500
Internierungs	2500
Interoperabilität	2500
Interoperabilitäts	2500
Interpol	2500
Interpret	2500
Interpretation	2500
Interpretations	2500
Interpreter	2500
Interpretieren	2500
Interprozesskommunikation	2500
Interpunktion	2500
Interpunktionszeichen	2500
Interrogativadverb	2500
Interrupt	2500
Interruptbuffer	2500
Interruptsteuerung	2500
Interruptvektortabelle	2500
Interruptverarbeitung	2500
Intersexualität	2500
Intershop	2500
Intervall	2500
Intervallkalkül	2500
Intervention	2500
Interventions	2500
Interview	2500
Interviewanfrage	2500
Interviewer	2500
Interviewpartner	2500
Interviewung	2500
Interviewzeit	2500
Interzins	2500
Interzonen	2500
Interzonenhandelsabkommen	2500
Interzonenhandelsvertrag	2500
Interzonenpass	2500
Interzonenregelung	2500
Interzonenreisende	2500
Interzonenstrecke	2500
Interzonenverkehr	2500
Inthronisation	2500
Intimbereich	2500
Intimität	2500
Intimitätsgrenze	2500
Intimsphäre	2500
Intoleranz	2500
Intonation	2500
Intranet	2500
Intrigant	2500
Intrige	2500
Intuition	2500
Inuit	2500
Invalide	2500
Invalidenrente	2500
Invalidenversicherung	2500
Invalidität	2500
Invaliditätsversicherung	2500
Invasion	2500
Invasions	2500
Inventar	2500
Inventardatei	2500
Inventarisieren	2500
Inventur	2500
Inverkehrbringen	2500
Invertieren	2500
Investition	2500
Investitions	2500
Investitionsmittel	2500
Investitur	2500
Investiturstreit	2500
Investment	2500
Investor	2500
Inzest	2500
Inzucht	2500
Ion	2500
Ionen	2500
Ionisation	2500
Ionisierungs	2500
Irak	2500
Iraker	2500
Iran	2500
Iraner	2500
Ire	2500
Iris	2500
Irland	2500
Irmtraud	2500
Ironie	2500
Ironiker	2500
Irrationalismus	2500
Irreführen	2500
Irregefühl	2500
Irrelevanz	2500
Irren	2500
Irrenärzte	2500
Irrenanstalt	2500
Irrenarzt	2500
Irrenhaus	2500
Irrenheilanstalt	2500
Irreversibilität	2500
Irrfahrt	2500
Irrglaube	2500
Irritation	2500
Irrläufer	2500
Irrlehre	2500
Irrsinn	2500
Irrtümer	2500
Irrtum	2500
Irrweg	2500
Isaac	2500
Isaak	2500
Isar	2500
Ischias	2500
Ischiasnerv	2500
Isis	2500
Isländer	2500
Islam	2500
Islamabad	2500
Islamhasser	2500
Islamismus	2500
Islamist	2500
Islamit	2500
Islamophobie	2500
Island	2500
Islandpony	2500
Isobar	2500
Isolation	2500
Isolationismus	2500
Isolationist	2500
Isolationsspannung	2500
Isolationsstoff	2500
Isolator	2500
Isolier	2500
Isolieren	2500
Isometrie	2500
Isomorphie	2500
Isomorphismen	2500
Isomorphismus	2500
Isopropanol	2500
Isotop	2500
Isotropie	2500
Israel	2500
Israeli	2500
Istanbul	2500
Istanbuler	2500
Italien	2500
Italienaufenthalt	2500
Italiener	2500
Italienfront	2500
Italienreise	2500
Iteration	2500
Itzehoe	2500
Ivan	2500
Jäger	2500
Jägerei	2500
Jägerlatein	2500
Jährchen	2500
Jähzorn	2500
Jacht	2500
Jachtklub	2500
Jack	2500
Jacke	2500
Jacken	2500
Jackett	2500
Jacketttasche	2500
Jacob	2500
Jacobs	2500
Jacqueline	2500
Jacques	2500
Jadebusen	2500
Jaffa	2500
Jagd	2500
Jagdfrevel	2500
Jaguar	2500
Jahn	2500
Jahrbücher	2500
Jahrbuch	2500
Jahres	2500
Jahresunterlagen	2500
Jahreswettbewerb	2500
Jahrgang	2500
Jahrhundert	2500
Jahrmarkt	2500
Jahrmillion	2500
Jahrtausend	2500
Jahrtausendfeier	2500
Jahrtausendwechsel	2500
Jahrtausendwende	2500
Jahrzehnt	2500
Jahwe	2500
Jakarta	2500
Jakob	2500
Jakobiner	2500
Jalousie	2500
Jalta	2500
Jamaika	2500
Jambus	2500
James	2500
Jammer	2500
Jan	2500
Janeiro	2500
Janina	2500
Japan	2500
Japaner	2500
Jargon	2500
Jaruzelski	2500
Jauche	2500
Jauchefass	2500
Java	2500
Javascript	2500
Javasee	2500
Jawort	2500
Jazz	2500
Jean	2500
Jeans	2500
Jeansindustrie	2500
Jeansträger	2500
Jeanstyp	2500
Jeep	2500
Jelzin	2500
Jemen	2500
Jena	2500
Jens	2500
Jenseitsverheißung	2500
Jeremiade	2500
Jericho	2500
Jersey	2500
Jerusalem	2500
Jesaja	2500
Jeside	2500
Jesu	2500
Jesuit	2500
Jesuitenpater	2500
Jesuitenpriester	2500
Jet	2500
Jg.	2500
Jh.	2500
Jim	2500
Jörg	2500
Joachim	2500
Job	2500
Jobsharing	2500
Joch	2500
Jochbein	2500
Jockeyclub	2500
Jod	2500
Jodkur	2500
Jodler	2500
Jodquelle	2500
Joga	2500
Jogger	2500
Jogging	2500
Jogginghose	2500
Joghurt	2500
Jogurt	2500
Johann	2500
Johannesburg	2500
Johannesevangelium	2500
Johannisbeere	2500
Johannisbrot	2500
Johanniskraut	2500
Johanniter	2500
John	2500
Johnson	2500
Jointventure	2500
Joker	2500
Jolle	2500
Jones	2500
Jongleur	2500
Jordan	2500
Jordanien	2500
Jordanier	2500
Joschka	2500
Josef	2500
Joseph	2500
Jota	2500
Joule	2500
Journal	2500
Journalismus	2500
Journalist	2500
Journalistenkreise	2500
Journalistensprache	2500
Journalistik	2500
Journalprinter	2500
Joy	2500
Joystick	2500
Joystickwerten	2500
Jüdin	2500
Jünger	2500
Jüngling	2500
Jünglingsalter	2500
Jürgen	2500
Jütland	2500
Jubel	2500
Jubiläen	2500
Jubiläum	2500
Jubiläums	2500
Jubilar	2500
Juckpulver	2500
Judäa	2500
Juda	2500
Jude	2500
Juden	2500
Judentum	2500
Judo	2500
Judoka	2500
Judokurs	2500
Judosport	2500
Judoverband	2500
Jugend	2500
Jugendlichkeit	2500
Jugoslawe	2500
Jugoslawien	2500
Juist	2500
Jul.	2500
Julia	2500
Julius	2500
Juliusturm	2500
Jumbo	2500
Jumbojet	2500
Jumper	2500
Jung	2500
Jungamerikaner	2500
Junge	2500
Jungenbeine	2500
Jungens	2500
Jungenschaft	2500
Jungfer	2500
Jungfernfahrt	2500
Jungfernflug	2500
Jungfernrede	2500
Jungfernreise	2500
Jungfilmer	2500
Junggesellenabschied	2500
Jungspund	2500
Junior	2500
Juniorchef	2500
Juniorenmeister	2500
Juniorenmeisterschaft	2500
Juniorpartner	2500
Junker	2500
Junkertum	2500
Junkie	2500
Junktim	2500
Jupiter	2500
Jura	2500
Juras	2500
Jurastudent	2500
Jurisdiktion	2500
Jurisprudenz	2500
Jurist	2500
Juristen	2500
Juror	2500
Jury	2500
Justieren	2500
Justiermagnet	2500
Justiermaße	2500
Justiermöglichkeit	2500
Justitiar	2500
Justiz	2500
Justizamtmann	2500
Justiziar	2500
Jute	2500
Jutta	2500
Juwel	2500
Juwelen	2500
Juwelier	2500
Jux	2500
KB	2500
KBaud	2500
KByte	2500
KDE	2500
KGB	2500
KLM	2500
KP	2500
KPD	2500
KPJ	2500
KPÖ	2500
KPdSU	2500
KSZE	2500
KWU	2500
KZ	2500
Käfer	2500
Käfig	2500
Kähne	2500
Kälber	2500
Kälberangebot	2500
Kälte	2500
Kämmerchen	2500
Kämmerei	2500
Kämmerer	2500
Kämpfe	2500
Kämpfer	2500
Känguru	2500
Käppchen	2500
Käppchenträgern	2500
Kärnten	2500
Kärtchen	2500
Käse	2500
Käserei	2500
Kästchen	2500
Kästen	2500
Kätzchen	2500
Käufer	2500
Käuflichkeit	2500
Käuzchen	2500
Kaaba	2500
Kabarett	2500
Kabarettist	2500
Kabarettprogramm	2500
Kabel	2500
Kabeltülle	2500
Kabine	2500
Kabinen	2500
Kabinett	2500
Kabinettchef	2500
Kabinetts	2500
Kabuff	2500
Kabul	2500
Kachel	2500
Kachelbad	2500
Kachelfassaden	2500
Kachelöfen	2500
Kachelofen	2500
Kadaver	2500
Kadaverentsorgung	2500
Kadaverfund	2500
Kader	2500
Kaderchef	2500
Kaderverband	2500
Kadett	2500
Kadi	2500
Kaff	2500
Kaffee	2500
Kaffeerösterei	2500
Kafka	2500
Kahlheit	2500
Kahlköpfe	2500
Kahlkopf	2500
Kahlschlag	2500
Kahn	2500
Kai	2500
Kaimauer	2500
Kainsmal	2500
Kairo	2500
Kaischeck	2500
Kaiser	2500
Kaiserpfalz	2500
Kaiserslautern	2500
Kaisertümer	2500
Kaisertum	2500
Kajak	2500
Kajüte	2500
Kakadu	2500
Kakao	2500
Kakaobohne	2500
Kakaomarkt	2500
Kakaonotierung	2500
Kakaorepubliken	2500
Kakerlak	2500
Kaktee	2500
Kaktus	2500
Kalabreser	2500
Kalabrien	2500
Kalahari	2500
Kalamität	2500
Kalauer	2500
Kalb	2500
Kalbfelle	2500
Kalbfleisch	2500
Kalbs	2500
Kalbshaxe	2500
Kaledonien	2500
Kaleidoskop	2500
Kalender	2500
Kali	2500
Kaliaktien	2500
Kaliber	2500
Kalibrieren	2500
Kalibrierwinkel	2500
Kalif	2500
Kalifornien	2500
Kalifornier	2500
Kaligewinnung	2500
Kaliproduktion	2500
Kalisalz	2500
Kalisyndikat	2500
Kalium	2500
Kaliumpermanganat	2500
Kalk	2500
Kalkar	2500
Kalkstein	2500
Kalksteinvorkommen	2500
Kalkül	2500
Kalkulation	2500
Kalkulations	2500
Kalkulator	2500
Kalkutta	2500
Kalligraf	2500
Kalligrafie	2500
Kalligraph	2500
Kalligraphie	2500
Kalorie	2500
Kalorien	2500
Kalt	2500
Kaltblüter	2500
Kaltblütigkeit	2500
Kaltherzigkeit	2500
Kaltleim	2500
Kalträucherei	2500
Kalvinist	2500
Kalzium	2500
Kalziumchlorid	2500
Kalziumkarbonat	2500
Kamasutra	2500
Kambodscha	2500
Kamel	2500
Kamera	2500
Kamerad	2500
Kameradschaft	2500
Kameradschaftsabend	2500
Kameradschaftsehen	2500
Kameradschaftsgeist	2500
Kamerun	2500
Kamikaze	2500
Kamille	2500
Kamin	2500
Kaminfeger	2500
Kamm	2500
Kammer	2500
Kammgarn	2500
Kammgarngewebe	2500
Kammmuschel	2500
Kammräder	2500
Kammrad	2500
Kampagne	2500
Kampf	2500
Kampfmittelräumdienst	2500
Kanäle	2500
Kanaan	2500
Kanada	2500
Kanadier	2500
Kanaille	2500
Kanake	2500
Kanal	2500
Kanalanfuhr	2500
Kanalisation	2500
Kanalisations	2500
Kanalisieren	2500
Kanapee	2500
Kanarienvögel	2500
Kanarienvogel	2500
Kandahar	2500
Kandare	2500
Kandidat	2500
Kandidaten	2500
Kandidatur	2500
Kandinsky	2500
Kaninchen	2500
Kanister	2500
Kanne	2500
Kannibale	2500
Kannibalismus	2500
Kanon	2500
Kanonen	2500
Kanonier	2500
Kansas	2500
Kant	2500
Kantate	2500
Kante	2500
Kanten	2500
Kantine	2500
Kantinen	2500
Kanton	2500
Kantonspolizei	2500
Kantor	2500
Kantorei	2500
Kanüle	2500
Kanu	2500
Kanufahrer	2500
Kanuregatta	2500
Kanute	2500
Kanuverband	2500
Kanzel	2500
Kanzelparagraf	2500
Kanzelparagraph	2500
Kanzlei	2500
Kanzler	2500
Kanzlernachfolge	2500
Kap	2500
Kapaun	2500
Kapazität	2500
Kapazitäts	2500
Kapelle	2500
Kapellmeister	2500
Kaperkrieg	2500
Kapern	2500
Kapillargefäß	2500
Kapitälchen	2500
Kapitän	2500
Kapitänleutnant	2500
Kapitäns	2500
Kapital	2500
Kapitalisieren	2500
Kapitalismus	2500
Kapitalismuskritik	2500
Kapitalist	2500
Kapitel	2500
Kapitol	2500
Kapitulation	2500
Kaplan	2500
Kappe	2500
Kappendachbedüsung	2500
Kapriolen	2500
Kapsel	2500
Kapseln	2500
Kapselriss	2500
Kapstadt	2500
Kapuze	2500
Kapuziner	2500
Kapuzinermönch	2500
Karabiner	2500
Karaffe	2500
Karajan	2500
Karambolage	2500
Karamell	2500
Karaoke	2500
Karat	2500
Karatekunst	2500
Karatschi	2500
Karawane	2500
Karawanen	2500
Karbon	2500
Karbonade	2500
Karbonat	2500
Karbonwälder	2500
Kardätsche	2500
Kardamom	2500
Kardinäle	2500
Kardinal	2500
Kardinalbischöfe	2500
Kardinalbischof	2500
Kardinalfehler	2500
Kardinalität	2500
Kardinalpunkte	2500
Kardinalshut	2500
Kardinalskollegien	2500
Kardinalskollegium	2500
Kardinalsstand	2500
Kardinaltugend	2500
Kardinalzahl	2500
Kardiograf	2500
Kardiogramm	2500
Kardiograph	2500
Kardiologe	2500
Kardiologie	2500
Karenzzeit	2500
Karfreitag	2500
Karfreitagsfürbitte	2500
Kargheit	2500
Karibik	2500
Karies	2500
Karikatur	2500
Karikieren	2500
Karin	2500
Karl	2500
Karla	2500
Karlsbad	2500
Karlsbader	2500
Karlspreis	2500
Karlsruhe	2500
Karlsruher	2500
Karneval	2500
Karnevalist	2500
Karnevals	2500
Karnickel	2500
Karo	2500
Karokönig	2500
Karolinger	2500
Karomuster	2500
Karosse	2500
Karosserie	2500
Karotin	2500
Karotte	2500
Karottensaft	2500
Karpaten	2500
Karpfen	2500
Karpfenteich	2500
Karre	2500
Karrengäule	2500
Karrengaul	2500
Karriere	2500
Karrierist	2500
Karstadt	2500
Karsten	2500
Karstgebirge	2500
Karte	2500
Kartei	2500
Kartell	2500
Karten	2500
Karthager	2500
Karthago	2500
Karthum	2500
Kartieren	2500
Kartoffel	2500
Kartoffelschälen	2500
Kartograf	2500
Kartografie	2500
Kartograph	2500
Kartographie	2500
Karton	2500
Kartusche	2500
Karussell	2500
Karwoche	2500
Kasachstan	2500
Kaschmir	2500
Kaschmirschal	2500
Kaschmirwolle	2500
Kaserne	2500
Kasernen	2500
Kasino	2500
Kaskade	2500
Kaskadenbombenwürfen	2500
Kaskadenbombenwurf	2500
Kaskadenmotor	2500
Kaskadenschaltung	2500
Kasko	2500
Kaskoversicherung	2500
Kasper	2500
Kasperletheater	2500
Kassageschäft	2500
Kassakurs	2500
Kassalieferung	2500
Kassamarkt	2500
Kassapreis	2500
Kassation	2500
Kassationshöfen	2500
Kassationshof	2500
Kasse	2500
Kassel	2500
Kasseler	2500
Kassen	2500
Kassenlade	2500
Kasserolle	2500
Kassette	2500
Kassetten	2500
Kassettenrecorder	2500
Kassierer	2500
Kassler	2500
Kastagnette	2500
Kastanie	2500
Kastanien	2500
Kastell	2500
Kastellan	2500
Kasten	2500
Kastendrachen	2500
Kastilien	2500
Kastrat	2500
Kastration	2500
Kastrations	2500
Kasuistik	2500
Kasus	2500
Kasusendung	2500
Katakombe	2500
Katalane	2500
Katalog	2500
Katalogblatt	2500
Katalogisieren	2500
Katalogpreis	2500
Katalogzeichen	2500
Katalonien	2500
Katalysator	2500
Katalysestoff	2500
Katamaran	2500
Katanga	2500
Katapult	2500
Katapultflugzeug	2500
Katapultstart	2500
Katarr	2500
Katarrh	2500
Kataster	2500
Katastrophe	2500
Katastrophen	2500
Katechismen	2500
Katechismus	2500
Katechumenat	2500
Kategorie	2500
Kategorisieren	2500
Kater	2500
Katerstimmung	2500
Katharina	2500
Katheder	2500
Kathederblüte	2500
Kathederweisheit	2500
Kathedrale	2500
Kathedralenstadt	2500
Kathete	2500
Katheter	2500
Kathode	2500
Kathodenröhren	2500
Kathodenstrahl	2500
Kathodenverstärker	2500
Katholik	2500
Katholizismus	2500
Kathrin	2500
Katia	2500
Katrin	2500
Kattun	2500
Kattundruck	2500
Kattunkleid	2500
Kattunkleider	2500
Katz	2500
Katzen	2500
Kauderwelsch	2500
Kauf	2500
Kaufhof	2500
Kaufläche	2500
Kaufmanns	2500
Kaugummi	2500
Kaukasus	2500
Kaulquappe	2500
Kausal	2500
Kausalität	2500
Kautabak	2500
Kaution	2500
Kautionsrückerstattung	2500
Kautschuk	2500
Kauz	2500
Kavalier	2500
Kavaliersdelikt	2500
Kavallerie	2500
Kavallerist	2500
Kaverne	2500
Kaviar	2500
Kavitation	2500
Kawasaki	2500
Keckheit	2500
Kegel	2500
Kegler	2500
Kehle	2500
Kehlköpfe	2500
Kehlkopf	2500
Kehllaut	2500
Kehr	2500
Kehren	2500
Kehrer	2500
Kehricht	2500
Kehrichteimer	2500
Kehrichthaufen	2500
Kehrichtschaufel	2500
Kehrreim	2500
Kehrtwende	2500
Kehrtwendung	2500
Keil	2500
Keiler	2500
Keilhacke	2500
Keim	2500
Keimling	2500
Keks	2500
Keksdose	2500
Keksfabrikant	2500
Kelch	2500
Kelle	2500
Keller	2500
Kellerei	2500
Kellner	2500
Kellnerkassen	2500
Kellnerkassenterminal	2500
Kellnernummer	2500
Kellnerstift	2500
Kellnerterminal	2500
Kelten	2500
Kelterei	2500
Kelvin	2500
Kempten	2500
Kenia	2500
Kenn	2500
Kennedy	2500
Kennen	2500
Kennenlernen	2500
Kennenlerngespräch	2500
Kenner	2500
Kennerblick	2500
Kennermiene	2500
Kenntlichkeit	2500
Kenntnis	2500
Kent	2500
Kentucky	2500
Kepler	2500
Keramik	2500
Keramiker	2500
Kerbel	2500
Kerberos	2500
Kerbholz	2500
Kerbnägel	2500
Kerbtier	2500
Kerbwirkung	2500
Kerker	2500
Kerkerhaft	2500
Kerl	2500
Kern	2500
Kernel	2500
Kernelektron	2500
Kernelversion	2500
Kernspinresonanz	2500
Kernspintomograf	2500
Kernspintomografie	2500
Kernspintomogramm	2500
Kernspintomograph	2500
Kernspintomographie	2500
Kerosin	2500
Kerosingeruch	2500
Kerstin	2500
Kerze	2500
Kerzen	2500
Kessel	2500
Ketchup	2500
Ketschup	2500
Kette	2500
Ketten	2500
Ketzer	2500
Ketzerei	2500
Keuchhusten	2500
Keule	2500
Keulenhiebe	2500
Keulenschlag	2500
Keuschheit	2500
Keuschheits	2500
Keyboard	2500
Keynes	2500
Kfz	2500
Khakifrüchte	2500
Khakistoff	2500
Khan	2500
Khmer	2500
Khomeini	2500
KiB	2500
Kibbuz	2500
Kibbuzim	2500
Kibbuznik	2500
Kicker	2500
Kickstarter	2500
Kickstartermechanismus	2500
Kidnapper	2500
Kiebitz	2500
Kiefer	2500
Kiefernsämlingen	2500
Kiefernwälder	2500
Kiefernwald	2500
Kiel	2500
Kieler	2500
Kiemen	2500
Kiemenatmung	2500
Kiepe	2500
Kies	2500
Kiesbeton	2500
Kiesel	2500
Kieselsäuregehalt	2500
Kiesgrube	2500
Kiesinger	2500
Kiessand	2500
Kiesweg	2500
Kieswerk	2500
Kiew	2500
Kilimandscharo	2500
Killer	2500
Killerprogramm	2500
Kilo	2500
Kilobyte	2500
Kilogramm	2500
Kiloware	2500
Kilowatt	2500
Kilowattstunde	2500
Kimm	2500
Kind	2500
Kindbacken	2500
Kindbett	2500
Kinder	2500
Kinderchen	2500
Kinderei	2500
Kinderlein	2500
Kinderschreck	2500
Kindersterblichkeit	2500
Kinderwiege	2500
Kindes	2500
Kindheit	2500
Kindheits	2500
Kindlein	2500
Kindmädchen	2500
Kindsmutter	2500
Kindstaufe	2500
Kindstötung	2500
Kindstod	2500
Kindsvater	2500
Kinetik	2500
Kinkel	2500
Kinkerlitzchen	2500
Kinn	2500
Kino	2500
Kiosk	2500
Kioto	2500
Kipp	2500
Kippe	2500
Kippen	2500
Kipper	2500
Kir	2500
Kirch	2500
Kirche	2500
Kirchen	2500
Kirchentagspräsident	2500
Kirchhoff	2500
Kirgistan	2500
Kirmes	2500
Kirmesplatz	2500
Kirsch	2500
Kirsche	2500
Kissen	2500
Kissinger	2500
Kiste	2500
Kisten	2500
Kit	2500
Kita	2500
Kitaplätze	2500
Kitaplatz	2500
Kitsch	2500
Kitschfigur	2500
Kitschroman	2500
Kitt	2500
Kittel	2500
Kittelschürze	2500
Kitzbock	2500
Kitzel	2500
Kitzler	2500
Kläger	2500
Klär	2500
Klären	2500
Klärungsbedarf	2500
Klage	2500
Klagenfurt	2500
Klammer	2500
Klammern	2500
Klamotte	2500
Klang	2500
Klangfarbenspiel	2500
Klapp	2500
Klappe	2500
Klappen	2500
Klapperschlange	2500
Klapperstorch	2500
Klappkappenfolge	2500
Klarheit	2500
Klarinette	2500
Klarinetten	2500
Klarinettist	2500
Klarlack	2500
Klarsichtfolie	2500
Klarsichtigkeit	2500
Klarstellen	2500
Klartext	2500
Klasse	2500
Klassemann	2500
Klassen	2500
Klassenbeste	2500
Klassensprecherwahl	2500
Klassifikation	2500
Klassifikationssystem	2500
Klassifizieren	2500
Klassik	2500
Klassiker	2500
Klassikerverfilmung	2500
Klassizismus	2500
Klatsch	2500
Klatschereien	2500
Klau	2500
Klaus	2500
Klausel	2500
Klausulieren	2500
Klausur	2500
Klavier	2500
Kleb	2500
Klebe	2500
Kleben	2500
Kleber	2500
Kleckse	2500
Kleckser	2500
Klee	2500
Kleeblätter	2500
Kleeblatt	2500
Kleeernte	2500
Kleid	2500
Kleider	2500
Kleidsamkeit	2500
Kleidungs	2500
Kleie	2500
Kleinarmenien	2500
Kleinheit	2500
Kleinigkeit	2500
Kleinkalibergewehr	2500
Kleinlichkeit	2500
Kleinod	2500
Kleinst	2500
Kleinstaaterei	2500
Kleinwalsertal	2500
Kleist	2500
Kleister	2500
Klemm	2500
Klemme	2500
Klemmen	2500
Klempner	2500
Klempnerei	2500
Kleptomane	2500
Kleptomanie	2500
Kleriker	2500
Klerus	2500
Klette	2500
Kletter	2500
Kletterei	2500
Kletterer	2500
Klettern	2500
Klettverschluss	2500
Kleve	2500
Klick	2500
Klickgeräusch	2500
Klickrate	2500
Klient	2500
Klientel	2500
Klientelpolitik	2500
Klima	2500
Klimatisierung	2500
Klimatologe	2500
Klimmzug	2500
Klinge	2500
Klingel	2500
Klinik	2500
Klinikum	2500
Klinke	2500
Klinker	2500
Klinsmann	2500
Klippe	2500
Klipper	2500
Klischee	2500
Klischeevorstellung	2500
Klitoris	2500
Klöckner	2500
Klöster	2500
Klötze	2500
Klo	2500
Klonen	2500
Klopapier	2500
Kloppe	2500
Klops	2500
Kloß	2500
Klosett	2500
Klosettbecken	2500
Klosettdeckel	2500
Klosettfrauen	2500
Klosettpapier	2500
Kloster	2500
Klotz	2500
Klüfte	2500
Klub	2500
Kluft	2500
Klugheit	2500
Klugscheißer	2500
Klumpen	2500
Knäckebrot	2500
Knäste	2500
Knäuel	2500
Knabe	2500
Knaben	2500
Knack	2500
Knacker	2500
Knacks	2500
Knall	2500
Knaller	2500
Knallerei	2500
Knappheit	2500
Knappsack	2500
Knast	2500
Knastbrüder	2500
Knastbruder	2500
Knatterton	2500
Knauf	2500
Knaur	2500
Knauser	2500
Knautschzone	2500
Knebel	2500
Knebeln	2500
Knecht	2500
Knechtschaft	2500
Kneifzange	2500
Kneipe	2500
Kneipen	2500
Kneippanlage	2500
Kneippkur	2500
Kneippkuranstalt	2500
Kneippkurbad	2500
Kneippkurformen	2500
Kneippkurhotel	2500
Kneippsanatorium	2500
Knesset	2500
Knet	2500
Knick	2500
Knickerbocker	2500
Knickkante	2500
Knicks	2500
Knie	2500
Kniebundhose	2500
Kniff	2500
Knigge	2500
Knilch	2500
Knirps	2500
Knöchel	2500
Knöchelverletzung	2500
Knödel	2500
Knöllchen	2500
Knöpfe	2500
Knobelei	2500
Knoblauch	2500
Knoblauchzehe	2500
Knochen	2500
Knochenmark	2500
Knolle	2500
Knopf	2500
Knorpel	2500
Knospe	2500
Knossos	2500
Knoten	2500
Knox	2500
Knüller	2500
Knüpfen	2500
Knüppel	2500
Köche	2500
Köcher	2500
Köder	2500
Köln	2500
Kölner	2500
Kölnischwasser	2500
Kölsch	2500
König	2500
Königgrätz	2500
Königinmutter	2500
Königreich	2500
Königs	2500
Königsreich	2500
Königtümer	2500
Königtum	2500
Könnens	2500
Könner	2500
Köpenick	2500
Köpfe	2500
Körbe	2500
Körnchen	2500
Körnen	2500
Körner	2500
Körper	2500
Körperlichkeit	2500
Körperschaftssteuer	2500
Köstlichkeit	2500
Köter	2500
Koalition	2500
Koalitions	2500
Koaxialkabel	2500
Kobalt	2500
Kobaltatome	2500
Koblenz	2500
Koblenzer	2500
Kobold	2500
Kobra	2500
Koch	2500
Kocher	2500
Kochereien	2500
Kodak	2500
Kodex	2500
Kodier	2500
Kodieren	2500
Kodizes	2500
Koedukation	2500
Koeffizient	2500
Koexistenz	2500
Koffein	2500
Koffer	2500
Kognak	2500
Kognition	2500
Kognitivismus	2500
Kohärenz	2500
Kohäsion	2500
Kohäsionskraft	2500
Kohl	2500
Kohldampf	2500
Kohle	2500
Kohlehydrat	2500
Kohlen	2500
Kohlenhydrat	2500
Kohlenmonoxid	2500
Kohlenmonoxyd	2500
Kohlenstoffmonoxid	2500
Kohlestreb	2500
Kohlmeise	2500
Kohlrabi	2500
Kohlrübe	2500
Kohlschädlingslarve	2500
Kohorte	2500
Koinzidenz	2500
Koitus	2500
Koje	2500
Kojote	2500
Kokain	2500
Kokerei	2500
Koketterie	2500
Kokolores	2500
Kokon	2500
Kokosmilch	2500
Kokosnuss	2500
Kokospflanze	2500
Koks	2500
Koksfeinkohle	2500
Koksfeuer	2500
Koksgas	2500
Kokshalde	2500
Kokspreis	2500
Koksproduktion	2500
Kokswerk	2500
Kolben	2500
Kolchosarbeit	2500
Kolchose	2500
Kolchoseinkommen	2500
Kolchosfelder	2500
Kolchosland	2500
Kolchosmitgliedern	2500
Kolchosvorstand	2500
Kolik	2500
Kollaborateur	2500
Kollaborationsplattform	2500
Kollage	2500
Kollaps	2500
Kollateral	2500
Kolleg	2500
Kollegialität	2500
Kollegialorgan	2500
Kollegien	2500
Kollegium	2500
Kollekte	2500
Kollektion	2500
Kollektiv	2500
Kollektivieren	2500
Kollektivismus	2500
Kollektor	2500
Koller	2500
Kollier	2500
Kollision	2500
Kollisions	2500
Kolloquien	2500
Kolloquium	2500
Kolofonium	2500
Kolonial	2500
Kolonialhändel	2500
Kolonialisieren	2500
Kolonialismus	2500
Kolonialist	2500
Kolonie	2500
Kolonisation	2500
Kolonisieren	2500
Kolonist	2500
Kolonnade	2500
Kolonne	2500
Kolophonium	2500
Kolorieren	2500
Kolorist	2500
Kolorit	2500
Koloskop	2500
Koloskopie	2500
Koloss	2500
Kolosseum	2500
Kolportage	2500
Kolporteur	2500
Kolumbianer	2500
Kolumbien	2500
Kolumne	2500
Kolumnist	2500
Koma	2500
Komata	2500
Kombattant	2500
Kombi	2500
Kombinat	2500
Kombination	2500
Kombinations	2500
Kombinatorik	2500
Kombinierbarkeit	2500
Kombiwagen	2500
Kombizange	2500
Kombüse	2500
Komet	2500
Kometenbahn	2500
Kometeneinschlag	2500
Kometenfahrt	2500
Kometenschweif	2500
Komfort	2500
Komik	2500
Komiker	2500
Komintern	2500
Komitee	2500
Komma	2500
Kommafehler	2500
Kommandant	2500
Kommandantur	2500
Kommandeur	2500
Kommandeursposten	2500
Kommanditgesellschaft	2500
Kommanditist	2500
Kommando	2500
Kommandobyte	2500
Kommasetzung	2500
Kommastelle	2500
Kommata	2500
Kommentar	2500
Kommentarbuchstabe	2500
Kommentarfunktion	2500
Kommentarseite	2500
Kommentarspalte	2500
Kommentarzeichen	2500
Kommentarzeilen	2500
Kommentator	2500
Kommentieren	2500
Kommerz	2500
Kommerzialisieren	2500
Kommilitone	2500
Kommiss	2500
Kommissar	2500
Kommissariat	2500
Kommissariatsleiter	2500
Kommission	2500
Kommissionär	2500
Kommissions	2500
Kommode	2500
Kommunal	2500
Kommune	2500
Kommunikation	2500
Kommunikations	2500
Kommunikator	2500
Kommunikee	2500
Kommunion	2500
Kommunionsunterricht	2500
Kommuniqué	2500
Kommunismus	2500
Kommunist	2500
Kommunistenhass	2500
Kommutativität	2500
Komödchen	2500
Komödiant	2500
Komödie	2500
Komödienbühne	2500
Komödienvorlage	2500
Komoren	2500
Kompagnon	2500
Kompakt	2500
Kompaktheit	2500
Kompanie	2500
Komparativ	2500
Komparator	2500
Komparse	2500
Komparserie	2500
Kompass	2500
Kompatibilität	2500
Kompatibilitäts	2500
Kompensation	2500
Kompensations	2500
Kompensator	2500
Kompetenz	2500
Kompilat	2500
Kompilation	2500
Kompilator	2500
Kompilieren	2500
Komplement	2500
Komplementbildung	2500
Komplett	2500
Komplettieren	2500
Komplettierungsauftrag	2500
Komplex	2500
Komplexität	2500
Komplexitäts	2500
Komplikation	2500
Kompliment	2500
Komplize	2500
Komplizieren	2500
Kompliziertheit	2500
Komplott	2500
Komponente	2500
Komponentenliste	2500
Komponist	2500
Komponistenpreise	2500
Komposita	2500
Komposition	2500
Kompositions	2500
Kompositum	2500
Kompost	2500
Komposthaufen	2500
Kompostieranlage	2500
Kompostieren	2500
Kompott	2500
Kompresse	2500
Kompression	2500
Kompressions	2500
Kompressor	2500
Komprimieren	2500
Kompromiss	2500
Kompromittieren	2500
Komsomolze	2500
Komtesse	2500
Konchoide	2500
Kondens	2500
Kondensat	2500
Kondensation	2500
Kondensator	2500
Kondition	2500
Konditional	2500
Konditionalsätze	2500
Konditionieren	2500
Konditions	2500
Konditor	2500
Konditorei	2500
Konditormeister	2500
Kondolation	2500
Kondolenzbesuch	2500
Kondolenzbrief	2500
Kondolenzbücher	2500
Kondolenzbuch	2500
Kondom	2500
Konfekt	2500
Konfektion	2500
Konfektionär	2500
Konfektionieren	2500
Konfektions	2500
Konferenz	2500
Konferenzbeginn	2500
Konfession	2500
Konfessions	2500
Konfetti	2500
Konfettiwährung	2500
Konfident	2500
Konfiguration	2500
Konfigurations	2500
Konfigurationsfile	2500
Konfigurierbarkeit	2500
Konfigurieren	2500
Konfirmand	2500
Konfirmation	2500
Konfirmations	2500
Konfiserie	2500
Konfiszieren	2500
Konfitüre	2500
Konflikt	2500
Konfliktgeladenheit	2500
Konfluenz	2500
Konföderation	2500
Konföderierte	2500
Konformismus	2500
Konformität	2500
Konformitäts	2500
Konfrontation	2500
Konfrontations	2500
Konfrontieren	2500
Konfusion	2500
Konfuzianismus	2500
Konfuzius	2500
Konglomerat	2500
Kongo	2500
Kongolese	2500
Kongregation	2500
Kongress	2500
Kongruenz	2500
Konjugation	2500
Konjugations	2500
Konjunktion	2500
Konjunktiv	2500
Konjunktur	2500
Konkatenation	2500
Konklave	2500
Konkordat	2500
Konkretisieren	2500
Konkubinat	2500
Konkubine	2500
Konkurrent	2500
Konkurrenz	2500
Konkurs	2500
Konnektivität	2500
Konnossement	2500
Konnotation	2500
Konquistador	2500
Konrad	2500
Konrektor	2500
Konsens	2500
Konsensbedarf	2500
Konsensbildung	2500
Konsensprinzip	2500
Konsensverfahren	2500
Konsequenz	2500
Konservatismus	2500
Konservativismus	2500
Konservator	2500
Konservatorien	2500
Konservatorium	2500
Konserve	2500
Konserven	2500
Konservieren	2500
Konservierungs	2500
Konsistenz	2500
Konsistenzprüfung	2500
Konsistorium	2500
Konsole	2500
Konsolidieren	2500
Konsolidierungs	2500
Konsolschnittstelle	2500
Konsonant	2500
Konsorten	2500
Konsortial	2500
Konsortium	2500
Konsortiums	2500
Konsortiumsmitglieder	2500
Konstante	2500
Konstantin	2500
Konstantinopel	2500
Konstantstromquelle	2500
Konstanz	2500
Konstellation	2500
Konstituieren	2500
Konstitution	2500
Konstrukt	2500
Konstrukteur	2500
Konstruktion	2500
Konstruktions	2500
Konstruktor	2500
Konstruktorfunktion	2500
Konsul	2500
Konsular	2500
Konsulat	2500
Konsulats	2500
Konsulkollegen	2500
Konsultation	2500
Konsultations	2500
Konsum	2500
Konsument	2500
Konsumsüchtigkeit	2500
Konsumtion	2500
Kontagiosität	2500
Kontakt	2500
Kontaktieren	2500
Kontaktiermöglichkeit	2500
Kontamination	2500
Kontaminieren	2500
Kontemplation	2500
Konten	2500
Kontenunterlagen	2500
Konteradmiral	2500
Konterangriff	2500
Konterfei	2500
Konterrevolutionär	2500
Kontext	2500
Kontinent	2500
Kontinental	2500
Kontingent	2500
Kontingentieren	2500
Kontinuität	2500
Kontinuum	2500
Kontokorrent	2500
Kontor	2500
Kontorraum	2500
Kontra	2500
Kontrabass	2500
Kontrahent	2500
Kontrakt	2500
Kontraktion	2500
Kontraktpreis	2500
Kontrapunkt	2500
Kontrast	2500
Kontrazeption	2500
Kontroll	2500
Kontrolle	2500
Kontrolleur	2500
Kontrollierbarkeit	2500
Kontur	2500
Konvektion	2500
Konvektionsströme	2500
Konvent	2500
Konvention	2500
Konventionalstrafe	2500
Konventionalstrafgesetz	2500
Konventsdelegierten	2500
Konvergenz	2500
Konversation	2500
Konversations	2500
Konversion	2500
Konversionsbedingung	2500
Konversionszeit	2500
Konverter	2500
Konvertieren	2500
Konvertierungs	2500
Konvertit	2500
Konvoi	2500
Konvolut	2500
Konzentrat	2500
Konzentration	2500
Konzentrations	2500
Konzentrieren	2500
Konzept	2500
Konzeption	2500
Konzern	2500
Konzert	2500
Konzession	2500
Konzessionieren	2500
Konzessions	2500
Konzil	2500
Konzilianz	2500
Konzilsbeschluss	2500
Konzilsdekret	2500
Konzilsdiskussion	2500
Konzilssitzung	2500
Konzilstheologie	2500
Konzipieren	2500
Kooperation	2500
Kooperations	2500
Kooperative	2500
Koordinate	2500
Koordinaten	2500
Koordination	2500
Koordinations	2500
Koordinator	2500
Koordinieren	2500
Koordinierungs	2500
Kopenhagen	2500
Kopernikus	2500
Kopf	2500
Kopfzerbrechen	2500
Kopie	2500
Kopier	2500
Kopierens	2500
Kopierer	2500
Kopilot	2500
Kopist	2500
Koppel	2500
Koppelungsfaktor	2500
Koppelungsmöglichkeit	2500
Koppler	2500
Kopplungs	2500
Koproduktion	2500
Koralle	2500
Korallen	2500
Koran	2500
Koranvers	2500
Korb	2500
Kord	2500
Kordel	2500
Korea	2500
Koreakrieg	2500
Koreaner	2500
Korinth	2500
Korinther	2500
Kork	2500
Korken	2500
Korkenknallen	2500
Korkenzieher	2500
Korn	2500
Korollar	2500
Korona	2500
Korporation	2500
Korps	2500
Korpskommandeur	2500
Korpus	2500
Korrektheit	2500
Korrektheitsbegriff	2500
Korrektheitsbeweis	2500
Korrektheitsnachweis	2500
Korrektor	2500
Korrektorat	2500
Korrelat	2500
Korrelation	2500
Korrelations	2500
Korrelator	2500
Korrespondent	2500
Korrespondentenbericht	2500
Korrespondenz	2500
Korridor	2500
Korrigierbarkeit	2500
Korrosion	2500
Korrumpierbarkeit	2500
Korrumpieren	2500
Korruption	2500
Korruptions	2500
Korsage	2500
Korsarengeschichte	2500
Korse	2500
Korselett	2500
Korsett	2500
Korso	2500
Kortex	2500
Korvette	2500
Korvettenkapitän	2500
Koryphäe	2500
Kosak	2500
Kosakenchor	2500
Kosename	2500
Kosinus	2500
Kosmetik	2500
Kosmetika	2500
Kosmetiker	2500
Kosmologe	2500
Kosmologie	2500
Kosmonaut	2500
Kosmos	2500
Kosmossatelliten	2500
Kosovar	2500
Kosovo	2500
Kost	2500
Kostbarkeit	2500
Kostensenkungspotenzial	2500
Kostgänger	2500
Kostprobe	2500
Kostüm	2500
Kostümierung	2500
Kostverächter	2500
Kot	2500
Kotelett	2500
Kotelette	2500
Kotflügel	2500
Kovarianz	2500
Krägen	2500
Krähe	2500
Krähenfüße	2500
Kräheninsel	2500
Krähennest	2500
Krämer	2500
Krämerladen	2500
Krämpfe	2500
Kräne	2500
Kränken	2500
Kränze	2500
Krätze	2500
Krätzer	2500
Kräuseln	2500
Kräuter	2500
Krabbe	2500
Krabbeltier	2500
Krabben	2500
Krach	2500
Kragen	2500
Krakau	2500
Krake	2500
Krakeeler	2500
Krakeelerei	2500
Kralle	2500
Kram	2500
Krampf	2500
Krampfader	2500
Kran	2500
Kranich	2500
Kranken	2500
Krankenhaustagegeld	2500
Krankenhaustagegeldversicherung	2500
Krankheit	2500
Krankheits	2500
Krankschreiben	2500
Kranz	2500
Krater	2500
Kratzer	2500
Krauler	2500
Kraut	2500
Krautkrämer	2500
Krautsuppe	2500
Krawall	2500
Krawallhorden	2500
Krawatte	2500
Krawatten	2500
Kraxelei	2500
Kreation	2500
Kreationismus	2500
Kreativität	2500
Kreativitätsverlust	2500
Kreatur	2500
Krebs	2500
Kredit	2500
Kreditnehmerzahl	2500
Kreditor	2500
Kreditorenliste	2500
Kreditwesengesetz	2500
Krefeld	2500
Kreide	2500
Kreis	2500
Kreißsäle	2500
Kreißsaal	2500
Kreisaal	2500
Kreisdelegierte	2500
Kreisel	2500
Kreiselkompass	2500
Kreissäle	2500
Kreissaal	2500
Kreisverkehr	2500
Krematorien	2500
Krematorium	2500
Kreml	2500
Kremlchef	2500
Kremlführer	2500
Kremlpalast	2500
Krempe	2500
Krempel	2500
Kreole	2500
Krepp	2500
Krepppapier	2500
Kresse	2500
Kreta	2500
Kretschmann	2500
Kreuz	2500
Kreuzberger	2500
Kreuzer	2500
Kreuzergeschwader	2500
Kreuzerkrieg	2500
Kreuzigen	2500
Kreuzigungsbild	2500
Kreuzungspunkt	2500
Kricket	2500
Kriechspur	2500
Kriechwasser	2500
Krieg	2500
Krieger	2500
Kriegerdenkmal	2500
Kriegerverein	2500
Kriegerwitwe	2500
Kriegs	2500
Kriegsdienstverweigerer	2500
Kriegsfreiwillige	2500
Kriegstagebücher	2500
Kriegstagebuch	2500
Kriegsverbündete	2500
Kriegsvorlagen	2500
Krim	2500
Krimi	2500
Kriminal	2500
Kriminalisieren	2500
Kriminalist	2500
Kriminalistik	2500
Kriminalität	2500
Kriminalitäts	2500
Kriminelle	2500
Kriminologe	2500
Kriminologie	2500
Krimiserie	2500
Krimkrieg	2500
Krimsekt	2500
Krimskrams	2500
Kripo	2500
Kripobeamte	2500
Kripoobermeister	2500
Krippe	2500
Krippenspiel	2500
Krise	2500
Krisen	2500
Krisenhöhepunkt	2500
Krishna	2500
Kristall	2500
Kristallisation	2500
Kristallisationspunkt	2500
Kristallisieranlagen	2500
Kriterien	2500
Kriteriensicht	2500
Kriterium	2500
Kritik	2500
Kritiker	2500
Kritikerpreis	2500
Kritzelbilder	2500
Kritzelei	2500
Krönen	2500
Krönungsmesse	2500
Kröpfe	2500
Kröpfen	2500
Kröte	2500
Kröten	2500
Kroate	2500
Kroatien	2500
Krokodil	2500
Kron	2500
Krone	2500
Kronendach	2500
Kronengewölbe	2500
Kropf	2500
Krücke	2500
Krückstock	2500
Krüger	2500
Krügerrand	2500
Krüglein	2500
Krümchen	2500
Krümel	2500
Krümmen	2500
Krüppel	2500
Krüppelkiefern	2500
Krug	2500
Krume	2500
Krummsäbel	2500
Kruste	2500
Krustentier	2500
Krux	2500
Kruzifix	2500
Kryptografie	2500
Kryptographie	2500
Kübel	2500
Küchen	2500
Küchenschabe	2500
Küchlein	2500
Kügelchen	2500
Kühe	2500
Kühl	2500
Kühlen	2500
Kühler	2500
Kühlergrill	2500
Kühlerhaube	2500
Kühnheit	2500
Küken	2500
Kümmel	2500
Kümmerdasein	2500
Künder	2500
Kündigen	2500
Kündigungs	2500
Künste	2500
Künstler	2500
Künstlertum	2500
Kür	2500
Kürbis	2500
Kürschner	2500
Kürzel	2500
Kürzen	2500
Kürzungs	2500
Küste	2500
Küsten	2500
Küstenschelf	2500
Küstenwachtboot	2500
Küster	2500
Kuba	2500
Kubakrise	2500
Kubaner	2500
Kubareport	2500
Kubatur	2500
Kubazucker	2500
Kuben	2500
Kubikkilometern	2500
Kubikmeter	2500
Kubikwurzel	2500
Kubikzentimeter	2500
Kubismus	2500
Kubus	2500
Kuchen	2500
Kuckuck	2500
Kuckucksei	2500
Kuckuckskind	2500
Kuckucksuhr	2500
Kufe	2500
Kugel	2500
Kugelrasten	2500
Kugelstoßer	2500
Kuh	2500
Kuhle	2500
Kulanz	2500
Kuli	2500
Kulisse	2500
Kulissenlicht	2500
Kulleraugen	2500
Kult	2500
Kultanlagen	2500
Kultfilm	2500
Kultgerät	2500
Kultstätte	2500
Kultstatus	2500
Kultur	2500
Kulturschaffende	2500
Kultus	2500
Kummer	2500
Kumpan	2500
Kumpel	2500
Kumulation	2500
Kumulieren	2500
Kumuluswolke	2500
Kunden	2500
Kundenorientiertheit	2500
Kundgeben	2500
Kundmachen	2500
Kundschaft	2500
Kunibert	2500
Kunst	2500
Kunz	2500
Kupfer	2500
Kupferstecher	2500
Kupon	2500
Kuppe	2500
Kuppel	2500
Kuppelei	2500
Kuppeln	2500
Kuppelraum	2500
Kuppelversuch	2500
Kupplungs	2500
Kur	2500
Kuratorium	2500
Kurbel	2500
Kurde	2500
Kurdenaufstand	2500
Kurdenkrieg	2500
Kurdistan	2500
Kurie	2500
Kurier	2500
Kuriositätensammler	2500
Kuriosum	2500
Kurs	2500
Kursivdruck	2500
Kursivschrift	2500
Kursor	2500
Kursorposition	2500
Kursortasten	2500
Kursstürze	2500
Kursus	2500
Kurt	2500
Kurtisane	2500
Kurve	2500
Kurven	2500
Kurzatmigkeit	2500
Kurzlebigkeit	2500
Kurzsichtigkeit	2500
Kuschel	2500
Kusine	2500
Kuss	2500
Kusshand	2500
Kutsche	2500
Kutscher	2500
Kutte	2500
Kutter	2500
Kuvert	2500
Kuwait	2500
Kybernetik	2500
Kybernetiker	2500
Kyphose	2500
LAN	2500
LANs	2500
LCD	2500
LCR	2500
LDAP	2500
LED	2500
LEDs	2500
LGPL	2500
LSD	2500
LSI	2500
LZW	2500
Lächeln	2500
Lächerlichkeit	2500
Läden	2500
Lähmen	2500
Lähmungserscheinung	2500
Lämmer	2500
Lämpchen	2500
Länder	2500
Ländereien	2500
Ländler	2500
Längen	2500
Längs	2500
Längsreglernetzteile	2500
Lärche	2500
Lärm	2500
Lässigkeit	2500
Lästern	2500
Lätzchen	2500
Läufer	2500
Läuse	2500
Läutern	2500
LaTeX	2500
Laben	2500
Labertasche	2500
Labor	2500
Laborant	2500
Laboratorien	2500
Laboratorium	2500
Labourfraktion	2500
Labrador	2500
Labyrinth	2500
Lach	2500
Lache	2500
Lachens	2500
Lacher	2500
Lachs	2500
Lachseier	2500
Lachssteak	2500
Lack	2500
Lackierarbeit	2500
Lackierauftrag	2500
Lackieren	2500
Lackierer	2500
Lackierungskosten	2500
Lackschwarz	2500
Lacoste	2500
Ladbarkeit	2500
Lade	2500
Ladefile	2500
Laden	2500
Ladeprozessor	2500
Lader	2500
Ladungs	2500
Lady	2500
Lafette	2500
Lafettenköpfe	2500
Lafettenkopf	2500
Lafontaine	2500
Lage	2500
Lageberechnung	2500
Lagebericht	2500
Lagebesprechung	2500
Lagebeurteilung	2500
Lagegespräch	2500
Lagekontrolle	2500
Lagen	2500
Lagepläne	2500
Lageplan	2500
Lager	2500
Lagerist	2500
Lagern	2500
Lagesensor	2500
Lagevermessung	2500
Lageverschiebung	2500
Lago	2500
Lagune	2500
Lahn	2500
Lahr	2500
Laib	2500
Laibung	2500
Laie	2500
Laienbrüder	2500
Laienkunst	2500
Laienmeinung	2500
Laienplädoyer	2500
Laienprediger	2500
Laienpublikum	2500
Laientreffen	2500
Laientum	2500
Laizismus	2500
Lakai	2500
Laken	2500
Lakonie	2500
Lakritze	2500
Laktose	2500
Lama	2500
Lamborghini	2500
Lamee	2500
Lamelle	2500
Lametta	2500
Laminat	2500
Lamm	2500
Lammfellen	2500
Lampe	2500
Lampedusa	2500
Lampen	2500
Lamé	2500
Lancaster	2500
Land	2500
Landau	2500
Lande	2500
Landes	2500
Landescup	2500
Landesprache	2500
Landläufigkeit	2500
Landrover	2500
Landschafts	2500
Landshut	2500
Landsknecht	2500
Landsleute	2500
Landsmännin	2500
Landsmann	2500
Landsmannschaft	2500
Landstreicherei	2500
Landtags	2500
Landungs	2500
Langatmigkeit	2500
Langenscheidt	2500
Langeoog	2500
Langeweile	2500
Langläuferrendite	2500
Langlebigkeit	2500
Langmut	2500
Langobarde	2500
Langsam	2500
Langsamkeit	2500
Langstreb	2500
Langstrecke	2500
Langstreckenrennen	2500
Languedoc	2500
Languste	2500
Langwierigkeit	2500
Langzeit	2500
Langzeitbetrieb	2500
Langzeitfolgen	2500
Langzeitziele	2500
Lanka	2500
Lanthan	2500
Lanthanoid	2500
Lanzarote	2500
Lanze	2500
Lanzenstich	2500
Laos	2500
Laplace	2500
Lappalie	2500
Lappen	2500
Lappland	2500
Laptop	2500
Lars	2500
Larve	2500
Lasagne	2500
Lasche	2500
Laser	2500
Laserdisk	2500
Laserprinter	2500
Lassen	2500
Lasso	2500
Laster	2500
Latein	2500
Lateinamerika	2500
Lateiner	2500
Lateinlehrer	2500
Latenz	2500
Lateran	2500
Laterne	2500
Laternen	2500
Laternenpfähle	2500
Latifundien	2500
Latifundium	2500
Latinum	2500
Latte	2500
Latten	2500
Latwerge	2500
Latz	2500
Laub	2500
Laube	2500
Laubenbrand	2500
Laubenkolonie	2500
Lauch	2500
Laudatio	2500
Lauer	2500
Lauerstellung	2500
Lauf	2500
Laufens	2500
Laugenpumpe	2500
Laune	2500
Laus	2500
Lausbubenstreich	2500
Lausch	2500
Lauscher	2500
Lausitz	2500
Laut	2500
Lautenklang	2500
Lautfolge	2500
Lautmalerei	2500
Lautschrift	2500
Lautsprecher	2500
Lautsprechergequake	2500
Lautstärke	2500
Lava	2500
Lavendel	2500
Lawine	2500
Lawinen	2500
Layout	2500
Lazarett	2500
Lazarettschiff	2500
Lear	2500
Leasing	2500
Lebedame	2500
Leben	2500
Lebendigkeit	2500
Lebendimpfstoff	2500
Lebendvieh	2500
Lebendviehpreis	2500
Lebens	2500
Lebensunterhalt	2500
Leber	2500
Lebewesen	2500
Lebewohl	2500
Lebhaftigkeit	2500
Lebkuchen	2500
Lebzeiten	2500
Lech	2500
Leck	2500
Lecken	2500
Leckerbissen	2500
Leckerei	2500
Leckerli	2500
Leder	2500
Leer	2500
Leeren	2500
Legalisieren	2500
Legalität	2500
Legalitätsprinzip	2500
Legasthenie	2500
Legastheniker	2500
Legat	2500
Legehuhn	2500
Legeleistung	2500
Legen	2500
Legende	2500
Leger	2500
Leggings	2500
Legieren	2500
Legierungsmetall	2500
Legion	2500
Legionär	2500
Legislativrat	2500
Legislatur	2500
Legislaturperiode	2500
Legitimation	2500
Legitimations	2500
Legitimieren	2500
Legitimität	2500
Legitimitätskrise	2500
Leguan	2500
Lehm	2500
Lehmann	2500
Lehne	2500
Lehnsfrau	2500
Lehnsherr	2500
Lehnshoheit	2500
Lehnsmänner	2500
Lehnsmann	2500
Lehnsoberhoheit	2500
Lehnsstaat	2500
Lehnstuhl	2500
Lehnübersetzung	2500
Lehr	2500
Lehrämter	2500
Lehre	2500
Lehrens	2500
Lehrerschaft	2500
Lehrgangs	2500
Lehrling	2500
Lehrlingsausbilder	2500
Leib	2500
Leibarzt	2500
Leibeigenschaft	2500
Leibeserzieher	2500
Leibeserziehung	2500
Leibesfrüchte	2500
Leibesfrucht	2500
Leibespfunde	2500
Leibesumfang	2500
Leibesvisitation	2500
Leibfeindlichkeit	2500
Leibgarde	2500
Leibgardist	2500
Leibniz	2500
Leibregiment	2500
Leibrente	2500
Leibriemen	2500
Leibwächter	2500
Leibwächtermannschaft	2500
Leibwache	2500
Leica	2500
Leiche	2500
Leichen	2500
Leichnam	2500
Leichtfüßigkeit	2500
Leichtgewichtler	2500
Leichtigkeit	2500
Leichtsinnigkeit	2500
Leid	2500
Leiden	2500
Leidenschaft	2500
Leidenschaftlichkeit	2500
Leidensgenosse	2500
Leidensweg	2500
Leidwesen	2500
Leier	2500
Leierkasten	2500
Leierkastenmelodie	2500
Leierkastenmusik	2500
Leih	2500
Leim	2500
Leine	2500
Leinen	2500
Leinenband	2500
Leinensack	2500
Leinenweberei	2500
Leinöl	2500
Leinsamen	2500
Leinwände	2500
Leinwand	2500
Leipzig	2500
Leipziger	2500
Leiste	2500
Leisten	2500
Leister	2500
Leistungs	2500
Leistungsnormsenkung	2500
Leit	2500
Leiten	2500
Leiter	2500
Leitungs	2500
Leitwesen	2500
Lektion	2500
Lektor	2500
Lektüre	2500
Lemma	2500
Lemmata	2500
Lemmatisieren	2500
Lemming	2500
Lemmingkolonie	2500
Lemmingvolk	2500
Lende	2500
Lenden	2500
Lenin	2500
Leningrad	2500
Leninorden	2500
Lenk	2500
Lenken	2500
Lenker	2500
Lennon	2500
Lenovo	2500
Lenz	2500
Leonardo	2500
Leonore	2500
Leopard	2500
Leopold	2500
Leporello	2500
Lepra	2500
Leprakranker	2500
Lerche	2500
Lern	2500
Lernen	2500
Lesart	2500
Lesbarkeit	2500
Lesbe	2500
Lesbierin	2500
Lese	2500
Lesen	2500
Leser	2500
Leserbeitrag	2500
Leserbrief	2500
Leserforum	2500
Leserkommentar	2500
Leserkreis	2500
Lesermeinung	2500
Leserreaktion	2500
Leserschaft	2500
Leserumfrage	2500
Leserzuschrift	2500
Lessing	2500
Letalität	2500
Lethargie	2500
Lette	2500
Letter	2500
Lettland	2500
Letzt	2500
Leucht	2500
Leuchte	2500
Leuchter	2500
Leugnen	2500
Leugner	2500
Leukämie	2500
Leukoplast	2500
Leumund	2500
Leute	2500
Leutnant	2500
Level	2500
Leverkusen	2500
Leverkusener	2500
Leviten	2500
Lexika	2500
Lexikograph	2500
Lexikon	2500
Liaison	2500
Liane	2500
Libanese	2500
Libanon	2500
Libelle	2500
Liberalisieren	2500
Liberalisierungsansatz	2500
Liberalismus	2500
Liberalität	2500
Liberia	2500
Libero	2500
Libertinage	2500
Libido	2500
LibreOffice	2500
Libyen	2500
Libyer	2500
Licht	2500
Lichten	2500
Lichtenberg	2500
Lichterfest	2500
Lichterkette	2500
Lichtmess	2500
Lid	2500
Lido	2500
Lidschatten	2500
Liebe	2500
Liebelei	2500
Liebenswürdigkeit	2500
Liebes	2500
Liebesbezeigung	2500
Liebeshändeln	2500
Liebestöter	2500
Liebhaber	2500
Liebhaberei	2500
Liebknecht	2500
Lieblichkeit	2500
Liebling	2500
Lieblings	2500
Lieblingsspeise	2500
Lieblosigkeit	2500
Liebreiz	2500
Liebschaft	2500
Liechtenstein	2500
Liechtensteiner	2500
Lied	2500
Liederabend	2500
Liedermacher	2500
Liederzyklus	2500
Liedgut	2500
Liedmelodie	2500
Liefer	2500
Lieferanmahnung	2500
Lieferantenerklärung	2500
Lieferantenquelle	2500
Lieferbarkeit	2500
Lieferfristforderung	2500
Liefern	2500
Lieferungsbedingung	2500
Lieferungsschein	2500
Liege	2500
Liegenschaft	2500
Lift	2500
Liftsystem	2500
Liga	2500
Ligatur	2500
Ligen	2500
Likör	2500
Likörfabrik	2500
Lilie	2500
Liliput	2500
Liliputaner	2500
Lille	2500
Lima	2500
Limerick	2500
Limes	2500
Limit	2500
Limitation	2500
Limitieren	2500
Limo	2500
Limonade	2500
Lincoln	2500
Lindau	2500
Lindbergh	2500
Linde	2500
Lindenallee	2500
Lindenberg	2500
Lindenstraße	2500
Lindern	2500
Linderungsmittel	2500
Lineal	2500
Linearbeschleuniger	2500
Linearisieren	2500
Linearität	2500
Linearkombination	2500
Linearmotor	2500
Lineatur	2500
Linefeed	2500
Lineprinter	2500
Linguist	2500
Linguistik	2500
Link	2500
Linkshänder	2500
Linkslastigkeit	2500
Linnen	2500
Linné	2500
Linoleum	2500
Linse	2500
Linsen	2500
Linus	2500
Linux	2500
Linz	2500
Lipide	2500
Lipizzaner	2500
Lippe	2500
Lippen	2500
Liquidation	2500
Liquidations	2500
Liquidator	2500
Liquidität	2500
Liquiditäts	2500
Lira	2500
Lire	2500
Lisa	2500
Lisbeth	2500
Lisp	2500
Lissabon	2500
List	2500
Listbefehl	2500
Listen	2500
Liszt	2500
Litauen	2500
Liter	2500
Literat	2500
Literatur	2500
Litfaßsäule	2500
Lithium	2500
Lithiumbatterie	2500
Lithografie	2500
Lithographie	2500
Litowsk	2500
Liturgie	2500
Litze	2500
Liverpool	2500
Liveübertragung	2500
Livingstone	2500
Livland	2500
Liz	2500
Lizenz	2500
Lizenziat	2500
Lizenzieren	2500
Lizenzierungsantrag	2500
Lkw	2500
Lloyd	2500
Löcher	2500
Löffel	2500
Löffler	2500
Löhne	2500
Löß	2500
Lösbarkeit	2500
Lösch	2500
Löschen	2500
Löscher	2500
Lösegeld	2500
Lösegeldsumme	2500
Lösemittel	2500
Lösen	2500
Lösezeit	2500
Löslichkeit	2500
Lösungs	2500
Lösungswettbewerb	2500
Löt	2500
Löten	2500
Löwe	2500
Löwen	2500
Lob	2500
Lobby	2500
Lobbyist	2500
Lobeswort	2500
Lobgesang	2500
Lobhudelei	2500
Loblied	2500
Lobpreisen	2500
Lobsprüche	2500
Lobspruch	2500
Loch	2500
Lochen	2500
Locher	2500
Lock	2500
Locken	2500
Lockerheit	2500
Lockern	2500
Lockerungsarbeit	2500
Lockerungstraining	2500
Lockheed	2500
Lodenmantel	2500
Lofoten	2500
Logarithmieren	2500
Logarithmus	2500
Logbücher	2500
Logbuch	2500
Logenplatz	2500
Loggia	2500
Loggien	2500
Logik	2500
Logiker	2500
Login	2500
Logis	2500
Logistik	2500
Logo	2500
Logopäde	2500
Logopädie	2500
Lohn	2500
Lohnwalzung	2500
Loire	2500
Lok	2500
Lokal	2500
Lokalisation	2500
Lokalisierbarkeit	2500
Lokalisierung	2500
Lokalität	2500
Lokalkolorit	2500
Lokführer	2500
Lokführergewerkschaft	2500
Lokheizer	2500
Lokomotive	2500
Lokomotivführer	2500
Lolita	2500
Lollobrigida	2500
Lombarde	2500
Lombardei	2500
Lombardkredit	2500
Lombardzins	2500
London	2500
Lorbeer	2500
Lord	2500
Lore	2500
Loreley	2500
Lorentzkräfte	2500
Lorentzkraft	2500
Lorenz	2500
Losentscheid	2500
Losentscheidung	2500
Losgelöstsein	2500
Losglück	2500
Loslösen	2500
Losnummer	2500
Lot	2500
Lotabdeckung	2500
Lothar	2500
Lothringen	2500
Lotion	2500
Lotos	2500
Lotosblüte	2500
Lotrechte	2500
Lotse	2500
Lottchen	2500
Lotte	2500
Lotterie	2500
Lotto	2500
Louis	2500
Louisiana	2500
Lourdes	2500
Louvre	2500
Lovestory	2500
Lowpegel	2500
Loyalität	2500
Loyalitätserklärung	2500
Loyalitätsfrage	2500
Loyalitätskonflikt	2500
Loyalitätspflicht	2500
Loyalitätstelegramm	2500
Ltd.	2500
Lübeck	2500
Lübecker	2500
Lücke	2500
Lücken	2500
Lüftchen	2500
Lüften	2500
Lüfter	2500
Lüfterregelung	2500
Lüftungs	2500
Lüge	2500
Lügen	2500
Lügenbold	2500
Lügerei	2500
Lügner	2500
Lümmel	2500
Lüneburg	2500
Lüste	2500
Lüsterklemme	2500
Lüsternheit	2500
Lüttich	2500
Luchs	2500
Luchsfell	2500
Luder	2500
Ludwig	2500
Ludwigsburg	2500
Ludwigsfelde	2500
Ludwigshafen	2500
Luft	2500
Luftfahrtindustrielle	2500
Luftfahrtsachverständige	2500
Luftfederungssystem	2500
Lufthansa	2500
Luftmachen	2500
Lufttransportverbande	2500
Luftwaffenoberstleutnant	2500
Lug	2500
Lugano	2500
Luke	2500
Lukullismen	2500
Lumen	2500
Lumineszenz	2500
Lumpen	2500
Lumpenverarbeitung	2500
Lunchpaket	2500
Lunge	2500
Lungen	2500
Lungenfibrose	2500
Lunte	2500
Lupe	2500
Lust	2500
Lustigkeit	2500
Luther	2500
Lutheraner	2500
Lutschbonbon	2500
Lutz	2500
Luxemburg	2500
Luxus	2500
Luzern	2500
Luzerner	2500
Luzifer	2500
Lydien	2500
Lymph	2500
Lymphozyt	2500
Lynchjustiz	2500
Lyrik	2500
Lyrikband	2500
Lyriker	2500
Lyzeum	2500
MAD	2500
MB	2500
MBB	2500
MBit	2500
MByte	2500
MDR	2500
MHz	2500
MIDI	2500
MITI	2500
MPEG	2500
MSDOS	2500
Mäander	2500
Mäanderfahrt	2500
Mächte	2500
Mächtigkeit	2500
Mädchen	2500
Mädel	2500
Mädesüß	2500
Mähdrescher	2500
Mähen	2500
Mäher	2500
Mähmaschine	2500
Mähne	2500
Mähnenkamm	2500
Mängel	2500
Männchen	2500
Männer	2500
Männlein	2500
Männlichkeit	2500
Mäntel	2500
Märchen	2500
Märkchen	2500
Märker	2500
Märklin	2500
Märsche	2500
Märtyrer	2500
Märtyrertum	2500
Märtyrin	2500
Mäßigen	2500
Mäßigkeit	2500
Mätresse	2500
Mätzchen	2500
Mäulchen	2500
Mäuler	2500
Mäuse	2500
Mäusebussard	2500
Mäzen	2500
Maar	2500
Maas	2500
Maastricht	2500
Maastrichter	2500
Maasübergang	2500
Mac	2500
Machart	2500
Machbarkeit	2500
Machbarkeitsstudie	2500
Machenschaft	2500
Macher	2500
Machete	2500
Machiavelli	2500
Macho	2500
Machthabende	2500
Machtübernahme	2500
Macintosh	2500
Macke	2500
Macker	2500
Madagaskar	2500
Made	2500
Madonna	2500
Madonnenbild	2500
Madrid	2500
Maestro	2500
Mafia	2500
Mafiosi	2500
Mafioso	2500
Magazin	2500
Magazinschwenken	2500
Magd	2500
Magdalena	2500
Magdeburg	2500
Magen	2500
Magenkranke	2500
Magenta	2500
Magerjahren	2500
Magerkäse	2500
Magerkohle	2500
Magermilch	2500
Magermilchpulver	2500
Magersucht	2500
Maghreb	2500
Maghrebiner	2500
Magie	2500
Magier	2500
Magister	2500
Magistrat	2500
Magistratsbeamte	2500
Magma	2500
Magnesium	2500
Magnesiumbedarf	2500
Magnesiumverbrauch	2500
Magnet	2500
Magnetik	2500
Magnetisieren	2500
Magnetismus	2500
Magnetophon	2500
Magnolie	2500
Mahagoni	2500
Maharadscha	2500
Mahatma	2500
Mahjongg	2500
Mahl	2500
Mahlerzeugnis	2500
Mahlkontingent	2500
Mahlleistung	2500
Mahlzeit	2500
Mahn	2500
Mahnen	2500
Mahner	2500
Mahnmäler	2500
Mahnmahl	2500
Mahnmal	2500
Maiensonne	2500
Maiglöckchenduft	2500
Mail	2500
Mailänder	2500
Mailingliste	2500
Mailorder	2500
Mailserver	2500
Mainboard	2500
Mainframe	2500
Mainstream	2500
Mainz	2500
Mainzer	2500
Maisernte	2500
Maiskolben	2500
Maisladung	2500
Majestät	2500
Majestätsbeleidigung	2500
Majonäse	2500
Major	2500
Majoran	2500
Majorität	2500
Makedonien	2500
Makefile	2500
Makel	2500
Makkaroni	2500
Makler	2500
Maklerangebote	2500
Maklerbüro	2500
Maklercourtage	2500
Maklergebühr	2500
Maklerkosten	2500
Maklerprovision	2500
Maklertafeln	2500
Maklervermittlung	2500
Makrele	2500
Makro	2500
Makrosubstitution	2500
Makulatur	2500
Makulaturwert	2500
Mal	2500
Malaise	2500
Malaria	2500
Malaysia	2500
Malblöcke	2500
Malblock	2500
Malediven	2500
Maler	2500
Malerarbeiten	2500
Malerbedarf	2500
Malerei	2500
Malereimer	2500
Malergeselle	2500
Malermeister	2500
Malfläche	2500
Malheur	2500
Mali	2500
Malkunst	2500
Malkurs	2500
Mallorca	2500
Malmittel	2500
Malmö	2500
Malo	2500
Maloche	2500
Malstrom	2500
Malta	2500
Malteser	2500
Malus	2500
Malve	2500
Malweise	2500
Malz	2500
Malzkaffee	2500
Mama	2500
Mammographie	2500
Mammon	2500
Mammut	2500
Management	2500
Manager	2500
Manchester	2500
Mandant	2500
Mandantenkreis	2500
Mandarin	2500
Mandarine	2500
Mandat	2500
Mandatsaberkennung	2500
Mandatsgebiet	2500
Mandatsverlust	2500
Mandatsverteilung	2500
Mandatsverzicht	2500
Mandel	2500
Mandoline	2500
Mandschurei	2500
Manege	2500
Manfred	2500
Mangan	2500
Manganfunde	2500
Mangangehalt	2500
Mangel	2500
Mangelhaftigkeit	2500
Manhattan	2500
Manie	2500
Manier	2500
Manierensteuer	2500
Manieriertheit	2500
Manierismus	2500
Manierist	2500
Manifest	2500
Manifestation	2500
Manila	2500
Manipulation	2500
Manipulations	2500
Manipulierbarkeit	2500
Manipulieren	2500
Manitu	2500
Manko	2500
Mann	2500
Manna	2500
Mannequin	2500
Mannequinschule	2500
Mannesgesicht	2500
Mannesmann	2500
Mannesmut	2500
Mannheim	2500
Mannheimer	2500
Mannigfaltigkeit	2500
Mannit	2500
Mannsbild	2500
Mannschaft	2500
Mannschafts	2500
Manntag	2500
Mannwoche	2500
Manöver	2500
Manöverball	2500
Manöverunglück	2500
Manövrierraum	2500
Manometer	2500
Mansarddach	2500
Mansarde	2500
Mansardendach	2500
Mansardenfenster	2500
Mansardenstube	2500
Mansardenwohnung	2500
Mansardenzimmer	2500
Manschette	2500
Manschettenknöpfe	2500
Manschettenknopf	2500
Mantel	2500
Mantisse	2500
Mantra	2500
Manual	2500
Manuela	2500
Manufaktur	2500
Manuskript	2500
Manz	2500
Mao	2500
Maori	2500
Mappe	2500
Mappen	2500
Maraschino	2500
Marathon	2500
Marburg	2500
Marburger	2500
Marc	2500
Marcel	2500
Marder	2500
Margarete	2500
Margarine	2500
Marge	2500
Margentarife	2500
Margerite	2500
Marginalie	2500
Maria	2500
Marianne	2500
Marie	2500
Marienbild	2500
Mariendogmen	2500
Marienkäfer	2500
Marienklage	2500
Marienkult	2500
Marihuana	2500
Marilyn	2500
Marine	2500
Marion	2500
Marionette	2500
Marionettentheater	2500
Marita	2500
Marius	2500
Mark	2500
Markbeträge	2500
Marken	2500
Marketing	2500
Markgraf	2500
Markieren	2500
Markierungsecke	2500
Markierungsgerät	2500
Markise	2500
Markknochen	2500
Markov	2500
Markstücke	2500
Markt	2500
Markus	2500
Markusdom	2500
Marlene	2500
Marmarameer	2500
Marmelade	2500
Marmeladen	2500
Marmor	2500
Marmorierung	2500
Marne	2500
Marnelinie	2500
Marneschlacht	2500
Marneufer	2500
Marodeur	2500
Marokkaner	2500
Marokko	2500
Marokkokrise	2500
Marquise	2500
Marrakesch	2500
Mars	2500
Marsala	2500
Marsch	2500
Marschall	2500
Marseille	2500
Marshallplan	2500
Marsmensch	2500
Marssonde	2500
Marter	2500
Martin	2500
Martina	2500
Martyrien	2500
Martyrium	2500
Marx	2500
Marxismus	2500
Marxist	2500
Mary	2500
Marzahn	2500
Marzipan	2500
Marzipanbrote	2500
Maß	2500
Maßhaltigkeit	2500
Maßnahmenkatalog	2500
Maßname	2500
Maßvorlage	2500
Mascarpone	2500
Masche	2500
Maschendraht	2500
Maschendrahtzäune	2500
Maschendrahtzaun	2500
Maschennetz	2500
Maschine	2500
Maschinen	2500
Maschinenstillstand	2500
Maschinerie	2500
Maschinist	2500
Masern	2500
Masernerkrankung	2500
Masernimpfung	2500
Maske	2500
Masken	2500
Maskenbildner	2500
Maskerade	2500
Maskottchen	2500
Maskulina	2500
Maskulinum	2500
Masochismus	2500
Masquerading	2500
Massachusetts	2500
Massage	2500
Massageliege	2500
Massaker	2500
Massakeropfer	2500
Masse	2500
Masseanschlüsse	2500
Masseausgang	2500
Masseblech	2500
Masseelektrode	2500
Massekabel	2500
Massekopplung	2500
Masseleitung	2500
Massen	2500
Massenkeilerei	2500
Masseschleife	2500
Masseschluss	2500
Masseur	2500
Masseuse	2500
Masseverbindung	2500
Massieren	2500
Massiv	2500
Mast	2500
Masterarbeit	2500
Mastercard	2500
Mastermind	2500
Mastrinderschau	2500
Masturbation	2500
Matador	2500
Matchball	2500
Materialismus	2500
Materialist	2500
Materie	2500
Mathe	2500
Mathematik	2500
Mathematiker	2500
Mathematisieren	2500
Mathilde	2500
Matinee	2500
Matratze	2500
Matrices	2500
Matrikel	2500
Matrix	2500
Matrizen	2500
Matrizes	2500
Matrone	2500
Matroschka	2500
Matrose	2500
Matrosen	2500
Matsch	2500
Matsushita	2500
Matte	2500
Matterhorn	2500
Matthäus	2500
Matthias	2500
Mattigkeit	2500
Mattscheibe	2500
Mattsetzen	2500
Maturität	2500
Maul	2500
Maulwurfshügel	2500
Maurenreich	2500
Maurer	2500
Maurerkelle	2500
Maurerpolier	2500
Mauretanien	2500
Maurice	2500
Mauritius	2500
Maus	2500
Mauser	2500
Mausoleum	2500
Maut	2500
Max	2500
Maxima	2500
Maximal	2500
Maximalwerttrigger	2500
Maxime	2500
Maximieren	2500
Maximierungsstrategie	2500
Maximilian	2500
Maximum	2500
Maxwell	2500
Maya	2500
Mayflower	2500
Mayonnaise	2500
Mazda	2500
Mazedonien	2500
Mazurka	2500
McCarthy	2500
McDonald	2500
Md	2500
Mechanik	2500
Mechaniker	2500
Mechanikerlehrling	2500
Mechanikkonstruktion	2500
Mechanisieren	2500
Mechanisierungsgrad	2500
Mechanismen	2500
Mechanismus	2500
Mecklenburg	2500
Medaille	2500
Medaillen	2500
Medaillon	2500
Media	2500
Medianlinie	2500
Medianschnitt	2500
Medianwert	2500
Mediathek	2500
Mediator	2500
Medici	2500
Medien	2500
Medienschaffende	2500
Medikament	2500
Medikamenten	2500
Medikation	2500
Medina	2500
Meditation	2500
Medium	2500
Medizin	2500
Mediziner	2500
Meer	2500
Meerblick	2500
Meerechse	2500
Meerenge	2500
Meeres	2500
Meeresentsalzung	2500
Meerschaum	2500
Meerschweinchen	2500
Meersicht	2500
Meerwasser	2500
Meeting	2500
Megäre	2500
Megabit	2500
Megabyte	2500
Megafon	2500
Megalith	2500
Megaphon	2500
Megatonnen	2500
Megatrend	2500
Megawatt	2500
Megawattstunde	2500
Mehl	2500
Mehrdeutigkeit	2500
Mehrdimensionalität	2500
Mehren	2500
Mehrheit	2500
Mehrheits	2500
Mehrjährigkeit	2500
Mehrsprachigkeit	2500
Meiden	2500
Meier	2500
Meile	2500
Meilenschritt	2500
Meilenstein	2500
Meiler	2500
Meineid	2500
Meinungs	2500
Meinungsbildner	2500
Meinungsmache	2500
Meißel	2500
Meißelanordnung	2500
Meißelposition	2500
Meißelspitze	2500
Meißen	2500
Meise	2500
Meistbegünstigungsklausel	2500
Meister	2500
Meisterschaft	2500
Meisterschafts	2500
Mekka	2500
Mekong	2500
Mekonggebiet	2500
Melancholie	2500
Melanie	2500
Melanom	2500
Melde	2500
Melden	2500
Melder	2500
Meldungsarchiv	2500
Melissengeist	2500
Melkmaschine	2500
Melodie	2500
Melodram	2500
Melone	2500
Melonensuppe	2500
Membran	2500
Membranabdeckung	2500
Membrankörper	2500
Memel	2500
Memelgebiet	2500
Memo	2500
Memoiren	2500
Memorandum	2500
Memorymap	2500
Memphis	2500
Mendel	2500
Mendelssohn	2500
Menetekel	2500
Meniskus	2500
Meniskusoperation	2500
Meniskusriss	2500
Meniskusverletzung	2500
Mensa	2500
Mensch	2500
Menschen	2500
Menschheit	2500
Menschheits	2500
Menschlein	2500
Menschlichkeit	2500
Menschwerden	2500
Menstruation	2500
Menstruations	2500
Mensur	2500
Mentalität	2500
Menthol	2500
Mentor	2500
Menü	2500
Mephisto	2500
Meran	2500
Mercedes	2500
Merck	2500
Mergentheim	2500
Meriten	2500
Merk	2500
Merkel	2500
Merker	2500
Merkmal	2500
Merkmalskombination	2500
Merkmalsreduktion	2500
Merkur	2500
Merkwürdigkeit	2500
Merlin	2500
Merowinger	2500
Mesner	2500
Mesolithikum	2500
Mesopotamien	2500
Mess	2500
Messbarkeit	2500
Messe	2500
Messen	2500
Messer	2500
Messerschneide	2500
Messerstecherei	2500
Messias	2500
Messina	2500
Messing	2500
Messner	2500
Metabolismus	2500
Metaebene	2500
Metageschäfte	2500
Metall	2500
Metallindustrielle	2500
Metallisierung	2500
Metallkundler	2500
Metallurgie	2500
Metamorphose	2500
Metapher	2500
Metaphysik	2500
Meteor	2500
Meteoritenblock	2500
Meteoriteneinschläge	2500
Meteorologe	2500
Meteorologie	2500
Metermaß	2500
Meterware	2500
Methadon	2500
Methan	2500
Methangase	2500
Methanol	2500
Methode	2500
Methoden	2500
Methodik	2500
Methodist	2500
Methodologie	2500
Metier	2500
Metrik	2500
Metro	2500
Metronom	2500
Metropole	2500
Metropolis	2500
Metternich	2500
Metz	2500
Metzelei	2500
Metzger	2500
Metzgerei	2500
Metzgereiwagen	2500
Metzgergasse	2500
Metzgerladen	2500
Meuchelmord	2500
Meute	2500
Meuterei	2500
Meuterer	2500
Meutererschiff	2500
Mexikaner	2500
Mexiko	2500
Meyer	2500
MiB	2500
Miami	2500
Michael	2500
Michaela	2500
Michel	2500
Michelangelo	2500
Michelin	2500
Mick	2500
Microsoft	2500
Midas	2500
Midlands	2500
Midlifecrisis	2500
Mieder	2500
Miederfabrik	2500
Miederindustrie	2500
Miederwaren	2500
Mief	2500
Miene	2500
Mienenspiel	2500
Miesmacher	2500
Miesmuschel	2500
Miet	2500
Miete	2500
Mietebemessung	2500
Mieten	2500
Mieter	2500
Mietevorauszahlung	2500
Mietglied	2500
Mietshaus	2500
Mietsstube	2500
Mieze	2500
Miezekätzchen	2500
Miezekatze	2500
Migräne	2500
Migrant	2500
Migrantenfamilie	2500
Migrantenkind	2500
Migrantenverbände	2500
Migration	2500
Migrations	2500
Mikado	2500
Mikro	2500
Mikrobe	2500
Mikrocontroller	2500
Mikrofon	2500
Mikrophon	2500
Mikroprozessor	2500
Mikroskop	2500
Mikroskoptechnik	2500
Milan	2500
Milbe	2500
Milch	2500
Mildern	2500
Milderungsgründe	2500
Milderungsgrund	2500
Mildtätigkeit	2500
Milieu	2500
Milieuschilderung	2500
Milieustudie	2500
Militär	2500
Militärjunta	2500
Militärjunten	2500
Militärseelsorge	2500
Militarismus	2500
Militarist	2500
Military	2500
Miliz	2500
Milizionär	2500
Milizoberst	2500
Mill.	2500
Millennium	2500
Milliardär	2500
Milliarde	2500
Milliarden	2500
Milliardstels	2500
Milliardstelsekunde	2500
Milligramm	2500
Millimeterarbeit	2500
Millimeterbereich	2500
Milliönchen	2500
Million	2500
Millionär	2500
Millionärs	2500
Millionen	2500
Millionstels	2500
Millisekunde	2500
Millisievert	2500
Milliwatt	2500
Milosevic	2500
Milz	2500
Milzriss	2500
Mime	2500
Mimik	2500
Mimikry	2500
Mimose	2500
Minarett	2500
Minden	2500
Mindereinnahme	2500
Minderheit	2500
Minderheiten	2500
Minderheits	2500
Minderleistung	2500
Mindern	2500
Minderwertigkeit	2500
Minderwertigkeitsgefühl	2500
Minderwertigkeitskomplex	2500
Minderzahl	2500
Mindest	2500
Mine	2500
Minen	2500
Mineral	2500
Mineralien	2500
Mineralöl	2500
Mineralölsteuern	2500
Mineralölunternehmen	2500
Ming	2500
Mini	2500
Miniatur	2500
Minicar	2500
Minima	2500
Minimal	2500
Minimieren	2500
Minimum	2500
Minimumverfahren	2500
Miniprinter	2500
Minister	2500
Ministerial	2500
Ministerien	2500
Ministerium	2500
Ministeriumsmitarbeiter	2500
Ministeriumssprecher	2500
Ministrant	2500
Minnesänger	2500
Minolta	2500
Minorität	2500
Minotauren	2500
Minotaurus	2500
Minsk	2500
Minsker	2500
Minustemperaturen	2500
Minuszeichen	2500
Minuten	2500
Mio.	2500
Mips	2500
Miriam	2500
Misanthrop	2500
Misch	2500
Mischanlage	2500
Mischehe	2500
Mischen	2500
Mischer	2500
Mischerdüse	2500
Mischerflaschen	2500
Mischerteil	2500
Mischling	2500
Mischpoche	2500
Mischpoke	2500
Mischungs	2500
Misere	2500
Missachten	2500
Missbehagen	2500
Missbildung	2500
Missbilligen	2500
Missbräuche	2500
Missbrauch	2500
Missbrauchs	2500
Missbrauchskandals	2500
Missdeuten	2500
Misserfolg	2500
Missernte	2500
Missetäter	2500
Missetat	2500
Missfallenskundgebung	2500
Missgeburt	2500
Missgeschick	2500
Missgriff	2500
Missgunst	2500
Misshandeln	2500
Misshelligheit	2500
Missinformation	2500
Mission	2500
Missionar	2500
Missionieren	2500
Missionsarbeit	2500
Missionschef	2500
Missionsländer	2500
Missionsstadt	2500
Mississippi	2500
Missklang	2500
Misskredit	2500
Missmanagement	2500
Missmut	2500
Missstände	2500
Missstand	2500
Missstimmung	2500
Misstöne	2500
Misston	2500
Misstrauen	2500
Misstrauensvoten	2500
Misstrauensvotum	2500
Missvergnügen	2500
Missverhältnis	2500
Missverständnis	2500
Misswahl	2500
Misswirtschaft	2500
Mist	2500
Mister	2500
Mistgabel	2500
Misthäufen	2500
Misthaufen	2500
Mistigkeit	2500
Mistkäfer	2500
Mistral	2500
Mistvieh	2500
Mitarbeiter	2500
Mitbringsel	2500
Mitglieder	2500
Mitglieds	2500
Mitgliedschaft	2500
Mitgliedstaat	2500
Mithras	2500
Mitlied	2500
Mitsommer	2500
Mitsprachemöglichkeit	2500
Mitspracherecht	2500
Mitsubishi	2500
Mittag	2500
Mittagessen	2500
Mittags	2500
Mittagsläuten	2500
Mittdreißiger	2500
Mitte	2500
Mitteilungs	2500
Mittelamerika	2500
Mittelasien	2500
Mittelengland	2500
Mitteleuropa	2500
Mittelfranken	2500
Mittelgewichtklasse	2500
Mittelgewichtler	2500
Mittelholland	2500
Mittelitalien	2500
Mittelmeerfahrt	2500
Mittelmeerhäfen	2500
Mittelmeerhafen	2500
Mittelmeerküste	2500
Mittelmeerländer	2500
Mittelmeerraum	2500
Mittelmeersonne	2500
Mittelmeertief	2500
Mitteln	2500
Mittelrhein	2500
Mittelsleute	2500
Mittelsmänner	2500
Mittelsmann	2500
Mittelsperson	2500
Mittelstandskreise	2500
Mittelstandspolitik	2500
Mittelstandsproblem	2500
Mittenabgriff	2500
Mittenfrequenz	2500
Mitternacht	2500
Mitternachts	2500
Mitterrand	2500
Mittler	2500
Mittlerfunktion	2500
Mittlerstellung	2500
Mittsommernacht	2500
Mittvierziger	2500
Mittwochmorgen	2500
Mittwochs	2500
Mittzwanziger	2500
Mitwisser	2500
Mix	2500
Mixer	2500
Mixgeräte	2500
Mixgetränk	2500
Mixstab	2500
Mixtur	2500
Mnemonik	2500
Mnemoniker	2500
Mnemotechnik	2500
Mnemotechniker	2500
Möbel	2500
Möbiusband	2500
Möchtegern	2500
Möglichkeit	2500
Möglichkeitsform	2500
Möhre	2500
Möllemann	2500
Möller	2500
Mönch	2500
Mönchengladbach	2500
Mönchstum	2500
Möpse	2500
Mörder	2500
Mörser	2500
Mörsergranate	2500
Mörtel	2500
Mörtelgeruch	2500
Möwe	2500
Mob	2500
Mobbing	2500
Mobbingvorwürfe	2500
Mobil	2500
Mobiliar	2500
Mobilien	2500
Mobilisation	2500
Mobilisieren	2500
Mobilität	2500
Mobilmachen	2500
Mobilmachungsgesetz	2500
Mobilwettbewerb	2500
Modalität	2500
Mode	2500
Modell	2500
Modellieren	2500
Modellösung	2500
Modem	2500
Modemkabel	2500
Modemuffel	2500
Modemverbindung	2500
Moderation	2500
Moderationstext	2500
Moderator	2500
Modernisieren	2500
Modernisierungs	2500
Modernität	2500
Modi	2500
Modifikation	2500
Modifikator	2500
Modifizieren	2500
Modul	2500
Modula	2500
Modularisieren	2500
Modularisierungs	2500
Modularität	2500
Modulation	2500
Modulator	2500
Modus	2500
Moduswort	2500
Mofa	2500
Mogadischu	2500
Mogelpackung	2500
Mogul	2500
Mogulreich	2500
Mohair	2500
Mohammed	2500
Mohammedaner	2500
Mohikaner	2500
Mohn	2500
Mohnanbauverbot	2500
Mohnfeld	2500
Mohr	2500
Mohrenköpfe	2500
Mohrenkopf	2500
Moiré	2500
Mokka	2500
Mokkatassen	2500
Mol	2500
Moldau	2500
Mole	2500
Molekül	2500
Molekülformel	2500
Molekülkette	2500
Molekularbiologe	2500
Molekularbiologie	2500
Molekularchemie	2500
Molekulargewicht	2500
Moliere	2500
Molkerei	2500
Moll	2500
Molukken	2500
Molybdän	2500
Mombasa	2500
Momentaufnahme	2500
Momo	2500
Monaco	2500
Monarch	2500
Monarchie	2500
Monarchist	2500
Monats	2500
Mond	2500
Mondamin	2500
Monegasse	2500
Monetarisieren	2500
Moneten	2500
Mongole	2500
Mongolei	2500
Monika	2500
Monitor	2500
Monoblockachse	2500
Monoblockausleger	2500
Monogamie	2500
Monogramm	2500
Monographie	2500
Monokultur	2500
Monolog	2500
Monomanie	2500
Monomorphismen	2500
Monomorphismus	2500
Monopol	2500
Monopolist	2500
Monopoly	2500
Monostruktur	2500
Monotheismus	2500
Monotheist	2500
Monotonie	2500
Monotype	2500
Monroe	2500
Monster	2500
Monsun	2500
Monsunregen	2500
Mont	2500
Montage	2500
Montagmorgen	2500
Montags	2500
Montan	2500
Montblanc	2500
Montenegro	2500
Monteur	2500
Montgomery	2500
Montpellier	2500
Montreal	2500
Montur	2500
Monument	2500
Monumentalbauten	2500
Monumentalgemälde	2500
Monumentalmalerei	2500
Moor	2500
Moos	2500
Moosgummi	2500
Mooshaus	2500
Moped	2500
Mopedmotor	2500
Mopp	2500
Mops	2500
Moräne	2500
Moränen	2500
Moräste	2500
Moral	2500
Moralist	2500
Morast	2500
Moratorien	2500
Moratorium	2500
Morbidität	2500
Morbus	2500
Morchel	2500
Mord	2500
Morden	2500
Mordio	2500
Mordsgaudi	2500
Mordsgewitter	2500
Mordsspaß	2500
Morgana	2500
Morgengrauen	2500
Morgenmuffel	2500
Mormone	2500
Mormonenkirche	2500
Moron	2500
Morphem	2500
Morphismen	2500
Morphismus	2500
Morphium	2500
Morphologie	2500
Morris	2500
Morse	2500
Mosaik	2500
Mosambik	2500
Moschee	2500
Moschushirsch	2500
Mosel	2500
Moser	2500
Moses	2500
Moskau	2500
Moskauer	2500
Moskauhörigkeit	2500
Moskito	2500
Moskitonetze	2500
Moskowiter	2500
Moslem	2500
Most	2500
Motel	2500
Motherboard	2500
Motiv	2500
Motivation	2500
Motivieren	2500
Motocross	2500
Motor	2500
Motoren	2500
Motorik	2500
Motorola	2500
Motorroller	2500
Motte	2500
Motten	2500
Motto	2500
Mountpoint	2500
Mozart	2500
Mozilla	2500
Mozzarella	2500
Mr	2500
Mrd.	2500
Mücke	2500
Mücken	2500
Müdigkeit	2500
Mühle	2500
Mühlenbetrieb	2500
Mühlenkanal	2500
Mühlstein	2500
Mühsal	2500
Mülheim	2500
Müll	2500
Müller	2500
Müllermeister	2500
Müllwerker	2500
München	2500
Münchener	2500
Münchhausen	2500
Münchner	2500
Mündel	2500
Münden	2500
Münder	2500
Mündigkeit	2500
Münster	2500
Münsteraner	2500
Müntefering	2500
Münz	2500
Münze	2500
Münzer	2500
Müßiggang	2500
Müsli	2500
Mütter	2500
Müttergenesungswerk	2500
Mütterlichkeit	2500
Mütze	2500
Mützendieb	2500
Mützenindustrie	2500
Mubarak	2500
Mudschaheddin	2500
Muffe	2500
Muffenleiste	2500
Mulatte	2500
Mulde	2500
Mull	2500
Multi	2500
Multimedia	2500
Multimilliarden	2500
Multimillionär	2500
Multiplechoicefrage	2500
Multiplechoiceverfahren	2500
Multiplikation	2500
Multiplikationsteil	2500
Multiplikator	2500
Multiplikatoreffekt	2500
Multitasking	2500
Multivitaminsäfte	2500
Multivitaminsaft	2500
Mumie	2500
Mumifizieren	2500
Mumm	2500
Mummenschanz	2500
Mumpitz	2500
Mumps	2500
Mund	2500
Mundharmonika	2500
Munition	2500
Munitions	2500
Munterkeit	2500
Murks	2500
Murksbehebung	2500
Murmel	2500
Mus	2500
Muße	2500
Muschel	2500
Muschi	2500
Muse	2500
Museum	2500
Museums	2500
Musical	2500
Musik	2500
Musikanten	2500
Musiker	2500
Musikus	2500
Musikwettbewerb	2500
Musizieren	2500
Muskat	2500
Muskatnuss	2500
Muskel	2500
Muskeltier	2500
Musketier	2500
Muskulatur	2500
Muslim	2500
Musselin	2500
Musselinkleid	2500
Mussolini	2500
Mustang	2500
Muster	2500
Musterungsarzt	2500
Mut	2500
Mutant	2500
Mutation	2500
Mutlosigkeit	2500
Mutmaßen	2500
Mutprobe	2500
Mutter	2500
Muttermal	2500
Muttersprachler	2500
Mutti	2500
Mux	2500
MwSt.	2500
MySQL	2500
Myriade	2500
Myrrhe	2500
Mysterien	2500
Mysterienkult	2500
Mysterienmahl	2500
Mysterienspiel	2500
Mysterium	2500
Mystifikation	2500
Mystik	2500
Mystiker	2500
Mystizismus	2500
Mythen	2500
Mythologie	2500
Mythos	2500
NASA	2500
NASDAQ	2500
NDP	2500
NDR	2500
NEC	2500
NFS	2500
NGO	2500
NGOs	2500
NL	2500
NPD	2500
NRW	2500
NS	2500
NSA	2500
NSDAP	2500
NSU	2500
NT	2500
NTT	2500
NVA	2500
Nächstenliebe	2500
Nächte	2500
Nägel	2500
Näh	2500
Nähe	2500
Näher	2500
Nähern	2500
Näherungs	2500
Nähr	2500
Nähte	2500
Näpfe	2500
Näschen	2500
Nässe	2500
Nässen	2500
Nabe	2500
Nabel	2500
Nabelhöhe	2500
Nabelschau	2500
Nabelschnüre	2500
Nabelschnur	2500
Nabenschaltung	2500
Nachahmen	2500
Nachahmer	2500
Nachahmungsfähigkeit	2500
Nachahmungstäter	2500
Nacharbeit	2500
Nacharbeiten	2500
Nachbar	2500
Nachbarschaft	2500
Nachbarschaftsfest	2500
Nachbarschaftshilfe	2500
Nachbarschaftsprojekt	2500
Nachbarskinder	2500
Nachbau	2500
Nachbearbeiten	2500
Nachbeben	2500
Nachbedingung	2500
Nachbehandeln	2500
Nachberechnen	2500
Nachbereiten	2500
Nachbericht	2500
Nachbessern	2500
Nachbesserungsbedarf	2500
Nachbesserungspflicht	2500
Nachbesserungsversuch	2500
Nachbestellen	2500
Nachbesteuerung	2500
Nachbestückung	2500
Nachbezahlung	2500
Nachbilden	2500
Nachdenkens	2500
Nachdenklichkeit	2500
Nachdruck	2500
Nacheichung	2500
Nacheifern	2500
Nacherzählen	2500
Nachfahre	2500
Nachfeier	2500
Nachfolge	2500
Nachfolger	2500
Nachfolgerfrage	2500
Nachfolgerschaft	2500
Nachfordern	2500
Nachforschen	2500
Nachfrage	2500
Nachfrageimpuls	2500
Nachfrageseite	2500
Nachführregelung	2500
Nachfüllbehälter	2500
Nachfüllflasche	2500
Nachfüllpackung	2500
Nachgang	2500
Nachgeburt	2500
Nachgeschmack	2500
Nachgetrimmt	2500
Nachgiebigkeit	2500
Nachhaltigkeit	2500
Nachhauseweg	2500
Nachhilfe	2500
Nachhinein	2500
Nachholbedarf	2500
Nachholtest	2500
Nachhut	2500
Nachkauf	2500
Nachklang	2500
Nachkömmling	2500
Nachkommastelle	2500
Nachkommen	2500
Nachkommenschaft	2500
Nachkriegs	2500
Nachkriegseuropa	2500
Nachlässigkeit	2500
Nachladen	2500
Nachladeprogramm	2500
Nachlass	2500
Nachlassverwalter	2500
Nachlauf	2500
Nachleben	2500
Nachleuchten	2500
Nachliefern	2500
Nachmieter	2500
Nachmittags	2500
Nachnahme	2500
Nachname	2500
Nachnamen	2500
Nachprüfen	2500
Nachraubversuche	2500
Nachraubzeit	2500
Nachreichen	2500
Nachrüsten	2500
Nachrüstungsbeschluss	2500
Nachruf	2500
Nachruhm	2500
Nachsaison	2500
Nachsaisonpreise	2500
Nachschaffenden	2500
Nachschau	2500
Nachschlag	2500
Nachschlage	2500
Nachschlüssel	2500
Nachschübe	2500
Nachschub	2500
Nachschuss	2500
Nachschwinger	2500
Nachsetzautomatik	2500
Nachsetzbewegung	2500
Nachsetzen	2500
Nachsicht	2500
Nachsilbe	2500
Nachspeise	2500
Nachspiel	2500
Nachspielzeit	2500
Nachsteuer	2500
Nachteil	2500
Nachtexpress	2500
Nachtigall	2500
Nachtisch	2500
Nachtränkung	2500
Nachtrag	2500
Nachtragsetat	2500
Nachtragshaushalt	2500
Nachtragsliste	2500
Nachuntersuchung	2500
Nachverbrennung	2500
Nachvollziehbarkeit	2500
Nachwahl	2500
Nachwahlsieg	2500
Nachwehe	2500
Nachweis	2500
Nachwelt	2500
Nachwirken	2500
Nachwort	2500
Nachwuchs	2500
Nachwuchself	2500
Nachzahlen	2500
Nachzahlungs	2500
Nachziehzeit	2500
Nachzöglingen	2500
Nachzügler	2500
Nachzucht	2500
Nachzug	2500
Nackedei	2500
Nacken	2500
Nackengegend	2500
Nackenhaare	2500
Nacktamöbe	2500
Nacktarsch	2500
Nacktaufnahme	2500
Nacktbild	2500
Nacktheit	2500
Nacktscanner	2500
Nadel	2500
Nadelbestreifte	2500
Nadelöhr	2500
Nadine	2500
Nagasaki	2500
Nagel	2500
Nager	2500
Nagetier	2500
Nahaufnahme	2500
Nahbereich	2500
Naherholungsgebiet	2500
Nahfeld	2500
Nahfunktechnik	2500
Nahkampf	2500
Nahost	2500
Nahostdoktrin	2500
Nahostexperte	2500
Nahostfrage	2500
Nahostgebiet	2500
Nahostkrieg	2500
Nahostmission	2500
Nahostpolitik	2500
Nahrung	2500
Nahrungs	2500
Nahsteuerung	2500
Naht	2500
Nahverkehr	2500
Nahziel	2500
Nairobi	2500
Naivität	2500
Naivling	2500
Name	2500
Namen	2500
Namens	2500
Nameserver	2500
Namibia	2500
Namur	2500
Namurfrequenz	2500
Namurgeber	2500
Namurimpuls	2500
Namurschalter	2500
Nano	2500
Nanopartikelemulsion	2500
Napalmraketen	2500
Napf	2500
Naphthalin	2500
Naphthalinkügelchen	2500
Napoléon	2500
Narbe	2500
Narbenbildung	2500
Narbengesicht	2500
Narkose	2500
Narkosemittel	2500
Narkoseschwester	2500
Narkotika	2500
Narkotikum	2500
Narr	2500
Narren	2500
Narretei	2500
Narrheit	2500
Narziss	2500
Narzissenfelder	2500
Narzissmus	2500
Nase	2500
Nasen	2500
Nasenbluten	2500
Nashörner	2500
Nashorn	2500
Nassau	2500
Nasslager	2500
Nassrasur	2500
Nassschnee	2500
Nasszelle	2500
Nation	2500
National	2500
Nationalchina	2500
Nationalchinese	2500
Nationalgardist	2500
Nationalisieren	2500
Nationalismus	2500
Nationalist	2500
Nationalität	2500
Nationalitätenprinzip	2500
Nationenpreis	2500
Nato	2500
Natomitglieder	2500
Natrium	2500
Natron	2500
Natronlauge	2500
Natter	2500
Natürlichkeit	2500
Natur	2500
Naturalabgabe	2500
Naturaleinkommen	2500
Naturalien	2500
Naturalismus	2500
Naturalwirtschaft	2500
Naturell	2500
Navigation	2500
Navigations	2500
Navigator	2500
Nazi	2500
Neandertal	2500
Neandertaler	2500
Neapel	2500
Nebel	2500
Nebenbuhler	2500
Nebengeräusch	2500
Nebenläufigkeit	2500
Nebensächlichkeit	2500
Nebraska	2500
Nebukadnezar	2500
Neckar	2500
Neckarwestheim	2500
Neckermann	2500
Neckermannurlauber	2500
Neffe	2500
Negation	2500
Negativ	2500
Neger	2500
Negerlein	2500
Negev	2500
Negligee	2500
Negligé	2500
Negro	2500
Nehmen	2500
Nehmer	2500
Nehru	2500
Neid	2500
Neider	2500
Neigen	2500
Neigungs	2500
Neinsager	2500
Neinstimme	2500
Neiße	2500
Nektar	2500
Nektarine	2500
Nelke	2500
Nelken	2500
Nenn	2500
Nenndurchfluss	2500
Nennen	2500
Nenner	2500
Nennungsliste	2500
Neo	2500
Neodarwinismus	2500
Neodym	2500
Neon	2500
Neonazi	2500
Neonazismus	2500
Neonlicht	2500
Neoprenanzug	2500
Nepal	2500
Nepalese	2500
Nepp	2500
Nepper	2500
Neptun	2500
Nero	2500
Nerv	2500
Nerven	2500
Nervensägerei	2500
Nervosität	2500
Nerz	2500
Nerzstola	2500
Ness	2500
Nessel	2500
Nest	2500
Nestlé	2500
NetBSD	2500
Netanjahu	2500
Netanyahu	2500
Netiquette	2500
Netscape	2500
Nettigkeit	2500
Netto	2500
Netz	2500
Netzüberlast	2500
Netzwerkbuffer	2500
Neueinkleiden	2500
Neuenburg	2500
Neuerung	2500
Neuerungspläne	2500
Neufundland	2500
Neugierde	2500
Neugranada	2500
Neuguinea	2500
Neuheit	2500
Neuigkeit	2500
Neujahrs	2500
Neujahrsglückwünsche	2500
Neujahrumfrage	2500
Neukarthago	2500
Neukirchen	2500
Neukölln	2500
Neuköln	2500
Neuling	2500
Neumond	2500
Neunerwette	2500
Neuntklässler	2500
Neuordnen	2500
Neuraltherapie	2500
Neureiche	2500
Neurobiologe	2500
Neurodermitis	2500
Neurodynamik	2500
Neurologe	2500
Neurologie	2500
Neuron	2500
Neurose	2500
Neurotiker	2500
Neurowissenschaft	2500
Neuschwanstein	2500
Neusprachler	2500
Neuss	2500
Neutra	2500
Neutralisation	2500
Neutralist	2500
Neutralität	2500
Neutralitäts	2500
Neutrino	2500
Neutron	2500
Neutronen	2500
Neutrum	2500
Neuverteilen	2500
Neuwerk	2500
Neuzeit	2500
Nevada	2500
New	2500
Newcomer	2500
News	2500
Newsgroup	2500
Newsgruppe	2500
Newsletter	2500
Newsserver	2500
Newton	2500
NiCd	2500
Niagarafälle	2500
Nibbleoperation	2500
Nibelungen	2500
Nicaragua	2500
Nichte	2500
Nichtigkeit	2500
Nichtlinearitäten	2500
Nichtprivaten	2500
Nichtsnutz	2500
Nichtstun	2500
Nickbewegung	2500
Nickel	2500
Nicken	2500
Nickerchen	2500
Nicole	2500
Nieder	2500
Niederbayern	2500
Niedergang	2500
Niedergeschlagenheit	2500
Niederkunft	2500
Niederländer	2500
Niederlage	2500
Niederlande	2500
Niederlassen	2500
Niederlassungsbüro	2500
Niederlassungsrecht	2500
Niederlegen	2500
Niederösterreich	2500
Niedersachen	2500
Niedersachsen	2500
Niederschlag	2500
Niederschlags	2500
Niederschlesien	2500
Niederschrift	2500
Niederträchtigkeit	2500
Niederung	2500
Niederwerfen	2500
Niedrigkeit	2500
Niedriglöhne	2500
Niedrigpreispolitik	2500
Niedrigstand	2500
Niedrigstkurs	2500
Niedrigstpreis	2500
Niedrigwasser	2500
Niedrigzinsen	2500
Niere	2500
Nieren	2500
Nießbrauch	2500
Nießnutz	2500
Nießnutzer	2500
Nieselregen	2500
Nieswurz	2500
Niete	2500
Niethose	2500
Niethosenträger	2500
Niethülse	2500
Nietöse	2500
Nietzsche	2500
Niger	2500
Nigeria	2500
Nigerianer	2500
Nihilist	2500
Nikaragua	2500
Nikolaus	2500
Nikon	2500
Nikotin	2500
Nil	2500
Nildelta	2500
Nilpferd	2500
Niltal	2500
Nimbus	2500
Nimmerwiedersehen	2500
Nina	2500
Ninive	2500
Nintendo	2500
Nippel	2500
Nippon	2500
Nirwana	2500
Nische	2500
Nischen	2500
Nissan	2500
Nitrat	2500
Nitroglyzerin	2500
Niveau	2500
Niveauregulierung	2500
Niveauverlust	2500
Nivelliereinrichtung	2500
Nivellieren	2500
Nixdorf	2500
Nixe	2500
Nizza	2500
Nöte	2500
Nötigen	2500
Noah	2500
Nobel	2500
Nobelpreis	2500
Nobelpreisträger	2500
Noblesse	2500
Nocken	2500
Nockenrad	2500
Nockenscheibe	2500
Nockenwelle	2500
Nofretete	2500
Nokia	2500
Nomade	2500
Nomaden	2500
Nomen	2500
Nomenklatur	2500
Nomina	2500
Nominal	2500
Nominativ	2500
Nominieren	2500
Nominierungswahlkampf	2500
Nonkonformismus	2500
Nonne	2500
Nonplusultra	2500
Nonstopflug	2500
Nonstopflugzeuge	2500
Norbert	2500
Nordafrika	2500
Nordamerika	2500
Nordaustralien	2500
Nordbayern	2500
Nordcarolina	2500
Nordchina	2500
Norden	2500
Nordengland	2500
Nordenham	2500
Norderney	2500
Nordeuropa	2500
Nordfrankreich	2500
Nordfriesland	2500
Nordheim	2500
Nordirland	2500
Norditalien	2500
Nordkorea	2500
Nordrhein	2500
Nordschleswig	2500
Nordvietnam	2500
Nordwesteuropa	2500
Norm	2500
Normal	2500
Normalisierung	2500
Normalisierungsvertrag	2500
Normalität	2500
Normalsterbliche	2500
Normalsterblicher	2500
Normandie	2500
Normanne	2500
Normannenherrschaft	2500
Normannenreich	2500
Normen	2500
Normenausschuss	2500
Normenbau	2500
Normieren	2500
Normmodul	2500
Normschrift	2500
Normstecker	2500
Normteil	2500
Normungsentscheidung	2500
Normungsgremien	2500
Normungsgremium	2500
Normungsinstitut	2500
Northeim	2500
Norwegen	2500
Norweger	2500
Nostalgie	2500
Nostalgiewelle	2500
Not	2500
Nota	2500
Notar	2500
Notariat	2500
Notation	2500
Notationsform	2500
Notationssytem	2500
Notaus	2500
Notausterminator	2500
Notdurft	2500
Notebook	2500
Noten	2500
Notieren	2500
Notiz	2500
Notizblöcke	2500
Notizblock	2500
Notizbücher	2500
Notizbuch	2500
Notizfeld	2500
Notizheft	2500
Notlanden	2500
Notstands	2500
Notwendigkeit	2500
Nougat	2500
Nougatcreme	2500
Nov.	2500
Nova	2500
Novell	2500
Novelle	2500
Novellieren	2500
Novellist	2500
Novität	2500
Novum	2500
Nr.	2500
Nüchternheit	2500
Nürnberg	2500
Nürnberger	2500
Nützlichkeit	2500
Nuance	2500
Nudel	2500
Nudist	2500
Nugat	2500
Nuklear	2500
Null	2500
Nullsummenspiel	2500
Numerik	2500
Numerus	2500
Nummer	2500
Nummerieren	2500
Nummern	2500
Nuntiatur	2500
Nuss	2500
Nussknacker	2500
Nut	2500
Nutabstand	2500
Nutella	2500
Nutrichtung	2500
Nutte	2500
Nutz	2500
Nutzbarkeit	2500
Nutzbarmachung	2500
Nutzen	2500
Nutzenanalyse	2500
Nutzenfunktion	2500
Nutzer	2500
Nutzmachung	2500
Nutznießen	2500
Nutznießer	2500
Nutzungs	2500
Nvidia	2500
Nylon	2500
Nylonfäden	2500
Nylonfaser	2500
Nylonstrümpfe	2500
Nylonstrumpfhose	2500
Nymphe	2500
Nymphomanie	2500
Nymphomanin	2500
ÖTV	2500
Öfen	2500
Öffentlichkeit	2500
Öffentlichkeitsarbeit	2500
Öffner	2500
Öffnungs	2500
Öko	2500
Ökologe	2500
Ökologie	2500
Ökonom	2500
Ökonometrie	2500
Ökonometriker	2500
Ökonomie	2500
Ökumene	2500
Öl	2500
Ölportrait	2500
Örtlichkeit	2500
Öse	2500
Österreich	2500
Österreicher	2500
Östrogen	2500
Östrogenspiegel	2500
OCR	2500
OECD	2500
OEM	2500
OPEC	2500
OPTi	2500
ORF	2500
OS	2500
OSZE	2500
Oase	2500
Oasenländer	2500
Obacht	2500
Obama	2500
Obdach	2500
Obdachlosenheim	2500
Obdachlosigkeit	2500
Obduktion	2500
Obduktions	2500
Obelisk	2500
Ober	2500
Oberägypten	2500
Oberammergau	2500
Oberbayern	2500
Oberflächlichkeit	2500
Obergefreiten	2500
Oberhausen	2500
Oberkommandierende	2500
Obermedizinalrat	2500
Oberösterreich	2500
Oberrhein	2500
Oberrheintal	2500
Oberschlesien	2500
Oberschwaben	2500
Obersekundaner	2500
Oberstleutnant	2500
Oberwachtmeister	2500
Obfrau	2500
Obhut	2500
Objekt	2500
Objektivgebilde	2500
Objektivismus	2500
Objektivität	2500
Objektivträger	2500
Oblate	2500
Obleute	2500
Obliegenheit	2500
Obligation	2500
Obligationsanleihe	2500
Obmännin	2500
Obmann	2500
Oboe	2500
Oboist	2500
Obolus	2500
Obrigkeit	2500
Obrigkeitshörigkeit	2500
Obrist	2500
Observanz	2500
Observation	2500
Observatorium	2500
Observieren	2500
Obsession	2500
Obsoleszenz	2500
Obst	2500
Obster	2500
Obstruktion	2500
Obstruktionskurs	2500
Obszönität	2500
Ochs	2500
Ochsenfleisch	2500
Ochsenhäute	2500
Ode	2500
Odem	2500
Odenwald	2500
Odessa	2500
Odium	2500
Odyssee	2500
Ofen	2500
Offenbach	2500
Offenbacher	2500
Offenbaren	2500
Offenbarungseid	2500
Offenheit	2500
Offenherzigkeit	2500
Offenlegen	2500
Offenlegungsschrift	2500
Offenmarktausschuss	2500
Offensiv	2500
Offensive	2500
Offerte	2500
Offertenbriefe	2500
Offertenprüfung	2500
Office	2500
Offizier	2500
Offiziers	2500
Offset	2500
Offsetdruck	2500
Offsetspannung	2500
Offsetwert	2500
Oheim	2500
Ohio	2500
Ohm	2500
Ohnmacht	2500
Ohr	2500
Ohren	2500
Ohrläppchen	2500
Okkultismus	2500
Okkupant	2500
Okkupation	2500
Okt.	2500
Oktaeder	2500
Oktalsystem	2500
Oktan	2500
Oktant	2500
Oktav	2500
Okular	2500
Okzident	2500
Olaf	2500
Oldenburg	2500
Oldenburger	2500
Oldtimer	2500
Oleg	2500
Olga	2500
Oligarchie	2500
Olive	2500
Oliver	2500
Olivetti	2500
Olymp	2500
Olympia	2500
Olympiade	2500
Olympiafünfte	2500
Olympionik	2500
Olympus	2500
Oma	2500
Ombudsfrau	2500
Ombudsleute	2500
Ombudsmänner	2500
Ombudsmann	2500
Omelett	2500
Omen	2500
Omnibus	2500
Omnilaser	2500
Omnipotenzfunktionen	2500
Omnipotenzgefühl	2500
Onanie	2500
Onkel	2500
Online	2500
Ontologie	2500
Opa	2500
Opel	2500
OpenBSD	2500
OpenDocument	2500
OpenGL	2500
OpenOffice	2500
Oper	2500
Operand	2500
Operateur	2500
Operation	2500
Operations	2500
Operator	2500
Operette	2500
Operetten	2500
Operettenbuffo	2500
Opern	2500
Opernburleske	2500
Opfer	2500
Opfern	2500
Opiate	2500
Opisthotonus	2500
Opium	2500
Opiumkrieg	2500
Opponent	2500
Opportunismus	2500
Opportunist	2500
Opportunitätsprinzip	2500
Opposition	2500
Oppositions	2500
Opteron	2500
Optik	2500
Optiker	2500
Optikermeister	2500
Optimalität	2500
Optimalitätskriterium	2500
Optimierbarkeit	2500
Optimieren	2500
Optimierungs	2500
Optimismus	2500
Optimist	2500
Optimum	2500
Option	2500
Options	2500
Optionserfahrene	2500
Optokoppler	2500
Optokopplermodul	2500
Opus	2500
Opuszahl	2500
Oracle	2500
Orakel	2500
Oral	2500
Orange	2500
Orangen	2500
Orangestich	2500
Oranienburg	2500
Oratorium	2500
Orbit	2500
Orbital	2500
Orchester	2500
Orchestrieren	2500
Orchidee	2500
Orden	2500
Ordens	2500
Ordentlichkeit	2500
Order	2500
Ordinalzahl	2500
Ordinariat	2500
Ordinarien	2500
Ordinate	2500
Ordnen	2500
Ordner	2500
Ordnungs	2500
Ordonanz	2500
Ordonnanz	2500
Oregon	2500
Organ	2500
Organigramm	2500
Organisation	2500
Organisations	2500
Organisator	2500
Organismen	2500
Organismentypen	2500
Organismus	2500
Organist	2500
Organum	2500
Orgasmen	2500
Orgasmus	2500
Orgel	2500
Orgie	2500
Orient	2500
Orientale	2500
Orientalismus	2500
Orientieren	2500
Orientierungs	2500
Original	2500
Originalität	2500
Orion	2500
Orkan	2500
Orkneyinseln	2500
Orlando	2500
Orleans	2500
Ornament	2500
Ornithologe	2500
Ornithologie	2500
Orten	2500
Orthodoxie	2500
Orthogonalität	2500
Orthografie	2500
Orthografiefehler	2500
Orthographie	2500
Orthographiefehler	2500
Orthonormalsystem	2500
Orthopäde	2500
Orthopädie	2500
Orts	2500
Ortschaft	2500
Ortungs	2500
Orwell	2500
Oscar	2500
Osiris	2500
Oskar	2500
Oslo	2500
Osmane	2500
Osmanenreich	2500
Osmose	2500
Osnabrück	2500
Osnabrücker	2500
Osram	2500
Ostafrika	2500
Ostasien	2500
Ostaustralien	2500
Ostberlin	2500
Ostblockdelegierte	2500
Osten	2500
Ostengland	2500
Osteoporose	2500
Oster	2500
Ostern	2500
Osteuropäer	2500
Osteuropa	2500
Ostfildern	2500
Ostfrankreich	2500
Ostfriesland	2500
Ostgotenreich	2500
Ostgrönland	2500
Osthessen	2500
Ostholstein	2500
Ostpakistan	2500
Ostpommern	2500
Ostpreuße	2500
Ostpreußen	2500
Ostschweiz	2500
Ostsibirien	2500
Ostwestfalen	2500
Oszillation	2500
Oszillator	2500
Oszillografenbild	2500
Oszillogramm	2500
Oszillograph	2500
Oszillographenbild	2500
Oszilloskop	2500
Othmar	2500
Otmar	2500
Otter	2500
Otto	2500
Ottomotor	2500
Output	2500
Outputfile	2500
Outsider	2500
Outsourcing	2500
Ouvertüre	2500
Ovation	2500
Overall	2500
Overheadfolie	2500
Overkill	2500
Oxford	2500
Oxid	2500
Oxidation	2500
Oxidationsschutz	2500
Oxyd	2500
Oxydation	2500
Oxydations	2500
Ozean	2500
Ozeanien	2500
Ozon	2500
PC	2500
PCI	2500
PCs	2500
PDF	2500
PDS	2500
PGP	2500
PIN	2500
PKK	2500
PLO	2500
PLZ	2500
PPP	2500
PPS	2500
PR	2500
PS	2500
PTT	2500
Pächter	2500
Pächterwohnung	2500
Päckchen	2500
Pädagoge	2500
Pädagogentagung	2500
Pädagogik	2500
Päderast	2500
Pädiatrie	2500
Päpste	2500
Pärchen	2500
Paar	2500
Paarbildung	2500
Paaren	2500
Paarhufer	2500
Paarreim	2500
Paarungsverhalten	2500
Pablo	2500
Pacht	2500
Pachten	2500
Pack	2500
Packard	2500
Packen	2500
Packer	2500
Packerei	2500
Paddel	2500
Paddelboot	2500
Paddelfahrten	2500
Paderborn	2500
Paella	2500
Paganini	2500
Page	2500
Pagenfrisur	2500
Pahlewi	2500
Paillette	2500
Paket	2500
Pakistan	2500
Pakt	2500
Paktorganisation	2500
Paktpreis	2500
Paläanthropologie	2500
Paläarktis	2500
Paläoanthropologie	2500
Paläontologe	2500
Paläste	2500
Palästina	2500
Palästinafrage	2500
Palästinakonferenz	2500
Palästinenser	2500
Palais	2500
Palast	2500
Palaver	2500
Palermo	2500
Palette	2500
Palisade	2500
Palladium	2500
Pallas	2500
Palme	2500
Palmkern	2500
Palmkernfett	2500
Palmkernöl	2500
Palomar	2500
Pampelmuse	2500
Pamphlet	2500
Pamphletist	2500
Pan	2500
Panamakanal	2500
Panamakanalzone	2500
Panasonic	2500
Pandemie	2500
Pandora	2500
Pandschab	2500
Paneel	2500
Panik	2500
Panikmache	2500
Pankow	2500
Panne	2500
Pannen	2500
Panoptikum	2500
Panorama	2500
Panoramen	2500
Panpsychismus	2500
Panscher	2500
Panscherei	2500
Panslawismus	2500
Panter	2500
Panther	2500
Pantoffel	2500
Pantoffelheld	2500
Pantomime	2500
Pantomimentheater	2500
Panzer	2500
Panzergrenadier	2500
Papa	2500
Papagei	2500
Paperback	2500
Paperfeed	2500
Papi	2500
Papier	2500
Papierhandling	2500
Papierschachtblech	2500
Papierschachtrandes	2500
Papierstaufehler	2500
Papp	2500
Pappe	2500
Pappel	2500
Pappelreihe	2500
Pappelschatten	2500
Pappenfabrik	2500
Pappenheimer	2500
Pappenstiel	2500
Pappmaché	2500
Pappmaschee	2500
Paprika	2500
Papst	2500
Papsttum	2500
Papyrus	2500
Papyrusboot	2500
Para	2500
Parabel	2500
Parabolantenne	2500
Paraboloid	2500
Parabolspiegel	2500
Paracelsus	2500
Parade	2500
Paradies	2500
Paradigma	2500
Paradigmata	2500
Paradigmen	2500
Paradigmenwechsel	2500
Paradoxie	2500
Paradoxon	2500
Paraffin	2500
Paragraf	2500
Paragrafenreiter	2500
Paragraph	2500
Paragraphenreiter	2500
Paraguay	2500
Parakinese	2500
Parallel	2500
Parallele	2500
Parallelisieren	2500
Parallelismus	2500
Parallelität	2500
Parallelport	2500
Paralympics	2500
Parameter	2500
Parameterbuffer	2500
Parameterübergabe	2500
Parametrieren	2500
Parametriergerät	2500
Parametrierstation	2500
Parametrisierung	2500
Paranoia	2500
Paranoiker	2500
Paraphieren	2500
Parapsychologe	2500
Parasit	2500
Parasiten	2500
Paratyphus	2500
Parcours	2500
Pardon	2500
Parfüm	2500
Parfümerie	2500
Parfümfläschchen	2500
Parfümhändler	2500
Parfum	2500
Parfumhauch	2500
Parfumschwade	2500
Paris	2500
Pariser	2500
Parität	2500
Paritätsänderung	2500
Paritätsfehler	2500
Paritätsgründe	2500
Paritätspreise	2500
Paritätstest	2500
Paritycheck	2500
Parityerror	2500
Parityfehler	2500
Park	2500
Parkett	2500
Parkinson	2500
Parlament	2500
Parlamentarier	2500
Parlamentarismus	2500
Parlaments	2500
Parmesan	2500
Parmesankäse	2500
Parnass	2500
Parodie	2500
Parodontitis	2500
Parodontose	2500
Parole	2500
Paroli	2500
Parser	2500
Part	2500
Partei	2500
Parteien	2500
Parteifreien	2500
Parteilichkeit	2500
Parteinahme	2500
Parteitags	2500
Parterre	2500
Parterrezimmer	2500
Partie	2500
Partikel	2500
Partikelfilter	2500
Partikularismus	2500
Partisan	2500
Partisanen	2500
Partition	2500
Partitionierung	2500
Partitur	2500
Partizip	2500
Partizipation	2500
Partizipationsmöglichkeit	2500
Partizipationsschein	2500
Partizipform	2500
Partizipien	2500
Partner	2500
Partnerschaft	2500
Partnerschaftsabkommen	2500
Party	2500
Partyraum	2500
Parzelle	2500
Pascal	2500
Pascha	2500
Pass	2500
Passage	2500
Passagepreis	2500
Passagier	2500
Passant	2500
Passante	2500
Passatregengebiet	2500
Passau	2500
Passauer	2500
Passen	2500
Passier	2500
Passion	2500
Passionsspiele	2500
Passiva	2500
Passivität	2500
Passivrauchen	2500
Passivrechtsschutz	2500
Passivs	2500
Passivsaldo	2500
Passivum	2500
Passus	2500
Pasta	2500
Paste	2500
Pastellfarbe	2500
Pastete	2500
Pasteurisieren	2500
Pastor	2500
Patagonien	2500
Patch	2500
Patchwork	2500
Pate	2500
Patenkind	2500
Patenschaft	2500
Patenstadt	2500
Patenstelle	2500
Patent	2500
Patentierung	2500
Pater	2500
Pathologe	2500
Pathologie	2500
Pathologisieren	2500
Pathos	2500
Patient	2500
Patienten	2500
Patriarch	2500
Patriarchat	2500
Patrick	2500
Patriot	2500
Patriotismus	2500
Patrizier	2500
Patrizierhaus	2500
Patriziertum	2500
Patron	2500
Patronat	2500
Patronenhülsen	2500
Patronentasche	2500
Patrouille	2500
Patrouillen	2500
Patsche	2500
Pattex	2500
Pattstellung	2500
Patzer	2500
Pauke	2500
Paukenschlag	2500
Pauker	2500
Paul	2500
Paula	2500
Paulette	2500
Paulus	2500
Pauschal	2500
Pauschale	2500
Pause	2500
Pausen	2500
Pavia	2500
Pavian	2500
Pavillon	2500
Pazifik	2500
Pazifikflotte	2500
Pazifikküste	2500
Pazifikpakt	2500
Pazifikstaat	2500
Pazifismus	2500
Pazifist	2500
Peak	2500
Pech	2500
Pechserie	2500
Pechsträhne	2500
Pechvogel	2500
Pedal	2500
Pedanterie	2500
Pedro	2500
Peepshow	2500
Pegasus	2500
Pegel	2500
Peggy	2500
Peil	2500
Peilen	2500
Pein	2500
Peinigen	2500
Peiniger	2500
Peinlichkeit	2500
Peitsche	2500
Pejorativum	2500
Pekinese	2500
Peking	2500
Pekinger	2500
Pelerine	2500
Pelikan	2500
Pellkartoffel	2500
Pelz	2500
Pendant	2500
Pendel	2500
Pendler	2500
Pendlerpauschale	2500
Pendlerzüge	2500
Penetration	2500
Penibilität	2500
Penicillin	2500
Penis	2500
Penizillin	2500
Pennäler	2500
Penner	2500
Pennsylvania	2500
Pennsylvanien	2500
Pension	2500
Pensionär	2500
Pensionieren	2500
Pensions	2500
Pensum	2500
Pentagon	2500
Penthouse	2500
Pentium	2500
Pep	2500
Peperoni	2500
Pepsi	2500
Perestroika	2500
Perfekt	2500
Perfektbildung	2500
Perfektion	2500
Perfektionieren	2500
Perfektionist	2500
Perforation	2500
Performance	2500
Pergament	2500
Pergamentpapier	2500
Pergola	2500
Perikles	2500
Perikope	2500
Periode	2500
Perioden	2500
Periodizität	2500
Peripetie	2500
Peripherie	2500
Periskop	2500
Perkussionist	2500
Perl	2500
Perle	2500
Perlen	2500
Perlonstrümpfe	2500
Perltaucher	2500
Permanenz	2500
Permutation	2500
Peronist	2500
Peroxid	2500
Perpetuum	2500
Pers.	2500
Perser	2500
Perserkrieg	2500
Perserteppich	2500
Persien	2500
Persiflage	2500
Persilschein	2500
Persistenz	2500
Persönlichkeit	2500
Persönlichkeits	2500
Person	2500
Personal	2500
Personalie	2500
Personen	2500
Personenstandsregister	2500
Personifikation	2500
Personifizieren	2500
Perspektive	2500
Pertinaxplatte	2500
Perücke	2500
Peru	2500
Peruaner	2500
Perversion	2500
Perversität	2500
Perzeption	2500
Peschmerga	2500
Peseta	2500
Pesete	2500
Pessimismus	2500
Pessimist	2500
Pest	2500
Pestizid	2500
Pestizidrückstände	2500
Pestwurz	2500
Petabyte	2500
Peter	2500
Petersburg	2500
Petersdom	2500
Petersilie	2500
Peterskirche	2500
Petersplatz	2500
Petition	2500
Petitionsausschuss	2500
Petra	2500
Petrischale	2500
Petrodollar	2500
Petroleum	2500
Petroleumlampe	2500
Petrus	2500
Petting	2500
Peugeot	2500
Pfälzer	2500
Pfänden	2500
Pfänder	2500
Pfändungsschutz	2500
Pfändungsversuch	2500
Pfad	2500
Pfadfinderbund	2500
Pfadfindergesetze	2500
Pfadfinderlagern	2500
Pfahl	2500
Pfalz	2500
Pfand	2500
Pfandhaus	2500
Pfandleihe	2500
Pfanne	2500
Pfannkuchen	2500
Pfarr	2500
Pfarrei	2500
Pfarrer	2500
Pfarrersfamilie	2500
Pfarrerstöchter	2500
Pfau	2500
Pfaueninsel	2500
Pfauenthron	2500
Pfeffer	2500
Pfefferminz	2500
Pfeifenmann	2500
Pfeifentabak	2500
Pfeifkonzert	2500
Pfeifton	2500
Pfeil	2500
Pfeiler	2500
Pfeilerbrücke	2500
Pfennig	2500
Pfennigfuchser	2500
Pfennigstück	2500
Pferch	2500
Pferd	2500
Pferde	2500
Pferdsprung	2500
Pfg.	2500
Pfiff	2500
Pfiffigkeit	2500
Pfingst	2500
Pfingsten	2500
Pfirsich	2500
Pfirsichsaft	2500
Pfister	2500
Pflanze	2500
Pflanzen	2500
Pflanzer	2500
Pflanzgut	2500
Pflanzstätte	2500
Pflaster	2500
Pflasterstein	2500
Pflaume	2500
Pflaumen	2500
Pflege	2500
Pflegen	2500
Pfleger	2500
Pflegling	2500
Pflicht	2500
Pflichtenheft	2500
Pflichtenkreis	2500
Pflichtheft	2500
Pflöcke	2500
Pflock	2500
Pflücker	2500
Pflug	2500
Pförtner	2500
Pfötchen	2500
Pforte	2500
Pforzheim	2500
Pfosten	2500
Pfostenleiste	2500
Pfostenschuss	2500
Pfostenstecker	2500
Pfote	2500
Pfropf	2500
Pfründe	2500
Pfründenkuchen	2500
Pfütze	2500
Pfuhl	2500
Pfund	2500
Pfundabwertung	2500
Pfundblase	2500
Pfundblock	2500
Pfundkrise	2500
Pfundkurs	2500
Pfundnoten	2500
Pfundschwäche	2500
Pfundwährung	2500
Pfusch	2500
Ph	2500
Phänomen	2500
Phänomenologie	2500
Phalanx	2500
Phantasie	2500
Phantasiebild	2500
Phantasiefigur	2500
Phantasieuniform	2500
Phantast	2500
Phantasterei	2500
Phantastik	2500
Phantom	2500
Phantomproblem	2500
Phantomschmerz	2500
Pharao	2500
Pharaonen	2500
Pharisäer	2500
Pharma	2500
Pharmakodynamik	2500
Pharmakokinetik	2500
Pharmakologie	2500
Pharmaökodynamik	2500
Pharmaökokinetik	2500
Pharmazeut	2500
Pharmazeutiker	2500
Pharmazie	2500
Pharmazieschule	2500
Phase	2500
Phasen	2500
Phenol	2500
Phenolchemie	2500
Philadelphia	2500
Philanthrop	2500
Philanthropie	2500
Philanthropismus	2500
Philatelist	2500
Philharmonie	2500
Philharmoniker	2500
Philipp	2500
Philippinen	2500
Philippinengraben	2500
Philippineninsel	2500
Philippsburg	2500
Philips	2500
Philister	2500
Philologe	2500
Philologenschaft	2500
Philologenverband	2500
Philologie	2500
Philosoph	2500
Philosophenschule	2500
Philosophentum	2500
Philosophie	2500
Philosophieprofessor	2500
Philosophiestudent	2500
Philosophiestudium	2500
Phlegma	2500
Phlegmatiker	2500
Phönix	2500
Phobie	2500
Phon	2500
Phonetik	2500
Phonograph	2500
Phosphat	2500
Phosphatdünger	2500
Phosphor	2500
Photo	2500
Photograph	2500
Photographie	2500
Photolyse	2500
Photon	2500
Photonen	2500
Photovoltaik	2500
Phrase	2500
Phrasensuche	2500
Phylogenese	2500
Physik	2500
Physiker	2500
Physikerausbildung	2500
Physiognomie	2500
Physiologe	2500
Physiologie	2500
Physiotherapeut	2500
Physis	2500
Piaget	2500
Pianist	2500
Piano	2500
Picasso	2500
Pickel	2500
Picknick	2500
Piemont	2500
Pieper	2500
Piepsen	2500
Piepser	2500
Piepserkontrolle	2500
Piercing	2500
Pietät	2500
Piezo	2500
Pigment	2500
Pik	2500
Piktogramm	2500
Pilatus	2500
Pilger	2500
Pille	2500
Pillendreher	2500
Pillenknick	2500
Pilot	2500
Piloten	2500
Pilotprojekt	2500
Pils	2500
Pilsen	2500
Pilz	2500
Pimmel	2500
Pinadapter	2500
Pinakothek	2500
Pinbelegung	2500
Pinbezeichnung	2500
Pinbrett	2500
Pingpong	2500
Pinguin	2500
Pinie	2500
Pinienbestand	2500
Pinienwälder	2500
Pinne	2500
Pinnummer	2500
Pinnwände	2500
Pinnwand	2500
Pinocchio	2500
Pinsel	2500
Pinselstrich	2500
Pinzette	2500
Pioneer	2500
Pionier	2500
Pionierarbeit	2500
Pioniereinheit	2500
Pioniergeist	2500
Pionierleistung	2500
Pioniertat	2500
Pioniertrupp	2500
Pionierzeit	2500
Pipeline	2500
Pipette	2500
Pippi	2500
Piquet	2500
Pirat	2500
Piraten	2500
Piraterie	2500
Pirelli	2500
Pirmasens	2500
Pirouette	2500
Pirsch	2500
Pirschgang	2500
Pisa	2500
Pisser	2500
Pissoir	2500
Pistazie	2500
Piste	2500
Pistenmacher	2500
Pistenrand	2500
Pistole	2500
Pistolen	2500
Pius	2500
Pixel	2500
Pizza	2500
Pizzen	2500
Pizzeria	2500
Pizzerien	2500
Pjöngjang	2500
Pkw	2500
Plädoyer	2500
Pläsier	2500
Plättchen	2500
Plätte	2500
Plätzchen	2500
Plätze	2500
Placebo	2500
Plackerei	2500
Plagiat	2500
Plagiator	2500
Plagiats	2500
Plakat	2500
Plakatieren	2500
Plakatkrieg	2500
Plakatmaler	2500
Plakatsäule	2500
Plakette	2500
Planck	2500
Planen	2500
Planer	2500
Planet	2500
Planeten	2500
Planetoid	2500
Planfahrt	2500
Plangestell	2500
Planieren	2500
Planke	2500
Plankostenrechnung	2500
Plankton	2500
Planquadrat	2500
Planschleifen	2500
Planspiel	2500
Planstelle	2500
Planstellenbesetzung	2500
Plantage	2500
Plantageanteile	2500
Plantagenarbeiter	2500
Plantagengesellschaften	2500
Plantschbecken	2500
Planungs	2500
Planwagen	2500
Planwirtschaft	2500
Planzahl	2500
Plaque	2500
Plasma	2500
Plasmabildschirm	2500
Plasmadisplay	2500
Plasmen	2500
Plastik	2500
Plateau	2500
Platin	2500
Platine	2500
Platinen	2500
Platitude	2500
Plato	2500
Platonismus	2500
Plattenlabel	2500
Plattformanbieter	2500
Plattformanforderung	2500
Plattfuß	2500
Plattitüde	2500
Platz	2500
Platzanweiser	2500
Platzieren	2500
Platzierungs	2500
Platzvormerkung	2500
Plauderei	2500
Plausch	2500
Plausibilität	2500
Plausibilitätsüberprüfung	2500
Plauze	2500
Playback	2500
Playboy	2500
Player	2500
Plazenta	2500
Plebejer	2500
Plebiszit	2500
Pleite	2500
Pleiten	2500
Pleitier	2500
Plektrum	2500
Plempeleitungssteuerung	2500
Plenarsitzung	2500
Plenartagung	2500
Plenum	2500
Pleonasmen	2500
Pleonasmus	2500
Plexiglas	2500
Plot	2500
Plotter	2500
Plotterpapier	2500
Plotterstifte	2500
Plünderer	2500
Plündern	2500
Plüsch	2500
Plüschtier	2500
Plumpheit	2500
Plural	2500
Pluralbildung	2500
Pluralendung	2500
Pluraletantum	2500
Pluralform	2500
Pluralismus	2500
Pluralität	2500
Pluskonto	2500
Pluspunkt	2500
Plusquamperfekt	2500
Pluswert	2500
Plutarch	2500
Pluto	2500
Plutonium	2500
Plutoniumstäbe	2500
Plutoniumwerke	2500
Plymouth	2500
Pneu	2500
Pneumatik	2500
Pneumatikplänen	2500
Pöbel	2500
Pöbelei	2500
Pökelfleisch	2500
Pökelsalzlake	2500
Pöstchen	2500
Po	2500
Pocken	2500
Podcast	2500
Podcaster	2500
Podest	2500
Podien	2500
Podium	2500
Podiumsdiskussion	2500
Podiumsgespräch	2500
Poesie	2500
Poet	2500
Pogrom	2500
Pogromnacht	2500
Pointe	2500
Pokal	2500
Pokalfinalisten	2500
Pokalwiederholung	2500
Poker	2500
Pokergesicht	2500
Pokerspiel	2500
Pol	2500
Polar	2500
Polarisation	2500
Polarisations	2500
Polarisieren	2500
Polarität	2500
Polaroid	2500
Polder	2500
Polderhöfe	2500
Polderland	2500
Polemik	2500
Polen	2500
Polenreise	2500
Polente	2500
Police	2500
Polier	2500
Polieren	2500
Poliklinik	2500
Polis	2500
Polit	2500
Politesse	2500
Politik	2500
Politiker	2500
Politikum	2500
Politisieren	2500
Politologe	2500
Politologie	2500
Politur	2500
Polizei	2500
Polizeilautsprecher	2500
Polizeioberwachtmeister	2500
Polizeistreife	2500
Polizeiwachtmeister	2500
Polizist	2500
Polizistenmörder	2500
Polizistenpärchen	2500
Polle	2500
Pollenflug	2500
Pollinie	2500
Polonaise	2500
Polopferd	2500
Polospieler	2500
Polster	2500
Polterabend	2500
Poltergeister	2500
Polyamory	2500
Polyarthritis	2500
Polyester	2500
Polyethylen	2500
Polygamie	2500
Polygon	2500
Polygonzug	2500
Polykultur	2500
Polynesier	2500
Polynom	2500
Polyp	2500
Polystyrol	2500
Polytheismus	2500
Pomade	2500
Pommern	2500
Pommes	2500
Pomp	2500
Pompadour	2500
Pompeji	2500
Pompidou	2500
Poncho	2500
Pontiac	2500
Pontifex	2500
Pontifikat	2500
Ponton	2500
Pontonbrücke	2500
Pony	2500
Ponywandern	2500
Pool	2500
Poolbillard	2500
Pop	2500
Popanz	2500
Pope	2500
Popeline	2500
Popkonzert	2500
Popo	2500
Popper	2500
Popsänger	2500
Popularisieren	2500
Popularität	2500
Popularitätskurve	2500
Population	2500
Populismus	2500
Populist	2500
Pore	2500
Poren	2500
Porno	2500
Pornografie	2500
Pornographie	2500
Porsche	2500
Port	2500
Portabilität	2500
Portabilitätsproblem	2500
Portal	2500
Portefeuille	2500
Portemonnaie	2500
Portfolio	2500
Portfunktionen	2500
Porti	2500
Portier	2500
Portierbarkeit	2500
Portieren	2500
Portierlogen	2500
Portierungsaufwand	2500
Portion	2500
Portionieren	2500
Portland	2500
Portmonee	2500
Porto	2500
Portogebühren	2500
Portokosten	2500
Portotarif	2500
Porträt	2500
Porträtfoto	2500
Porträtist	2500
Porträtmaler	2500
Portsmouth	2500
Portugal	2500
Portugiese	2500
Portwein	2500
Porzellan	2500
Porzellanschühchen	2500
Posaune	2500
Posaunen	2500
Pose	2500
Poseidontempel	2500
Position	2500
Positionieren	2500
Positionierhülle	2500
Positions	2500
Positiv	2500
Positivismus	2500
Posse	2500
Possenspiel	2500
Post	2500
PostScript	2500
Posten	2500
Postenverteilung	2500
Poster	2500
Postille	2500
Posting	2500
Postmodem	2500
Poststadion	2500
Postulat	2500
Potentat	2500
Potential	2500
Potentialfreiheit	2500
Potentialtrennung	2500
Potentiometer	2500
Potentiometerauswertung	2500
Potentiometerspannung	2500
Potentiometerstellung	2500
Potentiometerwert	2500
Potenz	2500
Potenzial	2500
Potenzialbarriere	2500
Potenzialfreiheit	2500
Potenzialtopf	2500
Potenzialtrennung	2500
Potenzialverlauf	2500
Potenzieren	2500
Poti	2500
Potpourri	2500
Potsdam	2500
Potsdamer	2500
Power	2500
Poweradapter	2500
Powerdown	2500
Powerpack	2500
Powerup	2500
Präambel	2500
Prädestination	2500
Prädestinationslehre	2500
Prädikat	2500
Prädikatenlogik	2500
Prädisposition	2500
Präfekt	2500
Präfektur	2500
Präferenz	2500
Präferenzbehandlung	2500
Präferenzzone	2500
Präfix	2500
Präfixverb	2500
Prägen	2500
Prägerecht	2500
Prägestempel	2500
Prägetechnik	2500
Prägnanz	2500
Präimplantationsdiagnostik	2500
Präjudiz	2500
Präjudizien	2500
Prälat	2500
Präliminarien	2500
Präludium	2500
Prämie	2500
Prämienanpassung	2500
Prämienaufkommen	2500
Prämiendruck	2500
Prämieneinnahme	2500
Prämienpolitik	2500
Prämiensteigerung	2500
Prämienüberträge	2500
Prämienvorteil	2500
Prämienzuschlag	2500
Prämienzuwachs	2500
Prämieren	2500
Prämisse	2500
Pränataldiagnostik	2500
Präparat	2500
Präparation	2500
Präposition	2500
Prärie	2500
Präriegebiet	2500
Präsens	2500
Präsentation	2500
Präsentierteller	2500
Präsenz	2500
Präservativ	2500
Präses	2500
Präsident	2500
Präsidenten	2500
Präsidentschaft	2500
Präsidentschafts	2500
Präsidialamt	2500
Präsidialmächte	2500
Präsidialmitglied	2500
Präsidialrat	2500
Präsidialregimes	2500
Präsidialrepublik	2500
Präsidialsitzung	2500
Präsidialsystem	2500
Präsidien	2500
Präsidium	2500
Präsidiumsmitglied	2500
Präsidiumssitzung	2500
Präterita	2500
Präteritum	2500
Prävalenz	2500
Prävention	2500
Präventionsangebot	2500
Präventiv	2500
Präzedenzfall	2500
Präzisieren	2500
Präzision	2500
Präzisions	2500
Pracht	2500
Prado	2500
Prag	2500
Pragmatik	2500
Pragmatiker	2500
Pragmatismus	2500
Prahlerei	2500
Prahlhans	2500
Praktika	2500
Praktikabilität	2500
Praktikant	2500
Praktikanten	2500
Praktiken	2500
Praktiker	2500
Praktikum	2500
Praktikums	2500
Praline	2500
Pranger	2500
Pranke	2500
Pratze	2500
Prawda	2500
Praxen	2500
Praxis	2500
Prediger	2500
Predigt	2500
Predigtbücher	2500
Predigtdienst	2500
Preisgabe	2500
Preisstoppverordnung	2500
Preistreiberei	2500
Preisunterbietung	2500
Prekarisierung	2500
Prellen	2500
Premier	2500
Premierenfeier	2500
Premierengäste	2500
Premierensieger	2500
Premierentermin	2500
Premierminister	2500
Prenzlau	2500
Prenzlauer	2500
Presbyter	2500
Presbyterianer	2500
Presbyterium	2500
Press	2500
Presse	2500
Pressefritzen	2500
Pressen	2500
Pression	2500
Prestige	2500
Preuße	2500
Preußen	2500
Preußenkönig	2500
Priester	2500
Priestertum	2500
Primärschaltregler	2500
Primärseite	2500
Primaballerina	2500
Primaballerinen	2500
Primadonna	2500
Primaner	2500
Primat	2500
Prime	2500
Primel	2500
Primitivismus	2500
Primitivität	2500
Primitivtest	2500
Primus	2500
Primzahl	2500
Prinz	2500
Prinzenpaar	2500
Prinzessin	2500
Prinzgemahle	2500
Prinzip	2500
Prinzipien	2500
Prinzregent	2500
Priorisieren	2500
Priorität	2500
Prioritätenliste	2500
Prioritätsanspruch	2500
Prioritätsordnung	2500
Prioritätsrecht	2500
Prioritätssteuerung	2500
Prismen	2500
Pritsche	2500
Pritschenwagen	2500
Privatisieren	2500
Privatisierungs	2500
Privatissimum	2500
Privileg	2500
Privilegien	2500
Privilegieren	2500
Proband	2500
Probe	2500
Proben	2500
Probierens	2500
Probierstube	2500
Problem	2500
Problematik	2500
Problematisieren	2500
Procedere	2500
Produkt	2500
Produktenbörse	2500
Produktenhandel	2500
Produktion	2500
Produktions	2500
Produktionsstillstand	2500
Produktiv	2500
Produktivität	2500
Produktivitäts	2500
Produzent	2500
Prof.	2500
Profession	2500
Professionalisieren	2500
Professionalismus	2500
Professionalität	2500
Professor	2500
Professoren	2500
Professur	2500
Profi	2500
Profil	2500
Profilieren	2500
Profit	2500
Profitabilität	2500
Profiteur	2500
Profitgier	2500
Profitquelle	2500
Prognose	2500
Prognostik	2500
Prognostiker	2500
Programm	2500
Programmfile	2500
Programmier	2500
Programmierbarkeit	2500
Programmieren	2500
Programmierer	2500
Programmunterlagen	2500
Progress	2500
Progression	2500
Progressionsvorbehalt	2500
Prohibition	2500
Projektil	2500
Projektion	2500
Projektions	2500
Projektor	2500
Projizieren	2500
Proklamation	2500
Prokura	2500
Prokuren	2500
Prokurist	2500
Proletariat	2500
Proletarier	2500
Proletarisieren	2500
Proletentum	2500
Prolog	2500
Promenade	2500
Promenadenanzug	2500
Promenadenplatz	2500
Promi	2500
Promille	2500
Prominentenviertel	2500
Prominenz	2500
Promoter	2500
Promotion	2500
Pronomen	2500
Pronomina	2500
Pronominaladverb	2500
Pronominaladverbien	2500
Propaganda	2500
Propagandist	2500
Propagieren	2500
Propeller	2500
Propellermaschine	2500
Prophet	2500
Prophezeien	2500
Prophylaxe	2500
Proportion	2500
Proportional	2500
Proportionalität	2500
Proportionalterm	2500
Proporz	2500
Propyläen	2500
Prosa	2500
Prosawerk	2500
Prospekt	2500
Prospektmaterial	2500
Prospektunterlagen	2500
Prosperität	2500
Prostata	2500
Prostituierte	2500
Prostitution	2500
Prostitutions	2500
Protagonist	2500
Protein	2500
Protektion	2500
Protektionismus	2500
Protektionist	2500
Protektor	2500
Protektorat	2500
Protest	2500
Protestant	2500
Protestantismus	2500
Prothese	2500
Protokoll	2500
Protokollant	2500
Protokollieren	2500
Proton	2500
Protonenbeschleuniger	2500
Protonenstrahl	2500
Prototyp	2500
Prototypenbau	2500
Prototypenserie	2500
Proviant	2500
Provider	2500
Providergebühr	2500
Providerwechsel	2500
Provinz	2500
Provinzbänkler	2500
Provinzler	2500
Provision	2500
Provisionsabrechnung	2500
Provisionsbasis	2500
Provisionsjäger	2500
Provisionsverkäufer	2500
Provisionsvermittler	2500
Provisorien	2500
Provisorium	2500
Provitamin	2500
Provokateur	2500
Provokation	2500
Proxy	2500
Prozedere	2500
Prozedur	2500
Prozeduraufruf	2500
Prozent	2500
Prozentangabe	2500
Prozentanteil	2500
Prozentgehalt	2500
Prozentpunkt	2500
Prozentrechnung	2500
Prozentsätze	2500
Prozentsatz	2500
Prozentskala	2500
Prozentsteigerung	2500
Prozentwert	2500
Prozentzahl	2500
Prozentzeichen	2500
Prozess	2500
Prozession	2500
Prozessionsstraße	2500
Prozessor	2500
Prüderie	2500
Prüf	2500
Prüfer	2500
Prüfling	2500
Prüfungs	2500
Prügel	2500
Prunk	2500
Prunksitzung	2500
Prunkstück	2500
Psalm	2500
Psalter	2500
Pseudo	2500
Pseudonym	2500
Psyche	2500
Psychiater	2500
Psychiatrie	2500
Psychoanalyse	2500
Psychoanalytiker	2500
Psychologe	2500
Psychologie	2500
Psychomotorik	2500
Psychopath	2500
Psychopharmaka	2500
Psychopharmakon	2500
Psychose	2500
Psychosomatik	2500
Psychoterror	2500
Psychotherapeut	2500
Psychotherapie	2500
Ptolemäus	2500
Ptolemaios	2500
Pünktlichkeit	2500
Püppchen	2500
Püree	2500
Pütt	2500
Pub	2500
Pubertät	2500
Pubertätsjahre	2500
Pubertätszeit	2500
Publikation	2500
Publikationsliste	2500
Publikmachen	2500
Publikum	2500
Publikums	2500
Publizist	2500
Publizistik	2500
Pudding	2500
Pudel	2500
Pudelmütze	2500
Puder	2500
Puff	2500
Puffärmel	2500
Puffer	2500
Pulk	2500
Pulle	2500
Pulli	2500
Pullover	2500
Puls	2500
Pulsader	2500
Pulsamplitude	2500
Pulsbreitenantwort	2500
Pulsbreiteninformation	2500
Pulsmessung	2500
Pulsmitte	2500
Pulsschlag	2500
Pult	2500
Pulver	2500
Pulverfass	2500
Pulvergewehre	2500
Puma	2500
Pump	2500
Pumpe	2500
Pumpen	2500
Punk	2500
Punkband	2500
Punker	2500
Punkmusik	2500
Punkszene	2500
Punkt	2500
Punkte	2500
Punktieren	2500
Punktum	2500
Punsch	2500
Pupille	2500
Pupillen	2500
Puppe	2500
Puppen	2500
Purist	2500
Puritanismus	2500
Purpur	2500
Purpurstaub	2500
Pusteblume	2500
Pustekuchen	2500
Put	2500
Pute	2500
Puter	2500
Putin	2500
Putsch	2500
Putschbeginns	2500
Putschist	2500
Putschoffiziere	2500
Putschversuch	2500
Putz	2500
Putzer	2500
Puzzle	2500
Pyelogramm	2500
Pygmäe	2500
Pyjama	2500
Pylon	2500
Pyramide	2500
Pyramidenbau	2500
Pyrenäen	2500
Pyrrhus	2500
Pythagoras	2500
Pythia	2500
Python	2500
Quäker	2500
Quäler	2500
Quälerei	2500
Quäntchen	2500
Quacksalber	2500
Quader	2500
Quadrant	2500
Quadrantenfestlegung	2500
Quadrat	2500
Quadratmeterpreis	2500
Quadratur	2500
Quadrofonie	2500
Quadrophonie	2500
Quadrupel	2500
Qual	2500
Qualcomm	2500
Qualifikation	2500
Qualifikations	2500
Qualifizierung	2500
Qualitäts	2500
Qualle	2500
Qualm	2500
Qualmerei	2500
Quant	2500
Quanten	2500
Quantifizieren	2500
Quantisieren	2500
Quantität	2500
Quantor	2500
Quantum	2500
Quarantäne	2500
Quarantänestation	2500
Quark	2500
Quarkbrot	2500
Quarkkäulchen	2500
Quarkspeise	2500
Quart	2500
Quartal	2500
Quartals	2500
Quartett	2500
Quartier	2500
Quarz	2500
Quarzkristall	2500
Quarzoszillator	2500
Quarzuhr	2500
Quasar	2500
Quatsch	2500
Quatschköpfe	2500
Quatschkopf	2500
Qubit	2500
Quebec	2500
Quecksilber	2500
Quedlinburg	2500
Queen	2500
Queensland	2500
Quell	2500
Quelle	2500
Quellen	2500
Quengelei	2500
Quengler	2500
Quer	2500
Quere	2500
Querele	2500
Querschnittsabmessung	2500
Querschnittslähmung	2500
Querulant	2500
Quetschen	2500
Quickstepp	2500
Quint	2500
Quintenzirkel	2500
Quintessenz	2500
Quintett	2500
Quirl	2500
Quitte	2500
Quittieren	2500
Quittung	2500
Quittungsbeleg	2500
Quiz	2500
Quoren	2500
Quorum	2500
Quota	2500
Quote	2500
Quoten	2500
Quotient	2500
Quotieren	2500
RAF	2500
RAID	2500
RAM	2500
RBB	2500
RFC	2500
RFCs	2500
RIAS	2500
ROM	2500
ROMs	2500
RPM	2500
RTC	2500
RTL	2500
RWE	2500
RWEs	2500
Rächer	2500
Rädchen	2500
Rädelsführer	2500
Räder	2500
Rädergetriebe	2500
Räderkasten	2500
Räderwerk	2500
Rändelschraube	2500
Ränder	2500
Räson	2500
Räte	2500
Räterepublik	2500
Rätsel	2500
Rätselecke	2500
Rätselraten	2500
Rätselsendung	2500
Räuber	2500
Räuberhöhle	2500
Räuberpistole	2500
Räucherkammer	2500
Räucherkerze	2500
Räucherlachs	2500
Räuchermännchen	2500
Räucherofen	2500
Räuchersalami	2500
Räumen	2500
Räumfahrt	2500
Räumlichkeit	2500
Räumungs	2500
Rabat	2500
Rabatt	2500
Rabbiner	2500
Rabe	2500
Rabeneltern	2500
Rabulistik	2500
Rache	2500
Racheakt	2500
Rachefeldzug	2500
Rachegelüste	2500
Rachen	2500
Rachenhöhle	2500
Rachitis	2500
Rachmaninow	2500
Rachsucht	2500
Raclette	2500
Rad	2500
Radar	2500
Radau	2500
Radaubrüder	2500
Radaubruder	2500
Radebrecher	2500
Radgeber	2500
Radial	2500
Radialfräser	2500
Radiant	2500
Radiation	2500
Radiator	2500
Radien	2500
Radieren	2500
Radiergummi	2500
Radierkunst	2500
Radiermesser	2500
Radiernadel	2500
Radieschen	2500
Radikalenerlass	2500
Radikalisieren	2500
Radikalist	2500
Radikalität	2500
Radikalkette	2500
Radikalkur	2500
Radio	2500
Radiodurchsage	2500
Radiografie	2500
Radiogramm	2500
Radiographie	2500
Radiologe	2500
Radiologie	2500
Radiometrie	2500
Radioskop	2500
Radium	2500
Radius	2500
Radiusdifferenz	2500
Radler	2500
Radnabe	2500
Radnarbe	2500
Radon	2500
Rafael	2500
Raffinerie	2500
Raffinesse	2500
Ragout	2500
Rahm	2500
Rahmen	2500
Raiffeisenbank	2500
Raiffeisenkassen	2500
Raimund	2500
Rain	2500
Rainer	2500
Rakete	2500
Raketen	2500
Ralf	2500
Rallye	2500
Rallyefahrer	2500
Ralph	2500
Ramdisk	2500
Rammbock	2500
Rampe	2500
Rampenfunktion	2500
Rampenlicht	2500
Ramsch	2500
Ramses	2500
Rand	2500
Randale	2500
Randalierer	2500
Randalierszene	2500
Randomisieren	2500
Rang	2500
Rangelei	2500
Ranzen	2500
Raphael	2500
Rappe	2500
Rapport	2500
Raps	2500
Rapsöl	2500
Rarität	2500
Rasen	2500
Raserei	2500
Rasier	2500
Rasse	2500
Rassen	2500
Rassismus	2500
Rassismusvorwürfe	2500
Rassismusvorwurf	2500
Rassist	2500
Rast	2500
Rastatt	2500
Raster	2500
Rat	2500
Ratatouille	2500
Ratenkauf	2500
Ratensenkung	2500
Ratenzahlung	2500
Ratenzahlungsvereinbarung	2500
Ratgeber	2500
Rathaus	2500
Rathausbau	2500
Rathenow	2500
Ratifikation	2500
Ratifizieren	2500
Ratifizierungsdebatte	2500
Ratifizierungsprozess	2500
Ratifizierungsurkunde	2500
Rating	2500
Ratingagentur	2500
Ration	2500
Rationalisieren	2500
Rationalisierungs	2500
Rationalismus	2500
Rationalität	2500
Rationalitätskriterien	2500
Rationalitätskriterium	2500
Rationieren	2500
Ratlosigkeit	2500
Rats	2500
Ratsche	2500
Ratschlag	2500
Ratte	2500
Ratten	2500
Rattenplage	2500
Ratzeburg	2500
Raub	2500
Raubens	2500
Rauch	2500
Raucher	2500
Raucherhusten	2500
Raudi	2500
Raufasertapete	2500
Rauhaardackel	2500
Rauheit	2500
Rauigkeit	2500
Raum	2500
Raupe	2500
Raupenansteuerung	2500
Raupenantrieb	2500
Raupenfahrwerk	2500
Raupenfahrzeug	2500
Raupenkette	2500
Raupensteuerung	2500
Raureif	2500
Rausch	2500
Rauschen	2500
Rauschpegel	2500
Rausschmeißerjob	2500
Rausschmiss	2500
Ravenna	2500
Ravensburg	2500
Ravensburger	2500
Raver	2500
Ravioli	2500
Razzia	2500
Razzien	2500
Reagan	2500
Reagenzgläser	2500
Reagenzglas	2500
Reaktion	2500
Reaktions	2500
Reaktivieren	2500
Reaktor	2500
Real	2500
Realisation	2500
Realisierbarkeit	2500
Realisieren	2500
Realisierungschance	2500
Realisierungsmöglichkeit	2500
Realismus	2500
Realist	2500
Realität	2500
Realitäts	2500
Realo	2500
Reanimieren	2500
Reanimierungsversuch	2500
Rebe	2500
Rebell	2500
Rebellen	2500
Rebellion	2500
Rebhuhnbevölkerung	2500
Reboot	2500
Rebstöcke	2500
Rebstock	2500
Rechaud	2500
Rechen	2500
Rechenschaftsbericht	2500
Recherche	2500
Rechnen	2500
Rechner	2500
Rechnungs	2500
Rechteck	2500
Rechtfertigen	2500
Rechtgläubigkeit	2500
Rechthaber	2500
Rechthaberei	2500
Rechtlichkeit	2500
Rechtlosigkeit	2500
Rechtmäßigkeit	2500
Rechtschaffenheit	2500
Rechtschreib	2500
Rechtschreibehilfe	2500
Rechtschreiben	2500
Rechtsetzung	2500
Rechtshänder	2500
Rechtsprechung	2500
Rechtsradikalismus	2500
Rechtsschreibung	2500
Rechtssprechen	2500
Rechtsstreit	2500
Reck	2500
Recklinghausen	2500
Reclam	2500
Recycling	2500
Redakteur	2500
Redaktion	2500
Redaktionsgebäude	2500
Redaktionsschluss	2500
Rede	2500
Redefinition	2500
Redefinitionsmöglichkeit	2500
Reden	2500
Redensart	2500
Redenschreiber	2500
Rederei	2500
Redford	2500
Redigierung	2500
Redlichkeit	2500
Redmond	2500
Redner	2500
Rednerpult	2500
Rednertribüne	2500
Redseligkeit	2500
Reduktion	2500
Redundanz	2500
Reduzieren	2500
Reeder	2500
Reederei	2500
Reedereikonsortien	2500
Reedereikontor	2500
Reedkontakt	2500
Reedstäbe	2500
Reedstab	2500
Reengineering	2500
Reeperbahn	2500
Referat	2500
Referatsleiter	2500
Referendar	2500
Referendariat	2500
Referendum	2500
Referent	2500
Referenz	2500
Referenzbuffer	2500
Referenzieren	2500
Refinanzieren	2500
Refinanzierungskosten	2500
Reflektant	2500
Reflektor	2500
Reflektorfläche	2500
Reflex	2500
Reflexion	2500
Reflexions	2500
Reflexivität	2500
Reflexivpronomen	2500
Reflexivpronomina	2500
Reform	2500
Reformation	2500
Reformations	2500
Reformer	2500
Reformismus	2500
Reformulieren	2500
Refrain	2500
Refugium	2500
Regal	2500
Regalien	2500
Regatta	2500
Regatten	2500
Regel	2500
Regelausschlag	2500
Regelungs	2500
Regen	2500
Regeneration	2500
Regenerieren	2500
Regensburg	2500
Regensburger	2500
Regent	2500
Regentschaft	2500
Regentschaftsrat	2500
Reggae	2500
Regie	2500
Regieren	2500
Regierungs	2500
Regime	2500
Regimegegner	2500
Regiment	2500
Region	2500
Regional	2500
Regionalisieren	2500
Regionalität	2500
Regisseur	2500
Register	2500
Registratur	2500
Registrier	2500
Registrieren	2500
Reglement	2500
Reglementieren	2500
Regler	2500
Reglereigenschaften	2500
Reglergehäuse	2500
Reglergleichung	2500
Reglerkarte	2500
Reglertyp	2500
Reglerzustand	2500
Regress	2500
Regressanspruch	2500
Regressforderung	2500
Regression	2500
Regressionstest	2500
Regresspflicht	2500
Regsamkeit	2500
Regularien	2500
Regularität	2500
Regulation	2500
Regulieren	2500
Regulierer	2500
Regulierungs	2500
Reh	2500
Rehabilitation	2500
Rehabilitations	2500
Rehabilitieren	2500
Rehböcke	2500
Rehkitz	2500
Rehlederwäsche	2500
Rehwiese	2500
Reibach	2500
Reiben	2500
Reiberei	2500
Reibräder	2500
Reibrad	2500
Reibradachse	2500
Reibradkontrolle	2500
Reibrolle	2500
Reibungs	2500
Reich	2500
Reichen	2500
Reichhaltigkeit	2500
Reichs	2500
Reichsacht	2500
Reichsduma	2500
Reichslehen	2500
Reichspogromnacht	2500
Reichstags	2500
Reichsweite	2500
Reichtümer	2500
Reichtum	2500
Reichweite	2500
Reif	2500
Reifegrad	2500
Reifen	2500
Reifeprüfung	2500
Reifevermerk	2500
Reifungsprozess	2500
Reigen	2500
Reihe	2500
Reihen	2500
Reihung	2500
Reim	2500
Reimplementierung	2500
Reineke	2500
Reinertrag	2500
Reinfall	2500
Reingewinn	2500
Reinhalten	2500
Reinhard	2500
Reinhardt	2500
Reinheit	2500
Reinheitsgebot	2500
Reinigen	2500
Reiniger	2500
Reinigungs	2500
Reinkarnation	2500
Reinkultur	2500
Reinlichkeit	2500
Reinlichkeits	2500
Reinschrift	2500
Reis	2500
Reißaus	2500
Reißbrett	2500
Reißer	2500
Reißfestigkeit	2500
Reißleine	2500
Reißnägel	2500
Reißnagel	2500
Reißverschluss	2500
Reißwolf	2500
Reisanbau	2500
Reise	2500
Reisebedürftige	2500
Reisende	2500
Reisernte	2500
Reisig	2500
Reisigbesen	2500
Reiskultur	2500
Reispapier	2500
Reisschleim	2500
Reisschnaps	2500
Reisspelze	2500
Reissuppe	2500
Reiswaffel	2500
Reit	2500
Reiten	2500
Reiter	2500
Reiz	2500
Reizbarkeit	2500
Rekapitalisieren	2500
Reklamation	2500
Reklame	2500
Rekognoszierung	2500
Rekompilation	2500
Rekonstruktion	2500
Rekonvaleszenz	2500
Rekord	2500
Rekordler	2500
Rekrut	2500
Rekrutieren	2500
Rekrutierungs	2500
Rektor	2500
Rektorat	2500
Rekultivieren	2500
Rekursion	2500
Rekursivität	2500
Relais	2500
Relation	2500
Relativ	2500
Relativierbarkeit	2500
Relativieren	2500
Relativismus	2500
Relativität	2500
Relativitätstheorie	2500
Relevanz	2500
Reliabilität	2500
Relief	2500
Reliefkunst	2500
Religion	2500
Religions	2500
Religiosität	2500
Relikt	2500
Reling	2500
Reliquie	2500
Rembrandt	2500
Reminiszenz	2500
Remoulade	2500
Remouladensoße	2500
Ren	2500
Renaissance	2500
Renate	2500
Renault	2500
Rendezvous	2500
Rendite	2500
Renditeveränderung	2500
Rendsburg	2500
Renitenz	2500
Renn	2500
Rennen	2500
Renner	2500
Renntier	2500
Renommee	2500
Renovieren	2500
Renovierungsarbeiten	2500
Rentabilität	2500
Rente	2500
Renten	2500
Rentier	2500
Rentner	2500
Reorganisation	2500
Reparation	2500
Reparationsforderung	2500
Reparationskommission	2500
Reparationslieferung	2500
Reparationsverhandlung	2500
Reparatur	2500
Repertoire	2500
Repertoiretheater	2500
Repetition	2500
Replik	2500
Replikation	2500
Report	2500
Reportage	2500
Reporter	2500
Repräsentant	2500
Repräsentantenhaus	2500
Repräsentanz	2500
Repräsentation	2500
Repräsentations	2500
Repräsentativität	2500
Repressalie	2500
Repression	2500
Repressivpolitik	2500
Reproduktion	2500
Reproduktionsgenauigkeit	2500
Reproduktionsmedizin	2500
Reproduktionstechnik	2500
Reproduzierbarkeit	2500
Reptil	2500
Reptilien	2500
Republik	2500
Republikaner	2500
Republikflucht	2500
Reputation	2500
Requiem	2500
Requisit	2500
Requisitenkammer	2500
Requisiteur	2500
Reservat	2500
Reservation	2500
Reserve	2500
Reservieren	2500
Reservoir	2500
Reset	2500
Resetleitung	2500
Resetlogik	2500
Resetproblem	2500
Resetschaltung	2500
Resetsignal	2500
Residenz	2500
Residenzpflicht	2500
Residuen	2500
Residuum	2500
Resignation	2500
Resistenz	2500
Resolution	2500
Resolutionsentwurf	2500
Resonanz	2500
Resozialisieren	2500
Resozialisierungsprogramm	2500
Respekt	2500
Respektieren	2500
Respektlosigkeit	2500
Ressentiment	2500
Ressort	2500
Ressortchef	2500
Ressortverteilung	2500
Ressource	2500
Ressourcen	2500
Rest	2500
Restaurant	2500
Restauration	2500
Restaurator	2500
Restaurieren	2500
Restitutionsedikt	2500
Restriktion	2500
Restrukturieren	2500
Restrukturierungs	2500
Resümee	2500
Resultat	2500
Retorte	2500
Retortenbaby	2500
Retortenbefruchtung	2500
Retoure	2500
Retourenschein	2500
Retourkutsche	2500
Retourticket	2500
Retrospektive	2500
Retten	2500
Retter	2500
Rettich	2500
Rettungs	2500
Retusche	2500
Reue	2500
Reuter	2500
Reutlingen	2500
Revanche	2500
Revanchist	2500
Reverenz	2500
Reversibilität	2500
Revier	2500
Revierderby	2500
Revierförster	2500
Review	2500
Revision	2500
Revisionismus	2500
Revisionist	2500
Revisionsnummer	2500
Revisionsverfahren	2500
Revisionsverhandlung	2500
Revisor	2500
Revitalisieren	2500
Revolte	2500
Revolution	2500
Revolutionär	2500
Revolutionieren	2500
Revolutions	2500
Revolver	2500
Revue	2500
Rexrodt	2500
Reykjavik	2500
Rezensent	2500
Rezension	2500
Rezept	2500
Rezeption	2500
Rezeptor	2500
Rezeptpflicht	2500
Rezeptur	2500
Rezess	2500
Rezession	2500
Rezessions	2500
Rezipient	2500
Rezitation	2500
Rezitator	2500
Rezitieren	2500
Rhabarber	2500
Rhapsodie	2500
Rhein	2500
Rheinbund	2500
Rheinbundstaaten	2500
Rheindampfer	2500
Rheinfelden	2500
Rheinfestung	2500
Rheingrenze	2500
Rheinländer	2500
Rheinland	2500
Rheinlandzone	2500
Rheinmetall	2500
Rheinprovinz	2500
Rheinschifffahrt	2500
Rheinufer	2500
Rheinverkehr	2500
Rheinwein	2500
Rhesusfaktor	2500
Rhetorik	2500
Rhetoriker	2500
Rheuma	2500
Rheumatismus	2500
Rhön	2500
Rhodesien	2500
Rhodesier	2500
Rhodos	2500
Rhomben	2500
Rhombenmuster	2500
Rhombus	2500
Rhone	2500
Rhythmen	2500
Rhythmik	2500
Rhythmus	2500
Riad	2500
Ribbentrop	2500
Richard	2500
Richelieu	2500
Richt	2500
Richten	2500
Richter	2500
Richtigkeit	2500
Richtigstellen	2500
Richtungs	2500
Richtungsbit	2500
Ricke	2500
Rico	2500
Riecher	2500
Riechorgan	2500
Riege	2500
Riegel	2500
Rieger	2500
Riemann	2500
Riemen	2500
Ries	2500
Riese	2500
Riesen	2500
Riesenheuschrecke	2500
Riesling	2500
Riester	2500
Riesterrente	2500
Riff	2500
Riga	2500
Rille	2500
Rind	2500
Rinde	2500
Rinderauftrieb	2500
Rinderbraten	2500
Rinderknochen	2500
Rinderzunge	2500
Rindfleisch	2500
Rindviecher	2500
Rindvieh	2500
Ring	2500
Ringel	2500
Ringelpiez	2500
Ringelrein	2500
Ringer	2500
Ringkämpfchen	2500
Rinne	2500
Rinnsal	2500
Rinnstein	2500
Rio	2500
Rippe	2500
Rippen	2500
Risiken	2500
Risiko	2500
Riss	2500
Riten	2500
Ritt	2500
Ritter	2500
Rittigkeit	2500
Ritual	2500
Ritzel	2500
Rivale	2500
Rivalität	2500
Riviera	2500
Rivieraküste	2500
Rizinus	2500
Röcke	2500
Röhre	2500
Röhren	2500
Römer	2500
Römerzug	2500
Röntgen	2500
Röschen	2500
Rösser	2500
Röte	2500
Röteln	2500
Rötung	2500
Roadmap	2500
Roaming	2500
Robbe	2500
Robe	2500
Robert	2500
Roberta	2500
Robespierre	2500
Robin	2500
Robinson	2500
Robinsonnaturen	2500
Roboter	2500
Robotik	2500
Robotisierung	2500
Robustheit	2500
Rochefort	2500
Rochelle	2500
Rock	2500
Rockefeller	2500
Rocker	2500
Rockerbande	2500
Rodelbahn	2500
Roden	2500
Rodler	2500
Roger	2500
Roggen	2500
Roggenbrot	2500
Roggenernte	2500
Roggenfeld	2500
Roggenstroh	2500
Roh	2500
Rohheit	2500
Rohkakaomarkt	2500
Rohling	2500
Roland	2500
Rolandslied	2500
Rolex	2500
Rolf	2500
Roll	2500
Rollator	2500
Rolle	2500
Rollen	2500
Rolli	2500
Rollkragenpullover	2500
Roma	2500
Roman	2500
Romancier	2500
Romano	2500
Romantik	2500
Romantiker	2500
Romanze	2500
Rommel	2500
Rommé	2500
Ronald	2500
Rondo	2500
Roosevelt	2500
Rose	2500
Rosen	2500
Rosenheimer	2500
Rosette	2500
Rosine	2500
Rosmarin	2500
Rosshäute	2500
Rosskastanie	2500
Rosskur	2500
Rost	2500
Rostock	2500
Rot	2500
Rotation	2500
Rotations	2500
Rotator	2500
Rotchinesen	2500
Roth	2500
Rothschild	2500
Rotkehlchen	2500
Rotor	2500
Rotoränderung	2500
Rotoranregung	2500
Rotorauswertung	2500
Rotorbewegung	2500
Rotorverhalten	2500
Rotschild	2500
Rotterdam	2500
Rotznase	2500
Roulade	2500
Roulette	2500
Route	2500
Routenplaner	2500
Router	2500
Routine	2500
Routing	2500
Routinier	2500
Rowdy	2500
Rowdytum	2500
Royalist	2500
Rübe	2500
Rübezahl	2500
Rück	2500
Rücken	2500
Rückenmark	2500
Rückgaberecht	2500
Rückgabewert	2500
Rückgrad	2500
Rückgrat	2500
Rückkehr	2500
Rückkoppeln	2500
Rücknahmekurs	2500
Rücknahmepreis	2500
Rückname	2500
Rückrad	2500
Rückrat	2500
Rückrundenauftakt	2500
Rücksichtslosigkeit	2500
Rückstauklappe	2500
Rücktrittsangebot	2500
Rücktrittserklärung	2500
Rücktrittsrede	2500
Rückwärtslaufen	2500
Rückwärtsorientierung	2500
Rückwärtsrichtung	2500
Rückzugsmanöver	2500
Rückzugsort	2500
Rüde	2500
Rüdesheim	2500
Rüdiger	2500
Rüge	2500
Rühe	2500
Rühren	2500
Rührer	2500
Rührstäbe	2500
Rümpfe	2500
Rüssel	2500
Rüsselsheim	2500
Rüsten	2500
Rüstungs	2500
Rüstzeug	2500
Rüttelfestigkeit	2500
Rüttgers	2500
Ruanda	2500
Rubel	2500
Rubelmillionär	2500
Rubens	2500
Rubin	2500
Rubinglasfenster	2500
Rubrik	2500
Ruck	2500
Rucksäcke	2500
Rucksack	2500
Rudel	2500
Ruder	2500
Ruderer	2500
Rudi	2500
Rudiment	2500
Rudolf	2500
Ruf	2500
Rufer	2500
Rugby	2500
Ruhe	2500
Ruheständler	2500
Ruhestandsprogramm	2500
Ruhestandssitz	2500
Ruhm	2500
Ruhr	2500
Ruhrbesetzung	2500
Ruhrchemie	2500
Ruhrfestspiele	2500
Ruhrgebiet	2500
Ruhrgroßstadt	2500
Ruhrkohle	2500
Ruhrkumpel	2500
Ruhrschnellweg	2500
Ruhrstatut	2500
Ruin	2500
Rum	2500
Rumäne	2500
Rumänien	2500
Rummel	2500
Rummelplatz	2500
Rumpf	2500
Rumpsteak	2500
Run	2500
Runde	2500
Runden	2500
Rundenrekord	2500
Rundenzeit	2500
Rundungsfehler	2500
Rune	2500
Runzel	2500
Rupert	2500
Rupie	2500
Ruß	2500
Russe	2500
Russeneinbruch	2500
Russland	2500
Russlandfeldzug	2500
Russlandheimkehrer	2500
Rute	2500
Ruthenium	2500
Rutsch	2500
Rutschbahn	2500
Rutschpartie	2500
SAP	2500
SAPs	2500
SAS	2500
SCSI	2500
SEATO	2500
SED	2500
SFr	2500
SGI	2500
SGIs	2500
SGML	2500
SMD	2500
SMS	2500
SMTP	2500
SOS	2500
SPARC	2500
SPD	2500
SPÖ	2500
SQL	2500
SV	2500
SWAPO	2500
Säbel	2500
Säbelhieb	2500
Säcke	2500
Säfte	2500
Säge	2500
Säkularisieren	2500
Säkularisierungsprozess	2500
Säkulum	2500
Säle	2500
Sämaschine	2500
Sämling	2500
Sänfte	2500
Sänger	2500
Sängerfest	2500
Särge	2500
Sättel	2500
Sättigen	2500
Sättigungs	2500
Säubern	2500
Säuberungsaktion	2500
Säuberungsprozess	2500
Säue	2500
Säuern	2500
Säufer	2500
Säuger	2500
Säugetier	2500
Säugling	2500
Säuglings	2500
Säuglingssterblichkeit	2500
Säumniszuschlag	2500
Säure	2500
Sa.	2500
Saal	2500
Saaleingang	2500
Saalfluchten	2500
Saalschutz	2500
Saarbergbau	2500
Saarbrücken	2500
Saarbrücker	2500
Saargebiet	2500
Saarkohle	2500
Saarländer	2500
Saarland	2500
Saarregierung	2500
Saat	2500
Saatgut	2500
Sabbat	2500
Sabbatjahr	2500
Sabbatschändung	2500
Sabine	2500
Sabotage	2500
Saboteur	2500
Sabrina	2500
Sach	2500
Sacharin	2500
Sache	2500
Sacher	2500
Sachlichkeit	2500
Sachsen	2500
Sachsenaufstand	2500
Sachsenhausen	2500
Sachsenkrieg	2500
Sachsenspiegel	2500
Sachverhalt	2500
Sachverhaltsaufklärung	2500
Sachverständige	2500
Sachverständigenkommission	2500
Sachverständigenkonferenz	2500
Sachverständigenrat	2500
Sack	2500
Sackgasse	2500
Sadat	2500
Saddam	2500
Sadismus	2500
Sadist	2500
Safari	2500
Safe	2500
Safran	2500
Saft	2500
Saga	2500
Sage	2500
Sagengestalt	2500
Sahara	2500
Sahelzone	2500
Sahne	2500
Sahnetorte	2500
Saigon	2500
Saison	2500
Saite	2500
Saiteninstrument	2500
Sakkoanzug	2500
Sakrament	2500
Sakrileg	2500
Saladin	2500
Salafismus	2500
Salafist	2500
Salamander	2500
Salami	2500
Salat	2500
Salbe	2500
Salbei	2500
Salben	2500
Salden	2500
Saldenbestätigung	2500
Saldenmitteilung	2500
Saldo	2500
Saldomitteilung	2500
Saldovortrag	2500
Salisbury	2500
Salm	2500
Salmiakgeist	2500
Salomoneninseln	2500
Salon	2500
Saloniki	2500
Salonwagen	2500
Salpeter	2500
Salpetererde	2500
Salpetersäure	2500
Salto	2500
Salut	2500
Salutschuss	2500
Salvador	2500
Salve	2500
Salz	2500
Salzburg	2500
Salzburger	2500
Salzlauge	2500
Salzsole	2500
Salzstreuer	2500
Sam	2500
Samariter	2500
Samarkand	2500
Samba	2500
Sambesi	2500
Sambia	2500
Same	2500
Samen	2500
Sammel	2500
Sammeln	2500
Sammelsurium	2500
Sammler	2500
Samoainseln	2500
Sample	2500
Samplermodul	2500
Samson	2500
Samstagmorgen	2500
Samstags	2500
Samsung	2500
Samt	2500
Samtfauteuil	2500
Samthandschuh	2500
Samuel	2500
Samurai	2500
San	2500
Sanatorien	2500
Sanatorium	2500
Sand	2500
Sandale	2500
Sandoz	2500
Sandra	2500
Sandstrahlverbot	2500
Sandstürmen	2500
Sandwich	2500
Sandwichposition	2500
Sanftheit	2500
Sanftmut	2500
Sanieren	2500
Sanierungs	2500
Sanitär	2500
Sanitäter	2500
Sanitäts	2500
Sanktion	2500
Sanktionieren	2500
Sanktionsausschuss	2500
Sanktionsmöglichkeit	2500
Sanktionspolitik	2500
Sansibar	2500
Santa	2500
Santorin	2500
Sanyo	2500
Sao	2500
Saphir	2500
Saragossa	2500
Sarajevo	2500
Saratoga	2500
Sarde	2500
Sardelle	2500
Sardellenpaste	2500
Sardine	2500
Sardinien	2500
Sarg	2500
Sarkasmus	2500
Sarkom	2500
Sarkoma	2500
Sarkomatose	2500
Sarkophag	2500
Sascha	2500
Satan	2500
Satellit	2500
Satelliten	2500
Satin	2500
Satinhose	2500
Satire	2500
Satiriker	2500
Sattel	2500
Sattler	2500
Sattlerei	2500
Saturation	2500
Saturn	2500
Satyr	2500
Sau	2500
Sauberkeit	2500
Sauberkeits	2500
Sauberladen	2500
Saubohnen	2500
Sauce	2500
Sauciere	2500
Saudi	2500
Sauer	2500
Sauerei	2500
Sauerrahmbutter	2500
Sauerstoffzelt	2500
Sauferei	2500
Saufgelage	2500
Saug	2500
Saugen	2500
Sauger	2500
Saul	2500
Saulgau	2500
Saulus	2500
Saum	2500
Saumpfad	2500
Saumpferd	2500
Saumsättel	2500
Saumsattel	2500
Saumtier	2500
Sauna	2500
Saurier	2500
Sauseschritt	2500
Sausewind	2500
Saustall	2500
Savanne	2500
Saxofon	2500
Saxophon	2500
Scampi	2500
Scandium	2500
Scanner	2500
Schäbigkeit	2500
Schächer	2500
Schächte	2500
Schädel	2500
Schäden	2500
Schädigen	2500
Schädlichkeit	2500
Schädling	2500
Schädlings	2500
Schäfchen	2500
Schäfchenwolken	2500
Schäfer	2500
Schäferhündin	2500
Schäferhund	2500
Schäferstündchen	2500
Schäfte	2500
Schäkel	2500
Schäkerei	2500
Schälgeräusch	2500
Schälle	2500
Schänden	2500
Schänder	2500
Schändlichkeit	2500
Schänke	2500
Schären	2500
Schärfe	2500
Schärfen	2500
Schärpe	2500
Schätz	2500
Schätze	2500
Schätzen	2500
Schätzer	2500
Schäuble	2500
Schäufelchen	2500
Schäumwerkzeug	2500
Schabemesser	2500
Schabernack	2500
Schablone	2500
Schach	2500
Schacht	2500
Schachtanlage	2500
Schachtel	2500
Schachtelhalm	2500
Schachtelsätze	2500
Schachtelsatz	2500
Schachtelungsprinzip	2500
Schad	2500
Schaden	2500
Schadenfreude	2500
Schadens	2500
Schadhaftigkeit	2500
Schadloshaltung	2500
Schadstoff	2500
Schaf	2500
Schaffen	2500
Schaffens	2500
Schaffhausen	2500
Schaffner	2500
Schafhirt	2500
Schafott	2500
Schafpelz	2500
Schafschüren	2500
Schafsköpfe	2500
Schafskopf	2500
Schaft	2500
Schaftstiefel	2500
Schah	2500
Schakal	2500
Schal	2500
Schale	2500
Schalensitz	2500
Schalheit	2500
Schalk	2500
Schalkhaftigkeit	2500
Schalkheit	2500
Schall	2500
Schallimpedanzanpassung	2500
Schallpuls	2500
Schalt	2500
Schalten	2500
Schalter	2500
Schalteranordnung	2500
Schalterbeamte	2500
Schalterdienst	2500
Schaltereingängen	2500
Schalterhalle	2500
Schalterinterface	2500
Schalterleitung	2500
Schaltermodul	2500
Schalternummer	2500
Schalterpersonal	2500
Schalterschluss	2500
Schalterstunden	2500
Schalterteil	2500
Schaltier	2500
Schaltreglernetzteilen	2500
Schaltungsbeschreibung	2500
Schaltungsgestaltung	2500
Schaltungssimulation	2500
Schaltungsvorschlag	2500
Schaluppe	2500
Scham	2500
Schambein	2500
Schamgefühl	2500
Schamgrenze	2500
Schamhaftigkeit	2500
Schamlippe	2500
Schamlosigkeit	2500
Schamröte	2500
Schamteile	2500
Schandbänklein	2500
Schande	2500
Schandfleck	2500
Schandmäuler	2500
Schandmal	2500
Schandmaul	2500
Schandtat	2500
Schanghai	2500
Schanghaier	2500
Schanktisch	2500
Schankwirt	2500
Schankwirtschaft	2500
Schanzbau	2500
Schanzbauten	2500
Schanze	2500
Schar	2500
Scharade	2500
Scharfblick	2500
Scharfmacher	2500
Scharfrichter	2500
Scharfschießen	2500
Scharfschütze	2500
Scharfsinn	2500
Scharfsinnigkeit	2500
Scharia	2500
Scharlach	2500
Scharlachfieber	2500
Scharlatan	2500
Scharmützel	2500
Scharnier	2500
Scharnierachse	2500
Scharnierdeckel	2500
Scharon	2500
Scharping	2500
Schatten	2500
Schattieren	2500
Schatulle	2500
Schatz	2500
Schau	2500
Schaubudenbesitzer	2500
Schauder	2500
Schauer	2500
Schauerdrama	2500
Schauerroman	2500
Schaufel	2500
Schaufelstern	2500
Schauinsland	2500
Schaukel	2500
Schaum	2500
Schaumburg	2500
Scheck	2500
Scheckreitereien	2500
Scheffel	2500
Scheibe	2500
Scheiben	2500
Scheich	2500
Scheichtum	2500
Scheidelinie	2500
Scheiden	2500
Scheidewände	2500
Scheidewand	2500
Scheidewasser	2500
Scheideweg	2500
Scheidungs	2500
Schein	2500
Scheinwerferlicht	2500
Scheißkerl	2500
Scheit	2500
Scheitel	2500
Scheitelkreis	2500
Scheitelpunkt	2500
Scheitelwinkel	2500
Scheiterhaufen	2500
Scheitern	2500
Schellack	2500
Schellackplatte	2500
Schellfisch	2500
Schelm	2500
Schelmenstreich	2500
Schelmerei	2500
Scheltwort	2500
Schema	2500
Schemata	2500
Schematisieren	2500
Schemazeichnung	2500
Schemel	2500
Schemen	2500
Schenke	2500
Schenkel	2500
Schenken	2500
Schenker	2500
Schenkungsurkunde	2500
Scherbe	2500
Scherbengericht	2500
Schere	2500
Scherenschleifer	2500
Scherenschnitt	2500
Scherer	2500
Schererei	2500
Scherflein	2500
Scherge	2500
Scherkräfte	2500
Scherz	2500
Scherzartikel	2500
Scherzhaftigkeit	2500
Scherzwort	2500
Scheuerbürste	2500
Scheuerfrau	2500
Scheuerlappen	2500
Scheuerleiste	2500
Scheuermittel	2500
Scheuertücher	2500
Scheuertuch	2500
Scheuklappe	2500
Scheuleder	2500
Scheune	2500
Scheußlichkeit	2500
Scheusal	2500
Schi	2500
Schicht	2500
Schichten	2500
Schichtigkeit	2500
Schicken	2500
Schickeria	2500
Schicklichkeit	2500
Schicksal	2500
Schicksals	2500
Schiebe	2500
Schiebeleere	2500
Schiebelehre	2500
Schieben	2500
Schieber	2500
Schieberei	2500
Schieblehre	2500
Schieds	2500
Schiefer	2500
Schieflage	2500
Schiefstellung	2500
Schienbein	2500
Schiene	2500
Schienen	2500
Schierling	2500
Schieß	2500
Schießen	2500
Schießerei	2500
Schiff	2500
Schiffbau	2500
Schiffbrücke	2500
Schiffbruch	2500
Schiffer	2500
Schifffahrt	2500
Schifffahrts	2500
Schiffs	2500
Schiffschaukel	2500
Schiffwerft	2500
Schiit	2500
Schikane	2500
Schild	2500
Schilda	2500
Schilder	2500
Schildknappe	2500
Schildpatt	2500
Schilf	2500
Schilfdach	2500
Schilfmatte	2500
Schilfrohr	2500
Schiller	2500
Schilling	2500
Schily	2500
Schimmel	2500
Schimmer	2500
Schimpanse	2500
Schimpansenmutter	2500
Schimpfwörter	2500
Schimpfwort	2500
Schindel	2500
Schindeldächer	2500
Schindeldach	2500
Schinder	2500
Schinderei	2500
Schindluder	2500
Schinken	2500
Schippe	2500
Schirm	2500
Schirmen	2500
Schiss	2500
Schisslaweng	2500
Schizophrenie	2500
Schlächter	2500
Schlächterei	2500
Schläfchen	2500
Schläfe	2500
Schläfer	2500
Schläfrigkeit	2500
Schläger	2500
Schlägerei	2500
Schläuche	2500
Schlacht	2500
Schlachten	2500
Schlachter	2500
Schlachtermesser	2500
Schlachtross	2500
Schlaf	2500
Schlafenszeit	2500
Schlafittchen	2500
Schlag	2500
Schlagabtausch	2500
Schlaganfallpatient	2500
Schlagen	2500
Schlager	2500
Schlagfertigkeit	2500
Schlagzeuger	2500
Schlamassel	2500
Schlamm	2500
Schlammassel	2500
Schlampe	2500
Schlamperei	2500
Schlange	2500
Schlangen	2500
Schlankheit	2500
Schlankheitskur	2500
Schlappen	2500
Schlapphüte	2500
Schlapphut	2500
Schlaraffenland	2500
Schlauberger	2500
Schlauch	2500
Schlaufe	2500
Schlauheit	2500
Schlauköpfe	2500
Schlaukopf	2500
Schlaumeier	2500
Schlawiner	2500
Schlechtigkeit	2500
Schlechtwetterperiode	2500
Schlecken	2500
Schlegel	2500
Schleichweg	2500
Schleichwerbung	2500
Schleier	2500
Schleiereule	2500
Schleif	2500
Schleife	2500
Schleifen	2500
Schleifeninvariante	2500
Schleim	2500
Schlemmerei	2500
Schlendrian	2500
Schlepp	2500
Schleppen	2500
Schlepper	2500
Schlepptau	2500
Schlesien	2500
Schlesier	2500
Schleswig	2500
Schleuder	2500
Schleudern	2500
Schleuse	2500
Schleusentor	2500
Schleuser	2500
Schleuserbande	2500
Schleuserkriminalität	2500
Schlichten	2500
Schlichter	2500
Schlichterspruch	2500
Schlichtheit	2500
Schlichtungs	2500
Schlick	2500
Schliere	2500
Schlierenbildung	2500
Schließ	2500
Schließer	2500
Schliff	2500
Schlinggewächs	2500
Schlingpflanze	2500
Schlips	2500
Schlitten	2500
Schlittschuh	2500
Schlittschuhläufer	2500
Schlitz	2500
Schlitzohr	2500
Schlösser	2500
Schlösserkatalog	2500
Schloss	2500
Schlosser	2500
Schlot	2500
Schlückchen	2500
Schlücke	2500
Schlünde	2500
Schlüpfer	2500
Schlüssel	2500
Schlüsselbünde	2500
Schlüssigkeit	2500
Schlucht	2500
Schluck	2500
Schluckauf	2500
Schlucker	2500
Schludrigkeit	2500
Schlummer	2500
Schlund	2500
Schlupf	2500
Schluss	2500
Schmähen	2500
Schmähgedicht	2500
Schmähkritik	2500
Schmähwort	2500
Schmälern	2500
Schmäuse	2500
Schmach	2500
Schmackes	2500
Schmackhaftigkeit	2500
Schmal	2500
Schmalz	2500
Schmand	2500
Schmankerl	2500
Schmarotzer	2500
Schmarotzerpflanze	2500
Schmarotzertum	2500
Schmarre	2500
Schmatz	2500
Schmaus	2500
Schmauserei	2500
Schmeichelei	2500
Schmeichelkatze	2500
Schmeichler	2500
Schmeißfliege	2500
Schmelz	2500
Schmelzen	2500
Schmelzerei	2500
Schmelzkäse	2500
Schmerbäuche	2500
Schmerbauch	2500
Schmerz	2500
Schmerzens	2500
Schmetterball	2500
Schmetterling	2500
Schmetterlingsfarm	2500
Schmetterschlägen	2500
Schmetterschlag	2500
Schmid	2500
Schmidt	2500
Schmied	2500
Schmiede	2500
Schmier	2500
Schmiere	2500
Schmieren	2500
Schmiererei	2500
Schmieresteher	2500
Schmierfink	2500
Schmirgel	2500
Schmirgelpapier	2500
Schmiss	2500
Schmitt	2500
Schmöker	2500
Schmollmund	2500
Schmollwinkel	2500
Schmonzette	2500
Schmorbraten	2500
Schmücken	2500
Schmu	2500
Schmuck	2500
Schmuddelfilm	2500
Schmuddelwetter	2500
Schmuggel	2500
Schmuggelei	2500
Schmuggler	2500
Schmusekatze	2500
Schmutz	2500
Schmutzfink	2500
Schmutzigkeit	2500
Schnäbel	2500
Schnäppchen	2500
Schnäppchenjagd	2500
Schnäpse	2500
Schnabel	2500
Schnabeltasse	2500
Schnabeltier	2500
Schnake	2500
Schnallenschuh	2500
Schnappmesser	2500
Schnappschlössern	2500
Schnappschloss	2500
Schnappschuss	2500
Schnappstift	2500
Schnaps	2500
Schnarch	2500
Schnaufer	2500
Schnauzbärte	2500
Schnauzbart	2500
Schnauze	2500
Schnauzer	2500
Schnecke	2500
Schneckenantrieb	2500
Schneckendrehzahl	2500
Schneckengang	2500
Schneckengewinde	2500
Schneckenhaus	2500
Schneckenpost	2500
Schneckentempo	2500
Schnee	2500
Schneestürme	2500
Schneewittchen	2500
Schneid	2500
Schneide	2500
Schneiden	2500
Schneider	2500
Schneiderei	2500
Schneiderfachschule	2500
Schneiderkostüm	2500
Schneidermeister	2500
Schneiderpuppe	2500
Schneise	2500
Schnellbleiche	2500
Schnellhefter	2500
Schnelligkeit	2500
Schnelligkeitsrekorde	2500
Schnellschreibehilfe	2500
Schnepfe	2500
Schnippchen	2500
Schnippel	2500
Schnipsel	2500
Schnitt	2500
Schnittlauch	2500
Schnittstellenumsetzer	2500
Schnitzarbeit	2500
Schnitzel	2500
Schnitzeljagd	2500
Schnitzer	2500
Schnitzerei	2500
Schnitzkünsten	2500
Schnitzkunst	2500
Schnitzwerk	2500
Schnörkel	2500
Schnösel	2500
Schnorchel	2500
Schnorrer	2500
Schnorrerei	2500
Schnorrertum	2500
Schnüffelei	2500
Schnüffelhund	2500
Schnüffeln	2500
Schnüffler	2500
Schnür	2500
Schnüre	2500
Schnuller	2500
Schnulze	2500
Schnupfen	2500
Schnupftabak	2500
Schnupftücher	2500
Schnupftuch	2500
Schnuppe	2500
Schnupperlehre	2500
Schnur	2500
Schnurrbärte	2500
Schnurrbart	2500
Schöffe	2500
Schöffengericht	2500
Schön	2500
Schönbrunn	2500
Schöneberg	2500
Schönefeld	2500
Schönheit	2500
Schönheits	2500
Schönheitswettbewerb	2500
Schönredner	2500
Schöpfeimer	2500
Schöpfen	2500
Schöpfer	2500
Schöpfkelle	2500
Schöpflöffel	2500
Schöpfungs	2500
Schössling	2500
Schober	2500
Schock	2500
Schockschwerenot	2500
Schokolade	2500
Schokoladeflecken	2500
Schokoladen	2500
Scholastiker	2500
Scholl	2500
Scholle	2500
Scholz	2500
Schonen	2500
Schoner	2500
Schopf	2500
Schoppen	2500
Schorf	2500
Schorle	2500
Schornstein	2500
Schornsteinfeger	2500
Schoß	2500
Schoßhündchen	2500
Schoßhund	2500
Schoßkind	2500
Schote	2500
Schott	2500
Schottenrock	2500
Schottland	2500
Schräg	2500
Schräge	2500
Schräglage	2500
Schrämmaschine	2500
Schränke	2500
Schraffieren	2500
Schraffur	2500
Schrank	2500
Schranken	2500
Schraub	2500
Schraube	2500
Schrauben	2500
Schrauber	2500
Schrebergärten	2500
Schrebergarten	2500
Schreck	2500
Schrecken	2500
Schreckens	2500
Schrecknis	2500
Schrei	2500
Schreianfall	2500
Schreib	2500
Schreibcursor	2500
Schreiben	2500
Schreiber	2500
Schreiberei	2500
Schreiberling	2500
Schreibstubenmannschaft	2500
Schreier	2500
Schreihälse	2500
Schreihals	2500
Schrein	2500
Schreiner	2500
Schreinerei	2500
Schreitens	2500
Schreitgeschwindigkeit	2500
Schreitweg	2500
Schreitwerk	2500
Schreitwerksdruck	2500
Schreitwerkshub	2500
Schreitzylinder	2500
Schrift	2500
Schriftdeutsch	2500
Schriftenreihe	2500
Schriftstellergilde	2500
Schriftstellerverband	2500
Schrifttum	2500
Schrimp	2500
Schritt	2500
Schröder	2500
Schrödinger	2500
Schrödingergleichung	2500
Schroffheit	2500
Schrot	2500
Schrotbrot	2500
Schrotflinte	2500
Schrotkörner	2500
Schrotkorn	2500
Schrotladung	2500
Schrotmehl	2500
Schrotmühlen	2500
Schrotsägen	2500
Schrott	2500
Schrubber	2500
Schrulle	2500
Schrumpfen	2500
Schrumpfschlauch	2500
Schrumpfteilen	2500
Schrumpfungsprozess	2500
Schrunden	2500
Schübe	2500
Schüchternheit	2500
Schürfkante	2500
Schürfprofilen	2500
Schürfwunde	2500
Schürze	2500
Schürzen	2500
Schüssel	2500
Schüttelfrost	2500
Schütteln	2500
Schüttelreim	2500
Schütze	2500
Schützen	2500
Schützer	2500
Schützling	2500
Schub	2500
Schubert	2500
Schublade	2500
Schuft	2500
Schufterei	2500
Schuh	2500
Schukosteckdose	2500
Schukostecker	2500
Schul	2500
Schuld	2500
Schulden	2500
Schuldentilgungsfond	2500
Schuldigkeit	2500
Schuldlosigkeit	2500
Schuldner	2500
Schuldnerberatung	2500
Schuldnerberatungsstelle	2500
Schuldnerhaft	2500
Schuldnernation	2500
Schulen	2500
Schulgelände	2500
Schulgelehrsamkeit	2500
Schulstress	2500
Schulter	2500
Schultheiß	2500
Schulungs	2500
Schulz	2500
Schumacher	2500
Schumi	2500
Schummelei	2500
Schund	2500
Schundheft	2500
Schundliteratur	2500
Schundroman	2500
Schuppe	2500
Schuppen	2500
Schur	2500
Schurke	2500
Schurkenstreich	2500
Schurkerei	2500
Schurwolle	2500
Schurz	2500
Schuss	2500
Schussel	2500
Schusseligkeit	2500
Schussseligkeit	2500
Schuster	2500
Schusterjunge	2500
Schute	2500
Schutt	2500
Schutz	2500
Schutzgeleit	2500
Schutzheilige	2500
Schwäbin	2500
Schwäche	2500
Schwächen	2500
Schwächlichkeit	2500
Schwächling	2500
Schwägerin	2500
Schwämme	2500
Schwäne	2500
Schwängern	2500
Schwänke	2500
Schwänze	2500
Schwänzer	2500
Schwärme	2500
Schwärmer	2500
Schwärmerei	2500
Schwärzen	2500
Schwätzer	2500
Schwabe	2500
Schwabenland	2500
Schwabenstreich	2500
Schwachheit	2500
Schwachköpfe	2500
Schwachkopf	2500
Schwachpunkt	2500
Schwachsinn	2500
Schwachstelle	2500
Schwachstrom	2500
Schwade	2500
Schwadron	2500
Schwadroneur	2500
Schwager	2500
Schwalbe	2500
Schwalbenschwänze	2500
Schwalbenschwanz	2500
Schwall	2500
Schwammerlreife	2500
Schwan	2500
Schwanengesang	2500
Schwanensee	2500
Schwangerschaft	2500
Schwangerschafts	2500
Schwank	2500
Schwankungsbreite	2500
Schwanz	2500
Schwarm	2500
Schwarte	2500
Schwarz	2500
Schwarzafrika	2500
Schwarzenegger	2500
Schwarzwälder	2500
Schwatz	2500
Schwatzbase	2500
Schwatztante	2500
Schwebe	2500
Schwede	2500
Schweden	2500
Schwefel	2500
Schweif	2500
Schweige	2500
Schweigsamkeit	2500
Schwein	2500
Schweine	2500
Schweinerei	2500
Schweinigel	2500
Schweinsbraten	2500
Schweinskotelett	2500
Schweinsleder	2500
Schweinswal	2500
Schweiß	2500
Schweißen	2500
Schweißer	2500
Schweißerei	2500
Schweitzer	2500
Schweiz	2500
Schweizer	2500
Schweizerfranken	2500
Schweizergarde	2500
Schwelger	2500
Schwelgerei	2500
Schwellkörper	2500
Schwellwert	2500
Schwellwertschalter	2500
Schwemme	2500
Schwemmland	2500
Schwemmungs	2500
Schwenk	2500
Schwenkung	2500
Schwer	2500
Schwere	2500
Schwerefeld	2500
Schwerelosigkeit	2500
Schwergewichtler	2500
Schwerin	2500
Schwerindustriellen	2500
Schwerkriegsbeschädigte	2500
Schwerpunktsenergie	2500
Schwerspat	2500
Schwerstarbeit	2500
Schwert	2500
Schwester	2500
Schwestern	2500
Schwiegereltern	2500
Schwiegermütter	2500
Schwiegermutter	2500
Schwiegersöhne	2500
Schwiegersohn	2500
Schwiegertöchter	2500
Schwiegertochter	2500
Schwiegerväter	2500
Schwiegervater	2500
Schwiele	2500
Schwierigkeit	2500
Schwierigkeits	2500
Schwimm	2500
Schwimmen	2500
Schwimmer	2500
Schwimmerventil	2500
Schwimmhäuter	2500
Schwindel	2500
Schwindelei	2500
Schwindler	2500
Schwindsucht	2500
Schwing	2500
Schwingen	2500
Schwinger	2500
Schwingeradapter	2500
Schwingeraufbau	2500
Schwingerdurchmesser	2500
Schwingerfuß	2500
Schwingerkörper	2500
Schwingerträger	2500
Schwingschleifer	2500
Schwingungs	2500
Schwips	2500
Schwitz	2500
Schwüre	2500
Schwuchtel	2500
Schwulität	2500
Schwulst	2500
Schwund	2500
Schwundausgleich	2500
Schwundregelung	2500
Schwung	2500
Schwur	2500
Schwurgericht	2500
Sciencefiction	2500
Scientology	2500
Scratchpad	2500
Screenshot	2500
Script	2500
Seagate	2500
Seattle	2500
Sebastian	2500
Sechseck	2500
Sechsen	2500
Sechskant	2500
Sechskantführung	2500
Sechstagekrieg	2500
Sechstagerennen	2500
Sechstklässler	2500
Sechszehntelnote	2500
Sechziger	2500
Sediment	2500
Sedimentstäube	2500
Sedimentstaub	2500
See	2500
Seehundjäger	2500
Seehundsfell	2500
Seele	2500
Seelen	2500
Seelenheil	2500
Seelenruhe	2500
Seelsorge	2500
Seelsorger	2500
Seeräuberei	2500
Seetang	2500
Segel	2500
Segen	2500
Segenswünsche	2500
Segenswunsch	2500
Segler	2500
Segment	2500
Segmentierung	2500
Segnen	2500
Seh	2500
Sehen	2500
Sehenswürdigkeit	2500
Seher	2500
Seherblick	2500
Sehergaben	2500
Sehnen	2500
Sehnsüchte	2500
Sehnsucht	2500
Seichtheit	2500
Seide	2500
Seidel	2500
Seiden	2500
Seidenraupenzucht	2500
Seife	2500
Seifen	2500
Seifenlauge	2500
Seifensiederei	2500
Seiko	2500
Seil	2500
Seilhüpfen	2500
Seilpotis	2500
Seilschaft	2500
Seilzugpoti	2500
Seim	2500
Seismograf	2500
Seismograph	2500
Seite	2500
Seiten	2500
Seiteneffektanalyse	2500
Seiteninstrument	2500
Seitenstechen	2500
Seitwärtsbewegung	2500
Sekante	2500
Sekret	2500
Sekretär	2500
Sekretariat	2500
Sekretariats	2500
Sekretion	2500
Sekt	2500
Sekten	2500
Sektierer	2500
Sektion	2500
Sektor	2500
Sektorenaufteilung	2500
Sekundär	2500
Sekundant	2500
Sekunden	2500
Sekundenschnelle	2500
Selbermachen	2500
Selbständige	2500
Selbständigkeit	2500
Selbstbehalt	2500
Selbstständigkeit	2500
Selbstverpflichtungserklärung	2500
Selbstwählbetrieb	2500
Selektion	2500
Selektionsdruck	2500
Selektionskriterien	2500
Selektionsmechanismen	2500
Selektionsmethode	2500
Selfie	2500
Selfmademan	2500
Seligkeit	2500
Seligsprechung	2500
Sellerie	2500
Seltenheit	2500
Seltenheitswert	2500
Selterswasser	2500
Seltsamkeit	2500
Semantik	2500
Semantikbeschreibung	2500
Semantikdefinition	2500
Semaphor	2500
Semester	2500
Semesterbeginn	2500
Semesterende	2500
Semesterferien	2500
Semesterschluss	2500
Semikolon	2500
Seminar	2500
Seminarist	2500
Semiotik	2500
Semit	2500
Semmel	2500
Senat	2500
Senator	2500
Senats	2500
Sendbote	2500
Sende	2500
Sender	2500
Sendergehäuse	2500
Sendergruppe	2500
Sendernetz	2500
Sendertotzeit	2500
Senegal	2500
Senf	2500
Senilität	2500
Senior	2500
Senioren	2500
Senk	2500
Senkel	2500
Senken	2500
Senker	2500
Senkrechtstarter	2500
Senner	2500
Sennerei	2500
Sennheiser	2500
Sennhütte	2500
Sensation	2500
Sensations	2500
Sensibilisieren	2500
Sensibilität	2500
Sensibilitäts	2500
Sensitivität	2500
Sensor	2500
Sensorik	2500
Sensorssignal	2500
Sentenz	2500
Sentiment	2500
Sentimentalität	2500
Sentimentindikatoren	2500
Seoul	2500
Separatfrieden	2500
Separation	2500
Separatismen	2500
Separatismus	2500
Separatist	2500
Separatistenbewegung	2500
Separator	2500
Separee	2500
Sepp	2500
Seppel	2500
Sept.	2500
Septime	2500
Sequenz	2500
Sequenzer	2500
SerNet	2500
Serbe	2500
Serbien	2500
Seren	2500
Serenade	2500
Sergeant	2500
Serie	2500
Serien	2500
Serife	2500
Seriosität	2500
Serpentine	2500
Serum	2500
Server	2500
Service	2500
Servierbrett	2500
Servierer	2500
Serviertassen	2500
Serviertisch	2500
Serviette	2500
Serviettenring	2500
Servolenkung	2500
Servomotor	2500
Sesam	2500
Sessel	2500
Sesshaftigkeit	2500
Session	2500
Set	2500
Setup	2500
Setzdruck	2500
Setzen	2500
Setzer	2500
Setzerei	2500
Setzkästen	2500
Setzkasten	2500
Setzling	2500
Setzmaschine	2500
Setzreis	2500
Setzwaage	2500
Seuche	2500
Seuchen	2500
Seufzer	2500
Seufzerbrücke	2500
Severin	2500
Sex	2500
Sexappeal	2500
Sexarbeiter	2500
Sexismen	2500
Sexismus	2500
Sexist	2500
Sexpuppe	2500
Sexte	2500
Sextett	2500
Sexual	2500
Sexualisieren	2500
Sexualität	2500
Sexus	2500
Seychellen	2500
Sezessionskrieg	2500
Seziermesser	2500
Señor	2500
Señora	2500
Señorita	2500
Sh	2500
Shakespeare	2500
Shampoo	2500
Shareware	2500
Shell	2500
Shellscript	2500
Sheriff	2500
Sherry	2500
Shirley	2500
Shogun	2500
Shop	2500
Shorts	2500
Shortstory	2500
Show	2500
Showbühne	2500
Showbusiness	2500
Showdown	2500
Shrimp	2500
Sibirien	2500
Sibirier	2500
Sichel	2500
Sicherheits	2500
Sichern	2500
Sicherstellen	2500
Sicherungs	2500
Sicht	2500
Sichtbarkeit	2500
Sichtbarmachen	2500
Sichten	2500
Sichverselbständigen	2500
Sichverselbstständigen	2500
Sickergrube	2500
Sickerwasser	2500
Sieb	2500
Siebdruck	2500
Siebenbürgen	2500
Siebenlinge	2500
Siebenmeilenstiefel	2500
Siebkondensator	2500
Siebmodul	2500
Siebtklässler	2500
Siebziger	2500
Siechtum	2500
Siedegrad	2500
Siedekessel	2500
Siedeln	2500
Siedepunkt	2500
Sieder	2500
Siedler	2500
Siedlungs	2500
Sieg	2500
Siegel	2500
Siegellack	2500
Siegelring	2500
Sieger	2500
Siegerliste	2500
Siegermächte	2500
Siegerpose	2500
Siegertreppchen	2500
Siegerurkunde	2500
Sieges	2500
Siegfried	2500
Siegprämie	2500
Siegtreffer	2500
Siel	2500
Siemens	2500
Siemensgerät	2500
Siemensnetzteil	2500
Siesta	2500
Sievert	2500
Siff	2500
Sigi	2500
Sigmund	2500
Signal	2500
Signalprozessor	2500
Signatur	2500
Signet	2500
Signieren	2500
Signifikanz	2500
Sigrid	2500
Sigrun	2500
Silbe	2500
Silbenendung	2500
Silbenmaß	2500
Silbentrennprogramm	2500
Silbentrennung	2500
Silber	2500
Silhouette	2500
Silikat	2500
Silikon	2500
Silikoncoating	2500
Silikose	2500
Silizium	2500
Siliziumdioxid	2500
Silke	2500
Silo	2500
Silofutter	2500
Silvester	2500
Simbabwe	2500
Simon	2500
Simplex	2500
Sims	2500
Simulant	2500
Simulation	2500
Simulations	2500
Simulationsstreb	2500
Simulator	2500
Simultanwettkampf	2500
Sinai	2500
Sinalco	2500
Sinatra	2500
Sindelfingen	2500
Sinfonie	2500
Sinfoniekonzert	2500
Sing	2500
Singapur	2500
Single	2500
Singsang	2500
Singular	2500
Singularform	2500
Singularität	2500
Sinn	2500
Sinnbeziehung	2500
Sinnbezug	2500
Sinnbild	2500
Sinnenfeindlichkeit	2500
Sinnenlust	2500
Sinnenräusche	2500
Sinnenrausch	2500
Sinnentaumel	2500
Sinnerfassung	2500
Sinnesänderung	2500
Sinnesart	2500
Sinneserfahrung	2500
Sinneslehre	2500
Sinnesorgan	2500
Sinnestäuschung	2500
Sinneswandel	2500
Sinnfrage	2500
Sinngedicht	2500
Sinnhaftigkeit	2500
Sinnlichkeit	2500
Sinnlosigkeit	2500
Sinnsprüche	2500
Sinnspruch	2500
Sinter	2500
Sintflut	2500
Sinti	2500
Sinus	2500
Siphon	2500
Sippe	2500
Sippen	2500
Sir	2500
Sirene	2500
Sirius	2500
Sirup	2500
Sisyfos	2500
Sisyphusarbeit	2500
Sitte	2500
Sitten	2500
Sittenverderbnis	2500
Sittich	2500
Sittlichkeit	2500
Sittlichkeitsverbrechen	2500
Sittlichkeitsverbrecher	2500
Sittsamkeit	2500
Situation	2500
Situationskomik	2500
Sitz	2500
Sitzungs	2500
Sizilianer	2500
Sizilien	2500
Skagerrak	2500
Skala	2500
Skalen	2500
Skalenfaktoren	2500
Skalenteile	2500
Skalenwert	2500
Skalierbarkeit	2500
Skalieren	2500
Skalierfaktor	2500
Skalierungsdivisor	2500
Skalierungsfaktor	2500
Skalierungstabelle	2500
Skalp	2500
Skalpell	2500
Skandälchen	2500
Skandal	2500
Skandalisieren	2500
Skandinavien	2500
Skandinavier	2500
Skat	2500
Skatbrüder	2500
Skateboard	2500
Skeleton	2500
Skelett	2500
Skelettteil	2500
Skepsis	2500
Skeptiker	2500
Sketch	2500
Ski	2500
Skier	2500
Skinhead	2500
Skipper	2500
Skiwettbewerbe	2500
Skizze	2500
Skizzenbücher	2500
Skizzenbuch	2500
Sklave	2500
Sklaven	2500
Sklaverei	2500
Skoliose	2500
Skonti	2500
Skonto	2500
Skontoabzug	2500
Skooter	2500
Skopje	2500
Skorbut	2500
Skorpion	2500
Skript	2500
Skrupel	2500
Skrupellosigkeit	2500
Skulptur	2500
Skulpturenabteilung	2500
Skylla	2500
Slalom	2500
Slawe	2500
Slawenkongress	2500
Slip	2500
Slogan	2500
Slot	2500
Slotnummer	2500
Slowake	2500
Slowakei	2500
Slowene	2500
Slowenien	2500
Slum	2500
Smalltalk	2500
Smaragd	2500
Smartphone	2500
Smiley	2500
Smog	2500
Smoking	2500
Smolensk	2500
Smyrna	2500
Snackbar	2500
Snob	2500
Söhne	2500
Söldling	2500
Söldner	2500
Söldneraufstand	2500
Söldnerheer	2500
Söldnertruppe	2500
Söller	2500
Socke	2500
Sockel	2500
Sockenhalter	2500
Socket	2500
Soda	2500
Sodawasser	2500
Sodbrennen	2500
Sodom	2500
Sodomie	2500
Sofa	2500
Sofakissen	2500
Sofia	2500
Sofort	2500
Softdrink	2500
Softeis	2500
Softkey	2500
Softporno	2500
Software	2500
Softwareerarbeitungszeit	2500
Softwarekey	2500
Softwarelisting	2500
Sog	2500
Sogwirkung	2500
Sohle	2500
Sohlenbreite	2500
Sohlenhöhe	2500
Sohlenleder	2500
Sohlenniveau	2500
Sohn	2500
Sohnemann	2500
Soja	2500
Sokrates	2500
Solar	2500
Solarien	2500
Solaris	2500
Solarium	2500
Sold	2500
Soldat	2500
Soldaten	2500
Soldbücher	2500
Soldbuch	2500
Soldeinsparung	2500
Soldquelle	2500
Soldzahlung	2500
Sole	2500
Solei	2500
Soli	2500
Solidarbürgschaft	2500
Solidarisieren	2500
Solidarität	2500
Solidaritäts	2500
Solidarsystem	2500
Solidität	2500
Solist	2500
Solitär	2500
Sollbestände	2500
Sollbestand	2500
Sollbruchstelle	2500
Sollkurve	2500
Sollkurvensteuerung	2500
Sollmaß	2500
Sollmenge	2500
Sollprofil	2500
Sollstärke	2500
Sollwert	2500
Sollzustand	2500
Solo	2500
Solon	2500
Solvenz	2500
Somalia	2500
Somaliland	2500
Sommer	2500
Sommerfrischler	2500
Sommermonsun	2500
Sommernachtstraum	2500
Sonate	2500
Sonde	2500
Sonder	2500
Sonderbevollmächtigte	2500
Sonderheit	2500
Sonderling	2500
Sonderlombarde	2500
Sonderwaffenstillstand	2500
Sonderziehungsrechte	2500
Sondieren	2500
Sondierungsauftrag	2500
Sondierungsgespräche	2500
Sonett	2500
Song	2500
Sonja	2500
Sonnabend	2500
Sonnabendmorgen	2500
Sonnabendvormittag	2500
Sonne	2500
Sonnen	2500
Sonntagmorgen	2500
Sonntags	2500
Sonntagsruhe	2500
Sonnwendfeier	2500
Sonnyboy	2500
Sony	2500
Sophia	2500
Sophie	2500
Sophist	2500
Sophisterei	2500
Sophokles	2500
Sopran	2500
Sopranist	2500
Sorbe	2500
Sorge	2500
Sorgenkind	2500
Sorgepflicht	2500
Sorgfalt	2500
Sorgfalts	2500
Sorglosigkeit	2500
Sorte	2500
Sortier	2500
Sortieren	2500
Sortierer	2500
Sortiment	2500
Sortimentsbuchhändler	2500
Soße	2500
Soßen	2500
Soufflee	2500
Souffleur	2500
Souffleurkästen	2500
Souffleurkasten	2500
Souffleuse	2500
Soufflé	2500
Sound	2500
Soundtrack	2500
Sourcecode	2500
Soutane	2500
Souterrain	2500
Souvenir	2500
Souverän	2500
Souveränität	2500
Souveränitäts	2500
Soweto	2500
Sowjet	2500
Sowjetisierung	2500
Sowjetrusse	2500
Sowjetrussland	2500
Sozial	2500
Sozialdarwinismus	2500
Sozialisation	2500
Sozialisieren	2500
Sozialisierungs	2500
Sozialismus	2500
Sozialist	2500
Sozialistenführer	2500
Sozialistengesetz	2500
Soziallist	2500
Sozietät	2500
Soziologe	2500
Soziologentag	2500
Soziologie	2500
Sozius	2500
Soziusfahrer	2500
Soziussitz	2500
Späh	2500
Späher	2500
Späne	2500
Spärlichkeit	2500
Späße	2500
Spät	2500
Spätherbst	2500
Spätling	2500
Spätzle	2500
Spachtel	2500
Spagat	2500
Spagetti	2500
Spaghetti	2500
Spalier	2500
Spalierbaum	2500
Spalierobst	2500
Spalt	2500
Spaltabdeckungssensor	2500
Spalten	2500
Spaltenstich	2500
Spalterei	2500
Spaltungs	2500
Spam	2500
Span	2500
Spandau	2500
Spandauer	2500
Spanferkel	2500
Spange	2500
Spanien	2500
Spanier	2500
Spann	2500
Spannen	2500
Spanner	2500
Spannferkel	2500
Spannplatte	2500
Spannungs	2500
Spannungspulse	2500
Spanplatte	2500
Spant	2500
Spar	2500
Sparen	2500
Sparer	2500
Spareribs	2500
Spargel	2500
Sparkasse	2500
Sparre	2500
Sparsamkeit	2500
Sparta	2500
Spartakist	2500
Spartakus	2500
Sparte	2500
Spartenkanäle	2500
Spartenkanal	2500
Spartensender	2500
Spaß	2500
Spaßverderber	2500
Spastik	2500
Spastiker	2500
Spatel	2500
Spaten	2500
Spatenstich	2500
Spatz	2500
Spazier	2500
Specht	2500
Speck	2500
Spediteur	2500
Spedition	2500
Speditionsgeschäfte	2500
Speer	2500
Speerwurf	2500
Speiche	2500
Speichel	2500
Speichelleckern	2500
Speicher	2500
Speichererhaltungsakku	2500
Speise	2500
Speisen	2500
Speisenfolge	2500
Speisenliste	2500
Speisennummer	2500
Spektakel	2500
Spektralanalyse	2500
Spektralbereich	2500
Spektren	2500
Spektrometer	2500
Spektroskopie	2500
Spektrum	2500
Spekulant	2500
Spekulantenbibel	2500
Spekulantenecke	2500
Spekulation	2500
Spekulations	2500
Spende	2500
Spenden	2500
Spender	2500
Spendierhose	2500
Spengler	2500
Spenglermeister	2500
Sperber	2500
Sperenzchen	2500
Sperenzien	2500
Sperling	2500
Sperma	2500
Spermien	2500
Sperr	2500
Sperre	2500
Sperren	2500
Spesen	2500
Spessart	2500
Spezerei	2500
Spezereiware	2500
Spezi	2500
Spezial	2500
Spezialisieren	2500
Spezialist	2500
Spezialistenrunde	2500
Spezialistentum	2500
Spezialität	2500
Spezialstähle	2500
Spezifika	2500
Spezifikation	2500
Spezifikationspapier	2500
Spezifikationssprache	2500
Spezifikationstechnik	2500
Spezifikum	2500
Spezifizieren	2500
Sphäre	2500
Sphinx	2500
Spickaal	2500
Spickzettel	2500
Spiegel	2500
Spiegeln	2500
Spiekeroog	2500
Spiel	2500
Spielehersteller	2500
Spielekonsole	2500
Spielens	2500
Spieleplattform	2500
Spieler	2500
Spielerei	2500
Spielertyp	2500
Spielespezialist	2500
Spielverderber	2500
Spieß	2500
Spießbürger	2500
Spießbürgertum	2500
Spießer	2500
Spießertum	2500
Spießgeselle	2500
Spike	2500
Spin	2500
Spinat	2500
Spind	2500
Spindel	2500
Spinett	2500
Spinne	2500
Spinnen	2500
Spinner	2500
Spinnerei	2500
Spinnmaschine	2500
Spinnrädern	2500
Spinnrad	2500
Spinnwebe	2500
Spion	2500
Spionage	2500
Spiral	2500
Spirale	2500
Spiritismus	2500
Spiritist	2500
Spiritualität	2500
Spirituose	2500
Spirituosengeschäft	2500
Spirituosenhersteller	2500
Spiritus	2500
Spirituskocher	2500
Spitäler	2500
Spital	2500
Spitz	2500
Spitzbüberei	2500
Spitze	2500
Spitzel	2500
Spitzen	2500
Spitzhacke	2500
Spleen	2500
Splint	2500
Splitt	2500
Splitter	2500
Spöttelei	2500
Spötter	2500
Spötterei	2500
Sponsor	2500
Sponsoring	2500
Spontaneität	2500
Spontanität	2500
Spontanreaktion	2500
Spooler	2500
Spooling	2500
Spore	2500
Sporn	2500
Spornrädchen	2500
Sport	2500
Sportler	2500
Sportleraustausch	2500
Sportlichkeit	2500
Sportsleute	2500
Sportsmänner	2500
Sportsmann	2500
Spot	2500
Spott	2500
Sprach	2500
Sprachenunterstützung	2500
Sprachenvielfalt	2500
Spray	2500
Sprech	2500
Sprechchor	2500
Sprechen	2500
Sprecher	2500
Spree	2500
Spreiz	2500
Spreizen	2500
Spreng	2500
Sprengel	2500
Sprengen	2500
Spreu	2500
Sprichwörter	2500
Sprichwort	2500
Spring	2500
Springen	2500
Springer	2500
Springquell	2500
Sprint	2500
Sprinter	2500
Sprit	2500
Spritsparen	2500
Spritz	2500
Spritze	2500
Spritzenhaus	2500
Spritzer	2500
Sprössling	2500
Spross	2500
Sprüche	2500
Sprüh	2500
Sprünge	2500
Spruch	2500
Spruchbänder	2500
Spruchband	2500
Spruchkammer	2500
Sprudel	2500
Sprudelflaschen	2500
Sprudelflascheneffekt	2500
Sprudelwasser	2500
Sprung	2500
Sprunghaftigkeit	2500
Spül	2500
Spülung	2500
Spür	2500
Spürnase	2500
Spürsinn	2500
Spucknäpfe	2500
Spucknapf	2500
Spuk	2500
Spukgeschichte	2500
Spukschloss	2500
Spule	2500
Spulenimpedanz	2500
Spulwürmer	2500
Spulwurm	2500
Spur	2500
Spuren	2500
Spurt	2500
Sputnik	2500
Srebrenica	2500
Srebrenicas	2500
Sri	2500
St.	2500
StGB	2500
StPO	2500
StVO	2500
Stäbchen	2500
Stäbe	2500
Städte	2500
Städter	2500
Stämme	2500
Stände	2500
Ständeorganisation	2500
Ständer	2500
Ständerat	2500
Ständewesen	2500
Stängel	2500
Stänker	2500
Stänkerei	2500
Stärke	2500
Stärkegrad	2500
Stärkemehl	2500
Stärken	2500
Stärkungsmittel	2500
Stätte	2500
Stätten	2500
Staat	2500
Staaten	2500
Staatlichkeit	2500
Staats	2500
Staatsduma	2500
Staatshaushalt	2500
Staatshoheit	2500
Stab	2500
Stabantenne	2500
Stabbatterie	2500
Stabhochspringer	2500
Stabhochsprünge	2500
Stabhochsprung	2500
Stabhochsprungtrainer	2500
Stabilisator	2500
Stabilisieren	2500
Stabilisierungs	2500
Stabilität	2500
Stabilitätsgeschichte	2500
Stabilitätsgesetz	2500
Stabilitätskriterien	2500
Stabilwerden	2500
Stabreim	2500
Stabs	2500
Stabsfeldwebel	2500
Stachel	2500
Stachus	2500
Stack	2500
Stadien	2500
Stadion	2500
Stadium	2500
Stadt	2500
Stadtköfferchen	2500
Stadtverordnete	2500
Stadtverordnetenversammlung	2500
Stafette	2500
Stafettenlauf	2500
Staffage	2500
Staffel	2500
Staffelei	2500
Staffellauf	2500
Stagnation	2500
Stakeholder	2500
Stalin	2500
Stalingrad	2500
Stalinisierung	2500
Stalinismus	2500
Stalker	2500
Stall	2500
Stallarbeit	2500
Stallgefährte	2500
Stallgeld	2500
Stallknecht	2500
Stallmeister	2500
Stallung	2500
Stamm	2500
Stammes	2500
Stand	2500
Standard	2500
Standardisieren	2500
Standardisierungs	2500
Standart	2500
Standarte	2500
Standbadbesuch	2500
Stande	2500
Standes	2500
Standhaftigkeit	2500
Standort	2500
Stanford	2500
Stange	2500
Stangen	2500
Stanniol	2500
Stanniolpapier	2500
Stapel	2500
Stapeln	2500
Stapler	2500
Star	2500
StarOffice	2500
Staranwalt	2500
Starbucks	2500
Stargast	2500
Starkregen	2500
Starkstrom	2500
Starkstromkabel	2500
Starkstromleitung	2500
Starnberger	2500
Starrkrämpfe	2500
Starrkrampf	2500
Starrsinn	2500
Starrsucht	2500
Start	2500
Startbit	2500
Starter	2500
Starterkabel	2500
Starterliste	2500
Stasi	2500
Statement	2500
Statik	2500
Statiker	2500
Stationieren	2500
Stationierungs	2500
Stationsärzte	2500
Stationsarzt	2500
Stationsvorsteher	2500
Statist	2500
Statistenrolle	2500
Statistik	2500
Statistiker	2500
Statistin	2500
Stativ	2500
Statthalter	2500
Stattlichkeit	2500
Statue	2500
Statur	2500
Statusbit	2500
Statusoutput	2500
Statut	2500
Stau	2500
Staub	2500
Staubecken	2500
Staubsauger	2500
Stauchen	2500
Staudämme	2500
Staudamm	2500
Staude	2500
Stauen	2500
Stauer	2500
Staufenkönig	2500
Staufenreich	2500
Staufer	2500
Staumauer	2500
Staupe	2500
Stausee	2500
Stauwerk	2500
Stavanger	2500
Stck.	2500
Std.	2500
Steak	2500
Stech	2500
Stecher	2500
Stechginster	2500
Steck	2500
Steckenpferd	2500
Steckens	2500
Stecker	2500
Steckeradapter	2500
Steckeranordnung	2500
Steckeranschluss	2500
Steckeranschlussraum	2500
Steckerart	2500
Steckerauslegung	2500
Steckerbelegung	2500
Steckerbuchsen	2500
Steckerdichtung	2500
Steckereinsätze	2500
Steckereinsatz	2500
Steckerführung	2500
Steckergehäuse	2500
Steckerhalter	2500
Steckerhalterung	2500
Steckerhülse	2500
Steckerkombination	2500
Steckerkupplung	2500
Steckerleiste	2500
Steckerlinie	2500
Steckerpin	2500
Steckerplan	2500
Steckerplatine	2500
Steckerplatten	2500
Steckerschutz	2500
Steckersystem	2500
Steckerteil	2500
Steckertyp	2500
Steckling	2500
Steckverbinderprobleme	2500
Stefan	2500
Stefanie	2500
Steffen	2500
Steffi	2500
Steg	2500
Steganografie	2500
Steganographie	2500
Stegreif	2500
Steh	2500
Stehaufmännchen	2500
Stehen	2500
Steher	2500
Steiermark	2500
Steifheit	2500
Steifigkeit	2500
Steig	2500
Steigen	2500
Steiger	2500
Steigerungsform	2500
Steigerungsgrad	2500
Steigerungsrate	2500
Steigerungswert	2500
Steigungsregen	2500
Steil	2500
Steilheit	2500
Stein	2500
Steinbutt	2500
Steingut	2500
Steinhuder	2500
Steinigen	2500
Steinmeier	2500
Steinmetz	2500
Steinway	2500
Steiß	2500
Steißbein	2500
Stell	2500
Stellage	2500
Stelldichein	2500
Stelle	2500
Stellen	2500
Steller	2500
Stelligkeit	2500
Stellungnahme	2500
Stellungs	2500
Stellungsuchenden	2500
Stellungsuchender	2500
Stemm	2500
Stempel	2500
Stenoblock	2500
Stenograf	2500
Stenografie	2500
Stenogramm	2500
Stenograph	2500
Stenotypist	2500
Stephan	2500
Stephansdom	2500
Stephanstag	2500
Steppdecke	2500
Steppentiere	2500
Steppnähten	2500
Steppnaht	2500
Stepptänze	2500
Stepptanz	2500
Sterbe	2500
Sterben	2500
Sterblichkeit	2500
Sterblichkeitsrate	2500
Sterblichkeitsziffer	2500
Stereo	2500
Stereoanlage	2500
Stereoaufnahme	2500
Stereofonie	2500
Stereometrie	2500
Stereomikroskop	2500
Stereophonie	2500
Stereoplatte	2500
Stereoskop	2500
Stereotyp	2500
Stereotypie	2500
Sterilisation	2500
Sterilisieren	2500
Sterilität	2500
Sterling	2500
Stern	2500
Sterndeuter	2500
Sternenbanner	2500
Sternenfahrt	2500
Sternenforscher	2500
Sternenhimmel	2500
Steroide	2500
Stethoskop	2500
Stetigförderer	2500
Stetigkeit	2500
Stettin	2500
Stettiner	2500
Steuer	2500
Steuerbyte	2500
Steuerfile	2500
Steuerflag	2500
Steuerhinterziehungsbranche	2500
Steuern	2500
Steueroaseneinwohner	2500
Steueroasenländer	2500
Steuersäckel	2500
Steuerungs	2500
Steuerunterlagen	2500
Steve	2500
Stevens	2500
Steward	2500
Stewardess	2500
Stich	2500
Stichel	2500
Stichelei	2500
Stichhaltigkeit	2500
Stichling	2500
Sticker	2500
Stickerei	2500
Stickhusten	2500
Stickoxid	2500
Stickrahmen	2500
Stickseide	2500
Stickstoff	2500
Stiefbrüder	2500
Stiefbruder	2500
Stiefel	2500
Stiefelette	2500
Stiefgeschwister	2500
Stiefkind	2500
Stiefmütter	2500
Stiefmutter	2500
Stiefschwester	2500
Stiefsöhne	2500
Stiefsohn	2500
Stieftöchter	2500
Stieftochter	2500
Stiefväter	2500
Stiefvater	2500
Stiege	2500
Stiel	2500
Stielachse	2500
Stielaugen	2500
Stielzylinder	2500
Stier	2500
Stierkämpfe	2500
Stierkämpfer	2500
Stierkampf	2500
Stierkampfarena	2500
Stift	2500
Stiften	2500
Stifter	2500
Stifterverband	2500
Stiftsdame	2500
Stiftsfest	2500
Stiftsfräulein	2500
Stiftsherr	2500
Stiftskirche	2500
Stiftsruine	2500
Stiftungsbeirat	2500
Stiftungsgeld	2500
Stiftungsidee	2500
Stiftungsräte	2500
Stiftungsrat	2500
Stigma	2500
Stigmata	2500
Stigmatisieren	2500
Stigmatisierungsprozess	2500
Stil	2500
Stilart	2500
Stilblüte	2500
Stilempfinden	2500
Stilett	2500
Stilgefühl	2500
Stilist	2500
Stilistik	2500
Stilkunde	2500
Stilldemenz	2500
Stille	2500
Stillen	2500
Stillhaltepolitik	2500
Stillleben	2500
Stilllegen	2500
Stilllegungsprogramm	2500
Stilllegungsverfahren	2500
Stillmahlzeit	2500
Stillsetzen	2500
Stillstand	2500
Stillstandszeit	2500
Stilmittel	2500
Stilmöbel	2500
Stilperiode	2500
Stilübung	2500
Stilwandel	2500
Stimm	2500
Stimme	2500
Stimmen	2500
Stimmer	2500
Stimmungs	2500
Stimmungsmache	2500
Stimulation	2500
Stimulations	2500
Stimulus	2500
Stinkbombe	2500
Stinkefinger	2500
Stinktier	2500
Stipendiat	2500
Stipendien	2500
Stipendium	2500
Stippvisite	2500
Stirn	2500
Stirnlocke	2500
Stirnschalungsparametern	2500
Stirnschalungsposition	2500
Stirnschalungsregelung	2500
Stirnschalungszylinder	2500
Stöcke	2500
Stöckelschuh	2500
Stöcklein	2500
Stöpsel	2500
Stör	2500
Störbarkeit	2500
Störche	2500
Störenfried	2500
Störer	2500
Störrischkeit	2500
Störungs	2500
Stößel	2500
Stochastik	2500
Stochastiker	2500
Stock	2500
Stockholmer	2500
Stoff	2500
Stoffel	2500
Stoiber	2500
Stoiker	2500
Stola	2500
Stollen	2500
Stollenhöhe	2500
Stolpe	2500
Stolper	2500
Stolperer	2500
Stoltenberg	2500
Stolz	2500
Stonehenge	2500
Stopbit	2500
Stopfbüchse	2500
Stopfen	2500
Stopfgarn	2500
Stopfmittel	2500
Stopfnadel	2500
Stopp	2500
Stoppel	2500
Stoppelbärten	2500
Stoppelbart	2500
Stoppelfeld	2500
Stoppelwerk	2500
Stopper	2500
Stopplicht	2500
Stoppschild	2500
Stoppsignal	2500
Stoppuhr	2500
Storch	2500
Storchschnäbel	2500
Storchschnabel	2500
Stornieren	2500
Storno	2500
Story	2500
Stoß	2500
Stoßen	2500
Stotterer	2500
Sträfling	2500
Strähne	2500
Strände	2500
Sträucher	2500
Sträuße	2500
Stracciatella	2500
Straf	2500
Strafbarkeit	2500
Strafe	2500
Strafentlassene	2500
Straffen	2500
Straffheit	2500
Strafgesetzbüchern	2500
Strafgesetzbuch	2500
Strahl	2500
Strahlantrieb	2500
Strahlen	2500
Strahler	2500
Strahlöfen	2500
Strahlofen	2500
Strahlrohr	2500
Strahlteiler	2500
Strahltriebwerk	2500
Strahlturbine	2500
Strahlungs	2500
Stralsund	2500
Strand	2500
Strang	2500
Strangpresse	2500
Strapaze	2500
Straßburg	2500
Straßburger	2500
Strass	2500
Stratege	2500
Strategie	2500
Stratosphäre	2500
Stratosphärenkreuzer	2500
Strauch	2500
Strauchdieb	2500
Strauchwerk	2500
Strauß	2500
Strawinsky	2500
Streamer	2500
Streaming	2500
Streb	2500
Strebausbauten	2500
Strebebalken	2500
Streben	2500
Strebepfeiler	2500
Streber	2500
Strebertum	2500
Strebgeradehaltung	2500
Strebgeradhaltung	2500
Strebsamkeit	2500
Streck	2500
Strecke	2500
Strecken	2500
Streich	2500
Streichen	2500
Streicher	2500
Streichorchester	2500
Streif	2500
Streifen	2500
Streik	2500
Streit	2500
Streiter	2500
Streiterei	2500
Streitigkeit	2500
Stresemann	2500
Stress	2500
Streu	2500
Streuen	2500
Streusel	2500
Strich	2500
Stricher	2500
Strick	2500
Stricker	2500
Strickerei	2500
Strieder	2500
Striegel	2500
Striktheit	2500
Stringdecodierung	2500
Stringeinträge	2500
Stringüberprüfung	2500
Stringvariable	2500
Stringzuweisung	2500
Strippe	2500
Strippenzieher	2500
Stripper	2500
Striptease	2500
Ströme	2500
Strömen	2500
Strömungsmaschinen	2500
Stroh	2500
Strolch	2500
Strom	2500
Stromboli	2500
Stromeinspeisungseinheit	2500
Stromeinspeisungsstellen	2500
Stromreglerkarte	2500
Stromschnelle	2500
Stromvers.	2500
Stromwandlungsmodul	2500
Stromwender	2500
Strontium	2500
Strophe	2500
Strümpfe	2500
Strünke	2500
Strudel	2500
Strukturieren	2500
Strukturiertheit	2500
Struma	2500
Strumpf	2500
Strunk	2500
Struwwelpeter	2500
Strychnin	2500
Stübchen	2500
Stück	2500
Stückelfracht	2500
Stückeln	2500
Stückgutfrachter	2500
Stückgutschiff	2500
Stühle	2500
Stümper	2500
Stümperei	2500
Stümpfe	2500
Stündchen	2500
Stündlein	2500
Stürmer	2500
Stürmerreihe	2500
Stürmerstar	2500
Stürzen	2500
Stütz	2500
Stützungskäufe	2500
Stube	2500
Stubenarrest	2500
Stubenfliege	2500
Stubengelehrte	2500
Stubenhocker	2500
Stubenkamerad	2500
Stubenmädchen	2500
Stuck	2500
Stuckateur	2500
Student	2500
Studenten	2500
Studentenschaft	2500
Studie	2500
Studien	2500
Studierenden	2500
Studierzimmer	2500
Studio	2500
Studiobühne	2500
Stufe	2500
Stufen	2500
Stuhl	2500
Stuhle	2500
Stulle	2500
Stulpe	2500
Stulphandschuh	2500
Stulpstiefel	2500
Stummel	2500
Stummelbeine	2500
Stummfilm	2500
Stummschalter	2500
Stumpfheit	2500
Stumpfsinn	2500
Stunde	2500
Stunden	2500
Stundenkilometer	2500
Stunk	2500
Stunt	2500
Stuntman	2500
Stupsnase	2500
Sturheit	2500
Sturköpfe	2500
Sturkopf	2500
Sturm	2500
Sturz	2500
Stuss	2500
Stute	2500
Stutenfüllen	2500
Stuttgart	2500
Stutzen	2500
Stutzer	2500
Stutzflügel	2500
Stylist	2500
Süchte	2500
Süchtige	2500
Südafrika	2500
Südamerika	2500
Südaustralien	2500
Süden	2500
Südeuropa	2500
Südfinnland	2500
Südfrankreich	2500
Süditalien	2500
Südjemen	2500
Südkorea	2500
Südkoreaner	2500
Südländer	2500
Südrhodesien	2500
Südrussland	2500
Südsachalin	2500
Südslawentum	2500
Südsteiermark	2500
Südwest	2500
Südwestfalen	2500
Süffisanz	2500
Sühne	2500
Sühnen	2500
Sühneopfer	2500
Sühneritual	2500
Sühnetermin	2500
Sülze	2500
Sümmchen	2500
Sümpfe	2500
Sünde	2500
Sünden	2500
Sünder	2500
Süppchen	2500
Süß	2500
Süßigkeit	2500
Süßigkeiten	2500
Süßrahmbutter	2500
Süßspeise	2500
SuSE	2500
Sub	2500
Subdominante	2500
Subjekt	2500
Subjektivismus	2500
Subjektivität	2500
Subkultur	2500
Sublimation	2500
Sublimieren	2500
Submission	2500
Subsidiarität	2500
Subsidiaritätsprinzip	2500
Subskribent	2500
Subskription	2500
Substantialisierung	2500
Substantiv	2500
Substantivieren	2500
Substanz	2500
Substanzverlust	2500
Substitut	2500
Substitution	2500
Substitutionsergebnis	2500
Substrat	2500
Subsummieren	2500
Subsumtion	2500
Subsystem	2500
Subtraktion	2500
Subvention	2500
Subventionieren	2500
Subventions	2500
Such	2500
Suchard	2500
Suche	2500
Suchen	2500
Suchende	2500
Sucher	2500
Sucht	2500
Sud	2500
Sudan	2500
Sudanese	2500
Sudelarbeiten	2500
Sudelei	2500
Sudeten	2500
Sudetenfrage	2500
Sudetenkrise	2500
Sudoku	2500
Suez	2500
Suezkanal	2500
Suezkanalzone	2500
Suffix	2500
Suggestion	2500
Suggestionsbedürfnis	2500
Suggestivfrage	2500
Suggestivität	2500
Suhrkamp	2500
Suite	2500
Suizid	2500
Suizidrate	2500
Suizidversuch	2500
Sulfat	2500
Sulfid	2500
Sultan	2500
Sultanine	2500
Sumatra	2500
Sumerer	2500
Summand	2500
Summe	2500
Summenbeschränkung	2500
Summenhäufigkeit	2500
Summenwert	2500
Summer	2500
Summieren	2500
Sumpf	2500
Sun	2500
Sunnit	2500
Super	2500
Superfarmland	2500
Superiorität	2500
Superlativ	2500
Superlativform	2500
Supernova	2500
Supernoven	2500
Supervisor	2500
Suppe	2500
Suppen	2500
Suppengrün	2500
Support	2500
Supraleitung	2500
Suprema	2500
Supremum	2500
Surfbrett	2500
Surfer	2500
Surrealismus	2500
Surrealist	2500
Surrogatheilung	2500
Susanne	2500
Sushi	2500
Suspensorien	2500
Suspensorium	2500
Sussex	2500
Sven	2500
Svenja	2500
Sweatshirt	2500
Swimmingpool	2500
Swing	2500
Switch	2500
Sybille	2500
Sydney	2500
Sylphe	2500
Sylphide	2500
Sylt	2500
Sylvia	2500
Symantec	2500
Symbiose	2500
Symbol	2500
Symbolik	2500
Symbolist	2500
Symmetrie	2500
Symmetrieebene	2500
Symmetrisieradapter	2500
Sympathie	2500
Sympathisant	2500
Symphonie	2500
Symphoniker	2500
Symposien	2500
Symposium	2500
Symptom	2500
Symptomatik	2500
Synagoge	2500
Synapse	2500
Synchron	2500
Synchronisation	2500
Synchronisations	2500
Synchronisieren	2500
Synchronisierlöcher	2500
Synchronisierschalter	2500
Synchronisierungs	2500
Synchronschalterkette	2500
Syndikalismus	2500
Syndikat	2500
Syndikatskredit	2500
Syndikus	2500
Syndrom	2500
Synergie	2500
Synkope	2500
Synode	2500
Synonym	2500
Syntax	2500
Syntaxbaum	2500
Syntaxfehler	2500
Synthese	2500
Synthesizer	2500
Synthetik	2500
Syphilis	2500
Syrer	2500
Syrien	2500
Syrier	2500
System	2500
Systematik	2500
Systemsteckerbelegung	2500
Systemveränderer	2500
Szenarien	2500
Szenario	2500
Szenarium	2500
Szene	2500
Szenenwechsel	2500
Szenerie	2500
Szintigramm	2500
Séparée	2500
TByte	2500
TCP	2500
TFT	2500
TNT	2500
TÜV	2500
TUI	2500
TUIs	2500
TV	2500
TWA	2500
Täfeln	2500
Täler	2500
Tändelei	2500
Tänze	2500
Tänzer	2500
Tässchen	2500
Täter	2500
Täterschaft	2500
Tätersuche	2500
Täterverfolgung	2500
Tätigen	2500
Tätigkeit	2500
Tätigkeits	2500
Tätigwerden	2500
Tätlichkeit	2500
Tätowieren	2500
Täuberich	2500
Täufer	2500
Täufling	2500
Täuschen	2500
Täuschmanöver	2500
Täuschungs	2500
Tabak	2500
Tabakpfeifen	2500
Tabaksbeutel	2500
Tabaksdose	2500
Tabaksqualm	2500
Tabelle	2500
Tabellen	2500
Tabellendritten	2500
Tabellenzweiten	2500
Tableau	2500
Tablett	2500
Tablettenmissbrauch	2500
Tablettwechseln	2500
Tabu	2500
Tabuisieren	2500
Tabula	2500
Tabulator	2500
Tabulatur	2500
Tacheles	2500
Tachogenerator	2500
Tachometer	2500
Tadel	2500
Tadler	2500
Tafel	2500
Tafelberg	2500
Tafelspitz	2500
Taft	2500
Tagbau	2500
Tagbauten	2500
Tagblätter	2500
Tagblatt	2500
Tageblatt	2500
Tagebücher	2500
Tagebuch	2500
Tagedieb	2500
Tagegeld	2500
Tagelöhne	2500
Tagelöhner	2500
Tagelohn	2500
Tagemärsche	2500
Tagemarsch	2500
Tagereise	2500
Tages	2500
Tagesbücher	2500
Tagesbuch	2500
Tagesneuigkeit	2500
Tagewerk	2500
Tagfalter	2500
Tagundnachtgleiche	2500
Tagungs	2500
Taifun	2500
Taiga	2500
Taille	2500
Taillenweite	2500
Tailrekursionseliminierung	2500
Taiwan	2500
Taiwaner	2500
Takel	2500
Takelage	2500
Takelwerk	2500
Takt	2500
Taktik	2500
Taktiker	2500
Taktlosigkeit	2500
Taktverzögerungszeit	2500
Tal	2500
Talent	2500
Talentschmiede	2500
Talentsucher	2500
Taler	2500
Talfahrt	2500
Talg	2500
Talgdrüse	2500
Talglicht	2500
Taliban	2500
Talisman	2500
Talk	2500
Talkdrüse	2500
Talkessel	2500
Talkmaster	2500
Talkum	2500
Talleyrand	2500
Talmud	2500
Talmulde	2500
Talon	2500
Talsohle	2500
Talsperre	2500
Talstation	2500
Tambourmajor	2500
Tambourmajorstab	2500
Tamburin	2500
Tamile	2500
Tampon	2500
Tamtam	2500
Tand	2500
Tandem	2500
Tang	2500
Tangens	2500
Tangente	2500
Tanger	2500
Tango	2500
Tanja	2500
Tank	2500
Tanken	2500
Tanker	2500
Tankerflotte	2500
Tankerunglück	2500
Tanne	2500
Tannen	2500
Tannenzäpfen	2500
Tansania	2500
Tantal	2500
Tantalusqual	2500
Tante	2500
Tantieme	2500
Tanz	2500
Taoismus	2500
Tapet	2500
Tapeten	2500
Tapezierer	2500
Tapferkeit	2500
Tapisserieware	2500
Tara	2500
Tarantel	2500
Tarantella	2500
Tarif	2500
Tarifieren	2500
Tarn	2500
Tarnen	2500
Tarski	2500
Tarzan	2500
Tasche	2500
Taschen	2500
Taschenspielertrick	2500
Taschkent	2500
Task	2500
Taskfunktion	2500
Tasse	2500
Taste	2500
Tasten	2500
Tastentimer	2500
Taster	2500
Tastknopf	2500
Tastsinn	2500
Tastverhältnis	2500
Tatar	2500
Tatendrang	2500
Tatsachen	2500
Tattoo	2500
Tatze	2500
Tau	2500
Taube	2500
Taubenfreund	2500
Taubenschlag	2500
Taubenzucht	2500
Taubheit	2500
Taubnessel	2500
Taubstummensprache	2500
Tauch	2500
Tauchen	2500
Taucher	2500
Taucherei	2500
Tauf	2500
Taufe	2500
Taugenichts	2500
Tauglichkeit	2500
Taumel	2500
Taunus	2500
Taupunkt	2500
Tausch	2500
Tausende	2500
Tausender	2500
Tausendfüßler	2500
Tausendjahrfeier	2500
Tausendsasa	2500
Tausendstels	2500
Tautologie	2500
Tautropfen	2500
Tauwerk	2500
Tauwetter	2500
Tauziehen	2500
Taxameter	2500
Taxator	2500
Taxen	2500
Taxi	2500
Taylor	2500
Taylorismus	2500
TeX	2500
Team	2500
Teamarbeit	2500
Teamfähigkeit	2500
Teamführung	2500
Teamleiter	2500
Teamleitung	2500
Teamwork	2500
Techniker	2500
Technikerschule	2500
Technikum	2500
Technisieren	2500
Techno	2500
Technokrat	2500
Technokratie	2500
Technologe	2500
Technologie	2500
Technophilie	2500
Techtelmechtel	2500
Teckel	2500
Teddy	2500
Teddybär	2500
Tee	2500
Teebüchse	2500
Teelicht	2500
Teenager	2500
Teer	2500
Teerpappe	2500
Teewärmer	2500
Teflonpfanne	2500
Tegel	2500
Tegernsee	2500
Teheran	2500
Teich	2500
Teig	2500
Teigware	2500
Teilbarkeit	2500
Teilchen	2500
Teile	2500
Teilen	2500
Teiler	2500
Teilhaber	2500
Teilhaberschaft	2500
Teilnahme	2500
Teilnahmebedingung	2500
Teilnahmebestätigung	2500
Teilnahmslosigkeit	2500
Teilnehmer	2500
Teilsprachenbeziehung	2500
Teilstreb	2500
Teilungs	2500
Teint	2500
Tektonik	2500
Tel.	2500
Tele	2500
Telefax	2500
Telefonat	2500
Telefonie	2500
Telefonieren	2500
Telefonierverhalten	2500
Telefonist	2500
Telefonmodem	2500
Telegraf	2500
Telegrafenämter	2500
Telegrafenamt	2500
Telegrafenanlage	2500
Telegrafenmast	2500
Telegrafenweg	2500
Telegrafie	2500
Telegrafieprüfung	2500
Telegramm	2500
Telegrammanschrift	2500
Telegrammformate	2500
Telegrammformular	2500
Telegrammstil	2500
Telegraph	2500
Telegraphenämter	2500
Telegraphenamt	2500
Telegraphenanlage	2500
Telegraphenmast	2500
Telegraphenweg	2500
Telegraphie	2500
Telegraphieprüfung	2500
Telegraphist	2500
Telekinese	2500
Telekom	2500
Telekommunikation	2500
Telekopierer	2500
Telematik	2500
Telemetrie	2500
Teleobjektiv	2500
Teleologie	2500
Telepathie	2500
Teleshopping	2500
Teleskop	2500
Teleskopschienen	2500
Teleskopzylinder	2500
Television	2500
Telex	2500
Telexdienst	2500
Teller	2500
Tempel	2500
Tempelbau	2500
Tempelgebäude	2500
Tempelherr	2500
Tempelhof	2500
Tempelraub	2500
Tempelritter	2500
Tempelschändung	2500
Temperafarbe	2500
Temperament	2500
Temperatur	2500
Temperaturstress	2500
Temperenzler	2500
Tempo	2500
Tempomat	2500
Tempus	2500
Tendenz	2500
Tendenzschutz	2500
Tendenzstück	2500
Tendenzwende	2500
Teneriffa	2500
Tenne	2500
Tennessee	2500
Tennis	2500
Tenöre	2500
Tenor	2500
Tenorhornist	2500
Tensor	2500
Tensorgleichung	2500
Tensorprodukt	2500
Tentakel	2500
Teppich	2500
Teppichknüpfer	2500
Tequila	2500
Terabyte	2500
Terawattstunde	2500
Terbium	2500
Term	2500
Termdarstellung	2500
Termersetzung	2500
Termersetzungsregel	2500
Termersetzungssystem	2500
Termin	2500
Terminal	2500
Terminalbildschirm	2500
Terminaleingang	2500
Terminalleitung	2500
Terminalserver	2500
Terminaltreiber	2500
Terminator	2500
Termini	2500
Terminieren	2500
Terminierungsnachweis	2500
Terminologie	2500
Terminus	2500
Termite	2500
Terpentin	2500
Terrain	2500
Terrainverlust	2500
Terrakotta	2500
Terrasse	2500
Terrassen	2500
Terrier	2500
Terrine	2500
Territorial	2500
Territorien	2500
Territorium	2500
Terror	2500
Terrorismus	2500
Terrorist	2500
Terroristen	2500
Tertiär	2500
Terz	2500
Tesafilm	2500
Tessin	2500
Testament	2500
Testamentseröffnung	2500
Testamentsvollstrecker	2500
Tester	2500
Testerschnittstelle	2500
Testmode	2500
Testosteron	2500
Testpattern	2500
Testpinadapter	2500
Testpinplatine	2500
Testpinträger	2500
Teststoppabkommen	2500
Tetanus	2500
Tetraeder	2500
Tetralogie	2500
Tetris	2500
Teuern	2500
Teuerungsrate	2500
Teuerungswelle	2500
Teuerungszulage	2500
Teufel	2500
Teufelei	2500
Teufels	2500
Teutoburger	2500
Teutone	2500
Texaner	2500
Texas	2500
Texel	2500
Textblockende	2500
Textbuffer	2500
Texter	2500
Textfile	2500
Textil	2500
Textilie	2500
Textur	2500
Textvorlage	2500
Thailand	2500
Thatcher	2500
Thatcherismus	2500
Theater	2500
Theke	2500
Thema	2500
Thematik	2500
Thematisieren	2500
Themen	2500
Themistokles	2500
Themse	2500
Theo	2500
Theodor	2500
Theokrat	2500
Theokratie	2500
Theologe	2500
Theologie	2500
Theorem	2500
Theoretiker	2500
Theoretisieren	2500
Theorie	2500
Theoriegebäude	2500
Theosoph	2500
Theosophie	2500
Therapeut	2500
Therapeutik	2500
Therapie	2500
Theresa	2500
Therese	2500
Theresienstadt	2500
Thermalbädern	2500
Thermalbad	2500
Thermalbadehaus	2500
Thermalkuren	2500
Thermalquelle	2500
Therme	2500
Thermik	2500
Thermo	2500
Thermoabschalter	2500
Thermometersäule	2500
Thermometerstände	2500
Thermometerstand	2500
Thermopane	2500
Thermosflasche	2500
Thermostat	2500
Thesauren	2500
Thesauri	2500
Thesaurus	2500
These	2500
Thessalonicher	2500
Thessaloniki	2500
Thomas	2500
Thor	2500
Thora	2500
Thorax	2500
Thorsten	2500
Thriller	2500
Thromben	2500
Thrombose	2500
Thrombozyt	2500
Thrombus	2500
Thron	2500
Thronfolger	2500
Thüringen	2500
Thüringer	2500
Thunderbird	2500
Thunfisch	2500
Thurgau	2500
Thymian	2500
Thyristor	2500
Thyssen	2500
Tiber	2500
Tibet	2500
Tibeter	2500
Tick	2500
Ticket	2500
Tiebreak	2500
Tief	2500
Tiefdecker	2500
Tiefenproben	2500
Tiefenströmung	2500
Tiefenwirkung	2500
Tiefkühlkosthersteller	2500
Tieflade	2500
Tiefstkurs	2500
Tiefstpreis	2500
Tiefstpunkt	2500
Tiefststände	2500
Tiefstwert	2500
Tiegel	2500
Tier	2500
Tierbändiger	2500
Tierquälereien	2500
Tiger	2500
Tiki	2500
Tilde	2500
Tilgen	2500
Tilgungsfonds	2500
Tilgungsrate	2500
Tilsit	2500
Tim	2500
Timbuktu	2500
Timing	2500
Timinglogik	2500
Timingschema	2500
Timingsignal	2500
Tina	2500
Tinktur	2500
Tinnitus	2500
Tinte	2500
Tinten	2500
Tintenstrahldrucker	2500
Tipp	2500
Tirade	2500
Tiramisu	2500
Tirol	2500
Tiroler	2500
Tisch	2500
Tischklopfen	2500
Tischleindeckdich	2500
Tischler	2500
Tischlerei	2500
Tischlerleim	2500
Tischlermeister	2500
Titan	2500
Titanic	2500
Titel	2500
Titelseite	2500
Titelzeile	2500
Tito	2500
Titulatur	2500
Titulieren	2500
Tivoli	2500
Töchter	2500
Tölpel	2500
Tölpelei	2500
Töne	2500
Tönen	2500
Töpfe	2500
Töpfer	2500
Töpferei	2500
Törin	2500
Töten	2500
Tötungsdelikt	2500
Tötungsverbot	2500
Tötungsvideo	2500
Toast	2500
Toastbrot	2500
Toaster	2500
Tobias	2500
Tobsucht	2500
Tobsuchtsanfall	2500
Tochter	2500
Tod	2500
Todes	2500
Todfeind	2500
Todsünde	2500
Tofu	2500
Togo	2500
Togoer	2500
Togolese	2500
Tohuwabohu	2500
Toilette	2500
Toiletten	2500
Token	2500
Tokio	2500
Tokioter	2500
Toleranz	2500
Tolerieren	2500
Tollhaus	2500
Tollheit	2500
Tollkirsche	2500
Tollkühnheit	2500
Tollpatsch	2500
Tollwut	2500
Tolpatsch	2500
Tom	2500
Tomahawk	2500
Tomate	2500
Tomaten	2500
Tomatenketchup	2500
Tomatenketschup	2500
Tombola	2500
Tomographie	2500
Ton	2500
Tonalität	2500
Toner	2500
Tonerkartusche	2500
Tonika	2500
Tonnage	2500
Tonnengehalt	2500
Tonnengewölbe	2500
Tonpfeife	2500
Tonsur	2500
Tontaubenschießen	2500
Tool	2500
Top	2500
Topas	2500
Topdesign	2500
Topf	2500
Topfpflanze	2500
Topfzeit	2500
Topografie	2500
Topographie	2500
Topologie	2500
Topp	2500
Toppmast	2500
Toppsegel	2500
Tor	2500
Torchance	2500
Torero	2500
Torf	2500
Torfmull	2500
Torheit	2500
Tori	2500
Tornado	2500
Tornister	2500
Toronto	2500
Torpedo	2500
Torpedoboot	2500
Torschusspanik	2500
Torso	2500
Torte	2500
Tortellini	2500
Tortenheber	2500
Tortilla	2500
Tortur	2500
Torus	2500
Torvalds	2500
Toshiba	2500
Total	2500
Totalisator	2500
Totalitarismus	2500
Totbereich	2500
Tote	2500
Toten	2500
Totenstarre	2500
Totgeburt	2500
Totgesagte	2500
Toto	2500
Totoblock	2500
Totoquote	2500
Totschläger	2500
Totschlag	2500
Totschlagversuch	2500
Totzeit	2500
Touchscreen	2500
Toulouse	2500
Tour	2500
Tourenräder	2500
Tourenrad	2500
Tourenwagen	2500
Tourenzähler	2500
Tourenzahl	2500
Tourismus	2500
Tourismusbranche	2500
Tourismusindustrie	2500
Tourismuskompetenz	2500
Tourismusverband	2500
Tourist	2500
Touristen	2500
Touristik	2500
Tournee	2500
Toyota	2500
Trächtigkeit	2500
Träger	2500
Trägerschaft	2500
Trägerverein	2500
Trägheit	2500
Trägheitsgesetz	2500
Tränen	2500
Tränken	2500
Träumer	2500
Träumerei	2500
Trab	2500
Trabant	2500
Trabantenstädte	2500
Traber	2500
Trabrennen	2500
Trabstange	2500
Tracht	2500
Trachtenhut	2500
Trackball	2500
Tradieren	2500
Tradition	2500
Traditionalismus	2500
Traditionalist	2500
Trafalgar	2500
Trafo	2500
Trag	2500
Tragbarkeit	2500
Trage	2500
Tragen	2500
Tragik	2500
Tragiker	2500
Tragikomödie	2500
Tragöde	2500
Tragödie	2500
Trailer	2500
Trainer	2500
Training	2500
Trainings	2500
Trajektschiff	2500
Trakt	2500
Traktat	2500
Traktion	2500
Traktionshilfe	2500
Traktionskontrolle	2500
Traktor	2500
Traktorenlärm	2500
Traktorfahrer	2500
Trampel	2500
Tramper	2500
Tran	2500
Trance	2500
Tranche	2500
Tranchier	2500
Trank	2500
Tranquilizer	2500
Transaktion	2500
Transaktions	2500
Transfer	2500
Transformation	2500
Transformator	2500
Transformieren	2500
Transfusion	2500
Transfusions	2500
Transistor	2500
Transit	2500
Transitionssystem	2500
Transitivität	2500
Transjordanien	2500
Transkript	2500
Transkription	2500
Transmission	2500
Transmitsignal	2500
Transparentfolie	2500
Transparentmode	2500
Transparenz	2500
Transphobie	2500
Transpiration	2500
Transplantation	2500
Transponder	2500
Transport	2500
Transporter	2500
Transportersparte	2500
Transporteur	2500
Transportierbarkeit	2500
Transputer	2500
Transrapid	2500
Transsexualismus	2500
Transsexualität	2500
Transvaalrepublik	2500
Transvestit	2500
Transvestitismus	2500
Transzendenz	2500
Trapez	2500
Trapezkünstler	2500
Trassant	2500
Trassat	2500
Trasse	2500
Trassen	2500
Tratsch	2500
Tratte	2500
Traualtar	2500
Traube	2500
Trauben	2500
Traubenlese	2500
Traubenzucker	2500
Trauen	2500
Trauer	2500
Trauerflor	2500
Traufe	2500
Traulichkeit	2500
Traum	2500
Trauma	2500
Traumata	2500
Traumatisieren	2500
Traumdeuter	2500
Traurede	2500
Traurigkeit	2500
Trauring	2500
Trauschein	2500
Trauzeuge	2500
Trecker	2500
Treff	2500
Treffen	2500
Treffer	2500
Trefferliste	2500
Trefferquote	2500
Trefflichkeit	2500
Treffpunkt	2500
Treffsicherheit	2500
Treib	2500
Treiben	2500
Treiber	2500
Treiberbaustein	2500
Treiberkarte	2500
Treiberprogramm	2500
Treibersoftware	2500
Treibertransistoren	2500
Treidelpfad	2500
Trenchcoat	2500
Trend	2500
Trendsetter	2500
Trenn	2500
Trennbarkeit	2500
Trennen	2500
Trennungs	2500
Trense	2500
Treppe	2500
Treppen	2500
Tresen	2500
Tresor	2500
Tret	2500
Treten	2500
Treter	2500
Treue	2500
Treueeid	2500
Treuehändler	2500
Treuehand	2500
Treuhänder	2500
Treuhänderschaft	2500
Treuhand	2500
Treulosigkeit	2500
Triangulation	2500
Triangulieren	2500
Trias	2500
Triathlon	2500
Tribüne	2500
Tribünenplatz	2500
Tribun	2500
Tribunal	2500
Tribut	2500
Trichter	2500
Trick	2500
Trickserei	2500
Trieb	2500
Triefnase	2500
Trier	2500
Triest	2500
Triggerbarkeit	2500
Triggereingang	2500
Triggerkanal	2500
Triggermagnet	2500
Triggerquellen	2500
Triggerzeitpunkt	2500
Trigonometrie	2500
Trikot	2500
Trikotage	2500
Triller	2500
Trillerpfeife	2500
Trillion	2500
Trilogie	2500
Trimenon	2500
Trink	2500
Trinker	2500
Trinkerheilanstalt	2500
Trio	2500
Triole	2500
Trip	2500
Tripel	2500
Tripelspiegel	2500
Tripolis	2500
Tripper	2500
Triptycha	2500
Triptychen	2500
Triptychon	2500
Trismen	2500
Trismus	2500
Tristesse	2500
Tritt	2500
Trittbrett	2500
Trittin	2500
Triumph	2500
Triumphbögen	2500
Triumphbogen	2500
Triumphzug	2500
Triumvirat	2500
Trivialität	2500
Trivialroman	2500
Trödelei	2500
Trödelmarkt	2500
Trödler	2500
Tröge	2500
Tröpfchen	2500
Trösten	2500
Tröster	2500
Trocken	2500
Trockenheit	2500
Trockenrasierer	2500
Trockner	2500
Trog	2500
Troja	2500
Trojaner	2500
Troll	2500
Trolley	2500
Trommel	2500
Trommler	2500
Trompete	2500
Trompeten	2500
Trompeter	2500
Tropen	2500
Tropf	2500
Tropfen	2500
Tropfenfänger	2500
Tropfstein	2500
Tropfsteinhöhle	2500
Tropfzeit	2500
Trophäe	2500
Tross	2500
Trost	2500
Trostlosigkeit	2500
Trostpflaster	2500
Trostpreis	2500
Trott	2500
Trottel	2500
Trottoir	2500
Trotz	2500
Trotzki	2500
Trotzköpfe	2500
Trotzkopf	2500
Trotzreaktion	2500
Troubadour	2500
Trüben	2500
Trübheit	2500
Trübsal	2500
Trübseligkeit	2500
Trübsinn	2500
Trüffel	2500
Trümmer	2500
Trümpfe	2500
Trubel	2500
Trudeau	2500
Trugbild	2500
Trugschluss	2500
Truhe	2500
Trump	2500
Trumpf	2500
Trunk	2500
Trunkenbold	2500
Trunkenheit	2500
Trunksucht	2500
Trupp	2500
Truppen	2500
Truppführer	2500
Trustcenter	2500
Truthähne	2500
Truthahn	2500
Truthenne	2500
Trutzbündnis	2500
Tschad	2500
Tschaikowsky	2500
Tschebyscheff	2500
Tscheche	2500
Tschechien	2500
Tschechoslowakei	2500
Tschernobyl	2500
Tschetschene	2500
Tschetschenien	2500
Tschiang	2500
Tsetsefliege	2500
Tsunami	2500
Tübingen	2500
Tücher	2500
Tüchlein	2500
Tüchtigkeit	2500
Tücke	2500
Tüftler	2500
Tüftlergeist	2500
Tüll	2500
Tümmler	2500
Tümpel	2500
Tüpfel	2500
Türenschlagen	2500
Türke	2500
Türkei	2500
Türkis	2500
Türme	2500
Tüte	2500
Tube	2500
Tuberkel	2500
Tuberkulose	2500
Tubus	2500
Tuch	2500
Tuchfühlung	2500
Tuchhändel	2500
Tucholsky	2500
Tuff	2500
Tuffstein	2500
Tugend	2500
Tugendbold	2500
Tulpe	2500
Tulpen	2500
Tummelplätze	2500
Tummelplatz	2500
Tumor	2500
Tumult	2500
Tumultuant	2500
Tundra	2500
Tunesien	2500
Tunfisch	2500
Tunichtgut	2500
Tunika	2500
Tuniken	2500
Tunis	2500
Tunte	2500
Tuntenhaftigkeit	2500
Tupel	2500
Tupelbildung	2500
Tupfer	2500
Turban	2500
Turbine	2500
Turbinen	2500
Turbinenstrahltriebwerk	2500
Turbo	2500
Turbolenz	2500
Turbulenz	2500
Turin	2500
Turing	2500
Turingmaschine	2500
Turm	2500
Turn	2500
Turnen	2500
Turner	2500
Turnerschaft	2500
Turnier	2500
Turnus	2500
Turteltaube	2500
Tusch	2500
Tutor	2500
Tutorial	2500
Tutorien	2500
Tutorium	2500
Tutu	2500
Tweedanzug	2500
Twitter	2500
Tycoon	2500
Tymoschenko	2500
Typ	2500
Typanalyse	2500
Typdeklaration	2500
Typen	2500
Typfehler	2500
Typhus	2500
Typhuskranke	2500
Typinferenz	2500
Typinformation	2500
Typisieren	2500
Typisierungskonzepte	2500
Typklasse	2500
Typnummer	2500
Typograf	2500
Typografie	2500
Typograph	2500
Typographie	2500
Typologie	2500
Typschema	2500
Typschemata	2500
Typtest	2500
Typus	2500
Typverbände	2500
Typverband	2500
Tyrann	2500
Tyrannei	2500
Tyrannenmord	2500
Übel	2500
Übelbefinden	2500
Übelkeit	2500
Übelstände	2500
Übelstand	2500
Übeltäter	2500
Übeltat	2500
Üben	2500
Überarbeiten	2500
Überarbeitungsbedarf	2500
Überbleibsel	2500
Überblendeffekt	2500
Überbrücken	2500
Überbrückungs	2500
Überdachen	2500
Überdruck	2500
Überdruss	2500
Übereilen	2500
Übereinkünfte	2500
Übereinkunft	2500
Überfall	2500
Überfremdung	2500
Übergabe	2500
Übergangs	2500
Überheblichkeit	2500
Überhitzen	2500
Überhöhen	2500
Überhol	2500
Überholen	2500
Überlagerungs	2500
Überlappen	2500
Überlassungs	2500
Überlast	2500
Überlebens	2500
Überlegen	2500
Überlegenheit	2500
Überlegenheitsgefühl	2500
Überlegungsstand	2500
Überlisten	2500
Übermüden	2500
Übernachten	2500
Übernachtungs	2500
Übernahme	2500
Überprüfbarkeit	2500
Überqueren	2500
Überraschen	2500
Überraschungs	2500
Überreden	2500
Überredungskünste	2500
Überredungskunst	2500
Überrumpeln	2500
Überschlags	2500
Überschreiten	2500
Überschuldung	2500
Überschuss	2500
Überschwänglichkeit	2500
Überschwang	2500
Überschwemmen	2500
Übersetzer	2500
Übersetzungs	2500
Übersichtlichkeit	2500
Übersichts	2500
Überspanntheit	2500
Überspitzen	2500
Übertagebau	2500
Übertagerechner	2500
Übertaktung	2500
Übertölpelungsversuch	2500
Übertrag	2500
Übertragen	2500
Übertragungs	2500
Übervölkerung	2500
Übervorteilen	2500
Überwachen	2500
Überwacher	2500
Überwachungs	2500
Überweiden	2500
Überwindbarkeit	2500
Überwinden	2500
Überwinder	2500
Überwintern	2500
Überziehungskredit	2500
Üblichkeitsnachweis	2500
Übrige	2500
Übungs	2500
Üppigkeit	2500
UART	2500
UFO	2500
UFOs	2500
UKW	2500
UMTS	2500
UN	2500
UNESCO	2500
UNICEF	2500
UNITA	2500
UNIX	2500
UNO	2500
URL	2500
URLs	2500
US	2500
USA	2500
USB	2500
USD	2500
USS	2500
UStG	2500
UV	2500
Ubuntu	2500
UdSSR	2500
Ude	2500
Udo	2500
Ufer	2500
Uganda	2500
Uhrabstimmung	2500
Uhrenausstellung	2500
Uhrenfabrik	2500
Uhrgroß	2500
Uhrgroßmütter	2500
Uhrgroßmutter	2500
Uhrgroßväter	2500
Uhrgroßvater	2500
Uhrheber	2500
Uhrinstinkt	2500
Uhrknall	2500
Uhrkunde	2500
Uhrkunden	2500
Uhrlandschaft	2500
Uhrlaub	2500
Uhrsache	2500
Uhrvertrauen	2500
Uhrwälder	2500
Uhrwald	2500
Uhrzeigersinn	2500
Uhrzeit	2500
Uhrzustände	2500
Uhrzustand	2500
Uhu	2500
Ukas	2500
Ukraine	2500
Ukrainekrise	2500
Ukrainer	2500
Ukulele	2500
Ulan	2500
Ulk	2500
Ulla	2500
Ulm	2500
Ulme	2500
Ulrich	2500
Ulrike	2500
Ultimaten	2500
Ultimatum	2500
Ultimo	2500
Ultra	2500
Ultraviolettstrahlung	2500
Umarbeiten	2500
Umarmen	2500
Umbau	2500
Umbenennen	2500
Umbesetzen	2500
Umbetten	2500
Umbilden	2500
Umbra	2500
Umbrüche	2500
Umbruch	2500
Umbuchen	2500
Umbuchungs	2500
Umdenk	2500
Umdeuten	2500
Umdrehen	2500
Umdrücke	2500
Umdruck	2500
Umeichen	2500
Umerziehen	2500
Umfang	2500
Umfangsweg	2500
Umfassen	2500
Umfeld	2500
Umflüge	2500
Umformatieren	2500
Umformen	2500
Umformer	2500
Umformulieren	2500
Umformungs	2500
Umfrage	2500
Umgänglichkeit	2500
Umgang	2500
Umgangs	2500
Umgeben	2500
Umgebungs	2500
Umgebungsvariable	2500
Umgehen	2500
Umgehungs	2500
Umgestalten	2500
Umgewöhnen	2500
Umgruppieren	2500
Umhänge	2500
Umhängetasche	2500
Umhang	2500
Umhüllen	2500
Uminterpretation	2500
Umkehr	2500
Umkehrbarkeit	2500
Umkehrpunkt	2500
Umklammern	2500
Umkleide	2500
Umklemmen	2500
Umkreis	2500
Umlackieren	2500
Umlage	2500
Umlagern	2500
Umland	2500
Umlauf	2500
Umlaufsgeschwindigkeit	2500
Umlaufskapital	2500
Umlaufszeit	2500
Umlaut	2500
Umlegekrägen	2500
Umlegekragen	2500
Umlegen	2500
Umleiten	2500
Umlenken	2500
Umlenkkabel	2500
Umlenkkanten	2500
Umluft	2500
Ummanteln	2500
Ummontage	2500
Umnachtung	2500
Umnummerieren	2500
Umorganisation	2500
Umorientieren	2500
Umpolen	2500
Umprogrammierens	2500
Umranden	2500
Umrechnen	2500
Umrechnungs	2500
Umriss	2500
Umrisslinie	2500
Umrisszeichnung	2500
Umrüsten	2500
Umsätze	2500
Umsatz	2500
Umsatzplus	2500
Umschäumen	2500
Umschalt	2500
Umschalten	2500
Umschalter	2500
Umschaltzeit	2500
Umschau	2500
Umschichten	2500
Umschichtungsprozess	2500
Umschiffen	2500
Umschlag	2500
Umschlagetücher	2500
Umschlagetuch	2500
Umschlagskosten	2500
Umschlingen	2500
Umschreiben	2500
Umschrift	2500
Umschüler	2500
Umschulden	2500
Umschulen	2500
Umschulungskurs	2500
Umschweif	2500
Umschwünge	2500
Umschwung	2500
Umsetzbarkeit	2500
Umsetzen	2500
Umsetzungs	2500
Umsetzungsprozess	2500
Umsetzungsschritt	2500
Umsichgreifen	2500
Umsicht	2500
Umsiedler	2500
Umsiedlung	2500
Umsortieren	2500
Umspann	2500
Umspanner	2500
Umstände	2500
Umständlichkeit	2500
Umstand	2500
Umstandskleid	2500
Umstandswort	2500
Umsteige	2500
Umsteigebillet	2500
Umsteiger	2500
Umstellen	2500
Umstellungs	2500
Umstieg	2500
Umstrukturieren	2500
Umstürze	2500
Umstürzler	2500
Umsturz	2500
Umsturzversuch	2500
Umtausch	2500
Umtrieb	2500
Umtrunk	2500
Umverteilen	2500
Umverteilungsmechanismen	2500
Umwälzen	2500
Umwandeln	2500
Umwandelung	2500
Umwandlungs	2500
Umweg	2500
Umwelt	2500
Umwertung	2500
Umwohner	2500
Umzäunen	2500
Umzingeln	2500
Umzug	2500
Umzugs	2500
Unähnlichkeit	2500
Unabhängigkeit	2500
Unabhängigkeits	2500
Unachtsamkeit	2500
Unangepasstheit	2500
Unannehmlichkeit	2500
Unanständigkeit	2500
Unart	2500
Unauffälligkeit	2500
Unauffindbarkeit	2500
Unaufhebbarkeit	2500
Unaufrichtigkeit	2500
Unausgeglichenheit	2500
Unausgewogenheit	2500
Unbedenklichkeit	2500
Unbedenklichkeits	2500
Unbedeutsamkeit	2500
Unbedingtheit	2500
Unbefangenheit	2500
Unbegreiflichkeit	2500
Unbegrenztheit	2500
Unbehagen	2500
Unbeherrschtheit	2500
Unbeholfenheit	2500
Unbekanntheit	2500
Unbekümmertheit	2500
Unbeliebtheit	2500
Unbequemlichkeit	2500
Unberechenbarkeit	2500
Unberührtheit	2500
Unbescheidenheit	2500
Unbescholtenheit	2500
Unbeschränktheit	2500
Unbeschwertheit	2500
Unbeständigkeit	2500
Unbestechlichkeit	2500
Unbestimmtheit	2500
Unbilden	2500
Unbildung	2500
Unbotmäßigkeit	2500
Unbrauchbarkeit	2500
Undank	2500
Undankbarkeit	2500
Underdog	2500
Undifferenziertheit	2500
Unding	2500
Unduldsamkeit	2500
Unebenheit	2500
Unechtheit	2500
Unehre	2500
Unehrerbietigkeit	2500
Unehrlichkeit	2500
Uneindeutigkeit	2500
Uneinigkeit	2500
Uneinsichtigkeit	2500
Unempfindlichkeit	2500
Unendlichkeit	2500
Unentbehrlichkeit	2500
Unenthaltsamkeit	2500
Unentschiedenheit	2500
Unentschlossenheit	2500
Unerfahrenheit	2500
Unerfüllbarkeit	2500
Unergründbarkeit	2500
Unergründlichkeit	2500
Unerheblichkeit	2500
Unermüdlichkeit	2500
Unerschrockenheit	2500
Unersetzbarkeit	2500
Unfähigkeit	2500
Unfairness	2500
Unfall	2500
Unfalltod	2500
Unfallverschulder	2500
Unfehlbarkeit	2500
Unförmigkeit	2500
Unfolgsamkeit	2500
Unfreiheit	2500
Unfreundlichkeit	2500
Unfriede	2500
Unfruchtbarkeit	2500
Unfug	2500
Ungar	2500
Ungarn	2500
Ungebührlichkeit	2500
Ungebundenheit	2500
Ungeduld	2500
Ungefährlichkeit	2500
Ungefälligkeit	2500
Ungeheuer	2500
Ungeheuerlichkeit	2500
Ungemach	2500
Ungemütlichkeit	2500
Ungenauigkeit	2500
Ungenügsamkeit	2500
Ungerechtigkeit	2500
Ungereimtheit	2500
Ungeschick	2500
Ungeschicklichkeit	2500
Ungesetzlichkeit	2500
Ungetüm	2500
Ungewissheit	2500
Ungewöhnlichkeit	2500
Ungeziefer	2500
Ungezogenheit	2500
Ungezwungenheit	2500
Ungläubigkeit	2500
Unglaube	2500
Unglauben	2500
Unglaubwürdigkeit	2500
Ungleichbehandlung	2500
Ungleichgewicht	2500
Ungleichheit	2500
Ungleichmäßigkeit	2500
Ungleichung	2500
Ungleichzeitigkeit	2500
Unglück	2500
Unglücks	2500
Ungnade	2500
Ungültigkeit	2500
Ungültigkeitserklärung	2500
Ungunst	2500
Unheil	2500
Unheilbarkeit	2500
Unheilsprophetie	2500
Unheilstifter	2500
Unhöflichkeit	2500
Unhold	2500
Uni	2500
Unicode	2500
Unifikation	2500
Unifikationsverfahren	2500
Unifikator	2500
Unifizierbarkeit	2500
Uniform	2500
Uniformieren	2500
Uniformträger	2500
Unikat	2500
Unikum	2500
Unilever	2500
Union	2500
Unionist	2500
Unions	2500
Universal	2500
Universalist	2500
Universalität	2500
Universen	2500
Universität	2500
Universitäts	2500
Universum	2500
Unke	2500
Unkenntlichkeit	2500
Unkenntnis	2500
Unkeuschheit	2500
Unklare	2500
Unklarheit	2500
Unklugheit	2500
Unkompliziertheit	2500
Unkontrollierbarkeit	2500
Unkorrigierbarkeit	2500
Unkosten	2500
Unkräuter	2500
Unkraut	2500
Unkrautvernichtung	2500
Unleserlichkeit	2500
Unlösbarkeit	2500
Unlust	2500
Unlustgefühl	2500
Unmännlichkeit	2500
Unmäßigkeit	2500
Unmasse	2500
Unmenge	2500
Unmensch	2500
Unmenschlichkeit	2500
Unmittelbarkeit	2500
Unmöglichkeit	2500
Unmoral	2500
Unmündigkeit	2500
Unmut	2500
Unna	2500
Unnachgiebigkeit	2500
Unnatürlichkeit	2500
Unordentlichkeit	2500
Unordnung	2500
Unpässlichkeit	2500
Unparteilichkeit	2500
Unpersönlichkeit	2500
Unpopularität	2500
Unprofessionalität	2500
Unpünktlichkeit	2500
Unrast	2500
Unrat	2500
Unrecht	2500
Unrechtmäßigkeit	2500
Unrechts	2500
Unredlichkeit	2500
Unregelmäßigkeit	2500
Unreinheit	2500
Unrichtigkeit	2500
Unruh	2500
Unruhestifter	2500
Unsachlichkeit	2500
Unschärfe	2500
Unschärferelation	2500
Unschicklichkeit	2500
Unschlüssigkeit	2500
Unschuld	2500
Unschuldslämmer	2500
Unschuldslamm	2500
Unschuldsmiene	2500
Unschuldsvermutung	2500
Unsegen	2500
Unselbständigkeit	2500
Unselbstständigkeit	2500
Unsicherheit	2500
Unsicherheitsfaktor	2500
Unsichtbarkeit	2500
Unsinn	2500
Unsinnswort	2500
Unsitte	2500
Unsittlichkeit	2500
Unsportlichkeit	2500
Unsterblichkeit	2500
Unstetigkeit	2500
Unstimmigkeit	2500
Unstrukturiertheit	2500
Unsumme	2500
Untätigkeit	2500
Untat	2500
Untauglichkeit	2500
Unterbringungsmöglichkeit	2500
Unterdrückungsapparat	2500
Untergangshysterie	2500
Unterhaching	2500
Unterhalts	2500
Unterhaltungsliteraturen	2500
Unterjochen	2500
Unterkünfte	2500
Unterkunft	2500
Unterlass	2500
Unterlassungs	2500
Unterlegen	2500
Unterlegenheit	2500
Unterlegscheibe	2500
Unterleibskrebs	2500
Untermalen	2500
Unterminieren	2500
Unternehmen	2500
Unternehmens	2500
Unternehmensbond	2500
Unternehmer	2500
Unternehmertum	2500
Unternehmungs	2500
Unterreden	2500
Unterrelease	2500
Unterricht	2500
Unterrichten	2500
Unterrichts	2500
Unterscheidbarkeit	2500
Unterschied	2500
Unterschiedlichkeit	2500
Unterschlüpfe	2500
Unterschreiten	2500
Unterschriftensammlung	2500
Unterspree	2500
Untersteiermark	2500
Unterstreichungszeichen	2500
Unterstützer	2500
Unterstützungs	2500
Untersuchen	2500
Untersuchungs	2500
Untertagebau	2500
Untertageeinsatz	2500
Untertan	2500
Untertanenhaltung	2500
Untertantreue	2500
Unterviermietung	2500
Unterwerfen	2500
Unterzeichnerstaaten	2500
Untier	2500
Untugend	2500
Unübersichtlichkeit	2500
Unumkehrbarkeit	2500
Unvereinbarkeit	2500
Unvereinbarkeitsbeschluss	2500
Unvergleichbarkeit	2500
Unverhältnismäßigkeit	2500
Unvermeidbarkeit	2500
Unvermögen	2500
Unvernunft	2500
Unverschämtheit	2500
Unversehrtheit	2500
Unversöhnlichkeit	2500
Unverständlichkeit	2500
Unverständnis	2500
Unverstand	2500
Unverträglichkeit	2500
Unverwüstlichkeit	2500
Unverzichtbarkeit	2500
Unvollkommenheit	2500
Unvollständigkeit	2500
Unvoreingenommenheit	2500
Unvorsichtigkeit	2500
Unwägbarkeit	2500
Unwahrheit	2500
Unwahrscheinlichkeit	2500
Unwartbarkeit	2500
Unweigerlichkeit	2500
Unwerte	2500
Unwesen	2500
Unwesentlichkeit	2500
Unwetter	2500
Unwetteralarm	2500
Unwettertief	2500
Unwetterwarnung	2500
Unwichtigkeit	2500
Unwille	2500
Unwillens	2500
Unwirksamkeit	2500
Unwissenheit	2500
Unwohlsein	2500
Unwort	2500
Unzahl	2500
Unze	2500
Unzeit	2500
Unzüchtigkeit	2500
Unzucht	2500
Unzufriedenheit	2500
Unzugänglichkeit	2500
Unzulänglichkeit	2500
Unzulässigkeit	2500
Unzuverlässigkeit	2500
Unzweckmäßigkeit	2500
Update	2500
Upgrade	2500
Upload	2500
Urängste	2500
Urabstimmung	2500
Urahn	2500
Ural	2500
Uraltparagraf	2500
Uraltparagraph	2500
Uran	2500
Urangst	2500
Uratmosphäre	2500
Uraufführung	2500
Urbanisation	2500
Urbanisierungsrate	2500
Urbanität	2500
Urbevölkerung	2500
Urbild	2500
Urchristentum	2500
Ureigenheit	2500
Ureinwohner	2500
Urenkel	2500
Urerfahrung	2500
Urerlebnis	2500
Urfassung	2500
Urform	2500
Urgeschichte	2500
Urgroßeltern	2500
Urgroßmütter	2500
Urgroßmutter	2500
Urgroßväter	2500
Urgroßvater	2500
Urheber	2500
Urheberschaft	2500
Urin	2500
Urinprobe	2500
Urinstinkt	2500
Urkirche	2500
Urknall	2500
Urknalltheorie	2500
Urkräfte	2500
Urkraft	2500
Urkunde	2500
Urkunden	2500
Urlandschaft	2500
Urlaub	2500
Urlauber	2500
Urlaubs	2500
Urmensch	2500
Urne	2500
Urnengang	2500
Urologe	2500
Urologie	2500
Ursächlichkeit	2500
Ursache	2500
Ursprünge	2500
Ursprünglichkeit	2500
Ursprung	2500
Ursprungs	2500
Urstätte	2500
Urstoff	2500
Ursula	2500
Urteil	2500
Urteils	2500
Urtext	2500
Urtier	2500
Urtinktur	2500
Uruguay	2500
Uruguayer	2500
Urvater	2500
Urvertrauen	2500
Urwälder	2500
Urwald	2500
Urwelt	2500
Urzeit	2500
Urzustände	2500
Urzustand	2500
Usbekistan	2500
Usenet	2500
User	2500
Userport	2500
Usurpator	2500
Usus	2500
Uta	2500
Ute	2500
Utensil	2500
Utensilien	2500
Utility	2500
Utopie	2500
Utopist	2500
Utrecht	2500
Uwe	2500
VDE	2500
VDI	2500
VGA	2500
VHS	2500
VI	2500
VII	2500
VIII	2500
VLSI	2500
VMOS	2500
VMware	2500
VPN	2500
VW	2500
VWs	2500
Väter	2500
Vabanquespiel	2500
Vagabund	2500
Vagina	2500
Vaginalkanal	2500
Vaginen	2500
Vakanz	2500
Vakuen	2500
Vakuum	2500
Valenz	2500
Valenzband	2500
Validität	2500
Valium	2500
Valpolicella	2500
Valuta	2500
Valuten	2500
Vamp	2500
Vampir	2500
Vanadium	2500
Vancouver	2500
Vandale	2500
Vandalismus	2500
Vanille	2500
Vanilleschote	2500
Variabilität	2500
Variablen	2500
Variablensubstitution	2500
Variante	2500
Varianz	2500
Variation	2500
Variations	2500
Varietät	2500
Varietee	2500
Varieté	2500
Varistor	2500
Vasall	2500
Vasallenstaat	2500
Vase	2500
Vasektomie	2500
Vaseline	2500
Vater	2500
Vaterlandsliebe	2500
Vaterlandspartei	2500
Vaterschaft	2500
Vaterschafts	2500
Vaterunser	2500
Vati	2500
Vatikan	2500
Vattenfall	2500
Veganer	2500
Veganismus	2500
Vegetabilien	2500
Vegetarier	2500
Vegetarismus	2500
Vegetation	2500
Vegetations	2500
Vehemenz	2500
Vehikel	2500
Veilchen	2500
Veitstänze	2500
Veitstanz	2500
Vektor	2500
Vektorisieren	2500
Velin	2500
Velinpapier	2500
Velodrom	2500
Velours	2500
Vene	2500
Venedig	2500
Venen	2500
Venetien	2500
Venezianer	2500
Venezuela	2500
Ventil	2500
Ventilation	2500
Ventilator	2500
Venus	2500
Venusberg	2500
Verächter	2500
Veränderbarkeit	2500
Veränderlichkeit	2500
Verändern	2500
Veränderungs	2500
Verängstigen	2500
Verärgern	2500
Verästeln	2500
Verätzen	2500
Veräußerlichung	2500
Veräußern	2500
Veräußerungs	2500
Verabfolgung	2500
Verabreden	2500
Verabreichen	2500
Verabschieden	2500
Verachten	2500
Verallgemeinerbarkeit	2500
Verallgemeinern	2500
Verallgemeinerungsfähigkeit	2500
Veraltung	2500
Veranda	2500
Veranden	2500
Verankern	2500
Veranlagen	2500
Veranlassen	2500
Veranschaulichen	2500
Veranschlagen	2500
Veranstalten	2500
Veranstalter	2500
Veranstaltungs	2500
Verantworten	2500
Verantwortliche	2500
Verantwortlichkeit	2500
Verantwortungs	2500
Verarbeitbarkeit	2500
Verarbeiten	2500
Verarbeiter	2500
Verarbeitungs	2500
Verarmen	2500
Verarschen	2500
Verausgaben	2500
Verb	2500
Verbände	2500
Verbalattacke	2500
Verballhornen	2500
Verbalnote	2500
Verband	2500
Verbands	2500
Verbandstoff	2500
Verbannen	2500
Verbesserbarkeit	2500
Verbesserungsmaßnahme	2500
Verbesserungsmöglichkeit	2500
Verbesserungsvorschlag	2500
Verbeugen	2500
Verbiegen	2500
Verbildlichen	2500
Verbilligen	2500
Verbinden	2500
Verbinder	2500
Verbindlichkeit	2500
Verbindlichkeitenliste	2500
Verbindungs	2500
Verbissenheit	2500
Verbittern	2500
Verblenden	2500
Verblöden	2500
Verblüffen	2500
Verborgenheit	2500
Verbot	2500
Verbots	2500
Verbrauch	2500
Verbraucher	2500
Verbrauchs	2500
Verbrechen	2500
Verbrechens	2500
Verbrecher	2500
Verbrechertum	2500
Verbreiten	2500
Verbreiter	2500
Verbreitern	2500
Verbreitungs	2500
Verbrennen	2500
Verbrennungs	2500
Verbrüdern	2500
Verbuchen	2500
Verbum	2500
Verbund	2500
Verbundenheit	2500
Verdächtigen	2500
Verdächtigungsperson	2500
Verdacht	2500
Verdachts	2500
Verdammen	2500
Verdammnis	2500
Verdampfen	2500
Verdauen	2500
Verdaulichkeit	2500
Verdauungs	2500
Verdeck	2500
Verderb	2500
Verderber	2500
Verderblichkeit	2500
Verderbnis	2500
Verderbtheit	2500
Verdeutlichen	2500
Verdeutschen	2500
Verdi	2500
Verdichten	2500
Verdicken	2500
Verdiener	2500
Verdienst	2500
Verdinglichung	2500
Verdoppeln	2500
Verdorbenheit	2500
Verdrängen	2500
Verdrahten	2500
Verdrahtungskasten	2500
Verdrahtungspläne	2500
Verdrahtungsplatine	2500
Verdrahtungsplatte	2500
Verdrehen	2500
Verdreher	2500
Verdrehschutz	2500
Verdrehtheit	2500
Verdreifachung	2500
Verdreißigfachung	2500
Verdrießlichkeit	2500
Verdrossenheit	2500
Verdruss	2500
Verdünnen	2500
Verdummen	2500
Verdun	2500
Verdunkeln	2500
Verdunkelungsgefahr	2500
Verdunsten	2500
Verdutzen	2500
Veredeln	2500
Veredelung	2500
Veredelungsindustrie	2500
Verehren	2500
Verehrer	2500
Vereidigen	2500
Verein	2500
Vereinbaren	2500
Vereinbarkeit	2500
Vereinbarungsentwurf	2500
Vereinfachen	2500
Vereinfachungsgründe	2500
Vereinheitlichen	2500
Vereinigen	2500
Vereinigungstyp	2500
Vereinnahmen	2500
Vereins	2500
Vereinsamen	2500
Vereinsbank	2500
Vereinsmeierei	2500
Vereinzeln	2500
Vereisen	2500
Vereiteln	2500
Vereitelung	2500
Vereitern	2500
Verelenden	2500
Verengen	2500
Verengern	2500
Vererbbarkeit	2500
Vererben	2500
Vererbungs	2500
Verewigen	2500
Verfälschen	2500
Verfälscher	2500
Verfärben	2500
Verfahren	2500
Verfahrens	2500
Verfall	2500
Verfalls	2500
Verfassen	2500
Verfasser	2500
Verfassungs	2500
Verfechter	2500
Verfehlen	2500
Verfeinden	2500
Verfeinern	2500
Verfertigen	2500
Verfertiger	2500
Verfetten	2500
Verfilmen	2500
Verfilzen	2500
Verflachen	2500
Verflechten	2500
Verfolgen	2500
Verfolger	2500
Verfolgtwerden	2500
Verfolgungs	2500
Verfolgungswahn	2500
Verformen	2500
Verfremden	2500
Verfügbarkeit	2500
Verfügbarkeitsanforderungen	2500
Verfügen	2500
Verfügungs	2500
Verführen	2500
Verführer	2500
Verführungs	2500
Verfüttern	2500
Vergänglichkeit	2500
Vergabe	2500
Vergangenheit	2500
Vergangenheitsform	2500
Vergasen	2500
Vergaser	2500
Vergasernadel	2500
Vergeben	2500
Vergeber	2500
Vergeblichkeit	2500
Vergegenwärtigen	2500
Vergehen	2500
Vergeistigen	2500
Vergelten	2500
Vergeltungs	2500
Vergemeinschaften	2500
Vergesellschaften	2500
Vergessenheit	2500
Vergesslichkeit	2500
Vergeuden	2500
Vergeuder	2500
Vergewaltigen	2500
Vergewaltiger	2500
Vergewaltigungsverfahren	2500
Vergewaltigungsvorwürfe	2500
Vergewaltigungsvorwurf	2500
Vergewisserung	2500
Vergießen	2500
Vergiften	2500
Vergissmeinnicht	2500
Verglasen	2500
Vergleich	2500
Vergleichbarkeit	2500
Vergleichen	2500
Vergleichs	2500
Vergnügen	2500
Vergnügungs	2500
Vergöttern	2500
Vergolden	2500
Vergolder	2500
Vergröbern	2500
Vergrößern	2500
Vergrößerungs	2500
Vergünstigen	2500
Vergüten	2500
Vergütungs	2500
Verguss	2500
Vergussanlage	2500
Vergusshülsen	2500
Vergussmasse	2500
Vergussproblem	2500
Vergussschicht	2500
Vergusswachs	2500
Verhältnis	2500
Verhältnismäßigkeit	2500
Verhältniswahl	2500
Verhältniswahlrecht	2500
Verhältniswörter	2500
Verhältniswort	2500
Verhängen	2500
Verhängnis	2500
Verhärten	2500
Verhaften	2500
Verhaftungswelle	2500
Verhalten	2500
Verhaltenheit	2500
Verhaltens	2500
Verhandelbarkeit	2500
Verhandeln	2500
Verhandlungs	2500
Verharmlosen	2500
Verhau	2500
Verheerung	2500
Verheimlichen	2500
Verheiraten	2500
Verheißen	2500
Verherrlichen	2500
Verhetzen	2500
Verhindern	2500
Verhöhnen	2500
Verhör	2500
Verhüllen	2500
Verhüten	2500
Verhütungs	2500
Verhunzen	2500
Verifikation	2500
Verifizieren	2500
Verinnerlichen	2500
Verirren	2500
Verjähren	2500
Verjährungsfrist	2500
Verjüngen	2500
Verjüngungskur	2500
Verkäufer	2500
Verkäuflichkeit	2500
Verkabeln	2500
Verkabelungs	2500
Verkalken	2500
Verkapseln	2500
Verkauf	2500
Verkaufs	2500
Verkaufsorder	2500
Verkaufsunterlagen	2500
Verkehr	2500
Verkehren	2500
Verkehrs	2500
Verkeilen	2500
Verkennen	2500
Verkettadapter	2500
Verketten	2500
Verketzern	2500
Verkippen	2500
Verklären	2500
Verklagen	2500
Verklammern	2500
Verkleben	2500
Verkleiden	2500
Verkleinern	2500
Verkleinerungsform	2500
Verkleinerungswörter	2500
Verkleinerungswort	2500
Verknappen	2500
Verknöchern	2500
Verknüpfen	2500
Verkörpern	2500
Verkohlen	2500
Verkommenheit	2500
Verkrampfen	2500
Verkrümmen	2500
Verkrüppeln	2500
Verkrusten	2500
Verkümmern	2500
Verkünden	2500
Verkünder	2500
Verkündigen	2500
Verkündiger	2500
Verkürzen	2500
Verkürzungsschnüre	2500
Verkürzungsschnur	2500
Verlängern	2500
Verlängerungs	2500
Verlässlichkeit	2500
Verladen	2500
Verladerampe	2500
Verladestation	2500
Verlag	2500
Verlagern	2500
Verlagerungs	2500
Verlags	2500
Verlangen	2500
Verlangsamen	2500
Verlass	2500
Verlassenheit	2500
Verlaub	2500
Verlauf	2500
Verlautbaren	2500
Verlegen	2500
Verlegenheit	2500
Verleger	2500
Verleih	2500
Verleiher	2500
Verleiten	2500
Verlesen	2500
Verletzen	2500
Verletzer	2500
Verletzungs	2500
Verleugnen	2500
Verleumden	2500
Verleumder	2500
Verliebtheit	2500
Verlierer	2500
Verlies	2500
Verließ	2500
Verlinken	2500
Verlöbnis	2500
Verlöschen	2500
Verlöten	2500
Verloben	2500
Verlobungs	2500
Verlocken	2500
Verlogenheit	2500
Verlosen	2500
Verlust	2500
Vermächtnis	2500
Vermählen	2500
Vermarktbarkeit	2500
Vermarkten	2500
Vermarkter	2500
Vermarktungs	2500
Vermaßen	2500
Vermehren	2500
Vermehrungs	2500
Vermeidbarkeit	2500
Vermeiden	2500
Vermengen	2500
Vermenschlichen	2500
Vermerk	2500
Vermessen	2500
Vermessenheit	2500
Vermessungs	2500
Vermietbarkeit	2500
Vermieten	2500
Vermieter	2500
Vermietungs	2500
Vermindern	2500
Verminen	2500
Vermischen	2500
Vermischungsgrad	2500
Vermisstenanzeige	2500
Vermisstenliste	2500
Vermitteln	2500
Vermittler	2500
Vermittlerrolle	2500
Vermittlungs	2500
Vermögen	2500
Vermögens	2500
Vermummen	2500
Vermuten	2500
Vermutungswissen	2500
Vernachlässigen	2500
Vernebeln	2500
Vernehmen	2500
Vernehmlassung	2500
Vernehmlassungs	2500
Verneigen	2500
Verneinen	2500
Vernetzbarkeit	2500
Vernetzen	2500
Vernichten	2500
Vernichter	2500
Vernichtungs	2500
Vernieten	2500
Vernissage	2500
Vernunft	2500
Vernunftehe	2500
Vernunftwesen	2500
Veröden	2500
Veröffentlichen	2500
Veröffentlichungs	2500
Verona	2500
Veroneser	2500
Verordnen	2500
Verordnungs	2500
Verpächter	2500
Verpachten	2500
Verpacken	2500
Verpacker	2500
Verpackungs	2500
Verpesten	2500
Verpfänden	2500
Verpflanzen	2500
Verpflegen	2500
Verpflichten	2500
Verpolschutz	2500
Verpuffen	2500
Verputz	2500
Verquicken	2500
Verräter	2500
Verrat	2500
Verrechnen	2500
Verrechnungs	2500
Verrenken	2500
Verrichten	2500
Verriegeln	2500
Verringern	2500
Verriss	2500
Verrohen	2500
Verrotten	2500
Verrottungs	2500
Verrücken	2500
Verrücktheit	2500
Verruchtheit	2500
Verruf	2500
Vers	2500
Versäumnis	2500
Versachlichen	2500
Versagen	2500
Versager	2500
Versailles	2500
Versal	2500
Versalien	2500
Versammeln	2500
Versammlungs	2500
Versand	2500
Versatz	2500
Versatzstück	2500
Versbau	2500
Verschämtheit	2500
Verschärfen	2500
Verschalen	2500
Verschalten	2500
Verscheibungspflicht	2500
Verschicken	2500
Verschiebefunktion	2500
Verschieben	2500
Verschiebespiel	2500
Verschiedenheit	2500
Verschiffen	2500
Verschlafenheit	2500
Verschlag	2500
Verschlagenheit	2500
Verschlagwortung	2500
Verschlammen	2500
Verschlechtern	2500
Verschleiern	2500
Verschleierungstaktik	2500
Verschleiß	2500
Verschleißteil	2500
Verschleppen	2500
Verschleppungs	2500
Verschleudern	2500
Verschlimmbessern	2500
Verschlimmern	2500
Verschlüsseln	2500
Verschlüsselungs	2500
Verschluss	2500
Verschmähen	2500
Verschmelzen	2500
Verschmitztheit	2500
Verschmutzen	2500
Verschnaufpause	2500
Verschnörkeln	2500
Verschönern	2500
Verschonen	2500
Verschränken	2500
Verschrauben	2500
Verschreiben	2500
Verschreibungs	2500
Verschriftlichen	2500
Verschrobenheit	2500
Verschrotten	2500
Verschüchtern	2500
Verschulden	2500
Verschuldungskrise	2500
Verschuldungsprinzip	2500
Verschuldungsproblem	2500
Verschweigen	2500
Verschwenden	2500
Verschwender	2500
Verschwendungssucht	2500
Verschwiegenheit	2500
Verschwören	2500
Verschwörer	2500
Verschwörungstheorie	2500
Verschwommenheit	2500
Versehrtheit	2500
Verselbständigen	2500
Verselbstständigen	2500
Versenden	2500
Versender	2500
Versenken	2500
Versetzen	2500
Verseuchen	2500
Versfuß	2500
Versicherer	2500
Versichern	2500
Versicherungs	2500
Versiegeln	2500
Versilbern	2500
Versinnbildlichen	2500
Version	2500
Versions	2500
Versklaven	2500
Verskunst	2500
Versmaß	2500
Versöhnen	2500
Versöhnlichkeit	2500
Versorgen	2500
Versorger	2500
Versorgungs	2500
Versorgungspufferung	2500
Verspäten	2500
Verspannen	2500
Verspotten	2500
Versprechen	2500
Versprecher	2500
Verstädterung	2500
Verständigen	2500
Verständigkeit	2500
Verständigungs	2500
Verständlichkeit	2500
Verständnis	2500
Verständnisfrage	2500
Verständnislosigkeit	2500
Verständnisschwierigkeit	2500
Verstärken	2500
Verstärker	2500
Verstärkungs	2500
Verstaatlichen	2500
Verstaatlichungsaktion	2500
Verstaatlichungspläne	2500
Verstand	2500
Verstandes	2500
Verstauchen	2500
Versteck	2500
Versteckidee	2500
Versteckspiel	2500
Verstehen	2500
Versteifen	2500
Versteigerer	2500
Versteigern	2500
Versteigerungs	2500
Versteinern	2500
Verstell	2500
Verstellbarkeit	2500
Verstellen	2500
Versteuern	2500
Verstiegenheit	2500
Verstimmen	2500
Verstörtheit	2500
Verstocktheit	2500
Verstopfen	2500
Verstoß	2500
Verstoßen	2500
Verstreben	2500
Verstrebungswinkel	2500
Verstreuen	2500
Verstricken	2500
Verstümmeln	2500
Versündigen	2500
Versuch	2500
Versucher	2500
Versuchs	2500
Versuchsstreb	2500
Versunkenheit	2500
Vertäfeln	2500
Vertäfelung	2500
Vertagen	2500
Vertauschen	2500
Vertauschungs	2500
Verteidigen	2500
Verteidiger	2500
Verteidigungs	2500
Verteilen	2500
Verteiler	2500
Verteilungs	2500
Verteuern	2500
Vertiefen	2500
Vertilgen	2500
Vertonen	2500
Verträglichkeit	2500
Verträglichkeits	2500
Vertragen	2500
Vertrags	2500
Vertrauen	2500
Vertrauens	2500
Vertraulichkeit	2500
Vertrautheit	2500
Vertreiben	2500
Vertreiber	2500
Vertreten	2500
Vertreter	2500
Vertretungs	2500
Vertrieb	2500
Vertriebs	2500
Vertuschen	2500
Vertuschungsversuch	2500
Verunglimpfen	2500
Verunreinigen	2500
Verunsichern	2500
Verunstalten	2500
Veruntreuen	2500
Verursachen	2500
Verursacher	2500
Verurteilen	2500
Vervielfältigen	2500
Vervielfältigungs	2500
Vervielfachen	2500
Vervollkommnen	2500
Vervollständigen	2500
Verwachsen	2500
Verwahren	2500
Verwahrer	2500
Verwahrlosen	2500
Verwalten	2500
Verwalter	2500
Verwaltungs	2500
Verwandeln	2500
Verwandlungs	2500
Verwandtenbesuch	2500
Verwandtenkreis	2500
Verwandtschaft	2500
Verwandtschafts	2500
Verwarnen	2500
Verweben	2500
Verwechseln	2500
Verwechslungskomödie	2500
Verwegenheit	2500
Verwehen	2500
Verwehren	2500
Verweichlichen	2500
Verweigern	2500
Verweildauer	2500
Verweilzeit	2500
Verweis	2500
Verweisungszeichen	2500
Verweltlichen	2500
Verwendbarkeit	2500
Verwenden	2500
Verwender	2500
Verwendungs	2500
Verwerfen	2500
Verwertbarkeit	2500
Verwerten	2500
Verwerter	2500
Verwertungs	2500
Verwesen	2500
Verweser	2500
Verwickeln	2500
Verwildern	2500
Verwinden	2500
Verwirklichen	2500
Verwirklichungs	2500
Verwirren	2500
Verwischen	2500
Verwittern	2500
Verwöhnen	2500
Verworfenheit	2500
Verworrenheit	2500
Verwünschen	2500
Verwüsten	2500
Verwundbarkeit	2500
Verwunden	2500
Verwundern	2500
Verwurzeln	2500
Verzärteln	2500
Verzagtheit	2500
Verzahnen	2500
Verzaubern	2500
Verzehr	2500
Verzeichnen	2500
Verzeichnis	2500
Verzeihen	2500
Verzerren	2500
Verzicht	2500
Verzichtbarkeit	2500
Verzichterklärung	2500
Verzichtserklärung	2500
Verzieren	2500
Verzierungs	2500
Verzinsen	2500
Verzögern	2500
Verzögerungstaktik	2500
Verzögerungszeit	2500
Verzollen	2500
Verzücken	2500
Verzug	2500
Verzugs	2500
Verzweifeln	2500
Verzweiflungsschritt	2500
Verzweiflungstat	2500
Verzweigen	2500
Vesper	2500
Vesperbrot	2500
Vestibül	2500
Veteran	2500
Veterinär	2500
Veto	2500
Vetorecht	2500
Vetter	2500
Vetternwirtschaft	2500
Vexier	2500
VfB	2500
Viadukt	2500
Viagra	2500
Vibration	2500
Vibrations	2500
Vibrator	2500
Victor	2500
Victoriasee	2500
Video	2500
Videoclip	2500
Videocontroller	2500
Videorecorder	2500
Videotape	2500
Videothek	2500
Viecher	2500
Vieh	2500
Vieldeutigkeit	2500
Vieleck	2500
Vielfältigkeit	2500
Vielfalt	2500
Vielheit	2500
Viellicht	2500
Vielseitigkeit	2500
Vielweiberei	2500
Vielzeller	2500
Vierbeiner	2500
Viereck	2500
Viererbande	2500
Viererbob	2500
Vierergruppe	2500
Viererkajak	2500
Vierertreffen	2500
Vierfüßler	2500
Vierkantrohr	2500
Vierlinge	2500
Viersitzer	2500
Vierspänner	2500
Viertel	2500
Viertelfinale	2500
Viertklässler	2500
Vierzeiler	2500
Vierziger	2500
Vierzigstundenwoche	2500
Vietcong	2500
Vietnam	2500
Vietnamese	2500
Vietnamkrieg	2500
Vietnamsoldat	2500
Vignette	2500
Vignettierung	2500
Vikar	2500
Viktoria	2500
Viktualien	2500
Villa	2500
Villen	2500
Villeneuve	2500
Vilnius	2500
Viola	2500
Violin	2500
Violine	2500
Violinist	2500
Violoncelli	2500
Violoncello	2500
Viper	2500
Viren	2500
Virginia	2500
Virologe	2500
Virtualisieren	2500
Virtualisierungs	2500
Virtuose	2500
Virtuosität	2500
Virulenz	2500
Virus	2500
Virusbefall	2500
Visa	2500
Visafreiheit	2500
Visage	2500
Visier	2500
Vision	2500
Visionär	2500
Visitation	2500
Visite	2500
Visitenkarte	2500
Viskosität	2500
Viskositätsangabe	2500
Vista	2500
Visualisieren	2500
Visualisierungsproblem	2500
Visualisierungssystem	2500
Visualisierungswerkzeug	2500
Visum	2500
Visumspflicht	2500
Visumzwang	2500
Viszeral	2500
Vitalität	2500
Vitamin	2500
Vitrine	2500
Vitrinentür	2500
Vize	2500
Vlies	2500
Vögel	2500
Vöglein	2500
Vögte	2500
Völker	2500
Völkerkundler	2500
Völlegefühl	2500
Völler	2500
Völlerei	2500
Vodafone	2500
Vogel	2500
Vogelbeerbaum	2500
Vogelpinne	2500
Vogelscheuche	2500
Vogt	2500
Vogtland	2500
Vogts	2500
Vokabel	2500
Vokabular	2500
Vokal	2500
Volant	2500
Volatilität	2500
Volk	2500
Volker	2500
Volks	2500
Volksbank	2500
Volksdeutschen	2500
Volkskundler	2500
Volkstümlichkeit	2500
Volkstum	2500
Volkswagen	2500
Voll	2500
Vollbesitz	2500
Vollblüter	2500
Volleyball	2500
Volleyballer	2500
Volljährigkeitsalter	2500
Vollkommenheit	2500
Vollmacht	2500
Vollmachtserteilung	2500
Vollmachtsstimmrecht	2500
Vollmer	2500
Vollständigkeit	2500
Vollständigkeitsgründe	2500
Vollstrecker	2500
Vollstreckungs	2500
Vollstreckungsbefehl	2500
Vollweise	2500
Vollzugs	2500
Volontär	2500
Volontariat	2500
Volontariats	2500
Volt	2500
Voltaire	2500
Voltmeter	2500
Volumina	2500
Volvo	2500
Vopo	2500
Vorab	2500
Vorarlberg	2500
Vorausbestellung	2500
Vorausbestimmen	2500
Vorausbezahlung	2500
Vorauskasse	2500
Vorausschätzung	2500
Voraussetzen	2500
Voraussicht	2500
Voraustilgung	2500
Vorauswahl	2500
Vorauszahlen	2500
Vorbedacht	2500
Vorbehalt	2500
Vorbereitungs	2500
Vorbeugungsmaßnahme	2500
Vorbeugungsmittel	2500
Vorder	2500
Vorderasien	2500
Vorderpratze	2500
Voreilen	2500
Voreiligkeit	2500
Voreingenommenheit	2500
Vorfahr	2500
Vorführ	2500
Vorgänger	2500
Vorgabewert	2500
Vorgangs	2500
Vorgehensweise	2500
Vorgesetze	2500
Vorhaben	2500
Vorhandensein	2500
Vorherbestimmen	2500
Vorhersagbarkeit	2500
Vorhersage	2500
Vorhersagemodell	2500
Vorhersagung	2500
Vorhersehen	2500
Vorhinein	2500
Vorjahres	2500
Vorjahrsmeister	2500
Vorkaufsrecht	2500
Vorkehrungsmaßnahme	2500
Vorkommen	2500
Vorkommnis	2500
Vorkoster	2500
Vorkriegs	2500
Vorläufigkeit	2500
Vorlageschreiben	2500
Vorlageweg	2500
Vorlesungsstreik	2500
Vorlesungsverzeichnis	2500
Vorliegen	2500
Vormärz	2500
Vormund	2500
Vormundschaft	2500
Vormundschaftsgericht	2500
Vornehmheit	2500
Vorortbahn	2500
Vorpommern	2500
Vorsager	2500
Vorschlagsliste	2500
Vorschlagsrecht	2500
Vorschlagstext	2500
Vorschub	2500
Vorsehen	2500
Vorsichtigkeit	2500
Vorsichtsmaßnahme	2500
Vorsichtsmaßregel	2500
Vorsitzende	2500
Vorsitzer	2500
Vorsorge	2500
Vorspann	2500
Vorspeise	2500
Vorstands	2500
Vorsteherdrüse	2500
Vorsteherhund	2500
Vorstellungs	2500
Vortags	2500
Vorteilsannahme	2500
Vorteilsgewährung	2500
Vortrag	2500
Vortrags	2500
Vortriebs	2500
Vorverkaufs	2500
Vorwählnummer	2500
Vorwärtsfahren	2500
Vorwärtsrichtung	2500
Vorwand	2500
Vorwegkonsumieren	2500
Vorzugs	2500
Votum	2500
Voyeur	2500
Voyeurismus	2500
Vulgärapostel	2500
Vulgärsprache	2500
Vulkan	2500
Vulkanismus	2500
Vulva	2500
Vulven	2500
WC	2500
WDR	2500
WHO	2500
WLAN	2500
WM	2500
Wächter	2500
Wägbarkeit	2500
Wägen	2500
Wählbarkeit	2500
Wähler	2500
Währung	2500
Währungs	2500
Währungsausgleichfonds	2500
Wälder	2500
Wälzer	2500
Wämser	2500
Wände	2500
Wärm	2500
Wärme	2500
Wärter	2500
Wäsche	2500
Wäscher	2500
Wäscherei	2500
Wässern	2500
Waage	2500
Waagschale	2500
Wabe	2500
Wabenfilter	2500
Wach	2500
Wache	2500
Wachhabende	2500
Wacholder	2500
Wacholdersirup	2500
Wachs	2500
Wachsamkeit	2500
Wachsen	2500
Wachsfigurenkabinett	2500
Wachsmalstift	2500
Wachstum	2500
Wachstums	2500
Wacht	2500
Wachtel	2500
Wachtmeister	2500
Wachtposten	2500
Wackelbetriebe	2500
Wackeldackel	2500
Wackelkontakt	2500
Wackelunternehmen	2500
Wackersdorf	2500
Wackler	2500
Wade	2500
Waden	2500
Wadi	2500
Waffe	2500
Waffel	2500
Waffen	2500
Waffenmeisterei	2500
Waffenruhe	2500
Waffenstillstände	2500
Waffenstillstand	2500
Waffenstillstandsabkommen	2500
Waffenstillstandslinie	2500
Waffenstillstandsverhandlung	2500
Wagehälse	2500
Wagehals	2500
Wagemut	2500
Wagen	2500
Wagestück	2500
Waggon	2500
Waghalsigkeit	2500
Wagner	2500
Wagneroper	2500
Wagnis	2500
Wagon	2500
Wahl	2500
Wahlfänge	2500
Wahlfänger	2500
Wahlfang	2500
Wahlfisch	2500
Wahlheimat	2500
Wahn	2500
Wahnbild	2500
Wahnsinn	2500
Wahnvorstellung	2500
Wahnwitz	2500
Wahren	2500
Wahrhaftigkeit	2500
Wahrheit	2500
Wahrheits	2500
Wahrnehmbarkeit	2500
Wahrnehmen	2500
Wahrnehmungs	2500
Wahrsager	2500
Wahrsagerei	2500
Wahrscheinlichkeit	2500
Wahrscheinlichkeits	2500
Wahrsprüche	2500
Wahrspruch	2500
Wahrzeichen	2500
Waidmänner	2500
Waidmann	2500
Waigel	2500
Waise	2500
Waisen	2500
Wal	2500
Walachei	2500
Walart	2500
Wald	2500
Waldorflehrer	2500
Waldorfpädagogik	2500
Waldorfschule	2500
Waldschrat	2500
Waldshut	2500
Waldung	2500
Walfänger	2500
Walfang	2500
Walfangstation	2500
Walfisch	2500
Walhalla	2500
Waliser	2500
Walkman	2500
Walkmühle	2500
Walküre	2500
Wall	2500
Wallach	2500
Wallen	2500
Wallenstein	2500
Wallfahrer	2500
Wallfahrt	2500
Wallfahrtsort	2500
Wallraff	2500
Walnuss	2500
Walnussbaum	2500
Walnusskuchen	2500
Walnussöl	2500
Walöl	2500
Walpurgisnacht	2500
Walrössern	2500
Walross	2500
Walter	2500
Walther	2500
Waltran	2500
Waltraud	2500
Walz	2500
Walze	2500
Walzen	2500
Walzenmarkierer	2500
Walzenschrämlader	2500
Walzenstreb	2500
Walzer	2500
Wams	2500
Wand	2500
Wandel	2500
Wandelbarkeit	2500
Wandelgang	2500
Wandelhalle	2500
Wandeln	2500
Wandelobligation	2500
Wandelstern	2500
Wandelung	2500
Wandelzeit	2500
Wander	2500
Wanderer	2500
Wanderheuschrecke	2500
Wandern	2500
Wanderschaft	2500
Wandersmänner	2500
Wandersmann	2500
Wanderungsströme	2500
Wandler	2500
Wandlungsbereich	2500
Wandlungsprozess	2500
Wandlungszeit	2500
Wandrer	2500
Wange	2500
Wangerooge	2500
Wankelmotor	2500
Wankelmut	2500
Wanne	2500
Wannen	2500
Wannsee	2500
Wanst	2500
Wanze	2500
Wappen	2500
Wappenbild	2500
Wappenkunde	2500
Wappenschild	2500
Wappensprüche	2500
Wappenspruch	2500
Ware	2500
Warenkonti	2500
Warhol	2500
Warm	2500
Warn	2500
Warnbarke	2500
Warnblinken	2500
Warnemünde	2500
Warnen	2500
Warnstreik	2500
Warnungsruf	2500
Warrant	2500
Warrantpreis	2500
Warschau	2500
Warschauer	2500
Wartbarkeit	2500
Warte	2500
Warteliste	2500
Warten	2500
Wartungs	2500
Warze	2500
Wasch	2500
Waschen	2500
Waschlauge	2500
Washington	2500
Washingtoner	2500
Wasserdämpfe	2500
Wasserhaushalt	2500
Wasserklosett	2500
Wasserrutschbahnen	2500
Wasserscheide	2500
Wasserskiern	2500
Wasserspeier	2500
Wasserspülung	2500
Wasserstandsanzeiger	2500
Wasserstandsmeldung	2500
Waterloo	2500
Watsche	2500
Watt	2500
Watte	2500
Wattebausch	2500
Wattenmeer	2500
Wattleistung	2500
Watvögel	2500
Watvogel	2500
Web	2500
Webblog	2500
Webbrowser	2500
Weber	2500
Weberbaum	2500
Weberei	2500
Weberknecht	2500
Weberschiffchen	2500
Webserver	2500
Website	2500
Wechsel	2500
Wechselakzept	2500
Wechselbälge	2500
Wechselbalg	2500
Wechselfieber	2500
Wechte	2500
Weckanruf	2500
Wecker	2500
Wedding	2500
Wedel	2500
Weg	2500
Wegbereiter	2500
Wegebau	2500
Wegelagerer	2500
Wegelagerin	2500
Wegemessung	2500
Wegerecht	2500
Wegerich	2500
Wegweiser	2500
Wegwerfgesellschaft	2500
Wegwerfpreis	2500
Wegzehrung	2500
Weh	2500
Wehe	2500
Wehgeschrei	2500
Wehmut	2500
Wehr	2500
Wehrdienstverweigerer	2500
Wehrhaftigkeit	2500
Wehrlosigkeit	2500
Wehrmacht	2500
Wehrmachtsangehörige	2500
Wehrmut	2500
Wehrpass	2500
Wehrpflicht	2500
Wehrwölfe	2500
Wehrwolf	2500
Weib	2500
Weiber	2500
Weiblichkeit	2500
Weibsbild	2500
Weich	2500
Weichensteller	2500
Weichenstellung	2500
Weichheit	2500
Weichherzigkeit	2500
Weichling	2500
Weichmacherspiel	2500
Weichsel	2500
Weichselkirsche	2500
Weide	2500
Weiden	2500
Weidfrau	2500
Weidmänner	2500
Weidmann	2500
Weidmannsheil	2500
Weidwerk	2500
Weierstraß	2500
Weigern	2500
Weih	2500
Weihe	2500
Weiher	2500
Weihnacht	2500
Weihnachts	2500
Weilchen	2500
Weiler	2500
Weimar	2500
Weimarer	2500
Wein	2500
Weinachten	2500
Weinessig	2500
Weinkelter	2500
Weinköniginnenwahl	2500
Weinlese	2500
Weinschänke	2500
Weinschenke	2500
Weintrester	2500
Weiß	2500
Weißbuch	2500
Weißensee	2500
Weißgerber	2500
Weißrussland	2500
Weißschimmelkäse	2500
Weise	2500
Weisen	2500
Weisheit	2500
Weisheitszähne	2500
Weisheitszahn	2500
Weissagen	2500
Weissager	2500
Weisungs	2500
Weitblick	2500
Weite	2500
Weitenausgabe	2500
Weitläufigkeit	2500
Weitschweifigkeit	2500
Weitsichtigkeit	2500
Weitspringer	2500
Weitsprünge	2500
Weitsprung	2500
Weizen	2500
Weizsäcker	2500
Well	2500
Welle	2500
Wellen	2500
Wellington	2500
Welpe	2500
Welt	2500
Weltcupabfahrt	2500
Weltenbummler	2500
Weltklassespieler	2500
Weltmeisterelf	2500
Weltumsegler	2500
Wembleystadion	2500
Wende	2500
Wendekreis	2500
Wendel	2500
Wenden	2500
Wendepunkt	2500
Wendigkeit	2500
Wenigkeit	2500
Werbe	2500
Werben	2500
Werber	2500
Werbetrommel	2500
Werbungskosten	2500
Werdegang	2500
Werder	2500
Werfer	2500
Werft	2500
Werftarbeiter	2500
Werk	2500
Werks	2500
Werkspionage	2500
Werkstätte	2500
Werkstatt	2500
Werksvertrag	2500
Wermut	2500
Wermutstropfen	2500
Werner	2500
Wertigkeit	2500
Werwölfe	2500
Werwolf	2500
Wesen	2500
Wesenheit	2500
Wesens	2500
Weser	2500
Wesermündung	2500
Wespe	2500
Wespen	2500
WestLB	2500
Westafrika	2500
Westalliierte	2500
Westalpen	2500
Westberliner	2500
Weste	2500
Westen	2500
Westentasche	2500
Westentaschenformat	2500
Western	2500
Westernsattel	2500
Westerwald	2500
Westerwelle	2500
Westeuropäer	2500
Westeuropa	2500
Westfälin	2500
Westfale	2500
Westfalen	2500
Westfrankenreich	2500
Westfrankreich	2500
Westgoten	2500
Westgotenreich	2500
Westindienhandel	2500
Westjordanland	2500
Westminster	2500
Westminsterabtei	2500
Westsibirien	2500
Wett	2500
Wettbewerb	2500
Wettbewerbs	2500
Wette	2500
Wetter	2500
Wetterfühligkeit	2500
Wetterstürze	2500
Wettervoraussage	2500
Wettrudern	2500
Wettsegeln	2500
Wetz	2500
Wetzstahl	2500
Wheatcraft	2500
Whirlpool	2500
Whisky	2500
Whistleblower	2500
Whitelist	2500
Whoopy	2500
Wichse	2500
Wichsen	2500
Wichserei	2500
Wichte	2500
Wichtel	2500
Wichtigkeit	2500
Wichtigtuer	2500
Wichtigtuerei	2500
Wicke	2500
Wickel	2500
Wickeln	2500
Wickler	2500
Widder	2500
Widerborstigkeit	2500
Widerhaken	2500
Widerhall	2500
Widerklage	2500
Widerlager	2500
Widerlegen	2500
Widerlichkeit	2500
Widerpart	2500
Widerrede	2500
Widerruf	2500
Widerrufsrecht	2500
Widersacher	2500
Widerschein	2500
Widersetzlichkeit	2500
Widersinn	2500
Widerspenstigkeit	2500
Widerspiegeln	2500
Widersprüche	2500
Widersprüchlichkeit	2500
Widerspruch	2500
Widerspruchs	2500
Widerstände	2500
Widerstands	2500
Widerstreit	2500
Widerwärtigkeit	2500
Widerwille	2500
Widerwort	2500
Widmen	2500
Widmungs	2500
Widrigkeit	2500
Wiedehopf	2500
Wiederaufarbeitungsanlage	2500
Wiedergabe	2500
Wiedergutmachen	2500
Wiedergutmachungsgesetz	2500
Wiederhaken	2500
Wiederhall	2500
Wiederherstellbarkeit	2500
Wiederhol	2500
Wiederholbarkeit	2500
Wiederholen	2500
Wiederholungs	2500
Wiederkäuer	2500
Wiederkehr	2500
Wiederkünfte	2500
Wiederkunft	2500
Wiederrede	2500
Wiederruf	2500
Wiederschein	2500
Wiedersehensfreude	2500
Wiedersinn	2500
Wiederspiegelung	2500
Wiedersprüche	2500
Wiederspruch	2500
Wiederstände	2500
Wiederstand	2500
Wiederstreit	2500
Wiederwille	2500
Wiegen	2500
Wieland	2500
Wien	2500
Wiener	2500
Wienerwald	2500
Wiesbaden	2500
Wiese	2500
Wiesel	2500
Wiesenblüte	2500
Wiesenländer	2500
Wiesenlands	2500
Wiesenpflanze	2500
Wiki	2500
Wikinger	2500
Wikingerschiff	2500
Wikipedia	2500
Wild	2500
Wildbret	2500
Wildbrett	2500
Wildcard	2500
Wilddieberei	2500
Wilderer	2500
Wildheit	2500
Wildling	2500
Wildnis	2500
Wildschweinfleisch	2500
Wildschweingulasch	2500
Wilhelm	2500
Wilhelmshaven	2500
Wille	2500
Willenlosigkeit	2500
Willens	2500
Willi	2500
William	2500
Willigkeit	2500
Willkommensinitiative	2500
Willkür	2500
Willkürakt	2500
Willkürlichkeit	2500
Willy	2500
Wilmersdorf	2500
Wim	2500
Wimbledon	2500
Wimpel	2500
Wimper	2500
Wimpernschlag	2500
Wimperntusche	2500
Winchester	2500
Wind	2500
Windel	2500
Winden	2500
Windeseile	2500
Windmühlenflügel	2500
Windows	2500
Windröschen	2500
Windsor	2500
Windungszahl	2500
Winfried	2500
Wink	2500
Winkel	2500
Winker	2500
Winksprüche	2500
Winkspruch	2500
Winkzeichen	2500
Winnetou	2500
Winter	2500
Wintershall	2500
Wintersport	2500
Winterthur	2500
Winzer	2500
Winzerfamilie	2500
Winzigkeit	2500
Winzling	2500
Wipfel	2500
Wirbel	2500
Wirbelstürme	2500
Wirken	2500
Wirker	2500
Wirklichkeit	2500
Wirksamkeit	2500
Wirksamwerden	2500
Wirkstoff	2500
Wirkungs	2500
Wirren	2500
Wirrköpfe	2500
Wirrkopf	2500
Wirrnis	2500
Wirrsal	2500
Wirrwarr	2500
Wirsing	2500
Wirsingkohl	2500
Wirt	2500
Wirtschaft	2500
Wirtschafter	2500
Wirtschaftler	2500
Wirtschaftlichkeit	2500
Wirtschafts	2500
Wirtschaftsgeografie	2500
Wirtschaftsgeographie	2500
Wirtshaus	2500
Wirtssprache	2500
Wirtsstube	2500
Wisch	2500
Wischeffekt	2500
Wischer	2500
Wischerei	2500
Wischlappen	2500
Wisent	2500
Wismar	2500
Wissbegierde	2500
Wissen	2500
Wissens	2500
Wissenschaft	2500
Wissenschaftler	2500
Wissenschafts	2500
Wissensdrang	2500
Wittenberg	2500
Wittenberger	2500
Wittern	2500
Witterungs	2500
Witwe	2500
Witwen	2500
Witwer	2500
Witz	2500
Witzblätter	2500
Witzblatt	2500
Witzbold	2500
Witzelei	2500
Witzigkeit	2500
Wizard	2500
Wladimir	2500
Wladiwostok	2500
Wöchnerin	2500
Wöchnerinnenabteilung	2500
Wöchnerinnenheim	2500
Wölben	2500
Wölfe	2500
Wörtchen	2500
Wochen	2500
Wodka	2500
Woge	2500
Wohlergehen	2500
Wohlfahrts	2500
Wohlhabenheit	2500
Wohlstandsgesellschaft	2500
Wohlstandsverteilung	2500
Wohltätigkeits	2500
Wohn	2500
Wohnen	2500
Wohnmobil	2500
Wohnungs	2500
Wohnungseigentümergemeinschaft	2500
Wolf	2500
Wolfgang	2500
Wolfram	2500
Wolframelektrode	2500
Wolfs	2500
Wolfsburg	2500
Wolfsburger	2500
Wolfshunger	2500
Wolga	2500
Wolke	2500
Wolken	2500
Wolkenkuckucksheim	2500
Wolkenkuckucksländer	2500
Wolkenkuckucksland	2500
Woll	2500
Wolle	2500
Wollens	2500
Wolllust	2500
Wollüste	2500
Wollüstling	2500
Wollust	2500
Wonne	2500
Wonnemond	2500
Word	2500
Workaholic	2500
Workshop	2500
Workstation	2500
Worms	2500
Wortfügungslehren	2500
Wortklauber	2500
Wortklauberei	2500
Wortschwall	2500
Wortschwatz	2500
Wortstreit	2500
Wotan	2500
Wrack	2500
Wrackgüter	2500
Wrackgut	2500
Wrangler	2500
Wrestling	2500
Wühl	2500
Wühlarbeit	2500
Wühler	2500
Wülste	2500
Wünsche	2500
Wünschelrute	2500
Wünschelrutengänger	2500
Würdenträger	2500
Würdigen	2500
Würdigkeit	2500
Würdigungspreis	2500
Würfe	2500
Würfel	2500
Würge	2500
Würgengel	2500
Würger	2500
Würmchen	2500
Würmer	2500
Würstchen	2500
Würste	2500
Württemberg	2500
Württemberger	2500
Würzburg	2500
Würzburger	2500
Wüste	2500
Wüsten	2500
Wüstenei	2500
Wüstenrot	2500
Wüstling	2500
Wucher	2500
Wucherer	2500
Wuchern	2500
Wuchs	2500
Wucht	2500
Wuchtbewegung	2500
Wulst	2500
Wund	2500
Wunde	2500
Wunder	2500
Wunderlichkeit	2500
Wundfieber	2500
Wundmal	2500
Wundstarrkrämpfe	2500
Wundstarrkrampf	2500
Wunsch	2500
Wuppertal	2500
Wuppertaler	2500
Wurf	2500
Wurm	2500
Wurst	2500
Wurstelei	2500
Wurzel	2500
Wust	2500
Wut	2500
XI	2500
XII	2500
XIII	2500
XIV	2500
XML	2500
XP	2500
Xanten	2500
Xanthippe	2500
Xenix	2500
Xenophobie	2500
Xerox	2500
Xerxes	2500
Xoff	2500
Xon	2500
Xylofon	2500
Xylograph	2500
Xylophon	2500
Yacht	2500
Yahoo	2500
Yang	2500
Yangtse	2500
Yen	2500
Yeti	2500
Yin	2500
Yoga	2500
Yokohama	2500
York	2500
Yorker	2500
Yorkshireterrier	2500
Yosemite	2500
YouTube	2500
Ytterbium	2500
Yttrium	2500
Yuppie	2500
Yvonne	2500
ZDF	2500
ZK	2500
Zähflüssigkeit	2500
Zähheit	2500
Zähigkeit	2500
Zähl	2500
Zählen	2500
Zähler	2500
Zähmen	2500
Zähne	2500
Zähneklappern	2500
Zäpfchen	2500
Zärtlichkeit	2500
Zäsur	2500
Zäune	2500
Zacken	2500
Zackenbarsch	2500
Zackenfunktion	2500
Zagreb	2500
Zagreber	2500
Zahl	2500
Zahlen	2500
Zahlenlotto	2500
Zahler	2500
Zahltag	2500
Zahlungs	2500
Zahlungsaufschub	2500
Zahn	2500
Zahnprothesenträger	2500
Zahnstocher	2500
Zahnstocherbeine	2500
Zaire	2500
Zander	2500
Zange	2500
Zank	2500
Zankäpfel	2500
Zankapfel	2500
Zapatisten	2500
Zapf	2500
Zapfen	2500
Zapfenstreich	2500
Zappelphilipp	2500
Zar	2500
Zarathustra	2500
Zarenreich	2500
Zarenzeit	2500
Zarewitsch	2500
Zartbitterschokolade	2500
Zartheit	2500
Zaster	2500
Zauber	2500
Zauberei	2500
Zauberer	2500
Zauderer	2500
Zaum	2500
Zaumzeug	2500
Zaun	2500
Zaunzeug	2500
Zebra	2500
Zebrastreifen	2500
Zeche	2500
Zechenstilllegung	2500
Zechgelage	2500
Zecke	2500
Zeh	2500
Zehenspitze	2500
Zehlendorf	2500
Zehner	2500
Zehnerpaar	2500
Zehnerpotenz	2500
Zehnerwette	2500
Zehntel	2500
Zehntelsekunde	2500
Zehntklässler	2500
Zeichen	2500
Zeichenbuffer	2500
Zeichnen	2500
Zeichner	2500
Zeichnungs	2500
Zeige	2500
Zeiger	2500
Zeile	2500
Zeilen	2500
Zeilenbuffer	2500
Zeilenentprellung	2500
Zeitlang	2500
Zeitlupenaufnahme	2500
Zeitnormal	2500
Zeitraffer	2500
Zeitrafferaufnahme	2500
Zeitschriftenhändler	2500
Zeitschriftenhandel	2500
Zeitschriftenverlag	2500
Zeitungs	2500
Zeitvertreib	2500
Zell	2500
Zelle	2500
Zellen	2500
Zellophan	2500
Zellophanhülle	2500
Zellulitis	2500
Zelluloid	2500
Zellulose	2500
Zelt	2500
Zement	2500
Zementieren	2500
Zenit	2500
Zensor	2500
Zensur	2500
Zensus	2500
Zentigramm	2500
Zentimeterbereich	2500
Zentner	2500
Zentral	2500
Zentrale	2500
Zentralenankopplung	2500
Zentralisation	2500
Zentralisieren	2500
Zentralismus	2500
Zentren	2500
Zentrifugal	2500
Zentrifuge	2500
Zentrigramm	2500
Zentriwinkel	2500
Zentrum	2500
Zentrums	2500
Zeolith	2500
Zeppelin	2500
Zepter	2500
Zerealien	2500
Zeremonie	2500
Zeremoniell	2500
Zeremonienmeister	2500
Zerfall	2500
Zerfalls	2500
Zerfasern	2500
Zerfetzen	2500
Zerfleischen	2500
Zergfell	2500
Zerlegen	2500
Zermürben	2500
Zermürbungs	2500
Zerrbild	2500
Zerreißen	2500
Zerreißfestigkeit	2500
Zerreißprobe	2500
Zerren	2500
Zerrissenheit	2500
Zerrspiegel	2500
Zerrütten	2500
Zerschlagen	2500
Zerschmettern	2500
Zerschneiden	2500
Zersetzen	2500
Zersetzungs	2500
Zersiedeln	2500
Zerspalten	2500
Zersplittern	2500
Zerstäuber	2500
Zerstören	2500
Zerstörer	2500
Zerstörungs	2500
Zerstreuen	2500
Zerstreutheit	2500
Zerstückeln	2500
Zerteilen	2500
Zertifikat	2500
Zertifikats	2500
Zertifizieren	2500
Zertifizierungspflicht	2500
Zertifizierungsstelle	2500
Zertreten	2500
Zertrümmern	2500
Zervelatwürste	2500
Zerwürfnis	2500
Zession	2500
Zessionar	2500
Zeter	2500
Zetergeschrei	2500
Zettel	2500
Zeug	2500
Zeugen	2500
Zeugeneid	2500
Zeuger	2500
Zeugnis	2500
Zeugnisverweigerungsrecht	2500
Zeugungs	2500
Zeus	2500
Zichorie	2500
Zicke	2500
Zickenkrieg	2500
Zicklein	2500
Zickzack	2500
Ziege	2500
Ziegel	2500
Ziegelei	2500
Ziegen	2500
Ziegenhirt	2500
Ziegenpeter	2500
Ziehbänke	2500
Ziehbrunnen	2500
Ziehen	2500
Zieher	2500
Ziehharmonika	2500
Ziehharmonikasocke	2500
Ziehkind	2500
Ziehklinge	2500
Ziehsöhne	2500
Ziehsohn	2500
Ziehtöchter	2500
Ziehtochter	2500
Ziehvater	2500
Ziel	2500
Zielstrebigkeit	2500
Zielvorgabe	2500
Ziemer	2500
Zier	2500
Zierde	2500
Ziererei	2500
Zierlichkeit	2500
Zierrat	2500
Zierspaltung	2500
Ziffer	2500
Zifferblätter	2500
Zifferblatt	2500
Ziffern	2500
Zigarette	2500
Zigaretten	2500
Zigarettenetui	2500
Zigarillo	2500
Zigarillolänge	2500
Zigarre	2500
Zigarren	2500
Zigeuner	2500
Zikade	2500
Zille	2500
Zimbabwe	2500
Zimbel	2500
Zimmer	2500
Zimmerer	2500
Zimmerflucht	2500
Zimmerlautstärke	2500
Zimmermann	2500
Zimperlichkeit	2500
Zimt	2500
Zink	2500
Zinken	2500
Zinn	2500
Zinnober	2500
Zins	2500
Zinsesverzinsung	2500
Zinseszins	2500
Zinspanne	2500
Zinsverteurung	2500
Zion	2500
Zionismus	2500
Zionist	2500
Zionistenkongress	2500
Zionistenverband	2500
Zipfel	2500
Zipfelmütze	2500
Zirkel	2500
Zirkelschluss	2500
Zirkonium	2500
Zirkular	2500
Zirkulation	2500
Zirkumflex	2500
Zirkumposition	2500
Zirkus	2500
Zischlaut	2500
Ziselierarbeit	2500
Zisterne	2500
Zisterzienser	2500
Zitadelle	2500
Zitat	2500
Zitatesammlung	2500
Zither	2500
Zitieren	2500
Zitrat	2500
Zitronat	2500
Zitrone	2500
Zitronen	2500
Zitrusfrüchte	2500
Zitrusfrucht	2500
Zitteraal	2500
Zittern	2500
Zitterpappel	2500
Zitterpartie	2500
Zitze	2500
Zivil	2500
Zivilisation	2500
Zivilisationskrankheit	2500
Zivilist	2500
Zögern	2500
Zögling	2500
Zölibat	2500
Zölle	2500
Zöllner	2500
Zöpfe	2500
Zobel	2500
Zobelfell	2500
Zobelpelz	2500
Zofe	2500
Zoff	2500
Zoll	2500
Zollplombe	2500
Zombie	2500
Zone	2500
Zonen	2500
Zoo	2500
Zoologe	2500
Zoologie	2500
Zopf	2500
Zorn	2500
Zorro	2500
Zote	2500
Zotenreißer	2500
Züchten	2500
Züchter	2500
Züchtigen	2500
Züchtigkeit	2500
Zügel	2500
Zügellosigkeit	2500
Zügeln	2500
Zügigkeit	2500
Zünd	2500
Zünden	2500
Zünder	2500
Zündungsmechanismus	2500
Zünfte	2500
Zünglein	2500
Zürich	2500
Zubehör	2500
Zubehörteil	2500
Zuber	2500
Zubereiten	2500
Zubereitungs	2500
Zubettgehen	2500
Zubringer	2500
Zubrot	2500
Zubuße	2500
Zucchini	2500
Zucht	2500
Zuchtlosigkeit	2500
Zuchtstier	2500
Zucken	2500
Zucker	2500
Zudrang	2500
Zudringlichkeit	2500
Zueignung	2500
Zuerkennen	2500
Zufälligkeit	2500
Zufahrt	2500
Zufahrtsstraße	2500
Zufahrtswege	2500
Zufall	2500
Zufalls	2500
Zuflucht	2500
Zufluchtsort	2500
Zufluss	2500
Zufriedenheit	2500
Zufriedenstellen	2500
Zuführen	2500
Zuführungsdrähte	2500
Zuführungsdraht	2500
Zufuhr	2500
Zug	2500
Zugänge	2500
Zugänglichkeit	2500
Zugabe	2500
Zugabeverbot	2500
Zugangs	2500
Zugangserschwerungsgesetz	2500
Zugehörigkeit	2500
Zugeständnis	2500
Zugewandtheit	2500
Zugewinn	2500
Zuggriff	2500
Zugriff	2500
Zugriffs	2500
Zuhälter	2500
Zuhälterei	2500
Zuhause	2500
Zuhilfenahme	2500
Zuhörer	2500
Zuhörerschaft	2500
Zukauf	2500
Zukaufteil	2500
Zukunft	2500
Zukunfts	2500
Zulänglichkeit	2500
Zulässigkeit	2500
Zulässigkeitsgrenze	2500
Zulässigkeitskontrolle	2500
Zulage	2500
Zulassen	2500
Zulassfähigkeit	2500
Zulassprobleme	2500
Zulassungs	2500
Zulassunterlagen	2500
Zulauf	2500
Zuleiten	2500
Zuleitungs	2500
Zuliefer	2500
Zulieferer	2500
Zuliefern	2500
Zumuten	2500
Zunahme	2500
Zuname	2500
Zunamen	2500
Zunder	2500
Zuneigen	2500
Zunft	2500
Zunfthaus	2500
Zunftwesen	2500
Zunge	2500
Zungen	2500
Zuordnen	2500
Zuordnungs	2500
Zupf	2500
Zurechnen	2500
Zurechnungsfähigkeit	2500
Zurechtweisen	2500
Zurschaustellung	2500
Zurückbehalten	2500
Zurückfordern	2500
Zurückführen	2500
Zurückgabe	2500
Zurückgezogenheit	2500
Zurückhalten	2500
Zurücknahme	2500
Zurücksetzen	2500
Zurückstellen	2500
Zurückweisen	2500
Zurückzahlen	2500
Zurückziehen	2500
Zurüstung	2500
Zuruf	2500
Zurverfügungstellen	2500
Zusätze	2500
Zusage	2500
Zusammengehörigkeit	2500
Zusammengehörigkeitsgefühl	2500
Zusammenkünfte	2500
Zusammenkunft	2500
Zusammenprall	2500
Zusammenrotten	2500
Zusatz	2500
Zusatzterm	2500
Zuschauer	2500
Zuschlag	2500
Zuschlags	2500
Zuschneider	2500
Zuschnitt	2500
Zuschrift	2500
Zuschuss	2500
Zuschussbetrieb	2500
Zuse	2500
Zusenden	2500
Zusichern	2500
Zuspätkommen	2500
Zuspitzen	2500
Zusprüche	2500
Zuspruch	2500
Zustände	2500
Zuständigkeit	2500
Zuständigkeitsbereich	2500
Zustand	2500
Zustandekommen	2500
Zustands	2500
Zustandsbit	2500
Zustandsnr.	2500
Zustandsprozessor	2500
Zustell	2500
Zustellen	2500
Zusteller	2500
Zustellungs	2500
Zustimmen	2500
Zustrom	2500
Zutat	2500
Zuteilen	2500
Zuträger	2500
Zuträgerei	2500
Zuträglichkeit	2500
Zutraulichkeit	2500
Zutritt	2500
Zutritts	2500
Zutun	2500
Zuverlässigkeit	2500
Zuverlässigkeitsgrad	2500
Zuverlässigkeitsprüfung	2500
Zuversicht	2500
Zuversichtlichkeit	2500
Zuversichtsindikator	2500
Zuwächse	2500
Zuwachs	2500
Zuwachsrate	2500
Zuwanderer	2500
Zuwandern	2500
Zuwanderungs	2500
Zuweisen	2500
Zuweisungs	2500
Zuwenden	2500
Zuwenig	2500
Zuwiderhandeln	2500
Zuwiderhandlung	2500
Zuzahlen	2500
Zuzug	2500
Zuzugsgenehmigung	2500
Zwang	2500
Zwanglosigkeit	2500
Zwangs	2500
Zwanzigerjahre	2500
Zweck	2500
Zweibeiner	2500
Zweidecker	2500
Zweideutigkeit	2500
Zweidrittelmehrheit	2500
Zweier	2500
Zweierbob	2500
Zweifel	2500
Zweifelsfall	2500
Zweifelsfrage	2500
Zweifler	2500
Zweig	2500
Zweigeschlechtlichkeit	2500
Zweiglein	2500
Zweigstelle	2500
Zweihufer	2500
Zweimaster	2500
Zweisitzer	2500
Zweisprachigkeit	2500
Zweit	2500
Zweitakter	2500
Zweitklässler	2500
Zweitligist	2500
Zweiunddreißigstelnote	2500
Zweizeiler	2500
Zwerchfell	2500
Zwerg	2500
Zwergfell	2500
Zwetschge	2500
Zwickau	2500
Zwickauer	2500
Zwickel	2500
Zwicker	2500
Zwickmühle	2500
Zwickzange	2500
Zwieback	2500
Zwiebel	2500
Zwiebelschale	2500
Zwiegespräch	2500
Zwielaut	2500
Zwielicht	2500
Zwielichtzone	2500
Zwiespälte	2500
Zwiespalt	2500
Zwietracht	2500
Zwilling	2500
Zwillings	2500
Zwinger	2500
Zwingherren	2500
Zwingli	2500
Zwinkern	2500
Zwirn	2500
Zwirnerei	2500
Zwist	2500
Zwistigkeit	2500
Zwitter	2500
Zwölf	2500
Zwölfeck	2500
Zwölftklässler	2500
Zyanid	2500
Zyankali	2500
Zyklen	2500
Zyklenzahl	2500
Zykloide	2500
Zyklon	2500
Zyklop	2500
Zyklotron	2500
Zyklus	2500
Zykluskette	2500
Zykluszeit	2500
Zylinder	2500
Zyniker	2500
Zynismus	2500
Zypern	2500
Zypresse	2500
Zyste	2500
ächzen	2500
äffen	2500
ägäisch	2500
ägyptisch	2500
ähneln	2500
ähnlich	2500
älter	2500
ältest	2500
ältlich	2500
ängstlich	2500
äquatornah	2500
äquidistant	2500
äquifunktional	2500
äquivalent	2500
ärgerlich	2500
ärgerlicherweise	2500
ärgern	2500
ärgste	2500
ärmer	2500
ärmlich	2500
ärmste	2500
ärztlich	2500
äße	2500
äsen	2500
ästhetisch	2500
ätherisch	2500
äthiopisch	2500
ätsch	2500
äugen	2500
äußere	2500
äußerlich	2500
äußerst	2500
äxteschwingend	2500
aalen	2500
aalglatt	2500
abänderlich	2500
abartig	2500
abband	2500
abbat	2500
abbauen	2500
abbeißen	2500
abbekommen	2500
abbetteln	2500
abbezahlen	2500
abbilden	2500
abbinden	2500
abbiss	2500
abbitten	2500
abblättern	2500
abblasen	2500
abblenden	2500
abblitzen	2500
abblocken	2500
abbog	2500
abbrach	2500
abbrachte	2500
abbrannte	2500
abbrausen	2500
abbrechen	2500
abbrennen	2500
abbricht	2500
abbringen	2500
abbröckeln	2500
abbruchreif	2500
abbügeln	2500
abbürsten	2500
abdampfen	2500
abdienen	2500
abdrehen	2500
abdriften	2500
abdrücken	2500
abdrucken	2500
abdüsen	2500
abduschen	2500
abebben	2500
abelsch	2500
abendfüllend	2500
abendländisch	2500
abendlich	2500
abends	2500
abenteuerlich	2500
abenteuerreich	2500
abergläubisch	2500
aberhundert	2500
aberkannt	2500
abermalig	2500
abermals	2500
abernten	2500
abertausend	2500
aberwitzig	2500
abessen	2500
abessinisch	2500
abfährt	2500
abfällig	2500
abfällt	2500
abfängt	2500
abfärben	2500
abfackeln	2500
abfahren	2500
abfallen	2500
abfangen	2500
abfaulen	2500
abfedern	2500
abfeiern	2500
abfeilen	2500
abfeuern	2500
abfing	2500
abfischen	2500
abflauen	2500
abfliegen	2500
abfließen	2500
abflog	2500
abfloss	2500
abfordern	2500
abfotografieren	2500
abfräsen	2500
abfragen	2500
abfraß	2500
abfressen	2500
abfrisst	2500
abfüttern	2500
abgab	2500
abgeändert	2500
abgearbeitet	2500
abgebaut	2500
abgeben	2500
abgebettelt	2500
abgebildet	2500
abgebissen	2500
abgeblättert	2500
abgeblasen	2500
abgeblendet	2500
abgeblitzt	2500
abgeblockt	2500
abgebogen	2500
abgebracht	2500
abgebrannt	2500
abgebraust	2500
abgebremst	2500
abgebröckelt	2500
abgebrochen	2500
abgebrüht	2500
abgebügelt	2500
abgebürstet	2500
abgebucht	2500
abgebunden	2500
abgedankt	2500
abgedeckt	2500
abgedichtet	2500
abgedient	2500
abgedrängt	2500
abgedreht	2500
abgedriftet	2500
abgedroschen	2500
abgedrosselt	2500
abgedrückt	2500
abgedruckt	2500
abgedunkelt	2500
abgeduscht	2500
abgeerntet	2500
abgefärbt	2500
abgefahren	2500
abgefallen	2500
abgefangen	2500
abgefasst	2500
abgefault	2500
abgefeilt	2500
abgefeimt	2500
abgefertigt	2500
abgefeuert	2500
abgefischt	2500
abgeflacht	2500
abgeflaut	2500
abgeflogen	2500
abgeflossen	2500
abgefordert	2500
abgefragt	2500
abgefressen	2500
abgeführt	2500
abgefüllt	2500
abgefüttert	2500
abgefunden	2500
abgegangen	2500
abgegeben	2500
abgeglichen	2500
abgeglitten	2500
abgegolten	2500
abgegossen	2500
abgegraben	2500
abgegrast	2500
abgegrenzt	2500
abgegriffen	2500
abgeguckt	2500
abgehängt	2500
abgehärmt	2500
abgehärtet	2500
abgehackt	2500
abgehakt	2500
abgehalftert	2500
abgehalten	2500
abgehandelt	2500
abgehangen	2500
abgehauen	2500
abgehebelt	2500
abgeheftet	2500
abgeheilt	2500
abgehen	2500
abgehetzt	2500
abgehört	2500
abgehobelt	2500
abgehoben	2500
abgeholfen	2500
abgeholt	2500
abgeholzt	2500
abgehorcht	2500
abgejagt	2500
abgekämpft	2500
abgekantet	2500
abgekanzelt	2500
abgekapselt	2500
abgekartet	2500
abgekauft	2500
abgekehrt	2500
abgeklärt	2500
abgeklappert	2500
abgeklemmt	2500
abgeklopft	2500
abgeklungen	2500
abgeknabbert	2500
abgeknallt	2500
abgeknickt	2500
abgekniffen	2500
abgeknöpft	2500
abgeknutscht	2500
abgekocht	2500
abgekommen	2500
abgekoppelt	2500
abgekratzt	2500
abgekriegt	2500
abgekühlt	2500
abgekürzt	2500
abgeküsst	2500
abgekupfert	2500
abgeladen	2500
abgelagert	2500
abgelassen	2500
abgelaufen	2500
abgeleckt	2500
abgelegen	2500
abgelegt	2500
abgelehnt	2500
abgeleistet	2500
abgeleitet	2500
abgelenkt	2500
abgelesen	2500
abgeleugnet	2500
abgeliefert	2500
abgelöscht	2500
abgelöst	2500
abgemäht	2500
abgemacht	2500
abgemagert	2500
abgemahnt	2500
abgemeldet	2500
abgemessen	2500
abgemildert	2500
abgemischt	2500
abgemolken	2500
abgemüht	2500
abgemustert	2500
abgenabelt	2500
abgenagt	2500
abgeneigt	2500
abgenibbelt	2500
abgenickt	2500
abgenötigt	2500
abgenommen	2500
abgenützt	2500
abgenutzt	2500
abgeordnet	2500
abgepackt	2500
abgepasst	2500
abgeperlt	2500
abgepfiffen	2500
abgepflückt	2500
abgeplagt	2500
abgeprallt	2500
abgepresst	2500
abgepumpt	2500
abgeputzt	2500
abgequält	2500
abgequetscht	2500
abgeräumt	2500
abgerackert	2500
abgeraten	2500
abgerechnet	2500
abgereist	2500
abgerichtet	2500
abgerieben	2500
abgeriegelt	2500
abgerissen	2500
abgerollt	2500
abgerückt	2500
abgerüstet	2500
abgerufen	2500
abgerundet	2500
abgerungen	2500
abgerutscht	2500
abgesägt	2500
abgesackt	2500
abgesagt	2500
abgesahnt	2500
abgesandt	2500
abgesaugt	2500
abgescannt	2500
abgeschält	2500
abgeschätzt	2500
abgeschabt	2500
abgeschafft	2500
abgeschaltet	2500
abgeschickt	2500
abgeschieden	2500
abgeschirmt	2500
abgeschlachtet	2500
abgeschlafft	2500
abgeschlagen	2500
abgeschleckt	2500
abgeschleppt	2500
abgeschliffen	2500
abgeschmackt	2500
abgeschmeckt	2500
abgeschmettert	2500
abgeschmiert	2500
abgeschminkt	2500
abgeschmolzen	2500
abgeschnitten	2500
abgeschnürt	2500
abgeschöpft	2500
abgeschoben	2500
abgeschoren	2500
abgeschossen	2500
abgeschottet	2500
abgeschrägt	2500
abgeschraubt	2500
abgeschreckt	2500
abgeschrieben	2500
abgeschritten	2500
abgeschürft	2500
abgeschüttelt	2500
abgeschuftet	2500
abgeschwächt	2500
abgeschwätzt	2500
abgeschweift	2500
abgeschwenkt	2500
abgeschworen	2500
abgesegelt	2500
abgesegnet	2500
abgesehen	2500
abgeseift	2500
abgeseilt	2500
abgesendet	2500
abgesenkt	2500
abgesessen	2500
abgesetzt	2500
abgesichert	2500
abgesondert	2500
abgesonderter	2500
abgesondertste	2500
abgespalten	2500
abgespannt	2500
abgespart	2500
abgespeckt	2500
abgespeichert	2500
abgespeist	2500
abgesperrt	2500
abgespiegelt	2500
abgespielt	2500
abgesplittert	2500
abgespreizt	2500
abgespritzt	2500
abgesprochen	2500
abgesprungen	2500
abgespült	2500
abgestammt	2500
abgestanden	2500
abgestattet	2500
abgestaubt	2500
abgesteckt	2500
abgestellt	2500
abgestempelt	2500
abgesteppt	2500
abgestiegen	2500
abgestimmt	2500
abgestochen	2500
abgestoppt	2500
abgestorben	2500
abgestoßen	2500
abgestottert	2500
abgestraft	2500
abgestrahlt	2500
abgestreift	2500
abgestrichen	2500
abgestritten	2500
abgestürzt	2500
abgestützt	2500
abgestuft	2500
abgestumpft	2500
abgesucht	2500
abgesunken	2500
abgetakelt	2500
abgetan	2500
abgetastet	2500
abgetaucht	2500
abgeteilt	2500
abgetippt	2500
abgetötet	2500
abgetragen	2500
abgetrennt	2500
abgetreten	2500
abgetrieben	2500
abgetrocknet	2500
abgetropft	2500
abgetrotzt	2500
abgetupft	2500
abgeurteilt	2500
abgewählt	2500
abgewälzt	2500
abgewandelt	2500
abgewandert	2500
abgewandt	2500
abgewartet	2500
abgewaschen	2500
abgewechselt	2500
abgewehrt	2500
abgewendet	2500
abgewertet	2500
abgewetzt	2500
abgewichen	2500
abgewickelt	2500
abgewiesen	2500
abgewinkt	2500
abgewinnen	2500
abgewirtschaftet	2500
abgewischt	2500
abgewöhnen	2500
abgewöhnt	2500
abgewogen	2500
abgewonnen	2500
abgeworben	2500
abgeworfen	2500
abgewürgt	2500
abgewunken	2500
abgezählt	2500
abgezäunt	2500
abgezahlt	2500
abgezapft	2500
abgezehrt	2500
abgezeichnet	2500
abgezielt	2500
abgezinst	2500
abgezogen	2500
abgezweigt	2500
abgezwickt	2500
abgezwungen	2500
abgibt	2500
abgießen	2500
abging	2500
abgleichen	2500
abgleiten	2500
abglich	2500
abgraben	2500
abgrasen	2500
abgreifen	2500
abgrundtief	2500
abgucken	2500
abhältst	2500
abhängen	2500
abhängig	2500
abhaben	2500
abhacken	2500
abhaken	2500
abhalten	2500
abhanden	2500
abhat	2500
abhauen	2500
abheften	2500
abheilen	2500
abhelfen	2500
abhetzen	2500
abhielt	2500
abhilft	2500
abhing	2500
abhörsicher	2500
abhob	2500
abhobeln	2500
abhold	2500
abhorchen	2500
abhungern	2500
abhusten	2500
abjagen	2500
abkacken	2500
abkam	2500
abkanten	2500
abkanzeln	2500
abkassieren	2500
abkaufen	2500
abkehren	2500
abklang	2500
abklappen	2500
abklappern	2500
abkleben	2500
abklemmen	2500
abklingen	2500
abklopfen	2500
abknabbern	2500
abknallen	2500
abknappen	2500
abkneifen	2500
abknicken	2500
abknöpfen	2500
abknutschen	2500
abkömmlich	2500
abkochen	2500
abkommandieren	2500
abkommenswidrig	2500
abkratzen	2500
abkriegen	2500
abkündigen	2500
abküssen	2500
abkupfern	2500
ablädt	2500
ablässt	2500
abläuft	2500
ablag	2500
ablassen	2500
ablaufen	2500
ablauffähig	2500
ablecken	2500
ableugnen	2500
abliegen	2500
abliest	2500
ablöschen	2500
ablöten	2500
ablutschen	2500
abmähen	2500
abmalen	2500
abmarschieren	2500
abmaß	2500
abmindern	2500
abmontieren	2500
abmühen	2500
abmustern	2500
abnabeln	2500
abnagen	2500
abnahm	2500
abnahmefähig	2500
abnehmen	2500
abnibbeln	2500
abnicken	2500
abnimmt	2500
abnötigen	2500
abnorm	2500
abnormal	2500
abonnieren	2500
abpacken	2500
abpassen	2500
abpatrouillieren	2500
abperlen	2500
abpfeifen	2500
abpfiff	2500
abpflücken	2500
abphotographieren	2500
abplagen	2500
abprallen	2500
abpressen	2500
abpumpen	2500
abputzen	2500
abquälen	2500
abquetschen	2500
abräumen	2500
abrackern	2500
abraten	2500
abreagieren	2500
abrechenbar	2500
abregen	2500
abreißen	2500
abreisen	2500
abriebfest	2500
abriet	2500
abringen	2500
abrollen	2500
abrufbereit	2500
abrufen	2500
abrupt	2500
abrutschen	2500
absägen	2500
absacken	2500
absagen	2500
absah	2500
absahnen	2500
absank	2500
absaß	2500
absatzfähig	2500
absatzfördernd	2500
absatzorientiert	2500
absaugen	2500
abschälen	2500
abschätzig	2500
abschaben	2500
abscheren	2500
abscheulich	2500
abschicken	2500
abschießen	2500
abschlägig	2500
abschlägt	2500
abschlagen	2500
abschleifen	2500
abschleppen	2500
abschließen	2500
abschloss	2500
abschlusssicher	2500
abschmecken	2500
abschmelzen	2500
abschmettern	2500
abschmieren	2500
abschminken	2500
abschmirgeln	2500
abschnallen	2500
abschnittsweise	2500
abschob	2500
abschor	2500
abschoss	2500
abschrägen	2500
abschrauben	2500
abschreiten	2500
abschüssig	2500
abschütteln	2500
abschuften	2500
abschwätzen	2500
abschwenken	2500
abschwören	2500
absegeln	2500
absehen	2500
abseifen	2500
abseilen	2500
abseitig	2500
absetzbar	2500
absichtlich	2500
absichtsvoll	2500
absieht	2500
absingen	2500
absitzen	2500
absolutistisch	2500
absonderlich	2500
absorbieren	2500
abspannen	2500
abspecken	2500
abspeisen	2500
abspenstig	2500
abspiegeln	2500
abspielen	2500
absplittern	2500
absprach	2500
absprang	2500
absprechen	2500
abspreizen	2500
absprengen	2500
abspricht	2500
abspringen	2500
abspritzen	2500
abspülen	2500
abstatten	2500
abstauben	2500
abstechen	2500
abstecken	2500
abstehen	2500
absteigen	2500
abstempeln	2500
absteppen	2500
absterben	2500
absticht	2500
abstiegsgefährdet	2500
abstiegsreif	2500
abstillen	2500
abstimmungsberechtigt	2500
abstinent	2500
abstirbt	2500
abstößt	2500
abstoppen	2500
abstoßen	2500
abstoßend	2500
abstrafen	2500
abstrahieren	2500
abstrakt	2500
abstreichen	2500
abstreifen	2500
abstreiten	2500
abstritt	2500
abstrus	2500
abstürzen	2500
abstumpfen	2500
absuchen	2500
absurd	2500
absurdum	2500
abtat	2500
abteilen	2500
abteufen	2500
abtippen	2500
abträglich	2500
abtransportieren	2500
abtrat	2500
abtrocknen	2500
abtropfen	2500
abtrotzen	2500
abtrünnig	2500
abtrug	2500
abtuend	2500
abtun	2500
abtupfen	2500
abverdienen	2500
abverkaufen	2500
abverlangen	2500
abwählen	2500
abwärtskompatibel	2500
abwandte	2500
abwarf	2500
abwarten	2500
abwaschen	2500
abwechslungsreich	2500
abwechslungsweise	2500
abwegig	2500
abwehren	2500
abwerfen	2500
abwesend	2500
abwich	2500
abwiegen	2500
abwinken	2500
abwirbt	2500
abwirft	2500
abwirtschaften	2500
abwischen	2500
abwog	2500
abwracken	2500
abwürgen	2500
abzählen	2500
abzäunen	2500
abzapfen	2500
abzeichnen	2500
abzgl.	2500
abziehen	2500
abzielen	2500
abzöge	2500
abzog	2500
abzüglich	2500
abzuändern	2500
abzuarbeiten	2500
abzubauen	2500
abzubekommen	2500
abzubestellen	2500
abzubilden	2500
abzublasen	2500
abzublocken	2500
abzubrechen	2500
abzubremsen	2500
abzubringen	2500
abzubuchen	2500
abzudanken	2500
abzudecken	2500
abzudichten	2500
abzudrängen	2500
abzudrehen	2500
abzudrücken	2500
abzudrucken	2500
abzuerkennen	2500
abzufangen	2500
abzufedern	2500
abzufeiern	2500
abzufeuern	2500
abzufinden	2500
abzufragen	2500
abzufressen	2500
abzuführen	2500
abzugeben	2500
abzugehen	2500
abzugewinnen	2500
abzugleichen	2500
abzugrasen	2500
abzugreifen	2500
abzugrenzen	2500
abzugsfähig	2500
abzuhängen	2500
abzuhalten	2500
abzuhandeln	2500
abzuhauen	2500
abzuheben	2500
abzuheften	2500
abzuhelfen	2500
abzuhören	2500
abzuholen	2500
abzujagen	2500
abzukassieren	2500
abzuklären	2500
abzuklingen	2500
abzuklopfen	2500
abzuknabbern	2500
abzukochen	2500
abzukommen	2500
abzukoppeln	2500
abzukühlen	2500
abzukürzen	2500
abzulassen	2500
abzulaufen	2500
abzulegen	2500
abzulehnen	2500
abzuleisten	2500
abzuleiten	2500
abzulenken	2500
abzulesen	2500
abzuliefern	2500
abzulösen	2500
abzumelden	2500
abzumildern	2500
abzumühen	2500
abzunehmen	2500
abzupassen	2500
abzupfen	2500
abzupflücken	2500
abzuräumen	2500
abzuraten	2500
abzureagieren	2500
abzurechnen	2500
abzureisen	2500
abzuriegeln	2500
abzuringen	2500
abzurücken	2500
abzurufen	2500
abzurunden	2500
abzurutschen	2500
abzusagen	2500
abzusahnen	2500
abzuschätzen	2500
abzuschaffen	2500
abzuschalten	2500
abzuscheiden	2500
abzuschicken	2500
abzuschieben	2500
abzuschießen	2500
abzuschlagen	2500
abzuschleifen	2500
abzuschließen	2500
abzuschneiden	2500
abzuschotten	2500
abzuschrecken	2500
abzuschreiben	2500
abzuschütteln	2500
abzuschwächen	2500
abzuschwenken	2500
abzusehen	2500
abzusenden	2500
abzusenken	2500
abzuservieren	2500
abzusetzen	2500
abzusichern	2500
abzusinken	2500
abzusitzen	2500
abzusondern	2500
abzuspeichern	2500
abzuspeisen	2500
abzusperren	2500
abzuspielen	2500
abzusprechen	2500
abzuspulen	2500
abzustatten	2500
abzustecken	2500
abzustehen	2500
abzusteigen	2500
abzustellen	2500
abzustempeln	2500
abzustimmen	2500
abzustoßen	2500
abzustrahlen	2500
abzustreifen	2500
abzustürzen	2500
abzustumpfen	2500
abzusuchen	2500
abzutasten	2500
abzutöten	2500
abzutransportieren	2500
abzutreiben	2500
abzutrennen	2500
abzutreten	2500
abzutrocknen	2500
abzutrotzen	2500
abzutun	2500
abzuverlangen	2500
abzuwägen	2500
abzuwählen	2500
abzuwälzen	2500
abzuwandeln	2500
abzuwarten	2500
abzuwechseln	2500
abzuwehren	2500
abzuweichen	2500
abzuweisen	2500
abzuwenden	2500
abzuwerben	2500
abzuwerfen	2500
abzuwickeln	2500
abzuwiegen	2500
abzuwirtschaften	2500
abzuwürgen	2500
abzuzahlen	2500
abzuzeichnen	2500
abzuziehen	2500
abzuzocken	2500
abzuzweigen	2500
abzwicken	2500
achselzuckend	2500
achsig	2500
achteckig	2500
achteinhalb	2500
achteinhalbfach	2500
achtel	2500
achteln	2500
achtenswert	2500
achtfach	2500
achthundert	2500
achthundertmal	2500
achthundertstel	2500
achtjährig	2500
achtköpfig	2500
achtlos	2500
achtminütig	2500
achtmonatig	2500
achtsam	2500
achtseitig	2500
achtspaltig	2500
achtstöckig	2500
achtstrahlig	2500
achtstündig	2500
achttägig	2500
achttausend	2500
achtundachtzig	2500
achtundachtzigste	2500
achtunddreißig	2500
achtunddreißigste	2500
achtundfünfzig	2500
achtundfünfzigste	2500
achtundneunzig	2500
achtundneunzigste	2500
achtundsechzig	2500
achtundsiebzig	2500
achtundsiebzigjährig	2500
achtundsiebzigste	2500
achtundvierzig	2500
achtundzwanzig	2500
achtungsvoll	2500
achtwöchig	2500
achtzehn	2500
achtzehnjährig	2500
achtzehntägig	2500
achtzehnte	2500
achtzig	2500
achtzigjährig	2500
achtzigste	2500
ackerbautreibend	2500
ackern	2500
acta	2500
ad	2500
adäquat	2500
adaptiv	2500
addieren	2500
additional	2500
ade	2500
aderig	2500
adhäsiv	2500
adiabatisch	2500
adieu	2500
adjektivisch	2500
adjungiert	2500
adlig	2500
administrativ	2500
administrieren	2500
adoptieren	2500
adrett	2500
adsorbieren	2500
adsorptiv	2500
adverbial	2500
aerob	2500
aerodynamisch	2500
aeronautisch	2500
affektiert	2500
affenähnlich	2500
affenartig	2500
affengeil	2500
afferent	2500
affig	2500
affirmativ	2500
affirmieren	2500
afghanisch	2500
afrikanisch	2500
afroamerikanisch	2500
afroasiatisch	2500
agglutinieren	2500
aggressionshemmend	2500
aggressiv	2500
agieren	2500
agil	2500
agitatorisch	2500
agitieren	2500
agnostisch	2500
agrarisch	2500
ahmen	2500
ahnungslos	2500
ahnungsvoll	2500
ahoi	2500
akademisch	2500
akkommodieren	2500
akkordieren	2500
akkugepuffert	2500
akkumulieren	2500
akkurat	2500
akquirieren	2500
akquisitorisch	2500
akribisch	2500
akrobatisch	2500
aktenkundig	2500
aktenmäßig	2500
aktivisch	2500
aktivistisch	2500
aktuell	2500
akupunktieren	2500
akustisch	2500
akut	2500
akzentfrei	2500
akzentlos	2500
akzeptabel	2500
akzeptieren	2500
alarmbereit	2500
albanisch	2500
albern	2500
alchemistisch	2500
alemannisch	2500
alert	2500
algebraisch	2500
algerisch	2500
algorithmisch	2500
aliphatisch	2500
alkalisch	2500
alkoholfrei	2500
alkoholisch	2500
alkoholisieren	2500
allabendlich	2500
allbekannt	2500
alldem	2500
alldieweil	2500
alledem	2500
allegorisch	2500
allegro	2500
alleinerziehend	2500
alleinig	2500
alleinstehend	2500
allemal	2500
allenfalls	2500
allenthalben	2500
allerbest	2500
allereinfachste	2500
allererste	2500
allergeringste	2500
allergiefördernd	2500
allergisch	2500
allergrößte	2500
allerhand	2500
allerheiligste	2500
allerherzlichst	2500
allerhöchste	2500
allerlei	2500
allerletzt	2500
allerliebst	2500
allermeist	2500
allermeistens	2500
allernächste	2500
allerneueste	2500
allerneust	2500
allerneuste	2500
allerorten	2500
allerprimitivste	2500
allerschlechtest	2500
allerschlimmste	2500
allerschönste	2500
allerschwerste	2500
allerseits	2500
allerwärts	2500
allerwenigste	2500
allerwichtigste	2500
allesamt	2500
allezeit	2500
allfällig	2500
allgegenwärtig	2500
allgemeinbildend	2500
allgemeingültig	2500
allgemeinpolitisch	2500
allgemeinsprachlich	2500
allgemeinverständlich	2500
allgemeinwirtschaftlich	2500
allgewaltig	2500
alliieren	2500
alljährlich	2500
allmächtig	2500
allmählich	2500
allmonatlich	2500
allmorgendlich	2500
allozieren	2500
allquantifiziert	2500
allseitig	2500
allseits	2500
alltäglich	2500
alltagsorientiert	2500
alltagstauglich	2500
allumfassend	2500
allwissend	2500
allwo	2500
allwöchentlich	2500
allzeit	2500
allzu	2500
alpenländisch	2500
alphabetisch	2500
alphanumerisch	2500
alpin	2500
alsbald	2500
alsbaldig	2500
alsdann	2500
altangesehen	2500
altbabylonisch	2500
altbacken	2500
altbekannt	2500
altbewährt	2500
altehrwürdig	2500
alteingeführt	2500
alteingesessen	2500
alterlos	2500
alternativlos	2500
alternieren	2500
altersbedingt	2500
altersgemäß	2500
altersmäßig	2500
altersschwach	2500
altertümlich	2500
altfranzösisch	2500
altgedient	2500
altgewohnt	2500
altgriechisch	2500
althergebracht	2500
althochdeutsch	2500
altklug	2500
altkonservativ	2500
altliberal	2500
altmodisch	2500
altösterreichisch	2500
altpreußisch	2500
altrömisch	2500
altrosa	2500
altruistisch	2500
altsprachlich	2500
altvertraut	2500
altvordere	2500
amateurhaft	2500
ambitiös	2500
ambitioniert	2500
ambivalent	2500
ambulant	2500
amerikanisch	2500
amerikanisieren	2500
amnestieren	2500
amoralisch	2500
amorph	2500
amortisieren	2500
amourös	2500
amplitudenmoduliert	2500
amputieren	2500
amten	2500
amtieren	2500
amtlich	2500
amtsärztlich	2500
amtsdeutsch	2500
amtsenthoben	2500
amüsant	2500
amüsieren	2500
amusisch	2500
anämisch	2500
anästhesieren	2500
anästhetisch	2500
anästhetisieren	2500
anachronistisch	2500
anaerob	2500
analphabetisch	2500
analysieren	2500
analytisch	2500
anaphorisch	2500
anaphylaktisch	2500
anarchisch	2500
anarchistisch	2500
anastatisch	2500
anatomisch	2500
anbändeln	2500
anbaggern	2500
anbauen	2500
anbefohlen	2500
anbehalten	2500
anbei	2500
anbeißen	2500
anbelangen	2500
anbellen	2500
anberaumen	2500
anbetreffen	2500
anbetrifft	2500
anbetroffen	2500
anbetteln	2500
anbetungswürdig	2500
anbiss	2500
anbläst	2500
anblasen	2500
anblicken	2500
anblinzeln	2500
anböte	2500
anbohren	2500
anbot	2500
anbrach	2500
anbrachte	2500
anbrannte	2500
anbraten	2500
anbrechen	2500
anbrennen	2500
anbricht	2500
anbriet	2500
anbrüllen	2500
ancrimpbar	2500
ancrimpen	2500
andächtig	2500
andalusisch	2500
andauern	2500
anderenfalls	2500
anderenorts	2500
andererseits	2500
andermal	2500
andernfalls	2500
andernorts	2500
anderntags	2500
andersartig	2500
andersdenkend	2500
anderseits	2500
andersgläubig	2500
andersherum	2500
anderssprachig	2500
anderswie	2500
anderswo	2500
anderswoher	2500
anderthalb	2500
anderthalbfach	2500
anderthalbjährig	2500
anderthalbtausend	2500
anderweitig	2500
andeutungsweise	2500
andichten	2500
andienen	2500
andiskutieren	2500
andocken	2500
andorranisch	2500
andrehen	2500
andrerseits	2500
andünsten	2500
anecken	2500
aneinander	2500
aneinandergereiht	2500
anekdotenhaft	2500
anekeln	2500
anempfohlen	2500
anerkannt	2500
anerkanntermaßen	2500
anerkennenswert	2500
anerziehen	2500
anerzogen	2500
anfällig	2500
anfällt	2500
anfänglich	2500
anfängt	2500
anfachen	2500
anfahren	2500
anfallen	2500
anfangen	2500
anfangsbetont	2500
anfassen	2500
anfaulen	2500
anfechtbar	2500
anfeilen	2500
anfeuchten	2500
anfiel	2500
anfing	2500
anfixen	2500
anflehen	2500
anfliegen	2500
anflog	2500
anfocht	2500
anforderungsgemäß	2500
anfragen	2500
anfraß	2500
anfreunden	2500
anfrieren	2500
anfühlen	2500
anfüttern	2500
angängig	2500
angab	2500
angaffen	2500
angebahnt	2500
angebaut	2500
angebbar	2500
angebellt	2500
angeben	2500
angeberisch	2500
angebetet	2500
angebettelt	2500
angebiedert	2500
angebissen	2500
angeblasen	2500
angeblich	2500
angeblickt	2500
angeblinzelt	2500
angebohrt	2500
angeboren	2500
angeboten	2500
angebracht	2500
angebrannt	2500
angebraten	2500
angebrochen	2500
angebrüllt	2500
angebunden	2500
angedacht	2500
angedeihen	2500
angedeutet	2500
angedichtet	2500
angedient	2500
angedockt	2500
angedreht	2500
angedroht	2500
angedünstet	2500
angeeignet	2500
angeekelt	2500
angefärbt	2500
angefacht	2500
angefahren	2500
angefallen	2500
angefangen	2500
angefasst	2500
angefault	2500
angefeilt	2500
angefeindet	2500
angefertigt	2500
angefeuchtet	2500
angefeuert	2500
angefixt	2500
angefleht	2500
angeflogen	2500
angefochten	2500
angefordert	2500
angefragt	2500
angefreundet	2500
angefroren	2500
angefügt	2500
angeführt	2500
angefüllt	2500
angefüttert	2500
angegafft	2500
angegangen	2500
angegeben	2500
angeglichen	2500
angegliedert	2500
angegossen	2500
angegrenzt	2500
angegriffen	2500
angegrinst	2500
angeguckt	2500
angehängt	2500
angehäuft	2500
angehabt	2500
angehalten	2500
angehaucht	2500
angeheftet	2500
angeheitert	2500
angeheizt	2500
angehen	2500
angeheuert	2500
angehimmelt	2500
angehören	2500
angehörig	2500
angehoben	2500
angekauft	2500
angekettet	2500
angeklagt	2500
angeklammert	2500
angeklebt	2500
angekleidet	2500
angeklemmt	2500
angeklickt	2500
angeklingelt	2500
angeklopft	2500
angeklungen	2500
angeknackst	2500
angeknipst	2500
angeknüpft	2500
angekommen	2500
angekoppelt	2500
angekränkelt	2500
angekratzt	2500
angekreidet	2500
angekreuzt	2500
angekündigt	2500
angekurbelt	2500
angelächelt	2500
angelacht	2500
angelagert	2500
angelangt	2500
angelassen	2500
angelastet	2500
angelaufen	2500
angelegen	2500
angelegt	2500
angelehnt	2500
angeleimt	2500
angeleitet	2500
angelernt	2500
angeliefert	2500
angeln	2500
angelötet	2500
angelockt	2500
angelogen	2500
angelsächsisch	2500
angemacht	2500
angemahnt	2500
angemalt	2500
angemaßt	2500
angemeldet	2500
angemerkt	2500
angemessen	2500
angemietet	2500
angemustert	2500
angenähert	2500
angenäht	2500
angenagelt	2500
angenehm	2500
angenommen	2500
angeordnet	2500
angepackt	2500
angepasst	2500
angepeilt	2500
angepfiffen	2500
angepflanzt	2500
angepisst	2500
angepöbelt	2500
angeprallt	2500
angeprangert	2500
angepriesen	2500
angepumpt	2500
angerannt	2500
angeraten	2500
angeraucht	2500
angeraut	2500
angerechnet	2500
angeredet	2500
angeregt	2500
angereichert	2500
angereiht	2500
angereist	2500
angerichtet	2500
angerissen	2500
angeritzt	2500
angerückt	2500
angerührt	2500
angerufen	2500
angesägt	2500
angesäuselt	2500
angesagt	2500
angesammelt	2500
angesaugt	2500
angeschafft	2500
angeschaltet	2500
angeschaut	2500
angeschichtet	2500
angeschickt	2500
angeschlagen	2500
angeschliffen	2500
angeschlossen	2500
angeschmiegt	2500
angeschmiert	2500
angeschnallt	2500
angeschnauzt	2500
angeschnitten	2500
angeschoben	2500
angeschossen	2500
angeschraubt	2500
angeschrieben	2500
angeschrien	2500
angeschuldigt	2500
angeschwärzt	2500
angeschweißt	2500
angeschwemmt	2500
angeschwindelt	2500
angeschwollen	2500
angesehen	2500
angeseilt	2500
angesengt	2500
angesenkt	2500
angesetzt	2500
angesichts	2500
angesiedelt	2500
angespannt	2500
angespart	2500
angespielt	2500
angespitzt	2500
angespornt	2500
angespritzt	2500
angesprochen	2500
angesprungen	2500
angespült	2500
angespuckt	2500
angestachelt	2500
angestammt	2500
angestanden	2500
angestarrt	2500
angestaut	2500
angesteckt	2500
angestellt	2500
angesteuert	2500
angestiegen	2500
angestiftet	2500
angestimmt	2500
angestochen	2500
angestoßen	2500
angestrahlt	2500
angestrebt	2500
angestrengt	2500
angestrichen	2500
angestürmt	2500
angesucht	2500
angetan	2500
angetastet	2500
angetragen	2500
angetraut	2500
angetreten	2500
angetrieben	2500
angetroffen	2500
angetrunken	2500
angewählt	2500
angewärmt	2500
angewachsen	2500
angewandt	2500
angeweht	2500
angewendet	2500
angewidert	2500
angewiesen	2500
angewinkelt	2500
angeworben	2500
angeworfen	2500
angewurzelt	2500
angezählt	2500
angezahlt	2500
angezapft	2500
angezeichnet	2500
angezeigt	2500
angezettelt	2500
angezielt	2500
angezischt	2500
angezogen	2500
angezündet	2500
angezweifelt	2500
angibt	2500
anging	2500
anglikanisch	2500
anglotzen	2500
angolanisch	2500
angreifbar	2500
angreifen	2500
angrenzen	2500
angriffslustig	2500
angrinsen	2500
angstauslösend	2500
angstbesetzt	2500
angsterfüllt	2500
angsterregend	2500
angstfrei	2500
angstvoll	2500
angucken	2500
anhältst	2500
anhängen	2500
anhängig	2500
anhänglich	2500
anhaben	2500
anhaften	2500
anhalten	2500
anhand	2500
anhauchen	2500
anheften	2500
anheim	2500
anheimfällt	2500
anheimfallen	2500
anheischig	2500
anheizen	2500
anheuern	2500
anhielt	2500
anhimmeln	2500
anhob	2500
animalisch	2500
anisotrop	2500
ankämen	2500
ankämpfen	2500
ankam	2500
ankaufen	2500
ankern	2500
anketten	2500
anklägerisch	2500
anklagen	2500
anklammern	2500
ankleben	2500
ankleiden	2500
anklemmen	2500
anklicken	2500
anklingeln	2500
anklingen	2500
anklopfen	2500
anknipsen	2500
ankommen	2500
ankotzen	2500
ankreiden	2500
ankreuzen	2500
anlächeln	2500
anlässlich	2500
anläuft	2500
anlachen	2500
anlangen	2500
anlassen	2500
anlasslos	2500
anlassunabhängig	2500
anlasten	2500
anlaufen	2500
anlaufgeschützt	2500
anleimen	2500
anlernen	2500
anlief	2500
anlöten	2500
anlocken	2500
anlügen	2500
anmachen	2500
anmalen	2500
anmarschieren	2500
anmeldepflichtig	2500
anmessen	2500
anmotzen	2500
anmuten	2500
anmutig	2500
annähen	2500
annäherungsweise	2500
annähmen	2500
annageln	2500
annahm	2500
annehmbar	2500
annehmen	2500
annektieren	2500
annimmt	2500
anno	2500
annoncieren	2500
anomal	2500
anonym	2500
anonymisieren	2500
anorganisch	2500
anormal	2500
anpacken	2500
anpassungsbedingt	2500
anpassungsfähig	2500
anpeilen	2500
anpinnen	2500
anpöbeln	2500
anprallen	2500
anprangern	2500
anpressen	2500
anpries	2500
anprobieren	2500
anpumpen	2500
anraten	2500
anrechenbar	2500
anreden	2500
anreihen	2500
anreißen	2500
anreisen	2500
anreizen	2500
anrennen	2500
anrichten	2500
anrief	2500
anrollen	2500
anrüchig	2500
anrücken	2500
anrühren	2500
anrufen	2500
ansägen	2500
ansässig	2500
ansagen	2500
ansah	2500
ansatzweise	2500
ansaugen	2500
anschalten	2500
anschaulich	2500
anscheinen	2500
anschichten	2500
anschicken	2500
anschieben	2500
anschien	2500
anschießen	2500
anschlägt	2500
anschlagen	2500
anschleifen	2500
anschleppen	2500
anschließen	2500
anschliff	2500
anschloss	2500
anschlug	2500
anschmiegen	2500
anschmiegsam	2500
anschmieren	2500
anschnallen	2500
anschnalzen	2500
anschnauzen	2500
anschneiden	2500
anschob	2500
anschrauben	2500
anschreiben	2500
anschreien	2500
anschrien	2500
anschwärzen	2500
anschweißen	2500
anschwellen	2500
anschwemmen	2500
anschwillt	2500
anschwindeln	2500
ansehnlich	2500
anseilen	2500
ansengen	2500
ansetzen	2500
ansieht	2500
ansonsten	2500
anspeien	2500
anspinnen	2500
anspitzen	2500
anspornen	2500
anspräche	2500
ansprach	2500
ansprechen	2500
ansprechend	2500
anspricht	2500
anspringen	2500
anspritzen	2500
anspruchsberechtigt	2500
anspruchslos	2500
anspruchsvoll	2500
anspülen	2500
anspucken	2500
anständig	2500
anstach	2500
anstacheln	2500
anstandslos	2500
anstarren	2500
anstatt	2500
anstauen	2500
anstechen	2500
anstehen	2500
ansteigen	2500
anstellig	2500
anstimmen	2500
anstößig	2500
anstößt	2500
anstoßen	2500
anstrahlen	2500
anstreben	2500
anstreichen	2500
anstrengend	2500
anstürmen	2500
ansuchen	2500
antäte	2500
antanzen	2500
antarktisch	2500
antasten	2500
antat	2500
anteilig	2500
anteilsmäßig	2500
anthropogen	2500
anthropologisch	2500
anthroposophisch	2500
anthropozentrisch	2500
antiamerikanisch	2500
antiautoritär	2500
antibiotisch	2500
antibolschewistisch	2500
antibritisch	2500
antidemokratisch	2500
antideutsch	2500
antieuropäisch	2500
antifaschistisch	2500
antifeministisch	2500
antifeudalistisch	2500
antifranzösisch	2500
antiinflationär	2500
antijüdisch	2500
antik	2500
antikapitalistisch	2500
antikirchlich	2500
antikommunistisch	2500
antilandwirtschaftlich	2500
antimarxistisch	2500
antiparlamentarisch	2500
antipolnisch	2500
antiquarisch	2500
antiquiert	2500
antirachitisch	2500
antirassistisch	2500
antiretroviral	2500
antisemitisch	2500
antiseptisch	2500
antisowjetisch	2500
antisozial	2500
antisozialistisch	2500
antistatisch	2500
antitechnisch	2500
antizipieren	2500
antizyklisch	2500
antörnen	2500
antraf	2500
antragen	2500
antragsberechtigt	2500
antrat	2500
antreffen	2500
antreiben	2500
antreten	2500
antrifft	2500
antrittst	2500
antrug	2500
antun	2500
antworten	2500
anvertrauen	2500
anvisieren	2500
anwächst	2500
anwählen	2500
anwachsen	2500
anwarb	2500
anwarf	2500
anwehen	2500
anwendungsfreundlich	2500
anwendungsgerecht	2500
anwendungsorientiert	2500
anwendungsspezifisch	2500
anwendungstechnisch	2500
anwendungsübergreifend	2500
anwesend	2500
anwidern	2500
anwies	2500
anwinkeln	2500
anwirbt	2500
anwuchs	2500
anzahlen	2500
anzeichnen	2500
anzeigenfrei	2500
anzeigentechnisch	2500
anzetteln	2500
anzog	2500
anzüglich	2500
anzünden	2500
anzubahnen	2500
anzubauen	2500
anzubiedern	2500
anzubieten	2500
anzubinden	2500
anzublasen	2500
anzubringen	2500
anzudeuten	2500
anzudienen	2500
anzueignen	2500
anzuerkennen	2500
anzufachen	2500
anzufahren	2500
anzufallen	2500
anzufangen	2500
anzufassen	2500
anzufechten	2500
anzufertigen	2500
anzuflehen	2500
anzufordern	2500
anzufragen	2500
anzufügen	2500
anzugeben	2500
anzugehen	2500
anzugehören	2500
anzugleichen	2500
anzugliedern	2500
anzugreifen	2500
anzugucken	2500
anzuhängen	2500
anzuhalten	2500
anzuheben	2500
anzuheften	2500
anzuheizen	2500
anzuhören	2500
anzukämpfen	2500
anzukaufen	2500
anzuklagen	2500
anzuklicken	2500
anzuklopfen	2500
anzuknüpfen	2500
anzukommen	2500
anzukreiden	2500
anzukündigen	2500
anzukuppeln	2500
anzukurbeln	2500
anzulassen	2500
anzulasten	2500
anzulaufen	2500
anzulegen	2500
anzulehnen	2500
anzuleiern	2500
anzulernen	2500
anzulocken	2500
anzumelden	2500
anzumerken	2500
anzumieten	2500
anzunähern	2500
anzunehmen	2500
anzuordnen	2500
anzupacken	2500
anzupassen	2500
anzupeilen	2500
anzuprangern	2500
anzupreisen	2500
anzuraten	2500
anzurechnen	2500
anzuregen	2500
anzureichern	2500
anzureißen	2500
anzureisen	2500
anzurempeln	2500
anzurichten	2500
anzurühren	2500
anzurufen	2500
anzusagen	2500
anzusammeln	2500
anzuschaffen	2500
anzuschauen	2500
anzuschieben	2500
anzuschlagen	2500
anzuschließen	2500
anzuschreiben	2500
anzusehen	2500
anzusetzen	2500
anzusiedeln	2500
anzuspannen	2500
anzusprechen	2500
anzustarren	2500
anzustecken	2500
anzusteigen	2500
anzustellen	2500
anzusteuern	2500
anzustoßen	2500
anzustreben	2500
anzustrengen	2500
anzutasten	2500
anzutragen	2500
anzutreffen	2500
anzutreten	2500
anzutun	2500
anzuvertrauen	2500
anzuwählen	2500
anzuweisen	2500
anzuwenden	2500
anzuwerben	2500
anzuzapfen	2500
anzuzeigen	2500
anzuzetteln	2500
anzuziehen	2500
anzuzünden	2500
anzweifeln	2500
apart	2500
apathisch	2500
aperiodisch	2500
aphoristisch	2500
apodiktisch	2500
apokalyptisch	2500
apologetisch	2500
apostolisch	2500
apostrophieren	2500
apparativ	2500
appellieren	2500
appetitlich	2500
applaudieren	2500
applikativ	2500
applizieren	2500
apportieren	2500
approximativ	2500
approximieren	2500
apriorisch	2500
apropos	2500
arabisch	2500
arabischsprachig	2500
arbeiten	2500
arbeiterfreundlich	2500
arbeitgeberfreundlich	2500
arbeitnehmerfeindlich	2500
arbeitnehmerfreundlich	2500
arbeitsam	2500
arbeitsaufwändig	2500
arbeitsaufwendig	2500
arbeitserleichternd	2500
arbeitsfähig	2500
arbeitsfrei	2500
arbeitsfreudig	2500
arbeitsintensiv	2500
arbeitslos	2500
arbeitsmarktpolitisch	2500
arbeitspädagogisch	2500
arbeitsrechtlich	2500
arbeitsreich	2500
arbeitsscheu	2500
arbeitssparend	2500
arbeitstechnisch	2500
arbeitsunfähig	2500
arbeitswillig	2500
arbeitswütig	2500
archäologisch	2500
archaisch	2500
archimedisch	2500
architektonisch	2500
areligiös	2500
arg	2500
argentinisch	2500
arglistig	2500
arglos	2500
argumentativ	2500
argumentieren	2500
argwöhnen	2500
argwöhnisch	2500
arid	2500
arisch	2500
aristokratisch	2500
aristotelisch	2500
arithmetisch	2500
arktisch	2500
armenisch	2500
armieren	2500
armlos	2500
armselig	2500
aromatisch	2500
arrangieren	2500
arretieren	2500
arrivieren	2500
arrogant	2500
arteigen	2500
artenarm	2500
artenreich	2500
artfremd	2500
arthritisch	2500
artifiziell	2500
artig	2500
artikulieren	2500
artistisch	2500
artverwandt	2500
aschfahl	2500
aseptisch	2500
aserbaidschanisch	2500
asiatisch	2500
asketisch	2500
asozial	2500
aspektorientiert	2500
assemblerartig	2500
assemblieren	2500
assimilieren	2500
assistieren	2500
assoziativ	2500
assoziieren	2500
astronomisch	2500
asylrechtlich	2500
asymmetrisch	2500
asymptotisch	2500
asynchron	2500
atavistisch	2500
atemberaubend	2500
atemlos	2500
atemraubend	2500
atheistisch	2500
athletisch	2500
atlantisch	2500
atmosphärisch	2500
atmungsaktiv	2500
atomar	2500
attackieren	2500
attestieren	2500
attraktiv	2500
attributiv	2500
atypisch	2500
audiovisuell	2500
auditiv	2500
aufäße	2500
aufaddieren	2500
aufatmen	2500
aufbäumen	2500
aufbauen	2500
aufbiegen	2500
aufbinden	2500
aufblähen	2500
aufbläst	2500
aufblasen	2500
aufbleiben	2500
aufblicken	2500
aufblieb	2500
aufblinken	2500
aufbrach	2500
aufbrachte	2500
aufbrechen	2500
aufbricht	2500
aufbringen	2500
aufbrühen	2500
aufbrummen	2500
aufbürden	2500
aufdampfen	2500
aufdrängen	2500
aufdrehen	2500
aufdringlich	2500
aufdrücken	2500
aufdrucken	2500
aufeinander	2500
aufeinandertrifft	2500
aufeinanderzutreffen	2500
auferlegen	2500
auferstanden	2500
auferstünden	2500
auferwecken	2500
aufessen	2500
auffädeln	2500
auffährt	2500
auffällig	2500
auffällt	2500
auffängt	2500
auffahren	2500
auffallen	2500
auffallend	2500
auffallenderweise	2500
auffand	2500
auffangen	2500
auffiel	2500
auffing	2500
auffischen	2500
aufflammen	2500
auffliegen	2500
aufflöge	2500
aufflog	2500
auffräße	2500
auffraß	2500
auffressen	2500
auffrisieren	2500
auffrisst	2500
auffuhr	2500
aufgab	2500
aufgabeln	2500
aufgearbeitet	2500
aufgebäumt	2500
aufgebahrt	2500
aufgebauscht	2500
aufgebaut	2500
aufgeben	2500
aufgebessert	2500
aufgebläht	2500
aufgeblasen	2500
aufgeblendet	2500
aufgeblickt	2500
aufgeblieben	2500
aufgeblitzt	2500
aufgeblüht	2500
aufgebockt	2500
aufgebohrt	2500
aufgeboten	2500
aufgebracht	2500
aufgebraucht	2500
aufgebraust	2500
aufgebrochen	2500
aufgebrüht	2500
aufgebrummt	2500
aufgebügelt	2500
aufgebürdet	2500
aufgebunden	2500
aufgedampft	2500
aufgedeckt	2500
aufgedonnert	2500
aufgedrängt	2500
aufgedreht	2500
aufgedrückt	2500
aufgedruckt	2500
aufgedunsen	2500
aufgefächert	2500
aufgefädelt	2500
aufgefahren	2500
aufgefallen	2500
aufgefangen	2500
aufgefasst	2500
aufgefischt	2500
aufgeflammt	2500
aufgeflogen	2500
aufgefordert	2500
aufgeforstet	2500
aufgefressen	2500
aufgefrischt	2500
aufgeführt	2500
aufgefüllt	2500
aufgefunden	2500
aufgegabelt	2500
aufgegangen	2500
aufgegeben	2500
aufgegessen	2500
aufgegliedert	2500
aufgegossen	2500
aufgegriffen	2500
aufgehängt	2500
aufgehäuft	2500
aufgehabt	2500
aufgehackt	2500
aufgehalten	2500
aufgeheitert	2500
aufgeheizt	2500
aufgehellt	2500
aufgehen	2500
aufgehetzt	2500
aufgehört	2500
aufgehoben	2500
aufgeholfen	2500
aufgeholt	2500
aufgehorcht	2500
aufgekauft	2500
aufgeklärt	2500
aufgeklappt	2500
aufgeklebt	2500
aufgeknöpft	2500
aufgekocht	2500
aufgekommen	2500
aufgekratzt	2500
aufgekrempelt	2500
aufgekreuzt	2500
aufgekriegt	2500
aufgekündigt	2500
aufgelacht	2500
aufgeladen	2500
aufgelassen	2500
aufgelauert	2500
aufgelaufen	2500
aufgelebt	2500
aufgelegen	2500
aufgelegt	2500
aufgelehnt	2500
aufgeleimt	2500
aufgelesen	2500
aufgeleuchtet	2500
aufgelistet	2500
aufgelöst	2500
aufgelötet	2500
aufgelockert	2500
aufgelodert	2500
aufgemacht	2500
aufgemalt	2500
aufgemöbelt	2500
aufgemotzt	2500
aufgemuntert	2500
aufgenötigt	2500
aufgenommen	2500
aufgeopfert	2500
aufgepäppelt	2500
aufgepasst	2500
aufgepeppt	2500
aufgepfropft	2500
aufgepinselt	2500
aufgeplatzt	2500
aufgeprägt	2500
aufgeprallt	2500
aufgepresst	2500
aufgepumpt	2500
aufgeputzt	2500
aufgequollen	2500
aufgeräumt	2500
aufgerafft	2500
aufgerappelt	2500
aufgeraut	2500
aufgerechnet	2500
aufgereckt	2500
aufgeregt	2500
aufgereiht	2500
aufgereizt	2500
aufgerichtet	2500
aufgerieben	2500
aufgerissen	2500
aufgerollt	2500
aufgerückt	2500
aufgerührt	2500
aufgerüstet	2500
aufgerüttelt	2500
aufgerufen	2500
aufgerundet	2500
aufgesagt	2500
aufgesammelt	2500
aufgesaugt	2500
aufgeschäumt	2500
aufgeschaut	2500
aufgescheucht	2500
aufgeschichtet	2500
aufgeschlagen	2500
aufgeschlitzt	2500
aufgeschlossen	2500
aufgeschlüsselt	2500
aufgeschmissen	2500
aufgeschnitten	2500
aufgeschnürt	2500
aufgeschoben	2500
aufgeschossen	2500
aufgeschraubt	2500
aufgeschreckt	2500
aufgeschrieben	2500
aufgeschrien	2500
aufgeschürft	2500
aufgeschüttet	2500
aufgeschwatzt	2500
aufgesehen	2500
aufgesessen	2500
aufgesetzt	2500
aufgesogen	2500
aufgespalten	2500
aufgespannt	2500
aufgespart	2500
aufgesperrt	2500
aufgespielt	2500
aufgespießt	2500
aufgesprungen	2500
aufgespürt	2500
aufgestachelt	2500
aufgestanden	2500
aufgestapelt	2500
aufgestaut	2500
aufgesteckt	2500
aufgestellt	2500
aufgesteppt	2500
aufgestiegen	2500
aufgestöbert	2500
aufgestockt	2500
aufgestoßen	2500
aufgestrebt	2500
aufgestrichen	2500
aufgestützt	2500
aufgesucht	2500
aufgetan	2500
aufgetankt	2500
aufgetaucht	2500
aufgetaut	2500
aufgeteilt	2500
aufgetischt	2500
aufgetragen	2500
aufgetrennt	2500
aufgetreten	2500
aufgetrieben	2500
aufgetroffen	2500
aufgetürmt	2500
aufgewärmt	2500
aufgewachsen	2500
aufgewacht	2500
aufgewandt	2500
aufgewartet	2500
aufgewaschen	2500
aufgeweckt	2500
aufgeweicht	2500
aufgewendet	2500
aufgewertet	2500
aufgewickelt	2500
aufgewiegelt	2500
aufgewiesen	2500
aufgewirbelt	2500
aufgewischt	2500
aufgewogen	2500
aufgeworfen	2500
aufgewühlt	2500
aufgezählt	2500
aufgezäumt	2500
aufgezehrt	2500
aufgezeichnet	2500
aufgezeigt	2500
aufgezogen	2500
aufgezwungen	2500
aufgibt	2500
aufgießen	2500
aufging	2500
aufglühen	2500
aufgreifen	2500
aufgriff	2500
aufgrund	2500
aufhältst	2500
aufhaben	2500
aufhacken	2500
aufhalf	2500
aufhalten	2500
aufhelfen	2500
aufheulen	2500
aufhielt	2500
aufhören	2500
aufhob	2500
aufholen	2500
aufhorchen	2500
aufkam	2500
aufkaufen	2500
aufkeimen	2500
aufklärerisch	2500
aufklaffen	2500
aufklappen	2500
aufklaren	2500
aufkleben	2500
aufknöpfen	2500
aufkochen	2500
aufkrempeln	2500
aufkreuzen	2500
aufkriegen	2500
aufkündigen	2500
auflädt	2500
auflässt	2500
aufläuft	2500
auflachen	2500
auflagenstark	2500
auflandig	2500
auflauern	2500
auflaufen	2500
aufleben	2500
auflegen	2500
auflesen	2500
aufleuchten	2500
aufliegen	2500
aufließ	2500
auflöten	2500
auflüde	2500
aufmarschieren	2500
aufmerken	2500
aufmerksam	2500
aufmischen	2500
aufmöbeln	2500
aufmüpfig	2500
aufmucken	2500
aufnähen	2500
aufnahm	2500
aufnahmebereit	2500
aufnahmefähig	2500
aufnehmen	2500
aufnimmt	2500
aufopferungsvoll	2500
aufpäppeln	2500
aufpassen	2500
aufpeppen	2500
aufpfropfen	2500
aufpinseln	2500
aufplätten	2500
aufplatzen	2500
aufprägen	2500
aufprallen	2500
aufpreispflichtig	2500
aufprobieren	2500
aufpumpen	2500
aufputschen	2500
aufputzen	2500
aufquellen	2500
aufquillt	2500
aufquollen	2500
aufräumen	2500
aufraffen	2500
aufragen	2500
aufrappeln	2500
aufrechenbar	2500
aufrecht	2500
aufrechterhältst	2500
aufrechtzuerhalten	2500
aufregend	2500
aufreiben	2500
aufreibend	2500
aufreihen	2500
aufreißen	2500
aufreizen	2500
aufrichtig	2500
aufrief	2500
aufrollen	2500
aufrücken	2500
aufrühren	2500
aufrührerisch	2500
aufrütteln	2500
aufrufen	2500
aufrunden	2500
aufsässig	2500
aufsagen	2500
aufsammeln	2500
aufsaugen	2500
aufschauen	2500
aufscheinen	2500
aufscheuchen	2500
aufschichten	2500
aufschieben	2500
aufschießen	2500
aufschlägt	2500
aufschlagen	2500
aufschließen	2500
aufschlitzen	2500
aufschlüge	2500
aufschlug	2500
aufschlussreich	2500
aufschnappen	2500
aufschneiden	2500
aufschnüren	2500
aufschöss	2500
aufschoss	2500
aufschrauben	2500
aufschrecken	2500
aufschreiben	2500
aufschreien	2500
aufschrien	2500
aufschürfen	2500
aufschütteln	2500
aufschütten	2500
aufschwingen	2500
aufsehen	2500
aufseiten	2500
aufsetzen	2500
aufsieht	2500
aufsitzen	2500
aufspannen	2500
aufsparen	2500
aufsperren	2500
aufspielen	2500
aufspießen	2500
aufsprang	2500
aufspringen	2500
aufspüren	2500
aufständisch	2500
aufstampfen	2500
aufstapeln	2500
aufstauen	2500
aufstecken	2500
aufstehen	2500
aufsteigen	2500
aufstöbern	2500
aufstöhnen	2500
aufstößt	2500
aufstockungsfähig	2500
aufstoßen	2500
aufstreben	2500
aufstreichen	2500
aufstützen	2500
auftanken	2500
auftat	2500
auftauchen	2500
auftauen	2500
auftischen	2500
aufträgt	2500
auftragen	2500
auftragsgemäß	2500
auftrat	2500
auftreffen	2500
auftreiben	2500
auftreten	2500
auftrittst	2500
auftrumpfen	2500
auftun	2500
aufwächst	2500
aufwändig	2500
aufwachen	2500
aufwachsen	2500
aufwarf	2500
aufwecken	2500
aufweisen	2500
aufwendig	2500
aufwerfen	2500
aufwickeln	2500
aufwiegeln	2500
aufwiegen	2500
aufwies	2500
aufwirbeln	2500
aufwirft	2500
aufwischen	2500
aufwühlen	2500
aufwühlend	2500
aufwuchs	2500
aufzäumen	2500
aufzehren	2500
aufzeigen	2500
aufziehen	2500
aufzog	2500
aufzüchten	2500
aufzuarbeiten	2500
aufzubauen	2500
aufzubereiten	2500
aufzubessern	2500
aufzubewahren	2500
aufzubieten	2500
aufzubinden	2500
aufzublasen	2500
aufzublicken	2500
aufzublinken	2500
aufzubohren	2500
aufzubrechen	2500
aufzubringen	2500
aufzubrummen	2500
aufzubürden	2500
aufzudecken	2500
aufzudrängen	2500
aufzudrehen	2500
aufzudrücken	2500
aufzuerbauen	2500
aufzuerlegen	2500
aufzuessen	2500
aufzufallen	2500
aufzufangen	2500
aufzufassen	2500
aufzufinden	2500
aufzufordern	2500
aufzuforsten	2500
aufzufrischen	2500
aufzuführen	2500
aufzufüllen	2500
aufzugabeln	2500
aufzugeben	2500
aufzugehen	2500
aufzugliedern	2500
aufzugreifen	2500
aufzuhängen	2500
aufzuhäufen	2500
aufzuhalten	2500
aufzuheben	2500
aufzuheitern	2500
aufzuhelfen	2500
aufzuhören	2500
aufzuholen	2500
aufzukaufen	2500
aufzuklären	2500
aufzukommen	2500
aufzulasten	2500
aufzulegen	2500
aufzulehnen	2500
aufzulesen	2500
aufzulisten	2500
aufzulösen	2500
aufzulockern	2500
aufzumucken	2500
aufzunehmen	2500
aufzuopfern	2500
aufzupassen	2500
aufzupeppen	2500
aufzuplustern	2500
aufzupolieren	2500
aufzuprägen	2500
aufzuräumen	2500
aufzuraffen	2500
aufzurauen	2500
aufzurechnen	2500
aufzuregen	2500
aufzureißen	2500
aufzurichten	2500
aufzurollen	2500
aufzurücken	2500
aufzurüsten	2500
aufzurufen	2500
aufzusammeln	2500
aufzuschichten	2500
aufzuschieben	2500
aufzuschlagen	2500
aufzuschließen	2500
aufzuschlüsseln	2500
aufzuschnüren	2500
aufzuschrecken	2500
aufzuschreiben	2500
aufzuschwatzen	2500
aufzusetzen	2500
aufzuspalten	2500
aufzuspielen	2500
aufzuspüren	2500
aufzustauen	2500
aufzustecken	2500
aufzustehen	2500
aufzusteigen	2500
aufzustellen	2500
aufzustöbern	2500
aufzustocken	2500
aufzusuchen	2500
aufzutanken	2500
aufzutauchen	2500
aufzutauen	2500
aufzuteilen	2500
aufzutragen	2500
aufzutreiben	2500
aufzutrennen	2500
aufzutreten	2500
aufzutun	2500
aufzuwärmen	2500
aufzuwachsen	2500
aufzuwecken	2500
aufzuweichen	2500
aufzuweisen	2500
aufzuweiten	2500
aufzuwenden	2500
aufzuwerfen	2500
aufzuwiegeln	2500
aufzuwiegen	2500
aufzuzählen	2500
aufzuzeichnen	2500
aufzuzeigen	2500
aufzuziehen	2500
aufzwang	2500
aufzwingen	2500
augenblicklich	2500
augenfällig	2500
augenlos	2500
augenscheinlich	2500
außenpolitisch	2500
außerbetrieblich	2500
außerdienstlich	2500
außerehelich	2500
außergerichtlich	2500
außergewöhnlich	2500
außerhalb	2500
außerirdisch	2500
außermusikalisch	2500
außerordentlich	2500
außerparlamentarisch	2500
außerplanmäßig	2500
außerschulisch	2500
außerstand	2500
außeruniversitär	2500
ausatmen	2500
ausbaden	2500
ausbalancieren	2500
ausbauen	2500
ausbaufähig	2500
ausbeuterisch	2500
ausbezahlen	2500
ausbitten	2500
ausbläst	2500
ausblasen	2500
ausbleiben	2500
ausbleichen	2500
ausblieb	2500
ausbluten	2500
ausbohren	2500
ausbooten	2500
ausborgen	2500
ausbrach	2500
ausbrannte	2500
ausbrechen	2500
ausbremsen	2500
ausbrennen	2500
ausbricht	2500
ausbringen	2500
ausbrüten	2500
ausbügeln	2500
ausbürsten	2500
ausbuddeln	2500
ausdachte	2500
ausdauernd	2500
ausdehnbar	2500
ausdenken	2500
ausdiskutieren	2500
ausdorren	2500
ausdrehen	2500
ausdrücken	2500
ausdrücklich	2500
ausdrucken	2500
ausdrucksfähig	2500
ausdruckslos	2500
ausdrucksstärker	2500
ausdrucksstark	2500
ausdrucksvoll	2500
auseinandergeklafft	2500
auseinandergelaufen	2500
auseinandergelebt	2500
auseinandergenommen	2500
auseinandergerissen	2500
auseinandergesetzt	2500
auseinandergezerrt	2500
auseinanderhalten	2500
auseinanderhielt	2500
auseinanderzuhalten	2500
auseinanderzusetzen	2500
auserkoren	2500
auserlesen	2500
ausersehen	2500
auserwählen	2500
ausfällig	2500
ausfällt	2500
ausfahren	2500
ausfallen	2500
ausfallsicher	2500
ausfechten	2500
ausfegen	2500
ausfeilen	2500
ausfiel	2500
ausfiltern	2500
ausfinden	2500
ausfindig	2500
ausflicken	2500
ausfliegen	2500
ausfließen	2500
ausfocht	2500
ausformulieren	2500
ausfräße	2500
ausfragen	2500
ausfransen	2500
ausfressen	2500
ausführbar	2500
ausführlich	2500
ausgäbe	2500
ausgab	2500
ausgangsseitig	2500
ausgearbeitet	2500
ausgeartet	2500
ausgeatmet	2500
ausgebacken	2500
ausgebadet	2500
ausgebaggert	2500
ausgebaut	2500
ausgeben	2500
ausgebessert	2500
ausgebeten	2500
ausgebeult	2500
ausgebeutet	2500
ausgebildet	2500
ausgeblasen	2500
ausgebleicht	2500
ausgeblendet	2500
ausgeblieben	2500
ausgeblutet	2500
ausgebootet	2500
ausgeborgt	2500
ausgebrannt	2500
ausgebreitet	2500
ausgebrochen	2500
ausgebrütet	2500
ausgebügelt	2500
ausgebürgert	2500
ausgebürstet	2500
ausgebucht	2500
ausgebuchtet	2500
ausgedacht	2500
ausgedehnt	2500
ausgedient	2500
ausgedörrt	2500
ausgedorrt	2500
ausgedreht	2500
ausgedrückt	2500
ausgedruckt	2500
ausgedünstet	2500
ausgefahren	2500
ausgefallen	2500
ausgefegt	2500
ausgefeilt	2500
ausgefiltert	2500
ausgeflickt	2500
ausgeflogen	2500
ausgeflossen	2500
ausgefochten	2500
ausgeforscht	2500
ausgefragt	2500
ausgefranst	2500
ausgefressen	2500
ausgeführt	2500
ausgefüllt	2500
ausgefuchst	2500
ausgegangen	2500
ausgegeben	2500
ausgeglichen	2500
ausgegliedert	2500
ausgeglitten	2500
ausgegoren	2500
ausgegossen	2500
ausgegraben	2500
ausgegrenzt	2500
ausgehändigt	2500
ausgehängt	2500
ausgehärtet	2500
ausgehalten	2500
ausgehandelt	2500
ausgeharrt	2500
ausgehebelt	2500
ausgeheckt	2500
ausgeheilt	2500
ausgehen	2500
ausgehöhlt	2500
ausgehoben	2500
ausgeholfen	2500
ausgeholt	2500
ausgehorcht	2500
ausgekannt	2500
ausgekehrt	2500
ausgeklammert	2500
ausgekleidet	2500
ausgeklopft	2500
ausgeklügelt	2500
ausgeklungen	2500
ausgeknipst	2500
ausgeknobelt	2500
ausgekocht	2500
ausgekohlt	2500
ausgekommen	2500
ausgekostet	2500
ausgekratzt	2500
ausgekühlt	2500
ausgekundschaftet	2500
ausgekuppelt	2500
ausgelacht	2500
ausgeladen	2500
ausgelagert	2500
ausgelassen	2500
ausgelastet	2500
ausgelaufen	2500
ausgelaugt	2500
ausgelebt	2500
ausgeleert	2500
ausgelegt	2500
ausgeleiert	2500
ausgelenkt	2500
ausgelesen	2500
ausgeleuchtet	2500
ausgeliefert	2500
ausgeliehen	2500
ausgelistet	2500
ausgelitten	2500
ausgelöffelt	2500
ausgelöscht	2500
ausgelöst	2500
ausgelötet	2500
ausgelobt	2500
ausgelost	2500
ausgelotet	2500
ausgelüftet	2500
ausgelutscht	2500
ausgemacht	2500
ausgemalt	2500
ausgemergelt	2500
ausgemerzt	2500
ausgemessen	2500
ausgemistet	2500
ausgemustert	2500
ausgenommen	2500
ausgenüchtert	2500
ausgenützt	2500
ausgenutzt	2500
ausgepackt	2500
ausgepeitscht	2500
ausgependelt	2500
ausgepfiffen	2500
ausgepicht	2500
ausgeplaudert	2500
ausgeplündert	2500
ausgeprägt	2500
ausgepresst	2500
ausgepumpt	2500
ausgeputzt	2500
ausgequetscht	2500
ausgeräuchert	2500
ausgeräumt	2500
ausgeraubt	2500
ausgerechnet	2500
ausgeredet	2500
ausgeregelt	2500
ausgereicht	2500
ausgereift	2500
ausgereist	2500
ausgereizt	2500
ausgerenkt	2500
ausgerichtet	2500
ausgerissen	2500
ausgeritten	2500
ausgerollt	2500
ausgerottet	2500
ausgerückt	2500
ausgerüstet	2500
ausgerufen	2500
ausgeruht	2500
ausgerutscht	2500
ausgesägt	2500
ausgesät	2500
ausgesagt	2500
ausgesandt	2500
ausgesaugt	2500
ausgeschaltet	2500
ausgeschenkt	2500
ausgeschert	2500
ausgeschieden	2500
ausgeschildert	2500
ausgeschimpft	2500
ausgeschlachtet	2500
ausgeschlafen	2500
ausgeschlagen	2500
ausgeschlossen	2500
ausgeschmückt	2500
ausgeschnitten	2500
ausgeschöpft	2500
ausgeschrieben	2500
ausgeschritten	2500
ausgeschüttelt	2500
ausgeschüttet	2500
ausgeschwenkt	2500
ausgeschwitzt	2500
ausgesehen	2500
ausgesendet	2500
ausgesessen	2500
ausgesetzt	2500
ausgesöhnt	2500
ausgesondert	2500
ausgesorgt	2500
ausgespäht	2500
ausgespannt	2500
ausgespart	2500
ausgesperrt	2500
ausgespielt	2500
ausgesprochen	2500
ausgespült	2500
ausgespuckt	2500
ausgestanden	2500
ausgestanzt	2500
ausgestattet	2500
ausgestellt	2500
ausgestiegen	2500
ausgestochen	2500
ausgestopft	2500
ausgestorben	2500
ausgestoßen	2500
ausgestrahlt	2500
ausgestreckt	2500
ausgestreut	2500
ausgestrichen	2500
ausgeströmt	2500
ausgesucht	2500
ausgetauscht	2500
ausgeteilt	2500
ausgetestet	2500
ausgetilgt	2500
ausgetragen	2500
ausgetreten	2500
ausgetrieben	2500
ausgetrocknet	2500
ausgetrunken	2500
ausgetüftelt	2500
ausgeübt	2500
ausgeufert	2500
ausgewählt	2500
ausgewachsen	2500
ausgewandert	2500
ausgewaschen	2500
ausgewechselt	2500
ausgeweint	2500
ausgeweitet	2500
ausgewertet	2500
ausgewetzt	2500
ausgewichen	2500
ausgewickelt	2500
ausgewiesen	2500
ausgewildert	2500
ausgewirkt	2500
ausgewischt	2500
ausgewogen	2500
ausgeworfen	2500
ausgewrungen	2500
ausgewürfelt	2500
ausgezählt	2500
ausgezahlt	2500
ausgezehrt	2500
ausgezeichnet	2500
ausgezogen	2500
ausgibt	2500
ausgiebig	2500
ausgießen	2500
ausging	2500
ausgleichen	2500
ausgleiten	2500
ausgräbt	2500
ausgreifen	2500
aushältst	2500
aushängen	2500
aushärten	2500
aushalten	2500
ausharren	2500
aushauchen	2500
aushecken	2500
ausheilen	2500
aushelfen	2500
aushielt	2500
aushilfsweise	2500
ausholen	2500
aushorchen	2500
auskam	2500
auskannte	2500
auskehren	2500
auskennen	2500
ausklappen	2500
auskleiden	2500
ausklingen	2500
ausklinken	2500
ausklopfen	2500
ausklügeln	2500
ausknipsen	2500
auskochen	2500
auskommen	2500
auskommentieren	2500
auskosten	2500
auskratzen	2500
auskristallisieren	2500
auskühlen	2500
auskundschaften	2500
auskunftsfreudig	2500
auskunftspflichtig	2500
auskuppeln	2500
auskurieren	2500
auslädt	2500
ausländerfeindlich	2500
ausländisch	2500
auslässt	2500
ausläuft	2500
auslachen	2500
auslaufen	2500
auslauten	2500
ausleeren	2500
ausleuchten	2500
ausließ	2500
ausliest	2500
auslisten	2500
auslöffeln	2500
auslöten	2500
ausloben	2500
ausloggen	2500
auslüften	2500
ausmachen	2500
ausmalen	2500
ausmisten	2500
ausmustern	2500
ausnahm	2500
ausnahmslos	2500
ausnahmsweise	2500
ausnehmen	2500
ausnimmt	2500
auspacken	2500
auspeitschen	2500
auspfeifen	2500
auspfiff	2500
ausplaudern	2500
auspressen	2500
ausprobieren	2500
auspumpen	2500
ausputzen	2500
ausquetschen	2500
ausräumen	2500
ausradieren	2500
ausrangieren	2500
ausrasten	2500
ausrauben	2500
ausrechenbar	2500
ausreden	2500
ausreichen	2500
ausreifen	2500
ausreißen	2500
ausreisen	2500
ausreisewillig	2500
ausreiten	2500
ausreizen	2500
ausrenken	2500
ausrief	2500
ausrollen	2500
ausrücken	2500
ausrufen	2500
ausruhen	2500
ausrutschen	2500
aussägen	2500
aussäh	2500
aussätzig	2500
aussagefähig	2500
aussagekräftig	2500
aussagen	2500
aussagenlogisch	2500
aussah	2500
aussaugen	2500
ausschauen	2500
ausscheren	2500
ausschied	2500
ausschildern	2500
ausschimpfen	2500
ausschlägt	2500
ausschlachten	2500
ausschlafen	2500
ausschlagen	2500
ausschlaggebend	2500
ausschließen	2500
ausschließlich	2500
ausschlug	2500
ausschneiden	2500
ausschnittsweise	2500
ausschnüffeln	2500
ausschütteln	2500
ausschweigen	2500
ausschwenken	2500
ausschwingen	2500
ausschwitzen	2500
aussehen	2500
aussichtslos	2500
aussichtsreich	2500
aussichtsvoll	2500
aussiedeln	2500
aussieht	2500
aussortieren	2500
ausspeien	2500
ausspionieren	2500
aussprach	2500
aussprachebedingt	2500
aussprechen	2500
ausspricht	2500
ausspülen	2500
ausspucken	2500
ausstanzen	2500
ausstechen	2500
ausstehen	2500
aussteigen	2500
aussterben	2500
ausstieß	2500
ausstößt	2500
ausstopfen	2500
ausstoßen	2500
ausstrecken	2500
ausstreichen	2500
ausstreuen	2500
aussuchen	2500
austauschen	2500
austesten	2500
austilgen	2500
austoben	2500
austrägt	2500
australisch	2500
austrampeln	2500
austrat	2500
austreten	2500
austrinken	2500
austrocknen	2500
austrug	2500
austüfteln	2500
ausverkaufen	2500
auswärtig	2500
auswäscht	2500
auswarf	2500
auswaschen	2500
ausweglos	2500
ausweichen	2500
ausweinen	2500
ausweisen	2500
ausweislich	2500
auswendig	2500
auswerfen	2500
auswich	2500
auswirft	2500
auswischen	2500
auswürfeln	2500
ausziehen	2500
auszog	2500
auszuarbeiten	2500
auszuarten	2500
auszubaden	2500
auszubauen	2500
auszubessern	2500
auszubeuten	2500
auszubilden	2500
auszublasen	2500
auszublenden	2500
auszubluten	2500
auszubrechen	2500
auszubreiten	2500
auszubremsen	2500
auszubuddeln	2500
auszudehnen	2500
auszudenken	2500
auszudrücken	2500
auszudrucken	2500
auszufahren	2500
auszufallen	2500
auszufiltern	2500
auszufragen	2500
auszuführen	2500
auszufüllen	2500
auszugeben	2500
auszugehen	2500
auszugestalten	2500
auszugießen	2500
auszugleichen	2500
auszugsweise	2500
auszuhändigen	2500
auszuhängen	2500
auszuhalten	2500
auszuhandeln	2500
auszuhauchen	2500
auszuhebeln	2500
auszuhecken	2500
auszuklammern	2500
auszukommen	2500
auszukommentieren	2500
auszukotzen	2500
auszukundschaften	2500
auszulagern	2500
auszulassen	2500
auszuleben	2500
auszulegen	2500
auszuleihen	2500
auszulesen	2500
auszuliefern	2500
auszulöschen	2500
auszulösen	2500
auszuloggen	2500
auszuloten	2500
auszumachen	2500
auszumalen	2500
auszumerzen	2500
auszumessen	2500
auszunehmen	2500
auszunutzen	2500
auszupacken	2500
auszupeitschen	2500
auszuplündern	2500
auszupolieren	2500
auszuprobieren	2500
auszuräumen	2500
auszurechnen	2500
auszureden	2500
auszureichen	2500
auszureißen	2500
auszureizen	2500
auszurichten	2500
auszurotten	2500
auszurüsten	2500
auszurufen	2500
auszuruhen	2500
auszusagen	2500
auszuschalten	2500
auszuschlachten	2500
auszuschlagen	2500
auszuschließen	2500
auszuschmücken	2500
auszuschöpfen	2500
auszuschreiben	2500
auszusehen	2500
auszusenden	2500
auszusetzen	2500
auszusondern	2500
auszuspähen	2500
auszuspannen	2500
auszuspielen	2500
auszuspionieren	2500
auszusprechen	2500
auszuspucken	2500
auszustatten	2500
auszustellen	2500
auszustopfen	2500
auszustrahlen	2500
auszustrecken	2500
auszusuchen	2500
auszutauschen	2500
auszuteilen	2500
auszutilgen	2500
auszutragen	2500
auszutreiben	2500
auszutrocknen	2500
auszutüfteln	2500
auszuüben	2500
auszuwählen	2500
auszuwandern	2500
auszuwechseln	2500
auszuweichen	2500
auszuweisen	2500
auszuweiten	2500
auszuwerfen	2500
auszuwerten	2500
auszuzahlen	2500
auszuzeichnen	2500
auszuziehen	2500
autark	2500
authentisch	2500
autistisch	2500
autobiografisch	2500
autobiographisch	2500
autochthon	2500
autodidaktisch	2500
autogen	2500
autokratisch	2500
automatenfreundlich	2500
autonom	2500
autoritär	2500
autoritativ	2500
avancieren	2500
avantgardistisch	2500
avisieren	2500
axial	2500
axiomatisch	2500
azurblau	2500
azyklisch	2500
bäckt	2500
bärenstark	2500
bärtig	2500
bäuchlings	2500
bäuerlich	2500
bäumt	2500
bäumte	2500
babylonisch	2500
baden	2500
badisch	2500
bagatellisieren	2500
baggern	2500
bahnbrechend	2500
bahneigen	2500
bahnen	2500
bajuwarisch	2500
bakteriell	2500
baldig	2500
baldigst	2500
baldmöglichst	2500
balgen	2500
ballaststoffreich	2500
ballern	2500
ballettmäßig	2500
ballistisch	2500
balsamieren	2500
baltisch	2500
banal	2500
bananenrepublikanisch	2500
bandagieren	2500
bandbreitenintensiv	2500
bang	2500
bangen	2500
bankbestätigt	2500
bankfähig	2500
bankintern	2500
bankmäßig	2500
banktechnisch	2500
banküblich	2500
barbarisch	2500
barfüßig	2500
barfuß	2500
barg	2500
bargeldlos	2500
barhäuptig	2500
barmherzig	2500
barometrisch	2500
barrierefrei	2500
barst	2500
basieren	2500
basisch	2500
basteln	2500
bat	2500
batteriebetrieben	2500
batteriegepuffert	2500
bauchig	2500
bauchpinseln	2500
bauen	2500
bauernschlau	2500
baufällig	2500
baugleich	2500
baulich	2500
baumartig	2500
baumeln	2500
baumstark	2500
baumwollen	2500
baupolitisch	2500
baurechtlich	2500
baureif	2500
bauschen	2500
bauschig	2500
bautechnisch	2500
bayerisch	2500
bayrisch	2500
beängstigen	2500
beäugen	2500
beabsichtigen	2500
beabsichtigt	2500
beachtenswert	2500
beachtlich	2500
beamtenrechtlich	2500
beamtet	2500
bearbeitet	2500
beargwöhnen	2500
beaufsichtigt	2500
bebildern	2500
bechern	2500
bedächtig	2500
bedacht	2500
bedachte	2500
bedachtsam	2500
bedampfen	2500
bedanken	2500
bedarfsgerecht	2500
bedarfsorientiert	2500
bedarfst	2500
bedauerlich	2500
bedauerlicherweise	2500
bedauern	2500
bedauernswert	2500
bedeckt	2500
bedenkenlos	2500
bedenklich	2500
bedeutend	2500
bedeutsam	2500
bedeutungsähnlich	2500
bedeutungsgleich	2500
bedeutungslos	2500
bedeutungsvoll	2500
bedienerfreundlich	2500
bedienungstechnisch	2500
bedingt	2500
bedingungslos	2500
bedrängen	2500
bedrohlich	2500
bedruckt	2500
bedürfen	2500
bedürfnisgerecht	2500
bedürfnislos	2500
bedürftig	2500
bedurften	2500
beehren	2500
beeilen	2500
beeindrucken	2500
beeindruckt	2500
beenden	2500
befährt	2500
befällt	2500
befände	2500
befahl	2500
befahren	2500
befallen	2500
befand	2500
befangen	2500
befassen	2500
befehlen	2500
befehligen	2500
befehlshaberisch	2500
befestigt	2500
befeuern	2500
befiehlt	2500
befielt	2500
befindlich	2500
beflissen	2500
beflügeln	2500
befohlen	2500
befrackt	2500
befremdlich	2500
befreunden	2500
befriedigend	2500
befühlen	2500
befugt	2500
befuhr	2500
befunden	2500
begännen	2500
begab	2500
begabt	2500
begackert	2500
begangen	2500
begann	2500
begeben	2500
begehbar	2500
begehrenswert	2500
begehrlich	2500
begehrt	2500
begibt	2500
begierig	2500
begießen	2500
beging	2500
beginnen	2500
begleitet	2500
beglichen	2500
beglücken	2500
beglückwünschen	2500
begnadet	2500
begnügen	2500
begonnen	2500
begossen	2500
begräbt	2500
begraben	2500
begreifen	2500
begreiflich	2500
begreiflicherweise	2500
begrenzt	2500
begriffen	2500
begrifflich	2500
begriffsstutzig	2500
begründet	2500
begrüßenswert	2500
begrub	2500
begütert	2500
begütigen	2500
behäbig	2500
behältst	2500
behände	2500
behaart	2500
behaftet	2500
behaglich	2500
behalf	2500
behalten	2500
behandschuht	2500
behangen	2500
beharren	2500
beharrlich	2500
behauen	2500
beheimaten	2500
behelfen	2500
behelfsmäßig	2500
behelligt	2500
beherbergen	2500
beherzigen	2500
beherzt	2500
behexen	2500
behielt	2500
behilflich	2500
behilft	2500
behindert	2500
behindertengerecht	2500
behinderungsspezifisch	2500
behördenintern	2500
behördlich	2500
behoben	2500
beholfen	2500
behorchen	2500
behüten	2500
behutsam	2500
beibehältst	2500
beibehielt	2500
beibrachte	2500
beibringen	2500
beichten	2500
beiderlei	2500
beiderseitig	2500
beiderseits	2500
beidseitig	2500
beidseits	2500
beieinander	2500
beifällig	2500
beifolgen	2500
beige	2500
beigeben	2500
beigebracht	2500
beigefarben	2500
beigefügt	2500
beigegeben	2500
beigelegen	2500
beigelegt	2500
beigemengt	2500
beigemessen	2500
beigemischt	2500
beigeordnet	2500
beigepackt	2500
beigepflichtet	2500
beigesetzt	2500
beigesprungen	2500
beigestanden	2500
beigestellt	2500
beigesteuert	2500
beigetragen	2500
beigetreten	2500
beigewohnt	2500
beiläufig	2500
beileibe	2500
beiliegen	2500
beimessen	2500
beimischen	2500
beimisst	2500
beinah	2500
beinhalten	2500
beinhart	2500
beipacken	2500
beirren	2500
beißen	2500
beisammen	2500
beiseite	2500
beispielgebend	2500
beispielhaft	2500
beispiellos	2500
beispielshalber	2500
beispielsweise	2500
beisprang	2500
beispringen	2500
beistehen	2500
beisteuern	2500
beiträgt	2500
beiträten	2500
beitragen	2500
beitragsfinanziert	2500
beitragsfrei	2500
beitragspflichtig	2500
beitrat	2500
beitreiben	2500
beitreten	2500
beitrittst	2500
beitrügen	2500
beitrug	2500
beiwohnen	2500
beizeiten	2500
beizubehalten	2500
beizubringen	2500
beizufügen	2500
beizukommen	2500
beizulegen	2500
beizumessen	2500
beizumischen	2500
beizupacken	2500
beizustehen	2500
beizustellen	2500
beizutragen	2500
beizutreten	2500
beizuwohnen	2500
bejahrt	2500
bejubeln	2500
bekämen	2500
bekam	2500
bekannte	2500
bekanntermaßen	2500
bekanntgab	2500
bekanntgegeben	2500
bekanntgemacht	2500
bekanntgibt	2500
bekennen	2500
beklagen	2500
beklagenswert	2500
beklatschen	2500
beklauen	2500
bekleben	2500
bekleckern	2500
beklecksen	2500
beklommen	2500
bekloppt	2500
beknackt	2500
bekömmlich	2500
bekommen	2500
bekränzt	2500
bekreuzigen	2500
bekriegen	2500
bekritteln	2500
bekümmern	2500
bekümmert	2500
belächeln	2500
belädt	2500
belämmert	2500
belässt	2500
beläuft	2500
belabern	2500
belangen	2500
belanglos	2500
belangvoll	2500
belassen	2500
belastbar	2500
belastend	2500
belastet	2500
belastungsfrei	2500
belaubt	2500
belauern	2500
belaufen	2500
belauschen	2500
belehrend	2500
beleibt	2500
beleihungsfähig	2500
belesen	2500
beleumdet	2500
beleumundet	2500
belgisch	2500
belichtet	2500
belieben	2500
beliebig	2500
beliebt	2500
belief	2500
beliegen	2500
beliehen	2500
beließ	2500
bellen	2500
belletristisch	2500
belogen	2500
belügen	2500
belud	2500
bemächtigen	2500
bemäkelt	2500
bemängeln	2500
bemannt	2500
bemaß	2500
bemerkbar	2500
bemerkenswert	2500
bemerkenswerterweise	2500
bemerkt	2500
bemisst	2500
bemitleiden	2500
bemitleidenswert	2500
bemittelt	2500
bemüßigen	2500
benachbart	2500
benahm	2500
benannt	2500
benannte	2500
benebeln	2500
benehmen	2500
beneiden	2500
beneidenswert	2500
benetzen	2500
bengalisch	2500
benimmt	2500
benötigen	2500
benommen	2500
benützen	2500
benutzerdefiniert	2500
benutzereigen	2500
benutzerfreundlich	2500
benutzerorientiert	2500
beordert	2500
bepacken	2500
bequatschen	2500
bequem	2500
bequemen	2500
berätst	2500
berappen	2500
beratschlagen	2500
berauschend	2500
berechenbar	2500
berechtigterweise	2500
bereden	2500
beredsam	2500
beredt	2500
bereichsübergreifend	2500
bereisen	2500
bereit	2500
bereitgehalten	2500
bereitgelegen	2500
bereitgestellt	2500
bereithältst	2500
bereithielt	2500
bereitliegen	2500
bereitstand	2500
bereitstehen	2500
bereitstünde	2500
bereitwillig	2500
bereitzufinden	2500
bereitzuhalten	2500
bereitzustellen	2500
bereuen	2500
bergab	2500
bergan	2500
bergauf	2500
bergbaugerecht	2500
bergbaulich	2500
bergbauspezifisch	2500
bergbautauglich	2500
bergbautechnisch	2500
bergeweise	2500
bergig	2500
bergisch	2500
bergsteigen	2500
bergstieg	2500
bergwerksgerecht	2500
berichten	2500
berichtenswert	2500
berichtigungsfähig	2500
berief	2500
beriefe	2500
beriet	2500
beritten	2500
berlinisch	2500
bersten	2500
berüchtigt	2500
berücksichtigt	2500
berühmt	2500
berührt	2500
berufen	2500
beruflich	2500
berufsbedingt	2500
berufsbegleitend	2500
berufsbezogen	2500
berufsbildend	2500
berufserfahren	2500
berufsethischen	2500
berufsfremd	2500
berufslos	2500
berufsmäßig	2500
berufsnotwendig	2500
berufstätig	2500
berufstechnisch	2500
berufsvorbereitend	2500
beruhen	2500
bes.	2500
besäße	2500
besäuft	2500
besagen	2500
besah	2500
besaiten	2500
besann	2500
besaß	2500
besatzungsfremd	2500
besaufen	2500
beschädigt	2500
beschäftigungslos	2500
beschauen	2500
beschaulich	2500
bescheint	2500
beschenken	2500
bescheuert	2500
beschieden	2500
beschienen	2500
beschirmt	2500
beschissen	2500
beschlägt	2500
beschlagen	2500
beschleichen	2500
beschlich	2500
beschließen	2500
beschlossen	2500
beschlossenermaßen	2500
beschlug	2500
beschlussfähig	2500
beschlussunfähig	2500
beschmieren	2500
beschmutzen	2500
beschnitten	2500
beschösse	2500
beschossen	2500
beschosst	2500
beschränkt	2500
beschrankt	2500
beschreiten	2500
beschrieb	2500
beschriebe	2500
beschrieben	2500
beschritten	2500
beschützen	2500
beschwerdefrei	2500
beschwerlich	2500
beschwert	2500
beschwindeln	2500
beschwingt	2500
beschwipsen	2500
beschworen	2500
beseelen	2500
besehen	2500
besessen	2500
besiegeln	2500
besingen	2500
besinnlich	2500
besinnungslos	2500
besitzanzeigend	2500
besitzen	2500
besitzergreifend	2500
besitzlos	2500
besoffen	2500
besohlen	2500
besoldungsmäßig	2500
besondere	2500
besonnen	2500
besorgniserregend	2500
besorgt	2500
bespicken	2500
bespielen	2500
besprach	2500
besprengen	2500
bespricht	2500
bespritzen	2500
besprochen	2500
besprühen	2500
bespucken	2500
best	2500
beständig	2500
bestäuben	2500
bestach	2500
bestahl	2500
bestanden	2500
bestaunen	2500
bestausgebaut	2500
bestaussehend	2500
bestbesucht	2500
bestbewährt	2500
bestbewertet	2500
bestbezahlt	2500
bestbezeugt	2500
bestechlich	2500
bestehen	2500
bestehlen	2500
besteingeführt	2500
besteingerichtet	2500
bestempfohlen	2500
bestenfalls	2500
bestens	2500
besterhalten	2500
bestgeführt	2500
bestgehütet	2500
bestgelegen	2500
bestialisch	2500
besticht	2500
besticken	2500
bestiegen	2500
bestiehlt	2500
bestimmt	2500
bestmöglich	2500
bestochen	2500
bestohlen	2500
bestorganisiert	2500
bestorientiert	2500
bestreichen	2500
bestreiken	2500
bestreiten	2500
bestreuen	2500
bestrichen	2500
bestricken	2500
bestritten	2500
bestrumpft	2500
bestünden	2500
besuchen	2500
besudeln	2500
besungen	2500
beta	2500
betagt	2500
betanken	2500
betasten	2500
betatschen	2500
beten	2500
betiteln	2500
betonieren	2500
betr.	2500
beträchtlich	2500
beträfe	2500
beträgt	2500
betraf	2500
betragen	2500
betragsmäßig	2500
betrank	2500
betrat	2500
betrauern	2500
betreffen	2500
betreffs	2500
betrieben	2500
betrieblich	2500
betriebsam	2500
betriebsbedingt	2500
betriebsbereit	2500
betriebseigen	2500
betriebsextern	2500
betriebsfähig	2500
betriebsintern	2500
betriebsnah	2500
betriebssicher	2500
betriebswirtschaftlich	2500
betrifft	2500
betrinken	2500
betrittst	2500
betroffen	2500
betrogen	2500
betrüben	2500
betrüblich	2500
betrügen	2500
betrügerisch	2500
betrunken	2500
bettelarm	2500
betteln	2500
bettlägerig	2500
bettnässen	2500
betucht	2500
betupfen	2500
beugsam	2500
beuteln	2500
beuten	2500
bevölkerungsärmer	2500
bevölkerungsärmste	2500
bevölkerungsarm	2500
bevölkerungsreich	2500
bevor	2500
bevorraten	2500
bevorschussen	2500
bevorstand	2500
bevorstehen	2500
bewährt	2500
bewachsen	2500
bewahrheiten	2500
bewalden	2500
bewaldet	2500
bewandert	2500
bewarb	2500
bewarf	2500
beweglich	2500
bewegungsfähig	2500
bewegungslos	2500
bewegungsunfähig	2500
beweinen	2500
beweint	2500
beweisen	2500
beweiskräftig	2500
beweispflichtig	2500
bewenden	2500
bewerfen	2500
bewerkstelligen	2500
bewies	2500
bewiesen	2500
bewiesenermaßen	2500
bewirbt	2500
bewirft	2500
bewirken	2500
bewölkt	2500
bewog	2500
bewohnen	2500
bewohnt	2500
beworben	2500
beworfen	2500
bewundernswert	2500
bewundernswürdig	2500
bewunderungswürdig	2500
bewusst	2500
bewusstlos	2500
bez.	2500
bezahlt	2500
bezeichnenderweise	2500
beziehungslos	2500
beziehungsunfähig	2500
beziehungsweise	2500
beziffern	2500
bezöge	2500
bezogen	2500
bezüglich	2500
bezugnehmend	2500
bezugsfrei	2500
bezuschussen	2500
bezwang	2500
bezwecken	2500
bezweifeln	2500
bezwungen	2500
bibbern	2500
bibelfest	2500
bibeltreu	2500
bibliografisch	2500
bibliographisch	2500
biblisch	2500
bidirektional	2500
bieder	2500
biegsam	2500
bieten	2500
bifilar	2500
bijektiv	2500
bilanzmäßig	2500
bilanzsicher	2500
bilateral	2500
bilderreich	2500
bilderstürmerisch	2500
bildfähig	2500
bildgebend	2500
bildhaft	2500
bildhübsch	2500
bildhübscheste	2500
bildlich	2500
bildorientiert	2500
bildschirmspezifisch	2500
bildschön	2500
bildungsbürgerlich	2500
bildungsfähig	2500
bildungsfern	2500
bildungshungrig	2500
bildungspolitisch	2500
bildungssprachlich	2500
bilingual	2500
billigerweise	2500
billionste	2500
bimmeln	2500
binational	2500
binnenländisch	2500
binomisch	2500
biochemisch	2500
biodynamisch	2500
biogen	2500
biografisch	2500
biographisch	2500
biologisch	2500
biologistisch	2500
biomedizinisch	2500
biometrisch	2500
biotechnisch	2500
biotechnologisch	2500
birgt	2500
birnenförmig	2500
bischöflich	2500
bisexuell	2500
bisherig	2500
bislang	2500
bisschen	2500
bissig	2500
bistabil	2500
bisweilen	2500
bitten	2500
bitter	2500
bitterarm	2500
bitterbös	2500
bitterkalt	2500
bitterlich	2500
bitteschön	2500
bitweise	2500
bivalent	2500
bizarr	2500
bizonal	2500
blässer	2500
blässlich	2500
bläst	2500
blättern	2500
bläulich	2500
blamabel	2500
blamieren	2500
blanchieren	2500
blank	2500
blankgefegt	2500
blankgeputzt	2500
blasenfrei	2500
blasiert	2500
blasphemisch	2500
blass	2500
blauäugig	2500
blaugelb	2500
blaugemacht	2500
blaugrau	2500
blaugrün	2500
blaumetallic	2500
blechen	2500
blechern	2500
bleiben	2500
bleichen	2500
bleiern	2500
bleifarben	2500
bleifrei	2500
bleihaltig	2500
bleischwer	2500
blich	2500
blicken	2500
blickfangend	2500
blicklos	2500
blieb	2500
blies	2500
blindlings	2500
blindwütig	2500
blinken	2500
blinzeln	2500
blitzartig	2500
blitzblank	2500
blitzen	2500
blitzschnell	2500
blöd	2500
blödeln	2500
blöderweise	2500
blödsinnig	2500
blöken	2500
blocken	2500
blockfrei	2500
blockweise	2500
bloggen	2500
blond	2500
bloß	2500
bloßgelegt	2500
bloßgestellt	2500
bloßzulegen	2500
bloßzustellen	2500
blühen	2500
blütenübersät	2500
blütenweiß	2500
bluffen	2500
blumig	2500
blutarm	2500
blutbesudelt	2500
blutdürstig	2500
bluten	2500
blutig	2500
blutjung	2500
blutrot	2500
blutrünstig	2500
blutstillend	2500
blutunterlaufen	2500
blutverschmiert	2500
böhmisch	2500
böig	2500
böllern	2500
börsenfähig	2500
börsengängig	2500
börsennotiert	2500
börsentechnisch	2500
bös	2500
bösartig	2500
böswillig	2500
böte	2500
bocken	2500
bockig	2500
bodenlos	2500
bodennah	2500
bodenständig	2500
bog	2500
bogenförmig	2500
bohnern	2500
bohrsch	2500
bolivianisch	2500
bolschewistisch	2500
bombastisch	2500
bombenfest	2500
bombengeschädigt	2500
bombig	2500
bonbonfarben	2500
bonitätsfördernd	2500
boolesch	2500
boomen	2500
booten	2500
bootfähig	2500
bordeigen	2500
borgen	2500
borniert	2500
borstig	2500
boshaft	2500
bosniakisch	2500
bosnisch	2500
bot	2500
botanisch	2500
boulevardesk	2500
boxen	2500
boykottieren	2500
brächten	2500
brätst	2500
bräuchten	2500
bräunlich	2500
brach	2500
brachial	2500
brachliegen	2500
brachte	2500
branchenfremd	2500
branchenintern	2500
branchenkundig	2500
branchenspezifisch	2500
branchenüblich	2500
branchenuntypisch	2500
branden	2500
brandenburgisch	2500
brandig	2500
brandneu	2500
brandresistent	2500
brandschatzen	2500
brannte	2500
brasilianisch	2500
brauchbar	2500
brauchen	2500
brauen	2500
braunschwarz	2500
brausen	2500
brav	2500
bravourös	2500
bravurös	2500
brechungsartig	2500
breiig	2500
breitangelegt	2500
breitbandig	2500
breitbeinig	2500
breitgeschlagen	2500
breitgetratscht	2500
breitgetreten	2500
breitrandig	2500
breitschlagen	2500
breitschulterig	2500
breitspurig	2500
breittreten	2500
breitzutreten	2500
brennen	2500
brennend	2500
brenzlig	2500
bretonisch	2500
bricht	2500
brieflich	2500
briet	2500
brisant	2500
britisch	2500
bröckeln	2500
bröcklig	2500
bröseln	2500
brodeln	2500
bromidfrei	2500
bronzeartig	2500
bronzefarben	2500
bronzen	2500
broschieren	2500
brotbackend	2500
brüchig	2500
brüderlich	2500
brühen	2500
brüllen	2500
brünett	2500
brüsk	2500
brüten	2500
bruchfest	2500
bruchstückhaft	2500
brummeln	2500
brummen	2500
brummig	2500
brusttief	2500
brutal	2500
bspw.	2500
bübisch	2500
bücken	2500
büffeln	2500
bügelfrei	2500
bügeln	2500
bühnengewandt	2500
bühnenhaft	2500
bühnenkundig	2500
bühnenwirksam	2500
büken	2500
bündelweise	2500
bündig	2500
bündnisfrei	2500
bündniskonform	2500
bürden	2500
bürgen	2500
bürgerkriegsähnlich	2500
bürgerlich	2500
bürokratisch	2500
büßen	2500
buchhalterisch	2500
buchmäßig	2500
buchstäblich	2500
buchstabengemäß	2500
buchstabengetreu	2500
buchstabieren	2500
buckeln	2500
bucklig	2500
buddeln	2500
buddhistisch	2500
bugsieren	2500
buhen	2500
buhlen	2500
buk	2500
bulgarisch	2500
bullig	2500
bummeln	2500
bumsen	2500
bumsfidel	2500
bundesbehördlich	2500
bundesdeutsch	2500
bundesgesetzlich	2500
bundespolitisch	2500
bundesstaatlich	2500
bundesweit	2500
buntbedruckt	2500
buntfarben	2500
buntfarbig	2500
buntschillernd	2500
burgenreich	2500
burgundisch	2500
burlesk	2500
burmesisch	2500
burschenhaft	2500
burschikos	2500
bußfertig	2500
busartige	2500
buschig	2500
busenlos	2500
buttern	2500
byzantinisch	2500
bzgl.	2500
bzw.	2500
ca.	2500
calvinistisch	2500
campinggerecht	2500
cartansch	2500
cetera	2500
cf.	2500
chancenlos	2500
chancenreich	2500
chaotisch	2500
charakterbildend	2500
charakterfest	2500
charakteristisch	2500
charakterlich	2500
charakterlos	2500
charakterstark	2500
charaktervoll	2500
chargieren	2500
charismatisch	2500
charmant	2500
chartern	2500
chatten	2500
chauffieren	2500
chauvinistisch	2500
chemisch	2500
chi	2500
chic	2500
chiffrieren	2500
chilenisch	2500
chinesisch	2500
chirurgisch	2500
chlorfrei	2500
cholerisch	2500
choreografisch	2500
choreographieren	2500
choreographisch	2500
christianisieren	2500
christlich	2500
christsozial	2500
chromatisch	2500
chronisch	2500
chronologisch	2500
cineastisch	2500
circa	2500
clausus	2500
clever	2500
clippen	2500
cm	2500
coaten	2500
compilieren	2500
computergeneriert	2500
computergesteuert	2500
computergestützt	2500
computerisiert	2500
computerorientiert	2500
computervermittelt	2500
contra	2500
cool	2500
couragiert	2500
cremefarben	2500
cremefarbig	2500
cremen	2500
cum	2500
curryfarben	2500
dächte	2500
dämlich	2500
dämmerhaft	2500
dämmerig	2500
dämonisch	2500
dämonisieren	2500
dänisch	2500
dabeibleiben	2500
dabeigeblieben	2500
dabeigestanden	2500
dabeistand	2500
dabeistehen	2500
dabeizuhaben	2500
dableiben	2500
dachte	2500
dackeln	2500
dafürgehalten	2500
dafürhalten	2500
dageblieben	2500
dagestanden	2500
dagewesen	2500
daheim	2500
dahergekommen	2500
daherkam	2500
daherkommen	2500
daherschleichen	2500
dahertrieb	2500
dahingegangen	2500
dahingegen	2500
dahingehen	2500
dahingeschlichen	2500
dahingestellt	2500
dahinging	2500
dahingleiten	2500
dahinglitt	2500
dahinraffen	2500
dahinschleppen	2500
dahinstehen	2500
dahinstelzen	2500
dahinsterben	2500
dahinstürmen	2500
dahinten	2500
dahinterstehen	2500
dahintreiben	2500
dahinvegetieren	2500
dahinwandern	2500
dahinwelken	2500
dahinziehen	2500
daliegen	2500
damalig	2500
damenhaft	2500
dampfen	2500
danebenbenehmen	2500
danebenbenommen	2500
danebengegangen	2500
danebengehen	2500
danebenliegen	2500
danebenzubenehmen	2500
danieder	2500
dankbar	2500
danken	2500
dankenswert	2500
dankenswerterweise	2500
dar	2500
darangegangen	2500
darangehen	2500
darangesetzt	2500
daranging	2500
daranmachen	2500
daransetzen	2500
daraufgelegt	2500
daraufhin	2500
darben	2500
darbot	2500
darein	2500
dargeboten	2500
dargelegt	2500
dargereicht	2500
dargestellt	2500
dargetan	2500
darreichen	2500
darstellerisch	2500
darstellungsbedingt	2500
darunterlag	2500
darunterliegen	2500
darzubringen	2500
darzulegen	2500
darzustellen	2500
dasaß	2500
dasitzen	2500
dasjenige	2500
dasselbige	2500
dastand	2500
dastehen	2500
datenbasiert	2500
datenschutzgerecht	2500
datenschutzkonform	2500
datenschutzrechtlich	2500
datentechnisch	2500
dato	2500
dauergeleuchtet	2500
dauerhaft	2500
dauern	2500
daunenweich	2500
davonfahren	2500
davonfliegen	2500
davonflog	2500
davonfuhr	2500
davongefahren	2500
davongekommen	2500
davongelaufen	2500
davongemacht	2500
davongerissen	2500
davongeschlichen	2500
davongetragen	2500
davonging	2500
davonjagen	2500
davonkommen	2500
davonlaufen	2500
davonmachen	2500
davonrannte	2500
davonrasen	2500
davonschleichen	2500
davontragen	2500
davontrug	2500
davonzukommen	2500
davonzustehlen	2500
davonzutragen	2500
dazuführen	2500
dazugeben	2500
dazugehören	2500
dazugehörig	2500
dazugekommen	2500
dazugelegt	2500
dazugelernt	2500
dazugesagt	2500
dazugeschaltet	2500
dazugetan	2500
dazugewonnen	2500
dazugießen	2500
dazugoss	2500
dazuhaben	2500
dazukaufen	2500
dazukommen	2500
dazulegen	2500
dazulernen	2500
dazumal	2500
dazunimmt	2500
dazurechenbar	2500
dazurechnen	2500
dazuschlägt	2500
dazustehen	2500
dazutuend	2500
dazutun	2500
dazuverdienen	2500
dazuzulernen	2500
dazuzuverdienen	2500
dazwischenfahren	2500
dazwischenfunken	2500
dazwischengefahren	2500
dazwischengekommen	2500
dazwischengelegen	2500
dazwischengetreten	2500
dazwischengeworfen	2500
dazwischenkommen	2500
dazwischenliegen	2500
dazwischentreten	2500
dazwischenwarf	2500
dazwischenwerfen	2500
dazwischenwirft	2500
de	2500
dealen	2500
debattieren	2500
debil	2500
debütieren	2500
dechiffrieren	2500
deckungsgleich	2500
deckungspflichtig	2500
dediziert	2500
deduktiv	2500
deduzieren	2500
deeskalieren	2500
defaultmäßig	2500
defilieren	2500
definierbar	2500
definieren	2500
definit	2500
definitionem	2500
definitionsgemäß	2500
definitiv	2500
defizitär	2500
defizitorientiert	2500
deflationär	2500
deformiert	2500
defragmentieren	2500
deftig	2500
degressiv	2500
dehnbar	2500
deichseln	2500
deindustrialisieren	2500
deinerseits	2500
deinesgleichen	2500
deinetwegen	2500
deinetwillen	2500
deinige	2500
deinstallieren	2500
dekadent	2500
dekadisch	2500
deklamatorisch	2500
deklamieren	2500
deklarativ	2500
deklarieren	2500
deklinieren	2500
dekomprimieren	2500
dekorativ	2500
dekorieren	2500
dekretieren	2500
delegieren	2500
delektieren	2500
delikat	2500
delphisch	2500
demagogisch	2500
demaskieren	2500
demjenigen	2500
demnächst	2500
demnach	2500
demografisch	2500
demographisch	2500
demokratisch	2500
demonstrativ	2500
demonstrieren	2500
demontieren	2500
demoskopisch	2500
demotivieren	2500
demütig	2500
denjenigen	2500
denkähnliche	2500
denkbar	2500
denkfähig	2500
denkfaul	2500
denkmalgeschützt	2500
denkwürdig	2500
dennoch	2500
dennschon	2500
denominieren	2500
denotativ	2500
denunziatorisch	2500
denunzieren	2500
deplatzieren	2500
deponieren	2500
deportieren	2500
deppern	2500
depressiv	2500
deprimieren	2500
deputieren	2500
derart	2500
derartig	2500
derb	2500
dereferenzieren	2500
dereinst	2500
dereinstig	2500
derenthalben	2500
derentwegen	2500
derentwillen	2500
derer	2500
derespektierlich	2500
dergestalt	2500
dergleichen	2500
derlei	2500
dermatologisch	2500
derselbige	2500
derweil	2500
derzeit	2500
derzeitig	2500
derzufolge	2500
desaströs	2500
deselektieren	2500
desertieren	2500
desgleichen	2500
designen	2500
designiert	2500
designt	2500
designtest	2500
desinteressiert	2500
desjenigen	2500
deskriptiv	2500
desolat	2500
desorganisiert	2500
desorientieren	2500
despotisch	2500
dessentwegen	2500
desto	2500
destruktiv	2500
detailliert	2500
detailreich	2500
detektivisch	2500
determinieren	2500
deterministisch	2500
detonieren	2500
deuten	2500
deutlich	2500
deutschere	2500
deutscheste	2500
deutschfeindlich	2500
deutschsprachig	2500
devalvieren	2500
devisenbewirtschaftet	2500
devot	2500
dezent	2500
dezentral	2500
dezidieren	2500
dezimieren	2500
diabetisch	2500
diabolisch	2500
diagnostisch	2500
diagnostizieren	2500
diagonal	2500
diagonalisieren	2500
diakonisch	2500
dialektal	2500
dialektisch	2500
dialektunabhängig	2500
diamantbesetzt	2500
diamanten	2500
diametral	2500
dichtauf	2500
dichterisch	2500
dickfellig	2500
dickflüssig	2500
dickköpfig	2500
dickleibig	2500
dicklich	2500
dickste	2500
dickwanstig	2500
didaktisch	2500
diebessicher	2500
diebisch	2500
dienen	2500
dienlich	2500
dienstagabends	2500
dienstagmorgens	2500
dienstagnachts	2500
dienstbar	2500
dienstbegleitend	2500
dienstbereit	2500
diensteifrig	2500
dienstfrei	2500
dienstlich	2500
diensttauglich	2500
dienstunfähig	2500
dienstuntauglich	2500
dienstwillig	2500
diesbezüglich	2500
diesig	2500
diesjährig	2500
diesmal	2500
diesseitig	2500
diesseits	2500
dieweil	2500
differentiell	2500
differenziell	2500
differenziert	2500
differieren	2500
diffizil	2500
diffundieren	2500
diffus	2500
diktatorisch	2500
diktieren	2500
dilettantisch	2500
dimensionslos	2500
dimmen	2500
dingfest	2500
dinglich	2500
dinieren	2500
diplomatisch	2500
diplomiert	2500
direktional	2500
direktiv	2500
dirigieren	2500
dirigistisch	2500
disharmonisch	2500
disjunkt	2500
disjunktiv	2500
diskontieren	2500
diskontinuierlich	2500
diskret	2500
diskretere	2500
diskretest	2500
diskriminierungsfrei	2500
diskursiv	2500
diskussionsfähig	2500
diskutieren	2500
disparat	2500
dispensieren	2500
dispers	2500
disponieren	2500
disproportional	2500
disproportioniert	2500
disputieren	2500
dissipativ	2500
dissozial	2500
dissoziativ	2500
distanziert	2500
distanzlos	2500
disziplinär	2500
disziplinarisch	2500
diszipliniert	2500
dito	2500
div	2500
divergieren	2500
divers	2500
dividieren	2500
dm	2500
dörflich	2500
dörren	2500
dösen	2500
documenta	2500
dogmatisch	2500
dogmenartig	2500
dokumentarisch	2500
dokumentieren	2500
dolmetschen	2500
domänenspezifisch	2500
domartig	2500
dominant	2500
domini	2500
dominieren	2500
dominikanisch	2500
donnern	2500
donnerstagabends	2500
donnerstagmorgens	2500
donnerstagnachts	2500
doof	2500
doppeldeutig	2500
doppelgesichtig	2500
doppelklicken	2500
doppelseitig	2500
doppelstöckig	2500
doppelt	2500
doppelwandig	2500
dornig	2500
dorren	2500
dorthin	2500
dortig	2500
dottergelb	2500
downgraden	2500
downloaden	2500
downzugraden	2500
dozieren	2500
dpi	2500
drängeln	2500
drängend	2500
drachenähnlich	2500
drahtig	2500
drahtlos	2500
drakonisch	2500
drall	2500
dramatisch	2500
dramaturgisch	2500
dran	2500
drangsalieren	2500
drangvoll	2500
dranhängen	2500
drankommen	2500
drapieren	2500
drastisch	2500
drauf	2500
draufdrücken	2500
draufgehen	2500
draufgeklebt	2500
draufhauen	2500
drauflegen	2500
drauflos	2500
drauflosgegangen	2500
drauflosgehen	2500
drauflosging	2500
draufschlagen	2500
draufzahlen	2500
draußen	2500
drechseln	2500
dreckig	2500
dreiaderig	2500
dreidimensional	2500
dreieckig	2500
dreieinhalb	2500
dreieinhalbfach	2500
dreielementig	2500
dreierlei	2500
dreifach	2500
dreifaltig	2500
dreifarbig	2500
dreigeschossig	2500
dreigeteilt	2500
dreihundert	2500
dreihundertmal	2500
dreijährig	2500
dreimal	2500
dreimalig	2500
dreiminütig	2500
dreimonatig	2500
dreimonatlich	2500
dreingeschlagen	2500
dreinschauen	2500
dreinschlagen	2500
dreinzuschauen	2500
dreiprozentig	2500
dreißig	2500
dreißigfach	2500
dreißigjährig	2500
dreißigste	2500
dreischichtig	2500
dreiseitig	2500
dreisemestrig	2500
dreisilbig	2500
dreisprachig	2500
dreispurig	2500
dreist	2500
dreistellig	2500
dreistimmig	2500
dreistöckig	2500
dreistündig	2500
dreistufig	2500
dreitägig	2500
dreitausend	2500
dreiteilig	2500
dreiundachtzig	2500
dreiundachtzigste	2500
dreiunddreißig	2500
dreiunddreißigste	2500
dreiundfünfzig	2500
dreiundfünfzigste	2500
dreiundneunzig	2500
dreiundneunzigste	2500
dreiundsechzig	2500
dreiundsechzigste	2500
dreiundsiebzig	2500
dreiundsiebzigste	2500
dreiundvierzig	2500
dreiundvierzigste	2500
dreiundzwanzig	2500
dreiundzwanzigste	2500
dreiviertel	2500
dreiviertelstündig	2500
dreiwöchig	2500
dreizehn	2500
dreizehnjährig	2500
dreizehnmal	2500
dreizehnte	2500
dreschen	2500
dressieren	2500
dribbeln	2500
driften	2500
drillen	2500
dringen	2500
dringlich	2500
drinnen	2500
drinstecken	2500
drinstehen	2500
drittbest	2500
drittgrößte	2500
drittklassig	2500
drittletzte	2500
drittplatziert	2500
drittstärkste	2500
dröge	2500
dröhnen	2500
droben	2500
drogenabhängig	2500
drogensüchtig	2500
drollig	2500
drolligerweise	2500
drosch	2500
drüben	2500
drüber	2500
drüberfährt	2500
drüberfahren	2500
drüberfuhr	2500
drückend	2500
druckabhängig	2500
druckempfindlich	2500
druckerspezifisch	2500
druckfähig	2500
druckfertig	2500
druckfest	2500
druckfrisch	2500
drucklos	2500
druckreif	2500
drucktechnisch	2500
druckvoll	2500
druckwasserfrei	2500
drumherum	2500
drunten	2500
drunter	2500
dto.	2500
dümmer	2500
dümmlich	2500
dümmste	2500
dümpeln	2500
dünkt	2500
dünnflüssig	2500
dünsten	2500
düpieren	2500
dürftig	2500
dürr	2500
dürsten	2500
düster	2500
düsterblau	2500
dual	2500
dualistisch	2500
dubio	2500
dubios	2500
ducken	2500
duellieren	2500
duften	2500
duftig	2500
duftlos	2500
duldsam	2500
dumm	2500
dummerweise	2500
dumpf	2500
dunkelblau	2500
dunkelblond	2500
dunkelbraun	2500
dunkelgrau	2500
dunkelgrün	2500
dunkelhäutig	2500
dunkelhaarig	2500
dunkelrot	2500
dunstig	2500
duplex	2500
durchackern	2500
durchatmen	2500
durchbacken	2500
durchbeißen	2500
durchbiss	2500
durchblättern	2500
durchblicken	2500
durchbluten	2500
durchbohren	2500
durchbrach	2500
durchbraten	2500
durchbrechen	2500
durchbrennen	2500
durchbricht	2500
durchbringen	2500
durchbrochen	2500
durchdacht	2500
durchdenken	2500
durchdrängen	2500
durchdrang	2500
durchdrehen	2500
durchdrücken	2500
durchdrungen	2500
durcheilen	2500
durcheinanderbrachte	2500
durcheinanderbringen	2500
durcheinandergebracht	2500
durchexerzieren	2500
durchfahren	2500
durchfallen	2500
durchfechten	2500
durchfliegen	2500
durchfließen	2500
durchflog	2500
durchfocht	2500
durchfragen	2500
durchfroren	2500
durchfüttern	2500
durchfuhr	2500
durchgängig	2500
durchgeackert	2500
durchgearbeitet	2500
durchgebacken	2500
durchgeben	2500
durchgebissen	2500
durchgeblättert	2500
durchgeblickt	2500
durchgeboxt	2500
durchgebracht	2500
durchgebrannt	2500
durchgebraten	2500
durchgebrochen	2500
durchgedrängt	2500
durchgedreht	2500
durchgedrückt	2500
durchgedrungen	2500
durchgeeilt	2500
durchgefahren	2500
durchgefallen	2500
durchgefegt	2500
durchgeflogen	2500
durchgeflossen	2500
durchgefochten	2500
durchgefragt	2500
durchgeführt	2500
durchgegangen	2500
durchgegeben	2500
durchgegriffen	2500
durchgehärtet	2500
durchgehalten	2500
durchgehangen	2500
durchgehen	2500
durchgekämpft	2500
durchgekaut	2500
durchgeklettert	2500
durchgeknallt	2500
durchgeknetet	2500
durchgekommen	2500
durchgekoppelt	2500
durchgekreuzt	2500
durchgelassen	2500
durchgelaufen	2500
durchgeleitet	2500
durchgelesen	2500
durchgelüftet	2500
durchgelutscht	2500
durchgemacht	2500
durchgepeitscht	2500
durchgeplant	2500
durchgereist	2500
durchgerissen	2500
durchgeritten	2500
durchgerostet	2500
durchgesägt	2500
durchgesagt	2500
durchgeschaltet	2500
durchgeschaut	2500
durchgeschimmert	2500
durchgeschlagen	2500
durchgeschleift	2500
durchgeschleust	2500
durchgeschliffen	2500
durchgeschnitten	2500
durchgeschossen	2500
durchgeschüttelt	2500
durchgeschweißt	2500
durchgeschwommen	2500
durchgesegelt	2500
durchgesehen	2500
durchgesetzt	2500
durchgesickert	2500
durchgesiebt	2500
durchgespielt	2500
durchgesprochen	2500
durchgespült	2500
durchgestanden	2500
durchgestiegen	2500
durchgestöbert	2500
durchgestochen	2500
durchgestoßen	2500
durchgestreckt	2500
durchgestrichen	2500
durchgesucht	2500
durchgetreten	2500
durchgevögelt	2500
durchgewachsen	2500
durchgewandert	2500
durchgewatet	2500
durchgeweicht	2500
durchgewinkt	2500
durchgewühlt	2500
durchgewunken	2500
durchgezogen	2500
durchgezwängt	2500
durchgreifen	2500
durchgriff	2500
durchhältst	2500
durchhängen	2500
durchhalten	2500
durchkämmen	2500
durchkam	2500
durchklettern	2500
durchkneten	2500
durchkommen	2500
durchkonstruieren	2500
durchkoppeln	2500
durchkreuzen	2500
durchlässig	2500
durchlässt	2500
durchläuft	2500
durchlassen	2500
durchlaufen	2500
durchleben	2500
durchlesen	2500
durchlief	2500
durchliest	2500
durchlöchern	2500
durchmachen	2500
durchmarschieren	2500
durchnässen	2500
durchnehmen	2500
durchnummerieren	2500
durchorganisieren	2500
durchpeitschen	2500
durchpflügen	2500
durchprobieren	2500
durchrechenbar	2500
durchrechnen	2500
durchreißen	2500
durchreisen	2500
durchreiten	2500
durchringen	2500
durchrutschen	2500
durchsägen	2500
durchsacken	2500
durchsagen	2500
durchschauen	2500
durchschauern	2500
durchscheinen	2500
durchschimmern	2500
durchschlafen	2500
durchschlagen	2500
durchschlagkräftig	2500
durchschleusen	2500
durchschlief	2500
durchschlug	2500
durchschneiden	2500
durchschnittlich	2500
durchschreiben	2500
durchschritt	2500
durchschwamm	2500
durchschwimmen	2500
durchsegeln	2500
durchsehen	2500
durchsetzt	2500
durchsichtig	2500
durchsickern	2500
durchsieben	2500
durchspielen	2500
durchsprechen	2500
durchspülen	2500
durchstarten	2500
durchstechen	2500
durchstehen	2500
durchsteigen	2500
durchstöbern	2500
durchstößt	2500
durchstochen	2500
durchstoßen	2500
durchstreichen	2500
durchstreifen	2500
durchströmen	2500
durchtasten	2500
durchtoggeln	2500
durchtränken	2500
durchtrennen	2500
durchtrieben	2500
durchvögeln	2500
durchwählen	2500
durchwachsen	2500
durchwandern	2500
durchwaten	2500
durchwechseln	2500
durchweg	2500
durchweichen	2500
durchwinken	2500
durchwühlen	2500
durchziehen	2500
durchzogen	2500
durchzuatmen	2500
durchzublättern	2500
durchzuboxen	2500
durchzubrechen	2500
durchzubringen	2500
durchzucken	2500
durchzudrehen	2500
durchzudringen	2500
durchzudrücken	2500
durchzuführen	2500
durchzugreifen	2500
durchzuhalten	2500
durchzukämmen	2500
durchzukommen	2500
durchzulassen	2500
durchzulesen	2500
durchzumachen	2500
durchzumogeln	2500
durchzurechnen	2500
durchzusägen	2500
durchzuschalten	2500
durchzusehen	2500
durchzusetzen	2500
durchzustehen	2500
durchzuwechseln	2500
durchzuziehen	2500
durchzwängen	2500
dursten	2500
durstig	2500
duschen	2500
dusslig	2500
dutzendweise	2500
duzen	2500
dynamisch	2500
dynastisch	2500
dystopisch	2500
eBay	2500
ebben	2500
ebenbürtig	2500
ebenda	2500
ebendaher	2500
ebendahin	2500
ebendann	2500
ebendarum	2500
ebendaselbst	2500
ebender	2500
ebenderselbe	2500
ebendeshalb	2500
ebendeswegen	2500
ebendies	2500
ebendieselbe	2500
ebenerdig	2500
ebenfalls	2500
ebenjene	2500
ebensolche	2500
ebnen	2500
echauffieren	2500
echt	2500
echtzeitfähig	2500
echtzeitgesteuert	2500
ecken	2500
eckig	2500
ecuadorianisch	2500
edeldenkend	2500
edelgesinnt	2500
edelmütig	2500
editieren	2500
edukativ	2500
effekthaschend	2500
effektvoll	2500
effizienzmindernd	2500
effizienzverbessernd	2500
egal	2500
egalitär	2500
egoistisch	2500
egoman	2500
egozentrisch	2500
ehebrechen	2500
ehebrecherisch	2500
ehedem	2500
ehelich	2500
ehelichen	2500
ehelos	2500
ehemalig	2500
ehemals	2500
ehemündig	2500
eher	2500
ehest	2500
ehewidrig	2500
ehrbar	2500
ehrenamtlich	2500
ehrenhaft	2500
ehrenhalber	2500
ehrenvoll	2500
ehrenwert	2500
ehrerbietig	2500
ehrfürchtig	2500
ehrfurchtsvoll	2500
ehrgeizig	2500
ehrlicherweise	2500
ehrlos	2500
ehrsam	2500
ehrsüchtig	2500
ehrwürdig	2500
eichfähig	2500
eichpflichtig	2500
eidesstattlich	2500
eidgenössisch	2500
eidlich	2500
eifern	2500
eifersüchtig	2500
eifrig	2500
eigenartig	2500
eigenartigerweise	2500
eigenbrötlerisch	2500
eigenhändig	2500
eigeninitiatives	2500
eigeninitiiert	2500
eigenmächtig	2500
eigennützig	2500
eigensicher	2500
eigensinnig	2500
eigenständig	2500
eigenste	2500
eigentümlich	2500
eigenverantwortlich	2500
eigenwillig	2500
eilen	2500
eilends	2500
eilfertig	2500
eilig	2500
einäschern	2500
einäugig	2500
einachsig	2500
einarmig	2500
einatmen	2500
einbändig	2500
einbauen	2500
einbaufertig	2500
einbegriffen	2500
einbehältst	2500
einbehielt	2500
einbestellen	2500
einbezogen	2500
einbiegen	2500
einbläuen	2500
einbrach	2500
einbrachte	2500
einbrechen	2500
einbrennen	2500
einbrennlackieren	2500
einbricht	2500
einbringen	2500
einbürgern	2500
einbüßen	2500
eincremen	2500
eindampfen	2500
eindecken	2500
eindeutig	2500
eindimensional	2500
eindrang	2500
eindringen	2500
eindringlich	2500
eindrücken	2500
eindrücklich	2500
eindrucksvoll	2500
eineiig	2500
eineindeutig	2500
eineinhalb	2500
eineinhalbjährig	2500
eineinhalbstündig	2500
eineinhalbtausend	2500
einelementig	2500
einerlei	2500
einerseits	2500
einesteils	2500
einfädeln	2500
einfährt	2500
einfällt	2500
einfältig	2500
einfängt	2500
einfach	2500
einfahren	2500
einfallen	2500
einfallslos	2500
einfallsreich	2500
einfand	2500
einfangen	2500
einfarbig	2500
einfetten	2500
einfiel	2500
einfinden	2500
einfließen	2500
einflößen	2500
einflog	2500
einfloss	2500
einflusslos	2500
einflussreich	2500
einförmig	2500
einfordern	2500
einfühlsam	2500
einfugen	2500
eingängig	2500
eingab	2500
eingeäschert	2500
eingearbeitet	2500
eingeatmet	2500
eingebacken	2500
eingebaut	2500
eingebettet	2500
eingebeult	2500
eingebildet	2500
eingebläut	2500
eingeblendet	2500
eingebogen	2500
eingeboren	2500
eingebracht	2500
eingebrannt	2500
eingebraut	2500
eingebrochen	2500
eingebrockt	2500
eingebürgert	2500
eingebüßt	2500
eingebucht	2500
eingebuchtet	2500
eingebunden	2500
eingecheckt	2500
eingecremt	2500
eingedämmt	2500
eingedampft	2500
eingedeckt	2500
eingedenk	2500
eingedeutscht	2500
eingedrückt	2500
eingedrungen	2500
eingeebnet	2500
eingeengt	2500
eingefädelt	2500
eingefärbt	2500
eingefahren	2500
eingefallen	2500
eingefangen	2500
eingefasst	2500
eingefettet	2500
eingefleischt	2500
eingeflößt	2500
eingeflogen	2500
eingeflossen	2500
eingefordert	2500
eingefroren	2500
eingefügt	2500
eingefühlt	2500
eingeführt	2500
eingefüllt	2500
eingefugt	2500
eingefunden	2500
eingegangen	2500
eingegeben	2500
eingegipst	2500
eingegliedert	2500
eingegossen	2500
eingegraben	2500
eingegrenzt	2500
eingegriffen	2500
eingehämmert	2500
eingehängt	2500
eingehakt	2500
eingehalten	2500
eingehandelt	2500
eingehauen	2500
eingeheftet	2500
eingeheizt	2500
eingehendst	2500
eingeholt	2500
eingehüllt	2500
eingeimpft	2500
eingejagt	2500
eingekauft	2500
eingekehrt	2500
eingekeilt	2500
eingekellert	2500
eingekerbt	2500
eingekesselt	2500
eingeklagt	2500
eingeklammert	2500
eingeklebt	2500
eingekleidet	2500
eingeklemmt	2500
eingeknickt	2500
eingekocht	2500
eingekoppelt	2500
eingekreist	2500
eingeläutet	2500
eingeladen	2500
eingelagert	2500
eingelassen	2500
eingelaufen	2500
eingelebt	2500
eingelegt	2500
eingeleitet	2500
eingelenkt	2500
eingelesen	2500
eingeleuchtet	2500
eingeliefert	2500
eingelöst	2500
eingelötet	2500
eingeloggt	2500
eingelullt	2500
eingemacht	2500
eingemauert	2500
eingemischt	2500
eingemündet	2500
eingenäht	2500
eingenistet	2500
eingenommen	2500
eingeölt	2500
eingeordnet	2500
eingepackt	2500
eingepasst	2500
eingepaukt	2500
eingependelt	2500
eingepflanzt	2500
eingepflegt	2500
eingeplant	2500
eingeprägt	2500
eingepreist	2500
eingeprügelt	2500
eingequetscht	2500
eingeräumt	2500
eingerahmt	2500
eingerannt	2500
eingerastet	2500
eingerechnet	2500
eingeredet	2500
eingereicht	2500
eingereist	2500
eingerenkt	2500
eingerichtet	2500
eingerieben	2500
eingerissen	2500
eingeritten	2500
eingeritzt	2500
eingerollt	2500
eingerostet	2500
eingerückt	2500
eingesammelt	2500
eingesandt	2500
eingescannt	2500
eingeschärft	2500
eingeschätzt	2500
eingeschaltet	2500
eingeschenkt	2500
eingeschickt	2500
eingeschifft	2500
eingeschläfert	2500
eingeschlafen	2500
eingeschlagen	2500
eingeschleift	2500
eingeschleppt	2500
eingeschleust	2500
eingeschlichen	2500
eingeschlossen	2500
eingeschmeichelt	2500
eingeschmiert	2500
eingeschmolzen	2500
eingeschnappt	2500
eingeschnitten	2500
eingeschnürt	2500
eingeschoben	2500
eingeschossen	2500
eingeschossig	2500
eingeschränkt	2500
eingeschraubt	2500
eingeschrieben	2500
eingeschritten	2500
eingeschrumpft	2500
eingeschüchtert	2500
eingeschult	2500
eingeschwärzt	2500
eingeschweißt	2500
eingeschwenkt	2500
eingeschworen	2500
eingesegnet	2500
eingesehen	2500
eingeseift	2500
eingesessen	2500
eingesetzt	2500
eingespannt	2500
eingespart	2500
eingespeichert	2500
eingespeicht	2500
eingespeist	2500
eingesperrt	2500
eingespielt	2500
eingesprungen	2500
eingestampft	2500
eingestanden	2500
eingestandenermaßen	2500
eingesteckt	2500
eingestehen	2500
eingestellt	2500
eingestiegen	2500
eingestimmt	2500
eingestochen	2500
eingestoßen	2500
eingestrahlt	2500
eingestreut	2500
eingestrichen	2500
eingestürmt	2500
eingestürzt	2500
eingestuft	2500
eingesunken	2500
eingetaucht	2500
eingetauscht	2500
eingeteilt	2500
eingetippt	2500
eingeträufelt	2500
eingetragen	2500
eingetreten	2500
eingetrichtert	2500
eingetrieben	2500
eingetrocknet	2500
eingetroffen	2500
eingetrommelt	2500
eingetrudelt	2500
eingetütet	2500
eingewählt	2500
eingewandert	2500
eingewandt	2500
eingewebt	2500
eingewechselt	2500
eingeweckt	2500
eingeweicht	2500
eingeweiht	2500
eingewickelt	2500
eingewiesen	2500
eingewilligt	2500
eingewirkt	2500
eingeworfen	2500
eingewurzelt	2500
eingezahlt	2500
eingezeichnet	2500
eingezirkelt	2500
eingezogen	2500
eingibt	2500
eingießen	2500
einging	2500
eingleisig	2500
eingräbt	2500
eingraben	2500
eingravieren	2500
einhältst	2500
einhändig	2500
einhängen	2500
einhaken	2500
einhalten	2500
einhandeln	2500
einhauen	2500
einheften	2500
einheimisch	2500
einheimsen	2500
einheitlich	2500
einheizen	2500
einhellig	2500
einher	2500
einhergegangen	2500
einhergehen	2500
einholbar	2500
einhüllen	2500
einhundert	2500
einhundertfünfzig	2500
einig	2500
einigermaßen	2500
einjährig	2500
einjagen	2500
einjustieren	2500
einkalkulieren	2500
einkanalig	2500
einkassieren	2500
einkaufen	2500
einkehren	2500
einkellern	2500
einklagen	2500
einklammern	2500
einklappen	2500
einkleben	2500
einkleiden	2500
einklemmen	2500
einklinken	2500
einknöpfen	2500
einknoten	2500
einkochen	2500
einkommensabhängig	2500
einkommensschwächer	2500
einkommensschwächste	2500
einkommensschwach	2500
einkommensteuerfrei	2500
einkommensunabhängig	2500
einkompilieren	2500
einkopieren	2500
einlädt	2500
einlässt	2500
einläuten	2500
einlaufen	2500
einlenken	2500
einlesen	2500
einleuchten	2500
einlief	2500
einliegend	2500
einließ	2500
einliest	2500
einloggen	2500
einlud	2500
einmachen	2500
einmalig	2500
einmarschieren	2500
einmauern	2500
einminütig	2500
einmotten	2500
einnahm	2500
einnehmbar	2500
einnehmen	2500
einnimmt	2500
einpacken	2500
einparken	2500
einpassen	2500
einpegeln	2500
einpflegen	2500
einphasig	2500
einplanen	2500
einpolig	2500
einprägen	2500
einprägsam	2500
einprallen	2500
einpressen	2500
einprogrammieren	2500
einprügeln	2500
einräumen	2500
einrasten	2500
einrechenbar	2500
einrechnen	2500
einreden	2500
einregulieren	2500
einreiben	2500
einreichen	2500
einreihen	2500
einreißen	2500
einreisen	2500
einreiten	2500
einrenken	2500
einrennen	2500
einritt	2500
einritzen	2500
einrollen	2500
einrosten	2500
eins	2500
einsah	2500
einsam	2500
einsammeln	2500
einsatzbereit	2500
einsatzfähig	2500
einsatzfreudig	2500
einsatzsicher	2500
einscannen	2500
einschenken	2500
einschicken	2500
einschießen	2500
einschl.	2500
einschläfern	2500
einschlägig	2500
einschlägt	2500
einschlafen	2500
einschlagen	2500
einschleichen	2500
einschleusen	2500
einschlich	2500
einschlief	2500
einschließlich	2500
einschloss	2500
einschlügen	2500
einschlug	2500
einschmeicheln	2500
einschmelzen	2500
einschmieren	2500
einschnappen	2500
einschneiden	2500
einschreiten	2500
einschwenken	2500
einsehen	2500
einseifen	2500
einseitig	2500
einsichtig	2500
einsichtsvoll	2500
einsickern	2500
einsieht	2500
einsilbig	2500
einsinken	2500
einsortieren	2500
einspaltig	2500
einsperren	2500
einsprachig	2500
einspringen	2500
einspurig	2500
einstampfen	2500
einstand	2500
einstecken	2500
einstehen	2500
einsteigen	2500
einstellig	2500
einstig	2500
einstimmen	2500
einstimmig	2500
einstmals	2500
einstöckig	2500
einstoßen	2500
einstreichen	2500
einstrich	2500
einströmen	2500
einstündig	2500
einstürmen	2500
einstürzen	2500
einstudieren	2500
einstufig	2500
einsturzgefährdet	2500
einstweilen	2500
einstweilig	2500
eintägig	2500
eintauchen	2500
eintausend	2500
einteilig	2500
eintippen	2500
eintönig	2500
einträchtig	2500
einträglich	2500
einträgt	2500
einträte	2500
eintraf	2500
eintragen	2500
eintrat	2500
eintreffen	2500
eintreten	2500
eintrieb	2500
eintrifft	2500
eintrittst	2500
eintrocknen	2500
eintrüben	2500
eintrügen	2500
eintüten	2500
einundachtzig	2500
einundachtzigste	2500
einunddreißig	2500
einunddreißigste	2500
einundfünfzig	2500
einundfünfzigste	2500
einundneunzig	2500
einundneunzigste	2500
einundsechzig	2500
einundsechzigste	2500
einundsiebzig	2500
einundsiebzigste	2500
einundvierzig	2500
einundvierzigste	2500
einundzwanzig	2500
einundzwanzigste	2500
einvernehmlich	2500
einverstanden	2500
einwählen	2500
einwandfrei	2500
einwarf	2500
einweichen	2500
einwerfen	2500
einwickeln	2500
einwöchig	2500
einzähnig	2500
einzäunen	2500
einzahlen	2500
einzeilig	2500
einzeln	2500
einzelstaatlich	2500
einziehen	2500
einzig	2500
einzigartig	2500
einzog	2500
einzuarbeiten	2500
einzubalsamieren	2500
einzubauen	2500
einzubehalten	2500
einzuberufen	2500
einzubestellen	2500
einzubetten	2500
einzubeziehen	2500
einzubilden	2500
einzubinden	2500
einzublenden	2500
einzubrechen	2500
einzubringen	2500
einzubürgern	2500
einzubüßen	2500
einzudämmen	2500
einzudecken	2500
einzudringen	2500
einzudrücken	2500
einzuebnen	2500
einzuengen	2500
einzufahren	2500
einzufallen	2500
einzufangen	2500
einzufinden	2500
einzufliegen	2500
einzufordern	2500
einzufrieren	2500
einzufügen	2500
einzuführen	2500
einzugeben	2500
einzugehen	2500
einzugestehen	2500
einzugliedern	2500
einzugreifen	2500
einzugrenzen	2500
einzuhängen	2500
einzuhalten	2500
einzuhandeln	2500
einzuheften	2500
einzuholen	2500
einzuhüllen	2500
einzukaufen	2500
einzukommen	2500
einzukreisen	2500
einzuladen	2500
einzulagern	2500
einzulassen	2500
einzulaufen	2500
einzulegen	2500
einzuleiten	2500
einzulenken	2500
einzulesen	2500
einzulösen	2500
einzuloggen	2500
einzumischen	2500
einzunehmen	2500
einzuordnen	2500
einzupacken	2500
einzupflanzen	2500
einzuplanen	2500
einzuprägen	2500
einzuräumen	2500
einzurechnen	2500
einzureden	2500
einzureiben	2500
einzureichen	2500
einzureihen	2500
einzurichten	2500
einzusammeln	2500
einzusaugen	2500
einzuscannen	2500
einzuschätzen	2500
einzuschalten	2500
einzuschenken	2500
einzuschieben	2500
einzuschläfern	2500
einzuschlagen	2500
einzuschleusen	2500
einzuschließen	2500
einzuschmelzen	2500
einzuschränken	2500
einzuschreiben	2500
einzuschreiten	2500
einzuschüchtern	2500
einzuschwören	2500
einzusehen	2500
einzusenden	2500
einzusetzen	2500
einzuspannen	2500
einzusparen	2500
einzuspeisen	2500
einzusperren	2500
einzuspielen	2500
einzustampfen	2500
einzustecken	2500
einzustehen	2500
einzusteigen	2500
einzustellen	2500
einzustimmen	2500
einzustreuen	2500
einzustufen	2500
einzutauchen	2500
einzutauschen	2500
einzuteilen	2500
einzutragen	2500
einzutreffen	2500
einzutreiben	2500
einzutreten	2500
einzutüten	2500
einzuüben	2500
einzuverleiben	2500
einzuweisen	2500
einzuwenden	2500
einzuwerben	2500
einzuwerfen	2500
einzuwilligen	2500
einzuwirken	2500
einzuzahlen	2500
einzuziehen	2500
eisenarm	2500
eisenhaltig	2500
eisenhart	2500
eisern	2500
eisfrei	2500
eisgekühlt	2500
eisig	2500
eiskalt	2500
eiszeitlich	2500
eitel	2500
eiterig	2500
eitern	2500
eiweißartig	2500
eiweißhaltig	2500
ejakulieren	2500
ekelerregend	2500
ekelhaft	2500
ekeln	2500
eklatant	2500
eklektizistisch	2500
eklig	2500
ekstatisch	2500
elaboriert	2500
elastisch	2500
elegant	2500
elegisch	2500
elektiv	2500
elektr.	2500
elektrisieren	2500
elektrochemisch	2500
elektrohydraulisch	2500
elektrolytisch	2500
elektromagnetisch	2500
elektromechanisch	2500
elektronisch	2500
elektrosensibel	2500
elektrostatisch	2500
elektrotechnisch	2500
elementarste	2500
elfeinhalb	2500
elfenartig	2500
elfenbeinern	2500
elffach	2500
elfhundert	2500
elfjährig	2500
elfmal	2500
elfmonatig	2500
elft	2500
elftägig	2500
elftausend	2500
elftel	2500
elftens	2500
elisabethanisch	2500
elitär	2500
ellenlang	2500
elliptisch	2500
eloxiert	2500
elsässisch	2500
elterlich	2500
elternlos	2500
emanzipatorisch	2500
emigrieren	2500
eminent	2500
emittieren	2500
emotional	2500
emotionell	2500
emotionsgeladen	2500
emotionslos	2500
empathisch	2500
empfänglich	2500
empfängt	2500
empfahl	2500
empfand	2500
empfangsbereit	2500
empfehlenswert	2500
empfiehlt	2500
empfindlich	2500
empfindsam	2500
empfindungslos	2500
empfing	2500
empfohlen	2500
empfunden	2500
empirisch	2500
empor	2500
emporarbeiten	2500
emporblicken	2500
emporgearbeitet	2500
emporgeblickt	2500
emporgehievt	2500
emporgekommen	2500
emporgeragt	2500
emporgeschossen	2500
emporgestemmt	2500
emporgestiegen	2500
emporgestrebt	2500
emporgewachsen	2500
emporheben	2500
emporhob	2500
emporkommen	2500
emporragen	2500
emporschießen	2500
emporschoss	2500
emporsteigen	2500
emporstemmen	2500
emporstieg	2500
emporstreben	2500
emporziehen	2500
emporzog	2500
emsig	2500
emulgieren	2500
emulieren	2500
encodieren	2500
endgelagert	2500
endgültig	2500
endlagenabhängig	2500
endlagern	2500
endogen	2500
endoskopisch	2500
endotherm	2500
endrekursiv	2500
energetisch	2500
energieärmer	2500
energieärmste	2500
energiearm	2500
energiebewusst	2500
energieeffizient	2500
energiefressend	2500
energiegeladen	2500
energielos	2500
energiepolitisch	2500
energiereich	2500
energiesparend	2500
energietechnisch	2500
energisch	2500
enervieren	2500
eng	2500
engagieren	2500
engagiert	2500
engbrüstig	2500
engelhaft	2500
engen	2500
engherzig	2500
engl.	2500
englischsprachig	2500
engmaschig	2500
engspurig	2500
engstens	2500
engstirnig	2500
engumrissen	2500
engverbunden	2500
enorm	2500
entband	2500
entbehrlich	2500
entbieten	2500
entblättern	2500
entböten	2500
entboten	2500
entbrannt	2500
entbrannte	2500
entbrennen	2500
entbunden	2500
entehren	2500
enteilen	2500
enteisen	2500
enterben	2500
entern	2500
entfällt	2500
entfärben	2500
entfachen	2500
entfahren	2500
entfallen	2500
entfernt	2500
entfesseln	2500
entfetten	2500
entfiel	2500
entfilzen	2500
entflammen	2500
entfliehen	2500
entflogen	2500
entflohen	2500
entfuhr	2500
entgangen	2500
entgegen	2500
entgegenarbeiten	2500
entgegenblickt	2500
entgegenbringen	2500
entgegeneilen	2500
entgegengearbeitet	2500
entgegengebracht	2500
entgegengeeilt	2500
entgegengegangen	2500
entgegengehalten	2500
entgegengehen	2500
entgegengekommen	2500
entgegengelaufen	2500
entgegengenommen	2500
entgegengesehen	2500
entgegengesetzt	2500
entgegengestanden	2500
entgegengestellt	2500
entgegengetreten	2500
entgegengewirkt	2500
entgegenhalten	2500
entgegenkam	2500
entgegenkommen	2500
entgegenlaufen	2500
entgegennehmen	2500
entgegensah	2500
entgegenschallen	2500
entgegensehen	2500
entgegensetzen	2500
entgegensieht	2500
entgegenstand	2500
entgegenstehen	2500
entgegenstellen	2500
entgegenstemmen	2500
entgegenstrecken	2500
entgegentreten	2500
entgegenwachsen	2500
entgegenwirken	2500
entgegenzubringen	2500
entgegenzunehmen	2500
entgegenzusetzen	2500
entgegenzustellen	2500
entgegenzusteuern	2500
entgegenzutreten	2500
entgegenzuwirken	2500
entgehen	2500
entgeistert	2500
entgeltfrei	2500
entgeltlich	2500
entgeltpflichtig	2500
entging	2500
entginge	2500
entgleiten	2500
entglitten	2500
entgolten	2500
entgraten	2500
enthältst	2500
enthäuten	2500
enthaaren	2500
enthaltsam	2500
enthemmt	2500
enthielt	2500
enthoben	2500
enthusiastisch	2500
entkämen	2500
entkam	2500
entkeimen	2500
entkleiden	2500
entkoffeinieren	2500
entkommen	2500
entkorken	2500
entlädt	2500
entlässt	2500
entläuft	2500
entlang	2500
entlangfährt	2500
entlanggefahren	2500
entlanggegangen	2500
entlanggehen	2500
entlanggelaufen	2500
entlangwandern	2500
entlangziehen	2500
entlangzog	2500
entlangzufahren	2500
entlangzugehen	2500
entlangzulaufen	2500
entlarven	2500
entlaufen	2500
entlausen	2500
entledigen	2500
entlegen	2500
entleibt	2500
entleihen	2500
entlief	2500
entliehen	2500
entließ	2500
entlocken	2500
entlud	2500
entmannen	2500
entmilitarisiert	2500
entnähmen	2500
entnahm	2500
entnehmen	2500
entnimmt	2500
entnommen	2500
entpacken	2500
entprellt	2500
entpuppen	2500
entrann	2500
entrauben	2500
entreißen	2500
entriegeln	2500
entrinnen	2500
entrissen	2500
entrollen	2500
entronnen	2500
entrümpeln	2500
entrungen	2500
entsandt	2500
entsandte	2500
entsann	2500
entscheidbar	2500
entscheidend	2500
entschied	2500
entschieden	2500
entschläft	2500
entschlafen	2500
entschlief	2500
entschlössen	2500
entschloss	2500
entschlossen	2500
entschlüpfen	2500
entschlussfreudig	2500
entschuldigt	2500
entschwand	2500
entschweben	2500
entschwinden	2500
entschwunden	2500
entseelt	2500
entsetzen	2500
entsetzlich	2500
entsichern	2500
entsinnen	2500
entspannungsfreundlich	2500
entspinnen	2500
entspr.	2500
entsprächen	2500
entsprängen	2500
entsprach	2500
entsprang	2500
entspricht	2500
entsprießen	2500
entspringen	2500
entsprochen	2500
entsprossen	2500
entsprungen	2500
entstammen	2500
entstanden	2500
entstauben	2500
entstieg	2500
entströmen	2500
entstünde	2500
enttäuschenderweise	2500
entthronen	2500
entwachsen	2500
entwarf	2500
entweichen	2500
entwich	2500
entwichen	2500
entwicklungsbedürftig	2500
entwicklungsfähig	2500
entwicklungspolitisch	2500
entwicklungspsychologisch	2500
entwinden	2500
entwirft	2500
entwirren	2500
entwischen	2500
entworfen	2500
entwürdigen	2500
entzöge	2500
entzogen	2500
entzückend	2500
entzündbar	2500
entzündlich	2500
entzwei	2500
entzweibrechen	2500
entzweigebrochen	2500
entzweigegangen	2500
entzweigehen	2500
enzyklopädisch	2500
eo	2500
epidemisch	2500
epileptisch	2500
episch	2500
epistemologisch	2500
epochal	2500
epsilon	2500
erachten	2500
erahnen	2500
erbärmlich	2500
erbarmen	2500
erbarmungslos	2500
erbarmungswürdig	2500
erbat	2500
erbaulich	2500
erbberechtigt	2500
erbeben	2500
erben	2500
erbeten	2500
erbeuten	2500
erbfähig	2500
erbieten	2500
erbitten	2500
erbittert	2500
erbittertere	2500
erbittertst	2500
erblassen	2500
erbleichen	2500
erblich	2500
erblicken	2500
erblühen	2500
erbost	2500
erboten	2500
erbrächte	2500
erbrach	2500
erbracht	2500
erbrechen	2500
erbricht	2500
erbrochen	2500
erdähnlich	2500
erdacht	2500
erdbebengefährdet	2500
erdbebensicher	2500
erdenkbar	2500
erdenklich	2500
erdgeschichtlich	2500
erdichten	2500
erdig	2500
erdnächste	2500
erdnah	2500
erdölproduzierend	2500
erdolchen	2500
erdreisten	2500
erdrosseln	2500
erdrücken	2500
erdschlusssicher	2500
erdulden	2500
ereifern	2500
ereignen	2500
ereignislos	2500
ereignisorientiert	2500
ereignisreich	2500
ereilen	2500
erektil	2500
ererbt	2500
erfährt	2500
erfahrungsgemäß	2500
erfahrungsmäßig	2500
erfand	2500
erfinderisch	2500
erfindungsreich	2500
erflehen	2500
erfocht	2500
erfolgen	2500
erfolggewohnt	2500
erfolglos	2500
erfolgreich	2500
erfolgsbetont	2500
erfolgversprechend	2500
erforderlich	2500
erforderlichenfalls	2500
erfordern	2500
erfreuen	2500
erfreulich	2500
erfreulicherweise	2500
erfroren	2500
erfühlen	2500
erfüllt	2500
erfuhr	2500
erfunden	2500
ergäbe	2500
ergab	2500
ergangen	2500
ergattern	2500
ergaunern	2500
ergebnislos	2500
ergebnisreich	2500
ergehen	2500
ergibt	2500
ergiebig	2500
ergießen	2500
erging	2500
erglühen	2500
ergo	2500
ergötzen	2500
ergonomisch	2500
ergoogelt	2500
ergoss	2500
ergrauen	2500
ergreifend	2500
ergriffen	2500
ergrimmen	2500
erhältlich	2500
erhältst	2500
erhängen	2500
erhärten	2500
erhaben	2500
erhaltengeblieben	2500
erhaltenswert	2500
erhandeln	2500
erhaschen	2500
erheblich	2500
erheischen	2500
erhielt	2500
erhitzen	2500
erhöbe	2500
erhoben	2500
erhoffen	2500
erholsam	2500
erholungsbedürftig	2500
erholungssicher	2500
erholungssuchend	2500
erigiert	2500
erkämpfen	2500
erkalten	2500
erkannt	2500
erkannte	2500
erkaufen	2500
erkenntlich	2500
erkenntniskritisch	2500
erkenntnisleitend	2500
erkenntnislos	2500
erkenntnistheoretisch	2500
erklärlich	2500
erklärlicherweise	2500
erklärtermaßen	2500
erklärungsbedürftig	2500
erklang	2500
erklecklich	2500
erklettern	2500
erklimmen	2500
erklingen	2500
erklomm	2500
erkoren	2500
erlässlich	2500
erlässt	2500
erläuterungsbedürftig	2500
erlag	2500
erlauben	2500
erlaucht	2500
erlebnisreich	2500
erlegen	2500
erleiden	2500
erlernen	2500
erlesen	2500
erlief	2500
erliegen	2500
erließ	2500
erlischt	2500
erlitten	2500
erlöschen	2500
erlösen	2500
erlogen	2500
erlosch	2500
erloschen	2500
ermessbar	2500
ermessen	2500
ermisst	2500
ernährungsbewusst	2500
ernannt	2500
ernannte	2500
erneut	2500
ernst	2500
ernsthaft	2500
ernstzunehmen	2500
ernten	2500
ernüchternd	2500
erogen	2500
erotisch	2500
erotisieren	2500
erpicht	2500
erpresserisch	2500
erprobt	2500
erquicklich	2500
errätst	2500
errang	2500
erraten	2500
erratisch	2500
errechenbar	2500
erregbar	2500
erreichenswert	2500
erriet	2500
erringen	2500
erröten	2500
errungen	2500
ersäuft	2500
ersann	2500
ersatzlos	2500
ersatzpflichtig	2500
ersatzweise	2500
ersaufen	2500
erschallen	2500
erschauern	2500
erschienen	2500
erschlägt	2500
erschlagen	2500
erschlichen	2500
erschlossen	2500
erschlüge	2500
erschlug	2500
erschnüffeln	2500
erschossen	2500
erschrak	2500
erschrecken	2500
erschrickt	2500
erschrocken	2500
erschütternd	2500
erschuf	2500
erschwindeln	2500
erschwingen	2500
erschwinglich	2500
ersehen	2500
ersehnen	2500
ersetzbar	2500
ersichtlich	2500
ersieht	2500
ersinnen	2500
ersonnen	2500
erspähen	2500
ersparen	2500
erspielen	2500
ersprießlich	2500
erstach	2500
erstammte	2500
erstanden	2500
erstaunen	2500
erstaunlich	2500
erstaunlicherweise	2500
erstbeste	2500
erstechen	2500
erstehen	2500
ersteigen	2500
erstens	2500
ersterben	2500
erstgenannt	2500
ersticht	2500
erstieg	2500
erstinstanzlich	2500
erstklassig	2500
erstmalige	2500
erstmals	2500
erstochen	2500
erstplatziert	2500
erstrahlen	2500
erstrangig	2500
erstreben	2500
erstrebenswert	2500
erstreiten	2500
erstritten	2500
erststellig	2500
ertappen	2500
ertasten	2500
ertönen	2500
erträglich	2500
erträgt	2500
ertränken	2500
erträumen	2500
ertragen	2500
ertragreich	2500
ertragsabhängig	2500
ertragsgerecht	2500
ertragslos	2500
ertragsschwach	2500
ertrank	2500
ertrinken	2500
ertrug	2500
ertrunken	2500
ertüftelt	2500
erturnen	2500
erübrigen	2500
eruieren	2500
erwächst	2500
erwählen	2500
erwähnenswert	2500
erwachen	2500
erwachsen	2500
erwandern	2500
erwarb	2500
erwartet	2500
erwartungsfreudig	2500
erwartungsgemäß	2500
erwartungsvoll	2500
erwehren	2500
erweislich	2500
erweiterungsfähig	2500
erwerben	2500
erwerbsbehindert	2500
erwerbsfähig	2500
erwerbslos	2500
erwerbstätig	2500
erwerbsunfähig	2500
erwies	2500
erwiesen	2500
erwiesenermaßen	2500
erwirbt	2500
erwirken	2500
erwirtschaften	2500
erwischen	2500
erwogen	2500
erworben	2500
erwünschen	2500
erwünscht	2500
erwürgen	2500
erzählerisch	2500
erzbischöflich	2500
erzdumm	2500
erzengelhaft	2500
erzieherisch	2500
erziehungsberechtigt	2500
erzittern	2500
erzkonservativ	2500
erzog	2500
erzogen	2500
erzürnen	2500
erzwang	2500
erzwungen	2500
eschatologisch	2500
eselhaft	2500
eskalieren	2500
eskortieren	2500
esoterisch	2500
essentiell	2500
essenziell	2500
estländisch	2500
estnisch	2500
et	2500
etagenförmig	2500
etappenweise	2500
etatmäßig	2500
etc.	2500
ethisch	2500
ethnisch	2500
ethnologisch	2500
ethologisch	2500
etliche	2500
etwaig	2500
etymologisch	2500
euer	2500
eugenisch	2500
euklidisch	2500
eulenartig	2500
eulersch	2500
euphemistisch	2500
euphorisch	2500
eurasisch	2500
euresgleichen	2500
eurigen	2500
europäisch	2500
europafreundlich	2500
europaweit	2500
eutroph	2500
evangelikal	2500
evangelisch	2500
eventuell	2500
evident	2500
evolutionär	2500
evolutionsbiologisch	2500
evtl.	2500
ewig	2500
ewiggestrig	2500
ex	2500
exakt	2500
exaltiert	2500
examinieren	2500
exegetisch	2500
exekutieren	2500
exemplarisch	2500
exemplifizieren	2500
exerzieren	2500
exhibitionistisch	2500
exilpolnisch	2500
exilungarisch	2500
existent	2500
existentialistisch	2500
existentiell	2500
existenzbedrohend	2500
existenzgefährdend	2500
existenziell	2500
existieren	2500
exkommunizieren	2500
exogen	2500
exorbitant	2500
exotherm	2500
exotisch	2500
expandieren	2500
expansionistisch	2500
expansionsfähig	2500
expansiv	2500
experimentell	2500
experimentieren	2500
experimentierfreudig	2500
explizit	2500
explodieren	2500
explorieren	2500
explosionsartig	2500
explosionsfähig	2500
explosionsgefährdet	2500
explosionsgeschützt	2500
exponentiell	2500
exponieren	2500
exponiert	2500
exportieren	2500
exportorientiert	2500
express	2500
expressionistisch	2500
expressis	2500
expressiv	2500
exquisit	2500
ext.	2500
extensiv	2500
extern	2500
exterritorial	2500
extrahieren	2500
extraordinär	2500
extrapolieren	2500
extraterritorial	2500
extravagant	2500
extravertiert	2500
extremistisch	2500
extrovertiert	2500
extrudieren	2500
exzellent	2500
exzentrisch	2500
exzessiv	2500
fächeln	2500
fächerförmig	2500
fächern	2500
fächerübergreifend	2500
fädeln	2500
fähig	2500
fährt	2500
fällig	2500
fälschlich	2500
fälschlicherweise	2500
fänden	2500
fängt	2500
fabelhaft	2500
fabrikneu	2500
fabrizieren	2500
facettenreich	2500
fachärztlich	2500
fachbezogen	2500
fachen	2500
fachgemäß	2500
fachgerecht	2500
fachkundig	2500
fachlich	2500
fachmännisch	2500
fachsimpeln	2500
fachspezifisch	2500
fachsprachlich	2500
fackelähnlich	2500
fackeln	2500
facto	2500
fad	2500
fadenscheinig	2500
fahl	2500
fahnenflüchtig	2500
fahrbar	2500
fahrbereit	2500
fahrerlos	2500
fahrig	2500
fahrlässig	2500
fahrplanmäßig	2500
fair	2500
fairerweise	2500
fakirhaft	2500
faktisch	2500
fakultativ	2500
falb	2500
fallen	2500
falls	2500
fallschirmähnlich	2500
fallsüchtig	2500
fallweise	2500
falscher	2500
falschest	2500
falschspielen	2500
falsifizieren	2500
faltenfrei	2500
faltig	2500
falzen	2500
familiär	2500
familienbetrieben	2500
familienfremd	2500
familiengerecht	2500
familienorientiert	2500
familientauglich	2500
familienunabhängig	2500
familienuntauglich	2500
famos	2500
fanatisch	2500
fand	2500
fangbewehrt	2500
fangen	2500
fantasielos	2500
fantasiereich	2500
fantasievoll	2500
fantastisch	2500
farbecht	2500
farbenblind	2500
farbenfreudig	2500
farbenfroh	2500
farbenprächtig	2500
farbenreich	2500
farbfähig	2500
farbgraphisch	2500
farbig	2500
farblich	2500
farblos	2500
farbneutral	2500
faschistisch	2500
faseln	2500
faserig	2500
fassungslos	2500
fast	2500
fasten	2500
faszinieren	2500
faszinierend	2500
fatal	2500
fatalistisch	2500
fauchen	2500
faul	2500
faulen	2500
faulenzen	2500
faulig	2500
faustdick	2500
faustgroß	2500
favorisieren	2500
faxen	2500
fechten	2500
federführend	2500
federgewichtig	2500
federleicht	2500
federn	2500
feenhaft	2500
fegen	2500
fehlen	2500
fehlentwickelt	2500
fehleranfällig	2500
fehlerbehaftet	2500
fehlerbereinigt	2500
fehlerfrei	2500
fehlerhaft	2500
fehlerlos	2500
fehlertolerant	2500
fehlgeleitet	2500
fehlgeschlagen	2500
fehlinterpretieren	2500
fehlschlägt	2500
fehlschlagen	2500
fehlschlug	2500
feierlich	2500
feiern	2500
feig	2500
feil	2500
feilbieten	2500
feilen	2500
feilschen	2500
feilzubieten	2500
feindlich	2500
feindselig	2500
feineinstellen	2500
feinfühlig	2500
feingespitzt	2500
feinhäutig	2500
feinhörig	2500
feinkörnig	2500
feinmaschig	2500
feinmechanisch	2500
feinnervig	2500
feinporig	2500
feinschmeckerisch	2500
feinsinnig	2500
feinstverteilt	2500
feinverteilt	2500
feldfrei	2500
feldüberlegen	2500
felsenfest	2500
felsig	2500
feminin	2500
feminismuskritisch	2500
feministisch	2500
fernab	2500
fernabgelegen	2500
fernbedienbar	2500
fernbleiben	2500
fernblieb	2500
ferneingestellt	2500
fernerhin	2500
ferngeblieben	2500
ferngehalten	2500
ferngeladen	2500
ferngelenkt	2500
ferngesteuert	2500
ferngezündet	2500
fernhältst	2500
fernhalten	2500
fernkontrolliert	2500
fernladbar	2500
fernlenken	2500
fernmeldetechnisch	2500
fernmündlich	2500
fernöstlich	2500
fernschriftlich	2500
fernsichtig	2500
fernsieht	2500
fernzubleiben	2500
fernzuhalten	2500
ferromagnetisch	2500
fertigbekommen	2500
fertigbrachte	2500
fertigbringen	2500
fertiggemacht	2500
fertiggestellt	2500
fertigmachen	2500
fertigungstechnisch	2500
fertigzubekommen	2500
fertigzustellen	2500
fesch	2500
fesselnd	2500
festbinden	2500
festfahren	2500
festgebunden	2500
festgefahren	2500
festgehalten	2500
festgeklebt	2500
festgeklemmt	2500
festgelegt	2500
festgemacht	2500
festgenagelt	2500
festgenommen	2500
festgeschnallt	2500
festgeschraubt	2500
festgeschrieben	2500
festgesetzt	2500
festgestanden	2500
festgesteckt	2500
festgestellt	2500
festgezogen	2500
festhältst	2500
festhalten	2500
festhielt	2500
festkleben	2500
festlich	2500
festliegen	2500
festmachen	2500
festmontieren	2500
festnageln	2500
festnehmen	2500
festnimmt	2500
festschmoren	2500
festschnallen	2500
festschrauben	2500
festschreiben	2500
festschrieb	2500
festsetzen	2500
festsitzen	2500
festspannen	2500
feststand	2500
feststecken	2500
feststehen	2500
feststellen	2500
feststünde	2500
festverzinslich	2500
festziehen	2500
festzuhalten	2500
festzukrallen	2500
festzulegen	2500
festzumachen	2500
festzunehmen	2500
festzuschrauben	2500
festzuschreiben	2500
festzusetzen	2500
festzustehen	2500
festzustellen	2500
fetischistisch	2500
fettarm	2500
fettfrei	2500
fetthaltig	2500
fettig	2500
fettleibig	2500
fettschwitzend	2500
fetzig	2500
feucht	2500
feuchtfröhlich	2500
feuchtigkeitsgeschützt	2500
feudal	2500
feudalistisch	2500
feuerbeständig	2500
feuerfest	2500
feuergefährlich	2500
feuern	2500
feuerrot	2500
feuersicher	2500
feurig	2500
ff.	2500
fichtst	2500
ficken	2500
fidel	2500
fideler	2500
fieberartig	2500
fieberfrei	2500
fieberhaft	2500
fieberig	2500
fiebern	2500
fiebersenkend	2500
fiel	2500
fies	2500
figürlich	2500
fiktional	2500
fiktiv	2500
filetieren	2500
filigran	2500
filmen	2500
filmisch	2500
filterlos	2500
filzen	2500
filzig	2500
final	2500
finalisieren	2500
finanziell	2500
finanzkräftig	2500
finanzökonomisch	2500
finanzpolitisch	2500
finanzstark	2500
finanztechnisch	2500
findig	2500
fing	2500
fingerdick	2500
fingerig	2500
fingieren	2500
finit	2500
finnisch	2500
finster	2500
finstre	2500
firmeneigen	2500
firmenspezifisch	2500
firmenübergreifend	2500
firmieren	2500
fischen	2500
fischreich	2500
fiskalisch	2500
fiskalpolitisch	2500
fit	2500
fitte	2500
fix	2500
fixen	2500
flächendeckend	2500
flächenmäßig	2500
flächig	2500
flämisch	2500
fläzen	2500
flachbrüstig	2500
flachdrücken	2500
flachhüglig	2500
flackern	2500
flaggen	2500
flagrante	2500
flambieren	2500
flanieren	2500
flankieren	2500
flankte	2500
flanschen	2500
flapsig	2500
flaschenweise	2500
flatterhaft	2500
flattern	2500
flau	2500
flaumig	2500
flauschig	2500
flechten	2500
fleckenlos	2500
fleckig	2500
flegelhaft	2500
flehen	2500
flehentlich	2500
fleißig	2500
fleischfarben	2500
fleischfressend	2500
fleischig	2500
fleischlich	2500
fleischlos	2500
flektieren	2500
flennen	2500
fletschen	2500
fleucht	2500
flexibel	2500
flichtst	2500
flicken	2500
fliegerisch	2500
fliehen	2500
fließen	2500
flink	2500
flippern	2500
flirten	2500
flitzen	2500
flöge	2500
flöhen	2500
flößen	2500
flösse	2500
flocht	2500
flockig	2500
flog	2500
florettartig	2500
florieren	2500
flott	2500
flottgehend	2500
flottgemacht	2500
flottmachen	2500
flottzumachen	2500
flüchten	2500
flüchtig	2500
flüchtlingsfrei	2500
flügellahm	2500
flügellos	2500
flügge	2500
flüssigkeitsgefüllt	2500
flüstern	2500
fluchen	2500
fluchtartig	2500
fluchtbereit	2500
flugerfahren	2500
flugmedizinisch	2500
flugs	2500
flugtauglich	2500
flugtechnisch	2500
flugunfähig	2500
fluktuieren	2500
flunkern	2500
fluoreszieren	2500
flussabwärts	2500
flussaufwärts	2500
flutschen	2500
föderal	2500
föderalistisch	2500
föderativ	2500
föhnen	2500
föhnig	2500
förderlich	2500
förderungsbedürftig	2500
förmig	2500
förmlich	2500
focht	2500
folgen	2500
folgendermaßen	2500
folgenlos	2500
folgenreich	2500
folgenschwer	2500
folgerichtig	2500
folgewidrig	2500
folglich	2500
folgsam	2500
foliengeschützt	2500
folkloristisch	2500
foltern	2500
foppen	2500
forcieren	2500
forellenblau	2500
forensisch	2500
forma	2500
formal	2500
formalistisch	2500
formaljuristisch	2500
formalrechtlich	2500
formatiert	2500
formell	2500
formelmäßig	2500
formgerecht	2500
formgeschichtlich	2500
formieren	2500
formlos	2500
formschön	2500
formvollendet	2500
forsch	2500
forschungsfreudig	2500
forschungsorientiert	2500
forschungsrelevant	2500
forstlich	2500
forsttechnisch	2500
forstwirtschaftlich	2500
fort	2500
fortan	2500
fortbestanden	2500
fortbestehen	2500
fortbestünde	2500
fortbleiben	2500
fortdauern	2500
fortfährt	2500
fortfahren	2500
fortfallen	2500
fortfegen	2500
fortfiel	2500
fortfliegen	2500
fortflog	2500
fortgalt	2500
fortgebildet	2500
fortgeblieben	2500
fortgebracht	2500
fortgefahren	2500
fortgefallen	2500
fortgeflogen	2500
fortgeführt	2500
fortgegangen	2500
fortgehen	2500
fortgekommen	2500
fortgelassen	2500
fortgelaufen	2500
fortgelebt	2500
fortgelten	2500
fortgepflanzt	2500
fortgeräumt	2500
fortgerissen	2500
fortgeschafft	2500
fortgeschrieben	2500
fortgeschritten	2500
fortgesetzt	2500
fortgestohlen	2500
fortgestoßen	2500
fortgeweht	2500
fortgezogen	2500
fortgilt	2500
fortging	2500
fortholen	2500
fortjagen	2500
fortkommen	2500
fortlässt	2500
fortlassen	2500
fortlaufen	2500
fortleben	2500
fortnimmt	2500
forträumen	2500
fortrannte	2500
fortreißen	2500
fortschaffen	2500
fortschreiten	2500
fortschrittlich	2500
fortspinnen	2500
fortspülen	2500
fortstehlen	2500
fortstößt	2500
fortstoßen	2500
fortwähren	2500
fortziehen	2500
fortzog	2500
fortzubilden	2500
fortzudenken	2500
fortzufahren	2500
fortzuführen	2500
fortzugehen	2500
fortzulaufen	2500
fortzunehmen	2500
fortzupflanzen	2500
fortzureißen	2500
fortzuschaffen	2500
fortzuschicken	2500
fortzusetzen	2500
fortzuziehen	2500
fossil	2500
fotochemisch	2500
fotoelektrisch	2500
fotogen	2500
fotografieren	2500
fotografisch	2500
fotokopieren	2500
fotokopierfähig	2500
fotometrisch	2500
fotorealistisch	2500
fotospezifisch	2500
fototechnisch	2500
fränkisch	2500
fräße	2500
fräsen	2500
frachtfrei	2500
fragen	2500
fragil	2500
fraglich	2500
fraglos	2500
fragmentarisch	2500
fragwürdig	2500
fraktal	2500
fraktionslos	2500
frankieren	2500
frankiert	2500
franko	2500
frankophil	2500
frankophon	2500
franz.	2500
französischsprachig	2500
frappant	2500
frappieren	2500
fratzenhaft	2500
frauenfeindlich	2500
frauenhaft	2500
frauenlos	2500
fraulich	2500
frech	2500
frecherweise	2500
freiberuflich	2500
freibeschriftbar	2500
freidemokratisch	2500
freidenkerisch	2500
freien	2500
freifinanziert	2500
freigab	2500
freigearbeitet	2500
freigeben	2500
freigebig	2500
freigegeben	2500
freigehabt	2500
freigehalten	2500
freigekämpft	2500
freigekratzt	2500
freigelassen	2500
freigelegt	2500
freigemacht	2500
freigeräumt	2500
freigeschaltet	2500
freigeschwommen	2500
freigesetzt	2500
freigesprochen	2500
freigestanden	2500
freigestellt	2500
freigewählt	2500
freigeworden	2500
freigibt	2500
freigiebig	2500
freihändig	2500
freihaben	2500
freihalten	2500
freiheitlich	2500
freiheitsliebend	2500
freiheraus	2500
freihielt	2500
freikam	2500
freikommen	2500
freikratzen	2500
freilassen	2500
freilegen	2500
freilich	2500
freimachen	2500
freimütig	2500
freiprogrammierbar	2500
freiräumen	2500
freischaffend	2500
freischalten	2500
freischneiden	2500
freischweben	2500
freischwimmen	2500
freisetzen	2500
freisinnig	2500
freistehend	2500
freistellen	2500
freitagabends	2500
freitagmorgens	2500
freitagnachts	2500
freitragend	2500
freiwerden	2500
freiwillig	2500
freizügig	2500
freizugeben	2500
freizuhalten	2500
freizukämpfen	2500
freizulassen	2500
freizulegen	2500
freizumachen	2500
freizuschalten	2500
freizuschütteln	2500
freizusprechen	2500
fremdartig	2500
fremdbestimmt	2500
fremdbezogen	2500
fremdenfeindlich	2500
fremdfinanziert	2500
fremdgesteuert	2500
fremdländisch	2500
fremdsprachig	2500
fremdsprachlich	2500
frenetisch	2500
frequentieren	2500
frequenzabhängig	2500
frequenzmoduliert	2500
frequenzprogrammierbar	2500
frequenzunabhängig	2500
fressen	2500
freudestrahlend	2500
freudevoll	2500
freudig	2500
freudlos	2500
freudvoll	2500
freuen	2500
freundlich	2500
freundlicherweise	2500
freundlos	2500
freundschaftlich	2500
frevelhaft	2500
freveln	2500
friedenserhaltend	2500
friedensliebend	2500
friedenstörend	2500
friedfertig	2500
friedlich	2500
friedliebend	2500
friedlos	2500
frieren	2500
friesisch	2500
frisieren	2500
frisst	2500
fristen	2500
fristgemäß	2500
fristgerecht	2500
fristlos	2500
frittieren	2500
frivol	2500
fröhlich	2500
frömmer	2500
frömmst	2500
frönen	2500
frösteln	2500
froh	2500
frohest	2500
frohgemut	2500
frohlocken	2500
frohsinnig	2500
fromm	2500
frontnah	2500
fror	2500
frostbeständig	2500
frostig	2500
frostsicher	2500
frottieren	2500
frotzeln	2500
frühchristlich	2500
frühest	2500
frühestens	2500
frühestmöglich	2500
frühkindlich	2500
frühlingshaft	2500
frühmenschlich	2500
frühminoisch	2500
frühmorgens	2500
frühneuzeitlich	2500
frühreif	2500
frühstens	2500
frühstücken	2500
frühzeitig	2500
fruchtbar	2500
fruchten	2500
fruchtlos	2500
frustrieren	2500
ftp	2500
füglich	2500
fügsam	2500
fühlen	2500
führerlos	2500
führungslos	2500
füllig	2500
fündig	2500
fünfaktig	2500
fünfdreiviertel	2500
fünfeinhalb	2500
fünffach	2500
fünfgeschossig	2500
fünfhundert	2500
fünfhundertste	2500
fünfjährig	2500
fünfköpfig	2500
fünfmal	2500
fünfminütig	2500
fünfmonatig	2500
fünfprozentig	2500
fünfseitig	2500
fünfstellig	2500
fünfstündig	2500
fünft	2500
fünftägig	2500
fünftausend	2500
fünfteilig	2500
fünftel	2500
fünftgrößte	2500
fünfundachtzig	2500
fünfundachtzigste	2500
fünfunddreißig	2500
fünfunddreißigste	2500
fünfundfünfzig	2500
fünfundfünfzigste	2500
fünfundneunzig	2500
fünfundneunzigste	2500
fünfundsechzig	2500
fünfundsechzigste	2500
fünfundsiebzig	2500
fünfundsiebzigste	2500
fünfundvierzig	2500
fünfundzwanzig	2500
fünfviertel	2500
fünfwöchig	2500
fünfzehn	2500
fünfzehnfach	2500
fünfzehnhundert	2500
fünfzehnjährig	2500
fünfzehnprozentig	2500
fünfzehntägig	2500
fünfzehnte	2500
fünfzig	2500
fünfzigjährig	2500
fünfzigste	2500
fünfzigtausend	2500
fürchten	2500
fürchterlich	2500
füreinander	2500
fürlieb	2500
fürsorgerisch	2500
fürsorglich	2500
fürstlich	2500
fürwahr	2500
fuchsen	2500
fuchsrot	2500
fuchsteufelswild	2500
fuchteln	2500
fuhr	2500
fulminant	2500
fummeln	2500
fundamentalistisch	2500
fundiert	2500
fungieren	2500
funkeln	2500
funkelnagelneu	2500
funken	2500
funkferngesteuert	2500
funktechnisch	2500
funktional	2500
funktionalistisch	2500
funktionell	2500
funktionieren	2500
funktionsfähig	2500
funktionsidentisch	2500
funktionsmäßig	2500
funktionsreduziert	2500
funktionstüchtig	2500
funktionsunfähig	2500
funktionsuntüchtig	2500
funktionswichtig	2500
furchtbar	2500
furchtlos	2500
furchtsam	2500
furios	2500
furzen	2500
fußballbegeistert	2500
fußballerisch	2500
fußen	2500
fußkrank	2500
fusionieren	2500
futsch	2500
futtern	2500
futuristisch	2500
gGmbH	2500
gäb	2500
gähnen	2500
gälte	2500
gängig	2500
gänzlich	2500
gärtnerisch	2500
gabeln	2500
gablig	2500
gackern	2500
gaffen	2500
galant	2500
gallig	2500
gallisch	2500
galoppieren	2500
galt	2500
galv	2500
galvanisch	2500
gamma	2500
gammlig	2500
gangbar	2500
gangsterhaft	2500
ganzheitlich	2500
ganzjährig	2500
ganzseitig	2500
ganztägig	2500
ganzwöchig	2500
ganzzahlig	2500
garantieren	2500
garni	2500
garstig	2500
gartenbautechnisch	2500
gasartig	2500
gasbetrieben	2500
gasförmig	2500
gasfrei	2500
gastfreundlich	2500
gastgebend	2500
gastieren	2500
gastlich	2500
gastronomisch	2500
gaukeln	2500
gazellenschlank	2500
geächtet	2500
geächzt	2500
geädert	2500
geähnelt	2500
geändert	2500
geängstigt	2500
geärgert	2500
geätzt	2500
geäußert	2500
geachtet	2500
geadelt	2500
geahndet	2500
geahnt	2500
gealtert	2500
geangelt	2500
geankert	2500
geantwortet	2500
gearbeitet	2500
geargwöhnt	2500
geartet	2500
geatmet	2500
geb.	2500
gebändigt	2500
gebärden	2500
gebären	2500
gebacken	2500
gebadet	2500
gebaggert	2500
gebahnt	2500
geballert	2500
geballt	2500
gebangt	2500
gebannt	2500
gebar	2500
gebastelt	2500
gebauchpinselt	2500
gebauscht	2500
gebaut	2500
gebebt	2500
gebefreudig	2500
gebeichtet	2500
gebellt	2500
gebessert	2500
gebeten	2500
gebetet	2500
gebetsmühlenartig	2500
gebettelt	2500
gebettet	2500
gebeugt	2500
gebeutelt	2500
gebiert	2500
gebieten	2500
gebieterisch	2500
gebietsfremd	2500
gebietsweise	2500
gebildet	2500
gebilligt	2500
gebirgig	2500
gebissen	2500
geblättert	2500
geblasen	2500
gebleicht	2500
geblendet	2500
geblickt	2500
geblieben	2500
geblockt	2500
geblüht	2500
geblümt	2500
gebogen	2500
gebohrt	2500
gebongt	2500
gebootet	2500
geboren	2500
geborgen	2500
geborgt	2500
geborsten	2500
geboten	2500
geboxt	2500
gebräuchlich	2500
gebräunt	2500
gebracht	2500
gebrandet	2500
gebrandmarkt	2500
gebrandschatzt	2500
gebrannt	2500
gebraten	2500
gebrauchen	2500
gebrauchsfähig	2500
gebrauchsfertig	2500
gebraust	2500
gebraut	2500
gebrechlich	2500
gebreitet	2500
gebremst	2500
gebröckelt	2500
gebröselt	2500
gebrochen	2500
gebrüllt	2500
gebrütet	2500
gebrummt	2500
gebückt	2500
gebüffelt	2500
gebügelt	2500
gebührenbefreit	2500
gebührenfinanziert	2500
gebührenfrei	2500
gebührenpflichtig	2500
gebührlich	2500
gebündelt	2500
gebürgt	2500
gebürstet	2500
gebürtig	2500
gebüßt	2500
gebucht	2500
gebuddelt	2500
gebunden	2500
geburtenärmste	2500
geburtenreich	2500
gebuttert	2500
gechartert	2500
gechattet	2500
geckenhaft	2500
gecoatet	2500
gecremt	2500
gedämmt	2500
gedämpft	2500
gedacht	2500
gedachte	2500
gedampft	2500
gedankenlos	2500
gedankenreich	2500
gedankenverloren	2500
gedankenvoll	2500
gedanklich	2500
gedankt	2500
gedauert	2500
gedeckt	2500
gedehnt	2500
gedeichselt	2500
gedeihen	2500
gedeihlich	2500
gedemütigt	2500
gedeutet	2500
gedichtet	2500
gediegen	2500
gediehen	2500
gedient	2500
gedörrt	2500
gedöst	2500
gedoktort	2500
gedopt	2500
gedrängelt	2500
gedrängt	2500
gedrahtet	2500
gedreht	2500
gedrillt	2500
gedrittelt	2500
gedroht	2500
gedrosselt	2500
gedrückt	2500
gedruckt	2500
gedrungen	2500
gedüngt	2500
gedünkt	2500
gedünstet	2500
geduckt	2500
geduftet	2500
gedulden	2500
geduldig	2500
gedungen	2500
gedunsen	2500
geduscht	2500
geebnet	2500
geehelicht	2500
geehrt	2500
geeicht	2500
geeifert	2500
geeignet	2500
geeilt	2500
geeinigt	2500
geeint	2500
geendet	2500
geentert	2500
geerbt	2500
geerdet	2500
geerntet	2500
gefächert	2500
gefädelt	2500
gefährdet	2500
gefährlich	2500
gefällig	2500
gefällt	2500
gefälscht	2500
gefärbt	2500
gefackelt	2500
gefahndet	2500
gefahrbringend	2500
gefahrenträchtig	2500
gefahrlos	2500
gefahrvoll	2500
gefallsüchtig	2500
gefaltet	2500
gefalzt	2500
gefangen	2500
gefangengehalten	2500
gefangengenommen	2500
gefangenhältst	2500
gefangennehmen	2500
gefangennimmt	2500
gefangenzuhalten	2500
gefangenzunehmen	2500
gefaselt	2500
gefasst	2500
gefastet	2500
gefaulenzt	2500
gefault	2500
gefaxt	2500
gefechtsbereit	2500
gefegt	2500
gefehlt	2500
gefeiert	2500
gefeilscht	2500
gefeilt	2500
gefeit	2500
gefertigt	2500
gefesselt	2500
gefestigt	2500
gefeuert	2500
gefickt	2500
gefiebert	2500
gefiedert	2500
gefiel	2500
gefilmt	2500
gefiltert	2500
gefilzt	2500
gefischt	2500
gefixt	2500
geflackert	2500
geflaggt	2500
geflanscht	2500
geflattert	2500
gefleckt	2500
gefleht	2500
gefletscht	2500
geflickt	2500
gefliest	2500
geflimmert	2500
geflissentlich	2500
geflitzt	2500
geflötet	2500
geflochten	2500
geflogen	2500
geflohen	2500
gefloppt	2500
geflossen	2500
geflüchtet	2500
geflügelt	2500
geflüstert	2500
geflucht	2500
geflunkert	2500
geföhnt	2500
gefördert	2500
gefolgert	2500
gefolgt	2500
gefoltert	2500
gefoppt	2500
gefordert	2500
geformt	2500
geforscht	2500
gefoult	2500
gefräßig	2500
gefräst	2500
gefragt	2500
gefreit	2500
gefressen	2500
gefreut	2500
gefrevelt	2500
gefrieren	2500
gefristet	2500
gefroren	2500
gefrühstückt	2500
gefruchtet	2500
gefügig	2500
gefügt	2500
gefühllos	2500
gefühlsbetont	2500
gefühlsduslig	2500
gefühlsmäßig	2500
gefühlsvoll	2500
gefühlt	2500
gefühlvoll	2500
geführt	2500
gefüllt	2500
gefürchtet	2500
gefüttert	2500
gefummelt	2500
gefunden	2500
gefunkelt	2500
gefunkt	2500
gefurzt	2500
gegähnt	2500
gegängelt	2500
gegärt	2500
gegackert	2500
gegafft	2500
gegangen	2500
gegeben	2500
gegebenenfalls	2500
gegeizt	2500
gegeneinander	2500
gegengewichtslos	2500
gegengezeichnet	2500
gegenläufig	2500
gegenrechenbar	2500
gegenrechnen	2500
gegensätzlich	2500
gegenseitig	2500
gegenständlich	2500
gegenstandslos	2500
gegensteuern	2500
gegenteilig	2500
gegenübergestanden	2500
gegenübergestellt	2500
gegenübergetreten	2500
gegenüberliegen	2500
gegenübersähe	2500
gegenübersehen	2500
gegenübersieht	2500
gegenüberstand	2500
gegenüberstehen	2500
gegenüberstellen	2500
gegenübertreten	2500
gegenübertritt	2500
gegenüberzusitzen	2500
gegenüberzustehen	2500
gegenwärtig	2500
gegenzeichnen	2500
gegenzurechnen	2500
gegenzusteuern	2500
gegessen	2500
geglänzt	2500
geglättet	2500
geglaubt	2500
geglichen	2500
gegliedert	2500
geglotzt	2500
geglückt	2500
gegnerisch	2500
gegönnt	2500
gegolten	2500
gegoogelt	2500
gegossen	2500
gegraben	2500
gegrenzt	2500
gegriffen	2500
gegrillt	2500
gegrinst	2500
gegrübelt	2500
gegründet	2500
gegrüßt	2500
geguckt	2500
gehäkelt	2500
gehängt	2500
gehänselt	2500
gehärtet	2500
gehässig	2500
gehätschelt	2500
gehäuft	2500
gehackt	2500
gehaftet	2500
gehagelt	2500
gehalten	2500
gehaltlos	2500
gehaltreich	2500
gehaltvoll	2500
gehandelt	2500
gehandhabt	2500
gehandikapt	2500
gehangen	2500
geharnischt	2500
gehascht	2500
gehasst	2500
gehastet	2500
gehaucht	2500
gehauen	2500
gehaust	2500
gehbehindert	2500
gehebelt	2500
geheftet	2500
gehegt	2500
geheiligt	2500
geheilt	2500
geheimdienstlich	2500
geheimgehalten	2500
geheimnisvoll	2500
geheimpolizeilich	2500
geheimtuerisch	2500
geheimzuhalten	2500
geheiratet	2500
geheißen	2500
geheizt	2500
gehemmt	2500
gehenkt	2500
geherrscht	2500
gehetzt	2500
geheuchelt	2500
geheuer	2500
geheuert	2500
geheult	2500
gehievt	2500
gehindert	2500
gehinkt	2500
gehirngewaschen	2500
gehirnpsychologisch	2500
gehisst	2500
gehöhnt	2500
gehören	2500
gehörig	2500
gehörlos	2500
gehört	2500
gehobelt	2500
gehoben	2500
gehofft	2500
geholfen	2500
geholt	2500
gehorchen	2500
gehortet	2500
gehüllt	2500
gehütet	2500
gehuldigt	2500
gehungert	2500
gehupt	2500
gehustet	2500
geil	2500
geimpft	2500
geirrt	2500
geisterhaft	2500
geistern	2500
geistesabwesend	2500
geistesgegenwärtig	2500
geistesgestört	2500
geisteskrank	2500
geistesschwächer	2500
geistesschwächste	2500
geistesschwach	2500
geistesverwandt	2500
geisteswissenschaftlich	2500
geistig	2500
geistlich	2500
geistlos	2500
geistreich	2500
geisttötend	2500
geistvoll	2500
geizen	2500
geizig	2500
gejagt	2500
gejammert	2500
gejittert	2500
gejoggt	2500
gejubelt	2500
gejuckt	2500
gekämmt	2500
gekämpft	2500
gekabelt	2500
gekachelt	2500
gekantet	2500
gekapert	2500
gekappt	2500
gekapselt	2500
gekaspert	2500
gekaudert	2500
gekauert	2500
gekauft	2500
gekaut	2500
gekehrt	2500
gekeift	2500
gekeimt	2500
gekennzeichnet	2500
gekentert	2500
gekerbt	2500
gekettet	2500
gekeucht	2500
gekichert	2500
gekidnappt	2500
gekillt	2500
gekippt	2500
gekittet	2500
gekitzelt	2500
geklärt	2500
geklafft	2500
geklagt	2500
geklammert	2500
geklappert	2500
geklappt	2500
geklatscht	2500
geklaut	2500
geklebt	2500
gekleidet	2500
geklemmt	2500
geklettert	2500
geklickt	2500
geklimpert	2500
geklingelt	2500
geklirrt	2500
geklönt	2500
geklont	2500
geklopft	2500
gekloppt	2500
geklungen	2500
geknackt	2500
geknallt	2500
geknebelt	2500
geknechtet	2500
geknetet	2500
geknickt	2500
gekniet	2500
geknipst	2500
geknirscht	2500
geknistert	2500
geknöpft	2500
geknüpft	2500
geknurrt	2500
geknutscht	2500
geködert	2500
geköpft	2500
gekörnt	2500
gekocht	2500
gekokst	2500
gekommen	2500
gekontert	2500
gekoppelt	2500
gekostet	2500
gekräftigt	2500
gekränkt	2500
gekräuselt	2500
gekracht	2500
gekratzt	2500
gekrault	2500
gekreischt	2500
gekreuzigt	2500
gekreuzt	2500
gekriegt	2500
gekritzelt	2500
gekrönt	2500
gekröpft	2500
gekrochen	2500
gekrümmt	2500
gekühlt	2500
gekümmert	2500
gekündigt	2500
gekünstelt	2500
gekürt	2500
gekürzt	2500
geküsst	2500
gelähmt	2500
gelänge	2500
gelärmt	2500
gelästert	2500
geläufig	2500
geläutert	2500
geläutet	2500
gelabt	2500
gelacht	2500
geladen	2500
gelagert	2500
gelahmt	2500
gelandet	2500
gelangen	2500
gelangweilt	2500
gelassen	2500
gelatcht	2500
gelatscht	2500
gelaufen	2500
gelaunt	2500
gelauscht	2500
gelaust	2500
gelb	2500
gelbgrün	2500
geldgebend	2500
geldgierig	2500
geldpolitisch	2500
geleast	2500
gelebt	2500
geleckt	2500
geleert	2500
gelegen	2500
gelegt	2500
gelehnt	2500
gelehrig	2500
gelehrt	2500
geleimt	2500
geleistet	2500
geleiten	2500
geleitet	2500
gelenkig	2500
gelenkt	2500
gelernt	2500
gelesen	2500
geleugnet	2500
gelichtet	2500
geliebt	2500
geliefert	2500
geliehen	2500
geliftet	2500
gelind	2500
gelindert	2500
gelingen	2500
gelinkt	2500
gelistet	2500
gelitten	2500
gellen	2500
gelöscht	2500
gelöst	2500
gelötet	2500
geloben	2500
gelocht	2500
gelockert	2500
gelockt	2500
gelogen	2500
geloggt	2500
gelohnt	2500
gelost	2500
gelotst	2500
geltungsbedürftig	2500
gelüftet	2500
gelüsten	2500
gelungen	2500
gelyncht	2500
gem.	2500
gemächlich	2500
gemäht	2500
gemäß	2500
gemäßigt	2500
gemästet	2500
gemahlen	2500
gemahnen	2500
gemailt	2500
gemalt	2500
gemanagt	2500
gemangelt	2500
gemartert	2500
gemaßregelt	2500
gemauert	2500
gemausert	2500
gemeckert	2500
gemein	2500
gemeindeeigen	2500
gemeindlich	2500
gemeinerweise	2500
gemeinfrei	2500
gemeingefährlich	2500
gemeingültig	2500
gemeinhin	2500
gemeinnützig	2500
gemeinsam	2500
gemeinschaftlich	2500
gemeint	2500
gemeinverständlich	2500
gemeinwirtschaftlich	2500
gemeistert	2500
gemeldet	2500
gemerkt	2500
gemessen	2500
gemeuchelt	2500
gemeutert	2500
gemieden	2500
gemietet	2500
gemildert	2500
gemindert	2500
gemischt	2500
gemisst	2500
gemistet	2500
gemittelt	2500
gemixt	2500
gemobbt	2500
gemogelt	2500
gemolken	2500
gemordet	2500
gemosert	2500
gemountet	2500
gemündet	2500
gemünzt	2500
gemütlich	2500
gemütsfrei	2500
gemütskrank	2500
gemütvoll	2500
gemultiplext	2500
gemundet	2500
gemunkelt	2500
gemurmelt	2500
gemustert	2500
genähert	2500
genährt	2500
genäht	2500
genagelt	2500
genagt	2500
genannt	2500
genau	2500
genauestens	2500
genauso	2500
geneckt	2500
genehm	2500
genehmigt	2500
genehmigungspflichtig	2500
geneigt	2500
generalisieren	2500
generationenlang	2500
generationsübergreifend	2500
generativ	2500
generell	2500
generisch	2500
generös	2500
genervt	2500
genetisch	2500
genial	2500
genialisch	2500
genieren	2500
geniert	2500
genießen	2500
genießerisch	2500
geniest	2500
genietet	2500
genippt	2500
genmanipuliert	2500
genössen	2500
genötigt	2500
genommen	2500
genoppt	2500
genormt	2500
genoss	2500
genossenschaftlich	2500
gentechnikfrei	2500
gentechnisch	2500
gentechnologisch	2500
genügen	2500
genügend	2500
genügsam	2500
genüsslich	2500
genuin	2500
genussreich	2500
genusssüchtig	2500
genussvoll	2500
genutzt	2500
geöffnet	2500
geölt	2500
geografisch	2500
geographisch	2500
geohrfeigt	2500
geologisch	2500
geomagnetisch	2500
geometrisch	2500
geomorphologisch	2500
geopfert	2500
geophysikalisch	2500
geopolitisch	2500
geordert	2500
geordnet	2500
georgisch	2500
geortet	2500
geostationär	2500
gepaart	2500
gepachtet	2500
gepackt	2500
gepaddelt	2500
gepanscht	2500
gepanzert	2500
geparkt	2500
geparsed	2500
gepasst	2500
gepatzt	2500
gepeilt	2500
gepeinigt	2500
gepfändet	2500
gepfeffert	2500
gepfiffen	2500
gepflanzt	2500
gepflastert	2500
gepflegt	2500
gepflückt	2500
gepflügt	2500
gepfuscht	2500
gepickt	2500
gepiesackt	2500
gepimpert	2500
gepinselt	2500
geplättet	2500
geplagt	2500
geplantscht	2500
geplappert	2500
geplatzt	2500
geplaudert	2500
geplündert	2500
gepokert	2500
gepolstert	2500
gepolt	2500
geprägt	2500
geprahlt	2500
geprallt	2500
geprasst	2500
gepredigt	2500
geprellt	2500
gepresst	2500
gepriesen	2500
geprobt	2500
geprotzt	2500
geprüft	2500
geprügelt	2500
gepuffert	2500
gepulst	2500
gepumpt	2500
gepunktet	2500
gepurzelt	2500
gepuscht	2500
gepusht	2500
geputscht	2500
geputzt	2500
gequält	2500
gequatscht	2500
gequetscht	2500
gequietscht	2500
gequollen	2500
gerächt	2500
gerädert	2500
gerändelt	2500
gerätetechnisch	2500
gerätselt	2500
gerätst	2500
geräuchert	2500
geräumig	2500
geräumt	2500
geräuschärmer	2500
geräuschärmste	2500
geräuscharm	2500
geräuschdämpfend	2500
geräuschlos	2500
geräuschvoll	2500
geräuspert	2500
geradeaus	2500
geradebiegen	2500
geradebog	2500
geradeheraus	2500
geradehin	2500
geradelt	2500
geradenwegs	2500
geradestand	2500
geradestehen	2500
geradewegs	2500
geradezu	2500
geradlinig	2500
gerafft	2500
geragt	2500
gerahmt	2500
gerammelt	2500
gerammt	2500
gerannt	2500
geraschelt	2500
gerasselt	2500
gerast	2500
gerastet	2500
geraten	2500
geraubt	2500
geraucht	2500
geraum	2500
geraunt	2500
geraut	2500
gerben	2500
gerechnet	2500
gerecht	2500
gerechtfertigt	2500
gereckt	2500
geredet	2500
geregelt	2500
geregnet	2500
geregt	2500
gereichen	2500
gereift	2500
gereimt	2500
gereinigt	2500
gereist	2500
gereizt	2500
gerempelt	2500
gerettet	2500
gerichtet	2500
gerichtlich	2500
gerichtsfremd	2500
gerichtsmäßig	2500
gerichtsmedizinisch	2500
gerichtsvorsitzend	2500
gerieben	2500
geriet	2500
geriffelt	2500
gerillt	2500
gering	2500
geringfügig	2500
geringpreisig	2500
geringschätzig	2500
geringstmöglich	2500
geringwertig	2500
gerissen	2500
geritten	2500
geritzt	2500
germanisch	2500
germanistisch	2500
geröchelt	2500
geröntgt	2500
geröstet	2500
gerötet	2500
gerochen	2500
gerodet	2500
gerollt	2500
geronnen	2500
gerontologisch	2500
geroutet	2500
gertenschlank	2500
gerüchtweise	2500
gerückt	2500
gerügt	2500
gerühmt	2500
gerührt	2500
gerüstet	2500
gerüttelt	2500
geruchlos	2500
geruchsfrei	2500
geruchtilgend	2500
gerudert	2500
gerufen	2500
geruhen	2500
geruhsam	2500
gerundet	2500
gerungen	2500
gerunzelt	2500
gerupft	2500
gerutscht	2500
gesägt	2500
gesät	2500
gesättigt	2500
gesäubert	2500
gesäugt	2500
gesäumt	2500
gesäuselt	2500
gesackt	2500
gesalbt	2500
gesalzen	2500
gesammelt	2500
gesamtaktiv	2500
gesamtdeutsch	2500
gesamteuropäisch	2500
gesamtgesellschaftlich	2500
gesamtheitlich	2500
gesamtkoreanisch	2500
gesamtmenschlich	2500
gesamtskandinavisch	2500
gesamtstaatlich	2500
gesamtverantwortlich	2500
gesamtvietnamesisch	2500
gesamtwirtschaftlich	2500
gesandt	2500
gesanglich	2500
gesattelt	2500
gesaugt	2500
gesaust	2500
geschädigt	2500
geschäftig	2500
geschäftlich	2500
geschäftsfähig	2500
geschäftsführend	2500
geschäftskundig	2500
geschäftslos	2500
geschäftsmäßig	2500
geschäftspolitisch	2500
geschäftsschädigend	2500
geschäftstüchtig	2500
geschähe	2500
geschäkert	2500
geschält	2500
geschämt	2500
geschändet	2500
geschärft	2500
geschätzt	2500
geschäumt	2500
geschabt	2500
geschachtelt	2500
geschadet	2500
geschaffen	2500
geschafft	2500
geschah	2500
geschallt	2500
geschaltet	2500
gescharrt	2500
geschart	2500
geschasst	2500
geschaudert	2500
geschauert	2500
geschaufelt	2500
geschaukelt	2500
geschaut	2500
gescheffelt	2500
geschehe	2500
gescheit	2500
gescheitelt	2500
gescheitert	2500
geschellt	2500
geschenkt	2500
gescheppert	2500
geschert	2500
gescherzt	2500
gescheucht	2500
gescheuert	2500
gescheut	2500
geschichtet	2500
geschichtlich	2500
geschichtslos	2500
geschickt	2500
geschieden	2500
geschieht	2500
geschielt	2500
geschienen	2500
geschient	2500
geschifft	2500
geschildert	2500
geschillert	2500
geschimmelt	2500
geschimmert	2500
geschimpft	2500
geschirmt	2500
geschissen	2500
geschlängelt	2500
geschlachtet	2500
geschlackt	2500
geschlafen	2500
geschlagen	2500
geschlaucht	2500
geschlechtergerecht	2500
geschlechtlich	2500
geschlechtsangleichend	2500
geschlechtsbestimmend	2500
geschlechtsbezogen	2500
geschlechtsspezifisch	2500
geschleckt	2500
geschleift	2500
geschleißt	2500
geschlendert	2500
geschlenkert	2500
geschleppt	2500
geschleudert	2500
geschleust	2500
geschlichen	2500
geschlichtet	2500
geschliffen	2500
geschlissen	2500
geschlittert	2500
geschlossen	2500
geschlottert	2500
geschlüpft	2500
geschlürft	2500
geschluckt	2500
geschlummert	2500
geschlungen	2500
geschlurft	2500
geschlussfolgert	2500
geschmäht	2500
geschmälert	2500
geschmackfrei	2500
geschmacklich	2500
geschmacklos	2500
geschmacksneutral	2500
geschmackvoll	2500
geschmatzt	2500
geschmeckt	2500
geschmeichelt	2500
geschmeidig	2500
geschmerzt	2500
geschmettert	2500
geschmiedet	2500
geschmiegt	2500
geschmiert	2500
geschminkt	2500
geschmirgelt	2500
geschmissen	2500
geschmolzen	2500
geschmort	2500
geschmückt	2500
geschmuggelt	2500
geschmunzelt	2500
geschnäuzt	2500
geschnallt	2500
geschnappt	2500
geschnarcht	2500
geschnattert	2500
geschnauft	2500
geschneidert	2500
geschneit	2500
geschnellt	2500
geschniegelt	2500
geschnitten	2500
geschnitzelt	2500
geschnitzt	2500
geschnörkelt	2500
geschnorrt	2500
geschnüffelt	2500
geschnürt	2500
geschnupft	2500
geschnurrt	2500
geschönt	2500
geschöpft	2500
geschoben	2500
geschockt	2500
gescholten	2500
geschont	2500
geschossen	2500
geschränkt	2500
geschrammt	2500
geschraubt	2500
geschreckt	2500
geschreddert	2500
geschrieben	2500
geschrien	2500
geschritten	2500
geschröpft	2500
geschrubbt	2500
geschrumpft	2500
geschürft	2500
geschürt	2500
geschürzt	2500
geschüttelt	2500
geschüttet	2500
geschützt	2500
geschubst	2500
geschuldet	2500
geschult	2500
geschummelt	2500
geschunden	2500
geschuppt	2500
geschustert	2500
geschwächt	2500
geschwängert	2500
geschwänzelt	2500
geschwänzt	2500
geschwärmt	2500
geschwärzt	2500
geschwätzig	2500
geschwätzt	2500
geschwabbelt	2500
geschwankt	2500
geschwappt	2500
geschwatzt	2500
geschwefelt	2500
geschweift	2500
geschweißt	2500
geschwelgt	2500
geschwellt	2500
geschwemmt	2500
geschwenkt	2500
geschwiegen	2500
geschwind	2500
geschwindelt	2500
geschwindigkeitsabhängig	2500
geschwindigkeitsoptimiert	2500
geschwirrt	2500
geschwisterlos	2500
geschwitzt	2500
geschwollen	2500
geschwommen	2500
geschworen	2500
geschwunden	2500
geschwungen	2500
gesegelt	2500
gesegnet	2500
gesehen	2500
gesehnt	2500
gesellen	2500
gesellig	2500
gesellschaftlich	2500
gesellschaftsfähig	2500
gesellschaftskritisch	2500
gesellschaftspolitisch	2500
gesellschaftsrechtlich	2500
gesendet	2500
gesengt	2500
gesenkt	2500
gesessen	2500
gesetzeskonform	2500
gesetzgebend	2500
gesetzgeberisch	2500
gesetzlich	2500
gesetzlos	2500
gesetzmäßig	2500
gesetzt	2500
gesetzwidrig	2500
geseufzt	2500
gesichert	2500
gesichtet	2500
gesichtslos	2500
gesickert	2500
gesiebt	2500
gesiecht	2500
gesiedelt	2500
gesiedet	2500
gesiegelt	2500
gesiegt	2500
gesiezt	2500
gesinnt	2500
gesinnungslos	2500
gesittet	2500
gesoffen	2500
gesogen	2500
gesondert	2500
gesonnen	2500
gesorgt	2500
gesotten	2500
gespachtelt	2500
gespalten	2500
gespaltet	2500
gespannt	2500
gespart	2500
gespaßt	2500
gespeichert	2500
gespeist	2500
gespendet	2500
gespensterhaft	2500
gespenstisch	2500
gesperrt	2500
gespickt	2500
gespiegelt	2500
gespielt	2500
gespien	2500
gespießt	2500
gespitzt	2500
gesplittert	2500
gesplittet	2500
gespöttelt	2500
gesponnen	2500
gesponsert	2500
gespornt	2500
gespottet	2500
gesprächig	2500
gesprächsbereit	2500
gespreizt	2500
gesprengt	2500
gesprenkelt	2500
gesprießt	2500
gesprintet	2500
gespritzt	2500
gesprochen	2500
gesprüht	2500
gesprudelt	2500
gesprungen	2500
gespült	2500
gespürt	2500
gespuckt	2500
gespult	2500
gespurtet	2500
geständig	2500
gestärkt	2500
gestäubt	2500
gestachelt	2500
gestaffelt	2500
gestalterisch	2500
gestammelt	2500
gestampft	2500
gestand	2500
gestanden	2500
gestanzt	2500
gestapelt	2500
gestapft	2500
gestarrt	2500
gestartet	2500
gestaubsaugt	2500
gestaucht	2500
gestaunt	2500
gestaut	2500
gesteckt	2500
gestehen	2500
gesteift	2500
gesteigert	2500
gesteinigt	2500
gestellt	2500
gestelzt	2500
gestemmt	2500
gestempelt	2500
gesteppt	2500
gesteuert	2500
gestichelt	2500
gestickt	2500
gestiefelt	2500
gestiegen	2500
gestiftet	2500
gestikulieren	2500
gestillt	2500
gestimmt	2500
gestisch	2500
gestöbert	2500
gestöhnt	2500
gestöpselt	2500
gestört	2500
gestochen	2500
gestochert	2500
gestockt	2500
gestohlen	2500
gestolpert	2500
gestopft	2500
gestoppt	2500
gestorben	2500
gestoßen	2500
gestottert	2500
gesträubt	2500
gestrafft	2500
gestraft	2500
gestrahlt	2500
gestrampelt	2500
gestrandet	2500
gestrauchelt	2500
gestrebt	2500
gestreckt	2500
gestreichelt	2500
gestreift	2500
gestreikt	2500
gestreng	2500
gestresst	2500
gestreunt	2500
gestreut	2500
gestrichelt	2500
gestrichen	2500
gestrickt	2500
gestriegelt	2500
gestriemt	2500
gestrig	2500
gestritten	2500
geströmt	2500
gestrolcht	2500
gestrotzt	2500
gestrudelt	2500
gestückelt	2500
gestülpt	2500
gestürmt	2500
gestürzt	2500
gestützt	2500
gestundet	2500
gestupst	2500
gestutzt	2500
gesüffelt	2500
gesühnt	2500
gesünder	2500
gesündest	2500
gesündigt	2500
gesüßt	2500
gesucht	2500
gesudelt	2500
gesund	2500
gesunden	2500
gesundet	2500
gesundgepflegt	2500
gesundheitlich	2500
gesundheitsbewusst	2500
gesundheitsfördernd	2500
gesundheitsgefährdend	2500
gesundheitspolitisch	2500
gesundheitsschädigend	2500
gesundheitsschädlich	2500
gesundschrumpfen	2500
gesungen	2500
gesunken	2500
gesurft	2500
gesurrt	2500
getäfelt	2500
getändelt	2500
getänzelt	2500
getätigt	2500
getätschelt	2500
getäuscht	2500
getadelt	2500
getafelt	2500
getagt	2500
getakelt	2500
getaktet	2500
getan	2500
getankt	2500
getanzt	2500
getappt	2500
getapst	2500
getarnt	2500
getastet	2500
getaucht	2500
getauft	2500
getaugt	2500
getaumelt	2500
getauscht	2500
getaut	2500
geteert	2500
geteilt	2500
getestet	2500
getextet	2500
gethront	2500
getickt	2500
getilgt	2500
getippelt	2500
getippt	2500
getischlert	2500
getönt	2500
getöpfert	2500
getötet	2500
getoastet	2500
getobt	2500
getoggelt	2500
getollt	2500
getorkelt	2500
getost	2500
geträllert	2500
getränkt	2500
geträufelt	2500
geträumt	2500
getragen	2500
getrampelt	2500
getrampt	2500
getrappelt	2500
getrauert	2500
getraut	2500
getreidelt	2500
getrennt	2500
getreten	2500
getreu	2500
getrickst	2500
getrieben	2500
getrieft	2500
getriggert	2500
getrillert	2500
getrimmt	2500
getrippelt	2500
getrödelt	2500
getröpfelt	2500
getröstet	2500
getrocknet	2500
getroffen	2500
getrommelt	2500
getropft	2500
getrost	2500
getrottet	2500
getrotzt	2500
getrübt	2500
getrudelt	2500
getrumpft	2500
getrunken	2500
getüftelt	2500
getüncht	2500
getürmt	2500
getüttelt	2500
getummelt	2500
getunkt	2500
getupft	2500
geturnt	2500
getuschelt	2500
getuscht	2500
getutet	2500
getwittert	2500
getypt	2500
geübt	2500
geulkt	2500
geurteilt	2500
gevierteilt	2500
gevögelt	2500
gewählt	2500
gewähnt	2500
gewährgeleistet	2500
gewährleisten	2500
gewälzt	2500
gewännen	2500
gewärmt	2500
gewachsen	2500
gewachst	2500
gewacht	2500
gewackelt	2500
gewaffnet	2500
gewagt	2500
gewahrt	2500
gewalkt	2500
gewallt	2500
gewaltbereit	2500
gewaltet	2500
gewaltfrei	2500
gewaltig	2500
gewaltlos	2500
gewaltsam	2500
gewalttätig	2500
gewalzt	2500
gewandelt	2500
gewandert	2500
gewandt	2500
gewankt	2500
gewann	2500
gewappnet	2500
gewarnt	2500
gewartet	2500
gewaschen	2500
gewassert	2500
gewatet	2500
gewatschelt	2500
gewebefreundlich	2500
gewebt	2500
gewechselt	2500
geweckt	2500
gewedelt	2500
gewehrt	2500
geweht	2500
geweidet	2500
geweigert	2500
geweiht	2500
geweilt	2500
geweint	2500
geweißt	2500
gewelkt	2500
gewellt	2500
gewendet	2500
gewerbemäßig	2500
gewerbetreibend	2500
gewerblich	2500
gewerbsmäßig	2500
gewerkschaftlich	2500
gewerkschaftseigen	2500
gewerkschaftsnah	2500
gewerkt	2500
gewertet	2500
gewettet	2500
gewetzt	2500
gewichen	2500
gewichst	2500
gewichtet	2500
gewichtheben	2500
gewichtig	2500
gewichtssparend	2500
gewickelt	2500
gewidmet	2500
gewiegt	2500
gewiehert	2500
gewienert	2500
gewiesen	2500
gewillt	2500
gewimmelt	2500
gewimmert	2500
gewinkt	2500
gewinnbringend	2500
gewinnmitnehmend	2500
gewinnträchtig	2500
gewinselt	2500
gewippt	2500
gewirbelt	2500
gewirkt	2500
gewirtschaftet	2500
gewischt	2500
gewispert	2500
gewiss	2500
gewissenhaft	2500
gewissenlos	2500
gewissermaßen	2500
gewisslich	2500
gewitterig	2500
gewittert	2500
gewitzelt	2500
gewitzt	2500
gewöhnlich	2500
gewöhnlicherweise	2500
gewöhnungsbedürftig	2500
gewölbt	2500
gewönnen	2500
gewogen	2500
gewohnheitsmäßig	2500
gewohnt	2500
gewonnen	2500
geworben	2500
geworfen	2500
gewrungen	2500
gewühlt	2500
gewünscht	2500
gewürdigt	2500
gewürfelt	2500
gewürgt	2500
gewürzt	2500
gewütet	2500
gewuchert	2500
gewuchtet	2500
gewunden	2500
gewundert	2500
gewunken	2500
gewurmt	2500
gewurstelt	2500
gewurzelt	2500
gewusst	2500
gezählt	2500
gezähmt	2500
gezahlt	2500
gezahnt	2500
gezankt	2500
gezapft	2500
gezappelt	2500
gezaubert	2500
gezaudert	2500
gezecht	2500
gezeichnet	2500
gezeigt	2500
gezeltet	2500
gezerrt	2500
gezeugt	2500
gezielt	2500
geziemen	2500
geziert	2500
gezimmert	2500
gezinkt	2500
gezirkelt	2500
gezirpt	2500
gezischelt	2500
gezischt	2500
gezittert	2500
gezögert	2500
gezogen	2500
gezollt	2500
gezüchtet	2500
gezüchtigt	2500
gezückt	2500
gezügelt	2500
gezündelt	2500
gezündet	2500
gezüngelt	2500
gezürnt	2500
gezuckert	2500
gezuckt	2500
gezupft	2500
gezwängt	2500
gezweifelt	2500
gezwickt	2500
gezwiebelt	2500
gezwinkert	2500
gezwirbelt	2500
gezwitschert	2500
gezwungen	2500
gezwungenermaßen	2500
ggf.	2500
ghanaisch	2500
gieren	2500
gierig	2500
giften	2500
giftfrei	2500
giftgrün	2500
giftig	2500
gigantisch	2500
giltst	2500
ginge	2500
gipfeln	2500
glänzen	2500
gläsern	2500
gläubig	2500
glamourös	2500
glanzlos	2500
glanzvoll	2500
glasähnlich	2500
glasieren	2500
glasig	2500
glasklar	2500
glatt	2500
glattgestellt	2500
glattweg	2500
glaubhaft	2500
glaubwürdig	2500
gleichalterig	2500
gleichartig	2500
gleichauf	2500
gleichbedeutend	2500
gleichberechtigt	2500
gleichbleibend	2500
gleicher	2500
gleichermaßen	2500
gleicherweise	2500
gleichfalls	2500
gleichfarbig	2500
gleichförmig	2500
gleichgekommen	2500
gleichgemacht	2500
gleichgerichtet	2500
gleichgeschlechtlich	2500
gleichgesetzt	2500
gleichgesinnt	2500
gleichgestellt	2500
gleichgetan	2500
gleichgezogen	2500
gleichgroß	2500
gleichgültig	2500
gleichkäme	2500
gleichkam	2500
gleichkommen	2500
gleichlang	2500
gleichlaufend	2500
gleichlautend	2500
gleichmäßig	2500
gleichmachen	2500
gleichmütig	2500
gleichnamig	2500
gleichnishaft	2500
gleichrangig	2500
gleichsam	2500
gleichseitig	2500
gleichsetzen	2500
gleichspannungsmäßig	2500
gleichsprachig	2500
gleichstark	2500
gleichstehen	2500
gleichstellen	2500
gleichtun	2500
gleichviel	2500
gleichwertig	2500
gleichwohl	2500
gleichzeitig	2500
gleichziehen	2500
gleichzuschalten	2500
gleichzusetzen	2500
gleichzustellen	2500
gleichzutun	2500
gleichzuziehen	2500
gleißend	2500
gleiten	2500
glich	2500
gliedern	2500
glimmen	2500
glimpflich	2500
glitschig	2500
glitt	2500
glitzern	2500
glockenförmig	2500
glockig	2500
glorreich	2500
glotzen	2500
glückbringend	2500
glücken	2500
glücklich	2500
glücklicherweise	2500
glücklos	2500
glückselig	2500
glückstrahlend	2500
glühen	2500
glühendst	2500
gluckern	2500
glucksen	2500
glutäugig	2500
glutenhaltig	2500
gnädig	2500
gnädigerweise	2500
gnadenlos	2500
gödelisiert	2500
gönnen	2500
gönnerhaft	2500
göttlich	2500
goldbedeckt	2500
goldbesetzt	2500
goldbestickt	2500
goldblond	2500
goldbraun	2500
golden	2500
goldgelb	2500
goldglänzend	2500
goldhaltig	2500
goldig	2500
goldne	2500
goldrichtig	2500
googeln	2500
gordisch	2500
goss	2500
gotisch	2500
gottesfürchtig	2500
gottgegeben	2500
gottgesegnet	2500
gottgewährt	2500
gottgewollt	2500
gottlob	2500
gottlos	2500
gottverlassen	2500
goutieren	2500
gouvernantenhaft	2500
gräbt	2500
grämen	2500
grämlich	2500
grässlich	2500
grätig	2500
gräulich	2500
grabbeln	2500
gradlinig	2500
graduell	2500
grafikfähig	2500
grafisch	2500
grafologisch	2500
grammatikalisch	2500
grammatisch	2500
grandios	2500
grantig	2500
granulär	2500
granulös	2500
graphentheoretisch	2500
graphikfähig	2500
graphisch	2500
graphitgrau	2500
graphologisch	2500
grasen	2500
grasgrün	2500
grassieren	2500
gratis	2500
gratulieren	2500
grau	2500
grauen	2500
grauenerregend	2500
grauenhaft	2500
grauenvoll	2500
graugrün	2500
grauhaarig	2500
grausam	2500
grauschwarz	2500
grausen	2500
grausig	2500
grauslich	2500
grautrist	2500
grauweiß	2500
gravierend	2500
grazil	2500
graziös	2500
greifen	2500
greise	2500
greisenhaft	2500
grell	2500
grellweiß	2500
grenzen	2500
grenzenlos	2500
grenznah	2500
grenzprovokatorisch	2500
grenzüberschreitend	2500
grenzwertig	2500
griech.	2500
griechisch	2500
grienen	2500
griesgrämig	2500
griffbereit	2500
grifffest	2500
griffig	2500
grillen	2500
grimmig	2500
grimmsch	2500
grinsen	2500
gröber	2500
gröbste	2500
grölen	2500
größenordnungsmäßig	2500
größenwahnsinnig	2500
größte	2500
größtenteils	2500
größtmöglich	2500
grobkörnig	2500
grobmaschig	2500
grobschlächtig	2500
grollen	2500
großangelegt	2500
großartig	2500
großbäuerlich	2500
großbürgerlich	2500
großenteils	2500
großflächig	2500
großformatig	2500
großgeschrieben	2500
großgezogen	2500
großherzig	2500
großindustriell	2500
großjährig	2500
großkalibrig	2500
großmütig	2500
großporig	2500
großräumig	2500
großschreiben	2500
großsprecherisch	2500
großspurig	2500
großstädtisch	2500
großstadtmüde	2500
großstadtnah	2500
großtechnisch	2500
großteils	2500
großtuerisch	2500
großväterlich	2500
großziehen	2500
großzügig	2500
großzuziehen	2500
grotesk	2500
grübeln	2500
grüblerisch	2500
grünbewachsen	2500
gründlich	2500
grünen	2500
grünlich	2500
grünlichbraun	2500
grüßen	2500
grub	2500
grummeln	2500
grundbuchamtlich	2500
grundbuchlich	2500
grundehrlich	2500
grundfalsch	2500
grundgesetzlich	2500
grundgesetzwidrig	2500
grundieren	2500
grundlegend	2500
grundlos	2500
grundrechtlich	2500
grundsätzlich	2500
grundsolid	2500
grundverschieden	2500
grunzen	2500
gruppendynamisch	2500
gruseln	2500
gruslig	2500
gültig	2500
günstig	2500
günstigenfalls	2500
gütig	2500
gütlich	2500
guatemaltekisch	2500
gummiartig	2500
gurgeln	2500
gusseisern	2500
gutartig	2500
gutbetucht	2500
gutbürgerlich	2500
gutfundiert	2500
gutgegangen	2500
gutgeheißen	2500
gutgelaunt	2500
gutgeschrieben	2500
gutgesinnt	2500
gutgetan	2500
gutgewachsen	2500
gutgläubig	2500
gutheißen	2500
gutherzig	2500
gutmachen	2500
gutmütig	2500
gutnachbarlich	2500
gutschreiben	2500
guttend	2500
guttun	2500
gutunterrichtet	2500
gutwillig	2500
gutzumachen	2500
gutzuschreiben	2500
gutzutun	2500
gymnasial	2500
gymnastisch	2500
gynäkologisch	2500
hPa	2500
häkeln	2500
hälftig	2500
hältst	2500
hämisch	2500
hämmern	2500
händigen	2500
händisch	2500
hängig	2500
hänseln	2500
häppchenweise	2500
härter	2500
härtst	2500
hässlich	2500
hätscheln	2500
häufig	2500
häuslich	2500
haargenau	2500
haarig	2500
haarlos	2500
haarscharf	2500
haarsträubend	2500
haber	2500
habgierig	2500
habhaft	2500
habilitieren	2500
habsburgisch	2500
habsüchtig	2500
hacken	2500
hadern	2500
haften	2500
haftpflichtig	2500
hageln	2500
hager	2500
haitianisch	2500
halbamtlich	2500
halbautomatisch	2500
halbdunkel	2500
halbfertig	2500
halbgar	2500
halbhell	2500
halbherzig	2500
halbhohe	2500
halbjährig	2500
halbjährlich	2500
halblang	2500
halblaut	2500
halbmast	2500
halbmilitärisch	2500
halbnackt	2500
halboffen	2500
halboffiziell	2500
halbohnmächtig	2500
halbrekursiv	2500
halbrund	2500
halbschlau	2500
halbseiden	2500
halbseitig	2500
halbsitzend	2500
halbstark	2500
halbstündig	2500
halbtägig	2500
halbtäglich	2500
halbtags	2500
halbtot	2500
halbverhungert	2500
halbverkohlt	2500
halbverscharrt	2500
halbvoll	2500
halbwegs	2500
halbwüchsig	2500
half	2500
halftern	2500
halluzinieren	2500
halogenfrei	2500
halsbrecherisch	2500
halsstarrig	2500
haltbar	2500
haltlos	2500
haltungsgeschädigt	2500
handbreit	2500
handelseinig	2500
handelsgerichtlich	2500
handelspolitisch	2500
handelstechnisch	2500
handelsüblich	2500
handfest	2500
handgearbeitet	2500
handgeknüpft	2500
handgemacht	2500
handgeschrieben	2500
handgestoppt	2500
handgestrickt	2500
handgewebt	2500
handgreiflich	2500
handlich	2500
handlungsbevollmächtigt	2500
handlungsfähig	2500
handlungsorientiert	2500
handlungsunfähig	2500
handschriftlich	2500
handvoll	2500
handwerklich	2500
handzahm	2500
hanebüchen	2500
hangeln	2500
hanseatisch	2500
hanteln	2500
hantieren	2500
hapern	2500
happig	2500
hardlock	2500
hardlockgeschützt	2500
hardwaregleich	2500
hardwaremäßig	2500
hardwareseitig	2500
hardwarespezifisch	2500
harken	2500
harmlos	2500
harmonieren	2500
harmonisch	2500
harren	2500
harsch	2500
hartherzig	2500
hartnäckig	2500
harzig	2500
haschen	2500
haselnussbraun	2500
hassen	2500
hasserfüllt	2500
hasten	2500
hastig	2500
hauchdünn	2500
hauchen	2500
hauchfein	2500
hauchzart	2500
hauen	2500
haufenweise	2500
hauptamtlich	2500
hauptbefahrene	2500
hauptberuflich	2500
hauptbeteiligt	2500
hauptsächlich	2500
hausbacken	2500
hauseigen	2500
hausen	2500
hausfraulich	2500
hausgemacht	2500
haushälterisch	2500
haushalten	2500
haushaltsnah	2500
haushaltspolitisch	2500
haushaltsüblich	2500
haushoch	2500
haushohe	2500
hausieren	2500
hausintern	2500
hauswirtschaftlich	2500
hauteng	2500
hautnah	2500
havarieren	2500
hawaiianisch	2500
hebeln	2500
hebräisch	2500
hecheln	2500
hechten	2500
hedonistisch	2500
heftig	2500
hegemonial	2500
hegen	2500
hehlen	2500
heidnisch	2500
heikel	2500
heilbar	2500
heilbringend	2500
heilfroh	2500
heilig	2500
heiliggesprochen	2500
heiligsprechen	2500
heiligspricht	2500
heiligzusprechen	2500
heilklimatisch	2500
heilkräftig	2500
heillos	2500
heilpädagogisch	2500
heilsam	2500
heimatlich	2500
heimatlos	2500
heimattreu	2500
heimatverbunden	2500
heimbegleiten	2500
heimbrachte	2500
heimbringen	2500
heimelig	2500
heimfahren	2500
heimgegangen	2500
heimgehen	2500
heimgeholt	2500
heimgekehrt	2500
heimgekommen	2500
heimgeleuchtet	2500
heimgesucht	2500
heimgezahlt	2500
heimholen	2500
heimisch	2500
heimkam	2500
heimkehren	2500
heimkommen	2500
heimleuchten	2500
heimlich	2500
heimsen	2500
heimsuchen	2500
heimtückisch	2500
heimwehkrank	2500
heimzahlen	2500
heimzuführen	2500
heimzukehren	2500
heimzukommen	2500
heimzureisen	2500
heimzusuchen	2500
heimzutragen	2500
heimzuzahlen	2500
heiraten	2500
heiratsfähig	2500
heißblütig	2500
heißen	2500
heißhungrig	2500
heißlaufen	2500
heiser	2500
heiter	2500
heiterhell	2500
heitern	2500
hektisch	2500
heldenhaft	2500
heldenmütig	2500
heldisch	2500
helfen	2500
heliozentrisch	2500
hell	2500
hellbeige	2500
hellblau	2500
hellblond	2500
hellen	2500
hellenisch	2500
hellenistisch	2500
hellgelb	2500
hellgrau	2500
hellgrüner	2500
hellhäutig	2500
hellhörig	2500
helllicht	2500
hellrot	2500
hellseherisch	2500
hellsichtig	2500
helltönend	2500
hellviolett	2500
hellwach	2500
helvetisch	2500
hemdsärmelig	2500
hemdsärmlig	2500
hemmungslos	2500
herab	2500
herabdrücken	2500
herabfahren	2500
herabgedrückt	2500
herabgefallen	2500
herabgehangen	2500
herabgelassen	2500
herabgelaufen	2500
herabgeschüttet	2500
herabgesehen	2500
herabgesetzt	2500
herabgesprungen	2500
herabgestiegen	2500
herabgestuft	2500
herabgesunken	2500
herabgewirtschaftet	2500
herabgezogen	2500
herabhängen	2500
herablässt	2500
herabrinnen	2500
herabsacken	2500
herabsehen	2500
herabsetzen	2500
herabsteigen	2500
herabstieg	2500
herabstürzen	2500
herabtreiben	2500
herabzusetzen	2500
heran	2500
heranbrachte	2500
heranbringen	2500
herandonnern	2500
heranfahren	2500
heranfuhr	2500
herangebracht	2500
herangefahren	2500
herangeführt	2500
herangegangen	2500
herangehen	2500
herangekommen	2500
herangemacht	2500
herangerückt	2500
herangeschafft	2500
herangeschleppt	2500
herangeschlichen	2500
herangetragen	2500
herangetreten	2500
herangewachsen	2500
herangezogen	2500
heranging	2500
herankam	2500
herankommen	2500
heranmachen	2500
herannahen	2500
heranpirschen	2500
heranrasen	2500
heranreifen	2500
heranrücken	2500
heranschaffen	2500
heranschleichen	2500
heranstürmen	2500
herantragen	2500
herantrat	2500
herantreten	2500
herantrittst	2500
heranwächst	2500
heranwachsen	2500
heranwagen	2500
heranzog	2500
heranzoomen	2500
heranzüchten	2500
heranzubilden	2500
heranzuführen	2500
heranzugehen	2500
heranzukommen	2500
heranzurücken	2500
heranzutreten	2500
heranzuziehen	2500
herauf	2500
heraufbeschwören	2500
heraufbeschwor	2500
heraufbeschworen	2500
heraufgekommen	2500
heraufgelaufen	2500
heraufgesetzt	2500
heraufgestiegen	2500
heraufgezogen	2500
heraufkam	2500
heraufkommen	2500
heraufläuft	2500
herauflaufen	2500
herauflief	2500
heraufreichen	2500
heraufschauen	2500
heraufschieben	2500
heraufschob	2500
heraufschrauben	2500
heraufsteigen	2500
heraufziehen	2500
heraufzuführen	2500
heraufzuholen	2500
heraus	2500
herausbekommen	2500
herausbewegen	2500
herausbrachte	2500
herausbringen	2500
herausdestillieren	2500
herausdrehen	2500
herausfällt	2500
herausfahren	2500
herausfallen	2500
herausfiltern	2500
herausfinden	2500
herausfischen	2500
herausfordern	2500
herausführen	2500
herausfuhr	2500
herausgab	2500
herausgearbeitet	2500
herausgeben	2500
herausgebildet	2500
herausgebracht	2500
herausgedreht	2500
herausgefahren	2500
herausgefallen	2500
herausgefischt	2500
herausgeflogen	2500
herausgefördert	2500
herausgefordert	2500
herausgeführt	2500
herausgefunden	2500
herausgegangen	2500
herausgegeben	2500
herausgegriffen	2500
herausgehalten	2500
herausgehen	2500
herausgehört	2500
herausgehoben	2500
herausgekitzelt	2500
herausgekommen	2500
herausgekriegt	2500
herausgelassen	2500
herausgelöscht	2500
herausgelockt	2500
herausgenommen	2500
herausgenudelt	2500
herausgepickt	2500
herausgeplatzt	2500
herausgepumpt	2500
herausgeputzt	2500
herausgequollen	2500
herausgeragt	2500
herausgeraten	2500
herausgerechnet	2500
herausgeredet	2500
herausgerissen	2500
herausgerückt	2500
herausgerufen	2500
herausgerutscht	2500
herausgeschickt	2500
herausgeschlagen	2500
herausgeschleudert	2500
herausgeschmuggelt	2500
herausgeschnitten	2500
herausgeschoben	2500
herausgeschrieben	2500
herausgesprungen	2500
herausgestellt	2500
herausgestoppt	2500
herausgestreckt	2500
herausgestrichen	2500
herausgesucht	2500
herausgetragen	2500
herausgetreten	2500
herausgewagt	2500
herausgeworfen	2500
herausgezogen	2500
herausgleiten	2500
heraushältst	2500
heraushängen	2500
herausheben	2500
heraushören	2500
herausholen	2500
herauskam	2500
herauskaufen	2500
herauskitzeln	2500
herausklingen	2500
herauskommen	2500
herauskratzen	2500
herauskriegen	2500
herauskristallisieren	2500
herauslas	2500
herauslesen	2500
herausließ	2500
herauslöschen	2500
herauslösen	2500
herauslugen	2500
herausnehmen	2500
herausoperieren	2500
herauspicken	2500
herausplatzen	2500
herauspumpen	2500
herausputzen	2500
herausquellen	2500
herausragen	2500
herausragendste	2500
herausrechnen	2500
herausreden	2500
herausreißen	2500
herausrieseln	2500
herausrücken	2500
herausrufen	2500
herausschieben	2500
herausschießen	2500
herausschlagen	2500
herausschmeißen	2500
herausschmuggeln	2500
herausschneiden	2500
herausschoss	2500
herausschrauben	2500
herausspringen	2500
herausstanzen	2500
heraussteht	2500
herausstellen	2500
herausstrecken	2500
herausstreichen	2500
herausströmen	2500
heraussuchen	2500
heraustrat	2500
heraustreten	2500
heraustrittst	2500
heraustropfen	2500
herauswagen	2500
herauswarf	2500
herauswerfen	2500
herauswirft	2500
herausziehen	2500
herauszuangeln	2500
herauszuarbeiten	2500
herauszubekommen	2500
herauszubringen	2500
herauszufahren	2500
herauszufiltern	2500
herauszufinden	2500
herauszufischen	2500
herauszufordern	2500
herauszuführen	2500
herauszugeben	2500
herauszuhängen	2500
herauszuhalten	2500
herauszuholen	2500
herauszukehren	2500
herauszukommen	2500
herauszukopieren	2500
herauszukriegen	2500
herauszulesen	2500
herauszulösen	2500
herauszunehmen	2500
herauszupauken	2500
herauszupumpen	2500
herauszuquetschen	2500
herauszureden	2500
herauszureißen	2500
herauszurücken	2500
herauszuschieben	2500
herauszuschinden	2500
herauszuschlagen	2500
herauszuschneiden	2500
herauszusteigen	2500
herauszustellen	2500
herauszustreichen	2500
herauszuverstärken	2500
herauszuwagen	2500
herauszuwerfen	2500
herauszuziehen	2500
herb	2500
herbei	2500
herbeieilen	2500
herbeiführen	2500
herbeigeeilt	2500
herbeigeflogen	2500
herbeigeführt	2500
herbeigeholt	2500
herbeigeredet	2500
herbeigerufen	2500
herbeigeschafft	2500
herbeigesehnt	2500
herbeigezogen	2500
herbeirufen	2500
herbeischaffen	2500
herbeisehnen	2500
herbeiwünschen	2500
herbeiziehen	2500
herbeizubringen	2500
herbeizuführen	2500
herbeizuquasseln	2500
herbeizureden	2500
herbestellen	2500
herbewegen	2500
herblättern	2500
herbringen	2500
herbstlich	2500
herdrehen	2500
herein	2500
hereinbitten	2500
hereinbrechen	2500
hereinbricht	2500
hereinbringen	2500
hereinfallen	2500
hereinfiel	2500
hereinführen	2500
hereingebeten	2500
hereingebracht	2500
hereingebrochen	2500
hereingefallen	2500
hereingeführt	2500
hereingekommen	2500
hereingelassen	2500
hereingelegt	2500
hereingenommen	2500
hereingeplatzt	2500
hereingeschaut	2500
hereingeschneit	2500
hereingesprungen	2500
hereingetragen	2500
hereingezogen	2500
hereinholen	2500
hereinkam	2500
hereinkommen	2500
hereinlässt	2500
hereinlassen	2500
hereinlegen	2500
hereinplatzen	2500
hereinragen	2500
hereinschauen	2500
hereinschneien	2500
hereinschwappen	2500
hereinspazieren	2500
hereinstürmen	2500
hereinzubitten	2500
hereinzufallen	2500
hereinzuholen	2500
hereinzukommen	2500
herfallen	2500
herfiel	2500
herfuhr	2500
hergeben	2500
hergebracht	2500
hergefallen	2500
hergegeben	2500
hergehen	2500
hergeholt	2500
hergekommen	2500
hergelaufen	2500
hergeleitet	2500
hergemacht	2500
hergenommen	2500
hergerichtet	2500
hergerissen	2500
hergerührt	2500
hergerufen	2500
hergeschaltet	2500
hergeschickt	2500
hergeschoben	2500
hergeschrieben	2500
hergesehen	2500
hergestammt	2500
hergestellt	2500
hergewagt	2500
hergezogen	2500
hergibt	2500
herging	2500
herhalten	2500
herhasten	2500
herholen	2500
herhüpfen	2500
herkam	2500
herkömmlich	2500
herkommen	2500
herlaufen	2500
herlief	2500
herlocken	2500
hermachen	2500
hermetisch	2500
hernach	2500
hernehmen	2500
hernieder	2500
heroinsüchtig	2500
heroisch	2500
herrenlos	2500
herrichten	2500
herrisch	2500
herrlich	2500
herrschaftlich	2500
herrschen	2500
herrühren	2500
herrufen	2500
herschieben	2500
herschreiben	2500
hersehen	2500
herstammen	2500
herstellerspezifisch	2500
herstellerunabhängig	2500
hertreiben	2500
hertrieb	2500
herüber	2500
herüberbläst	2500
herüberblasen	2500
herübergeblasen	2500
herübergeholt	2500
herübergekommen	2500
herübergezogen	2500
herüberklingen	2500
herüberkommen	2500
herüberziehen	2500
herum	2500
herumballern	2500
herumblättern	2500
herumdrehen	2500
herumdrücken	2500
herumdümpeln	2500
herumfährt	2500
herumfahren	2500
herumführen	2500
herumfuchteln	2500
herumfuhr	2500
herumfummeln	2500
herumgedreht	2500
herumgedrückt	2500
herumgeführt	2500
herumgefuchtelt	2500
herumgefummelt	2500
herumgekriegt	2500
herumgelaufen	2500
herumgelungert	2500
herumgereicht	2500
herumgereist	2500
herumgeritten	2500
herumgeschlagen	2500
herumgeschleudert	2500
herumgeschlichen	2500
herumgeschliffen	2500
herumgesprochen	2500
herumgestanden	2500
herumgestoßen	2500
herumgestrolcht	2500
herumgetrieben	2500
herumgeturnt	2500
herumgewedelt	2500
herumgezogen	2500
herumknattern	2500
herumkommandieren	2500
herumkrabbeln	2500
herumkreuzen	2500
herumkriegen	2500
herumläuft	2500
herumlag	2500
herumlaufen	2500
herumlief	2500
herumliegen	2500
herumlungern	2500
herumnörgeln	2500
herumprobieren	2500
herumreichen	2500
herumreißen	2500
herumreisen	2500
herumreiten	2500
herumschlagen	2500
herumschleppen	2500
herumschnipseln	2500
herumschwirren	2500
herumsegeln	2500
herumspielen	2500
herumspionieren	2500
herumsprechen	2500
herumspritzen	2500
herumstehen	2500
herumstolpern	2500
herumtanzen	2500
herumticken	2500
herumtoben	2500
herumtragen	2500
herumtreiben	2500
herumwedeln	2500
herumwirbeln	2500
herumwirtschaften	2500
herumwuchern	2500
herumzeigen	2500
herumziehen	2500
herumzubewegen	2500
herumzufliegen	2500
herumzuführen	2500
herumzugehen	2500
herumzuknutschen	2500
herumzulaufen	2500
herumzureden	2500
herumzureißen	2500
herumzuschlagen	2500
herumzuschrauben	2500
herumzuspähen	2500
herumzustehen	2500
herumzustochern	2500
herunter	2500
herunterbringen	2500
herunterfällt	2500
herunterfahren	2500
herunterfallen	2500
herunterfuhr	2500
heruntergebracht	2500
heruntergedrückt	2500
heruntergefahren	2500
heruntergefallen	2500
heruntergegangen	2500
heruntergeholt	2500
heruntergekommen	2500
heruntergeladen	2500
heruntergelaufen	2500
heruntergerissen	2500
heruntergeschraubt	2500
heruntergespielt	2500
heruntergewirtschaftet	2500
herunterhandeln	2500
herunterhüpft	2500
herunterkam	2500
herunterkommen	2500
herunterlädt	2500
herunterläuft	2500
herunterladen	2500
herunterlaufen	2500
herunterlief	2500
herunternehmen	2500
herunternimmt	2500
herunterpoltern	2500
herunterreißen	2500
herunterriss	2500
herunterrutschen	2500
herunterschieben	2500
herunterschob	2500
heruntersetzen	2500
herunterspielen	2500
heruntersprechen	2500
herunterwirtschaften	2500
herunterzubringen	2500
herunterzufahren	2500
herunterzuholen	2500
herunterzukommen	2500
herunterzuladen	2500
herunterzunehmen	2500
herunterzuspielen	2500
herunterzusteigen	2500
hervor	2500
hervorbrachte	2500
hervorbrechen	2500
hervorbringen	2500
hervorgebracht	2500
hervorgegangen	2500
hervorgehen	2500
hervorgehoben	2500
hervorgeholt	2500
hervorgeragt	2500
hervorgerufen	2500
hervorgesagt	2500
hervorgesprungen	2500
hervorgestanden	2500
hervorgetan	2500
hervorgetreten	2500
hervorging	2500
hervorhob	2500
hervorholen	2500
hervorkroch	2500
hervorlodern	2500
hervorlugen	2500
hervorquoll	2500
hervorragen	2500
hervorragend	2500
hervorrief	2500
hervorrufen	2500
hervorschauen	2500
hervorschoss	2500
hervorspringen	2500
hervorstechen	2500
hervorstehen	2500
hervorstieß	2500
hervortrat	2500
hervortreten	2500
hervortrittst	2500
hervortun	2500
hervorzubringen	2500
hervorzuheben	2500
hervorzukommen	2500
hervorzurufen	2500
hervorzutreten	2500
herwagen	2500
herzensgut	2500
herzerfrischend	2500
herzergreifend	2500
herzförmig	2500
herzhaft	2500
herziehen	2500
herzig	2500
herzkrank	2500
herzlich	2500
herzlichst	2500
herzlos	2500
herzoglich	2500
herzstärkend	2500
herzu	2500
herzubitten	2500
herzubringen	2500
herzufahren	2500
herzufallen	2500
herzugeben	2500
herzugerufen	2500
herzulaufen	2500
herzuleiten	2500
herzurichten	2500
herzusagen	2500
herzuschalten	2500
herzustammen	2500
herzustellen	2500
herzutreiben	2500
herzzerbrechend	2500
herzzerreißend	2500
hessesche	2500
hessisch	2500
heterogen	2500
heteronormativ	2500
heterosexistisch	2500
heterosexuell	2500
heterozentristisch	2500
hetzen	2500
hetzerisch	2500
heucheln	2500
heuchlerisch	2500
heuer	2500
heuern	2500
heulen	2500
heureka	2500
heuristisch	2500
heutig	2500
heutzutage	2500
hexadezimal	2500
hexagonal	2500
hie	2500
hielt	2500
hienieden	2500
hieran	2500
hierarchisch	2500
hierauf	2500
hieraus	2500
hierbei	2500
hierdurch	2500
hierein	2500
hierfür	2500
hiergegen	2500
hierher	2500
hierhin	2500
hierin	2500
hiermit	2500
hiernach	2500
hierüber	2500
hierunter	2500
hiervon	2500
hierzu	2500
hierzulande	2500
hieß	2500
hiesig	2500
hieven	2500
hilbertsch	2500
hilfebedürftig	2500
hilfeflehend	2500
hilflos	2500
hilfreich	2500
hilfsbedürftig	2500
hilfsbereit	2500
hilft	2500
himbeerfarben	2500
himbeerrot	2500
himmelblau	2500
himmelhoch	2500
himmelhochjauchzend	2500
himmelhohe	2500
himmelschreiend	2500
himmelwärts	2500
himmelweit	2500
himmlisch	2500
hinab	2500
hinabgegangen	2500
hinabgehen	2500
hinabgestiegen	2500
hinabgestoßen	2500
hinabsteigen	2500
hinabstößt	2500
hinabstoßen	2500
hinabzugehen	2500
hinabzustürzen	2500
hinabzuziehen	2500
hinan	2500
hinarbeiten	2500
hinauf	2500
hinaufarbeiten	2500
hinauffahren	2500
hinaufführen	2500
hinauffuhr	2500
hinaufgearbeitet	2500
hinaufgegangen	2500
hinaufgehen	2500
hinaufgeklettert	2500
hinaufgesetzt	2500
hinaufgestiegen	2500
hinaufkriechen	2500
hinaufkroch	2500
hinaufschauen	2500
hinaufsetzen	2500
hinaufsteigen	2500
hinaufziehen	2500
hinaufzuführen	2500
hinaufzuklettern	2500
hinaufzusteigen	2500
hinaufzuziehen	2500
hinaus	2500
hinausbegleiten	2500
hinausbeugen	2500
hinausfahren	2500
hinausfallen	2500
hinausführt	2500
hinausfuhr	2500
hinausgebeugt	2500
hinausgefahren	2500
hinausgegangen	2500
hinausgehen	2500
hinausgekommen	2500
hinausgelaufen	2500
hinausgeleitet	2500
hinausgeragt	2500
hinausgereicht	2500
hinausgeschleudert	2500
hinausgeschoben	2500
hinausgeschossen	2500
hinausgestoßen	2500
hinausgetragen	2500
hinausgewachsen	2500
hinausgeworfen	2500
hinausgezögert	2500
hinausging	2500
hinausgreifen	2500
hinausgriff	2500
hinausheben	2500
hinauskommen	2500
hinausläuft	2500
hinauslaufen	2500
hinauslief	2500
hinausmarschieren	2500
hinausposaunen	2500
hinauspressen	2500
hinausragen	2500
hinausreichen	2500
hinausschießen	2500
hinausschleichen	2500
hinausschnellen	2500
hinausspringen	2500
hinausstößt	2500
hinaustrat	2500
hinaustreiben	2500
hinaustreten	2500
hinaustrieb	2500
hinauswachsen	2500
hinauswarf	2500
hinauswerfen	2500
hinauszögern	2500
hinauszubringen	2500
hinauszufahren	2500
hinauszuführen	2500
hinauszugehen	2500
hinauszukommen	2500
hinauszuschaffen	2500
hinauszuschieben	2500
hinauszustoßen	2500
hinauszutragen	2500
hinauszutreiben	2500
hinauszuzögern	2500
hinbekam	2500
hinbekommen	2500
hinbewegen	2500
hinbiegen	2500
hinblättern	2500
hinblicken	2500
hinbringen	2500
hindämmern	2500
hinderlich	2500
hindernisreich	2500
hindeuten	2500
hinduistisch	2500
hindurch	2500
hindurchführen	2500
hindurchgegangen	2500
hindurchgehen	2500
hindurchging	2500
hindurchschlängeln	2500
hindurchsehen	2500
hindurchzuschauen	2500
hineilen	2500
hinein	2500
hineinarbeiten	2500
hineinbringen	2500
hineindenken	2500
hineindichten	2500
hineindrängen	2500
hineinfahren	2500
hineinfallen	2500
hineinfrisst	2500
hineinführen	2500
hineingearbeitet	2500
hineingebracht	2500
hineingedacht	2500
hineingefallen	2500
hineingeführt	2500
hineingegangen	2500
hineingeguckt	2500
hineingehen	2500
hineingehetzt	2500
hineingehören	2500
hineingelassen	2500
hineingelegt	2500
hineingemischt	2500
hineingepumpt	2500
hineingeraten	2500
hineingeschrieben	2500
hineingeschüttelt	2500
hineingesetzt	2500
hineingespielt	2500
hineingesteckt	2500
hineingestellt	2500
hineingetragen	2500
hineingetrieben	2500
hineingewachsen	2500
hineingeworfen	2500
hineingezogen	2500
hineingucken	2500
hineinkommen	2500
hineinkrähen	2500
hineinlassen	2500
hineinlegen	2500
hineinleuchten	2500
hineinmischen	2500
hineinmünden	2500
hineinpassen	2500
hineinplatzen	2500
hineinpressen	2500
hineinragen	2500
hineinreden	2500
hineinreichen	2500
hineinrufen	2500
hineinsah	2500
hineinschauen	2500
hineinschieben	2500
hineinschlittern	2500
hineinschreiben	2500
hineinschrieb	2500
hineinsehen	2500
hineinsetzen	2500
hineinsieht	2500
hineinspielen	2500
hineinstecken	2500
hineinstellen	2500
hineinstopfen	2500
hineinströmen	2500
hineintanzen	2500
hineinträgt	2500
hineintragen	2500
hineintreiben	2500
hineintreten	2500
hineintrieben	2500
hineinwachsen	2500
hineinwechseln	2500
hineinwerfen	2500
hineinwirken	2500
hineinziehen	2500
hineinzoomen	2500
hineinzubekommen	2500
hineinzubringen	2500
hineinzugehen	2500
hineinzukommen	2500
hineinzulegen	2500
hineinzulesen	2500
hineinzuschauen	2500
hineinzusehen	2500
hineinzustecken	2500
hineinzusteuern	2500
hineinzustopfen	2500
hineinzutragen	2500
hineinzuwachsen	2500
hineinzuwirken	2500
hineinzuziehen	2500
hineinzwingen	2500
hinfällig	2500
hinfahren	2500
hinfallen	2500
hinfiel	2500
hinfort	2500
hinfuhr	2500
hing	2500
hingab	2500
hingebogen	2500
hingebracht	2500
hingebungsvoll	2500
hingedeutet	2500
hingeduckt	2500
hingefahren	2500
hingefallen	2500
hingeführt	2500
hingegangen	2500
hingegeben	2500
hingegen	2500
hingehalten	2500
hingehen	2500
hingehören	2500
hingekniet	2500
hingekommen	2500
hingelegt	2500
hingenommen	2500
hingeraten	2500
hingerichtet	2500
hingerissen	2500
hingeschickt	2500
hingeschlagen	2500
hingeschleppt	2500
hingeschrieben	2500
hingeschwunden	2500
hingesehen	2500
hingesetzt	2500
hingestellt	2500
hingestreckt	2500
hingewiesen	2500
hingewirkt	2500
hingeworfen	2500
hingezogen	2500
hingibt	2500
hinhalten	2500
hinhauen	2500
hinhielt	2500
hinhören	2500
hinken	2500
hinkommen	2500
hinkriegen	2500
hinlänglich	2500
hinlegen	2500
hinleiten	2500
hinnehmen	2500
hinnimmt	2500
hinreichen	2500
hinreißen	2500
hinreisen	2500
hinsähen	2500
hinsah	2500
hinschauen	2500
hinschicken	2500
hinschlängeln	2500
hinschlagen	2500
hinschmeißen	2500
hinschreiben	2500
hinschweifen	2500
hinschwinden	2500
hinsehen	2500
hinsetzen	2500
hinsichtlich	2500
hinsieht	2500
hinspielen	2500
hinstellen	2500
hinsteuern	2500
hinstreuen	2500
hinten	2500
hintenan	2500
hintenherum	2500
hintenüber	2500
hintereinander	2500
hintergangen	2500
hinterging	2500
hintergründig	2500
hinterhältig	2500
hinterher	2500
hinterherfahren	2500
hinterhergelaufen	2500
hinterherhecheln	2500
hinterherhetzen	2500
hinterherhinken	2500
hinterherläuft	2500
hinterherlaufen	2500
hinterherlief	2500
hinterherrannte	2500
hinterherrennen	2500
hinterhersehen	2500
hinterhersieht	2500
hinterherwinken	2500
hinterherzuhetzen	2500
hinterherzulaufen	2500
hinterlässt	2500
hinterlassen	2500
hinterleuchtet	2500
hinterließ	2500
hinterlistig	2500
hinterm	2500
hinterrücks	2500
hintersinnig	2500
hinterspritzen	2500
hinterste	2500
hintertreiben	2500
hintertrieb	2500
hinterwäldlerisch	2500
hintreten	2500
hinüber	2500
hinübergebastelt	2500
hinübergehen	2500
hinübergerufen	2500
hinüberlenken	2500
hinüberretten	2500
hinüberströmen	2500
hinüberwaten	2500
hinüberzuretten	2500
hinunter	2500
hinunterfällt	2500
hinunterfallen	2500
hinunterfuhr	2500
hinuntergegangen	2500
hinuntergehen	2500
hinuntergelassen	2500
hinuntergeschluckt	2500
hinuntergestürzt	2500
hinunterreichen	2500
hinunterrennen	2500
hinunterrutschen	2500
hinunterschlendern	2500
hinunterschlich	2500
hinunterschlucken	2500
hinuntersteigen	2500
hinunterstieg	2500
hinunterzukommen	2500
hinwarf	2500
hinweg	2500
hinwegbringen	2500
hinwegdreht	2500
hinwegfegen	2500
hinweggebraust	2500
hinweggefegt	2500
hinweggeholfen	2500
hinweggekommen	2500
hinweggerettet	2500
hinweggeschleudert	2500
hinweggesetzt	2500
hinweggetäuscht	2500
hinweghelfen	2500
hinwegkommen	2500
hinwegraffen	2500
hinwegschwemmen	2500
hinwegschwingt	2500
hinwegsehen	2500
hinwegsetzen	2500
hinwegtäuschen	2500
hinwegtrösten	2500
hinwegzufegen	2500
hinwegzureden	2500
hinwegzusehen	2500
hinwegzusetzen	2500
hinwegzutragen	2500
hinweisen	2500
hinwerfen	2500
hinwies	2500
hinwirft	2500
hinwirken	2500
hinziehen	2500
hinzielen	2500
hinzögen	2500
hinzog	2500
hinzu	2500
hinzuarbeiten	2500
hinzubekommen	2500
hinzubiegen	2500
hinzudachte	2500
hinzudenken	2500
hinzudeuten	2500
hinzuerfunden	2500
hinzufahren	2500
hinzufallen	2500
hinzugeben	2500
hinzugedacht	2500
hinzugedichtet	2500
hinzugefügt	2500
hinzugehen	2500
hinzugekauft	2500
hinzugekommen	2500
hinzugelernt	2500
hinzugenommen	2500
hinzugerechnet	2500
hinzugetan	2500
hinzugewählt	2500
hinzugewinnen	2500
hinzugewonnen	2500
hinzugezogen	2500
hinzugibt	2500
hinzukam	2500
hinzukaufen	2500
hinzukommen	2500
hinzukriegen	2500
hinzulädt	2500
hinzuladen	2500
hinzulernen	2500
hinzunehmen	2500
hinzunimmt	2500
hinzurechenbar	2500
hinzurechnen	2500
hinzureißen	2500
hinzurichten	2500
hinzuschmeißen	2500
hinzusehen	2500
hinzusetzen	2500
hinzustellen	2500
hinzutreten	2500
hinzutrittst	2500
hinzuwählen	2500
hinzuwarf	2500
hinzuweisen	2500
hinzuwerfen	2500
hinzuwirken	2500
hinzuzählen	2500
hinzuzufügen	2500
hinzuzunehmen	2500
hinzuzurechnen	2500
hinzuzuziehen	2500
hirnrissig	2500
hirntot	2500
hirnverbrannt	2500
hirnverletzt	2500
hissen	2500
histologisch	2500
historisch	2500
historisieren	2500
hitzebeständig	2500
hitzeempfindlich	2500
hitzeflimmernd	2500
hitzefrei	2500
hitzig	2500
höchstdekoriert	2500
höchstens	2500
höchstgelegen	2500
höchstgenau	2500
höchstgerichtlich	2500
höchstmöglich	2500
höchstpersönlich	2500
höchstplatziert	2500
höchstqualifiziert	2500
höchstrichterlich	2500
höchstwahrscheinlich	2500
höchstzulässig	2500
höflich	2500
höhenverstellbar	2500
höher	2500
höherfrequent	2500
höhergestimmt	2500
höherverzinst	2500
höherwertig	2500
höhlt	2500
höhnen	2500
höhnisch	2500
höllisch	2500
hölzern	2500
hörbar	2500
hören	2500
hörig	2500
hob	2500
hobeln	2500
hoc	2500
hochabstrakt	2500
hochachten	2500
hochachtungsvoll	2500
hochaktiv	2500
hochaktuell	2500
hochalpin	2500
hochamtlich	2500
hochanständig	2500
hochaufgeschossen	2500
hochauflösend	2500
hochbegabt	2500
hochbeladen	2500
hochbesetzt	2500
hochbesteuert	2500
hochbetagt	2500
hochbringen	2500
hochbrisant	2500
hochdeutsch	2500
hochdifferenziert	2500
hochdramatisch	2500
hochdynamisch	2500
hocheffizient	2500
hochentwickelt	2500
hocherfreut	2500
hochexplosiv	2500
hochfährt	2500
hochfahren	2500
hochfavorisiert	2500
hochflexibel	2500
hochfrequent	2500
hochgeachtet	2500
hochgearbeitet	2500
hochgebildet	2500
hochgebracht	2500
hochgefährlich	2500
hochgefahren	2500
hochgegangen	2500
hochgehalten	2500
hochgehen	2500
hochgeklappt	2500
hochgekommen	2500
hochgeladen	2500
hochgelegen	2500
hochgelegt	2500
hochgelehrt	2500
hochgelobt	2500
hochgepäppelt	2500
hochgepflegt	2500
hochgerechnet	2500
hochgereckt	2500
hochgeredet	2500
hochgerüstet	2500
hochgerutscht	2500
hochgescheit	2500
hochgeschlagen	2500
hochgeschleudert	2500
hochgeschlossen	2500
hochgeschnellt	2500
hochgeschraubt	2500
hochgespannt	2500
hochgespielt	2500
hochgestellt	2500
hochgestimmt	2500
hochgestochen	2500
hochgetrieben	2500
hochgewachsen	2500
hochgewirbelt	2500
hochgezählt	2500
hochgezogen	2500
hochgiftig	2500
hochglanzpoliert	2500
hochgradig	2500
hochhältst	2500
hochhalten	2500
hochherzig	2500
hochimpedant	2500
hochindustrialisiert	2500
hochinteressant	2500
hochkant	2500
hochkantig	2500
hochkarätig	2500
hochkommen	2500
hochkomplex	2500
hochkontagiös	2500
hochkonzentriert	2500
hochladen	2500
hochlegen	2500
hochleistungsfähig	2500
hochleitfähig	2500
hochlud	2500
hochmodern	2500
hochmotiviert	2500
hochmütig	2500
hochnäsig	2500
hochohmig	2500
hochperformant	2500
hochpersönlich	2500
hochpolitisch	2500
hochpreisig	2500
hochproblematisch	2500
hochproduktiv	2500
hochprofitabel	2500
hochprozentig	2500
hochqualifiziert	2500
hochqualitativ	2500
hochradioaktiv	2500
hochrangig	2500
hochrechenbar	2500
hochrechnen	2500
hochrein	2500
hochrot	2500
hochrüsten	2500
hochschätzen	2500
hochschießen	2500
hochschoss	2500
hochschulfrei	2500
hochschulpolitisch	2500
hochschulunabhängig	2500
hochschwanger	2500
hochseriös	2500
hochspannend	2500
hochspekulativ	2500
hochspezialisiert	2500
hochspezifisch	2500
hochsprachlich	2500
hochstaplerisch	2500
hochstehen	2500
hochstellen	2500
hochstilisieren	2500
hochtalentiert	2500
hochtechnisiert	2500
hochtrabend	2500
hochtreiben	2500
hochtrieb	2500
hochverehrt	2500
hochverfügbar	2500
hochverschuldet	2500
hochverzinslich	2500
hochviskos	2500
hochwertig	2500
hochwillkommen	2500
hochwirksam	2500
hochwürdig	2500
hochziehen	2500
hochzischen	2500
hochzog	2500
hochzufrieden	2500
hochzujubeln	2500
hochzuklettern	2500
hochzurechnen	2500
hochzuschrauben	2500
hochzutreiben	2500
hochzuverlässig	2500
hochzuziehen	2500
hocken	2500
hoffähig	2500
hoffentlich	2500
hoffnungsfroh	2500
hoffnungslos	2500
hoffnungsvoll	2500
hohe	2500
hoheitlich	2500
hoheitsvoll	2500
hold	2500
holen	2500
holistisch	2500
holländisch	2500
holografisch	2500
holographisch	2500
holperig	2500
holpern	2500
holsteinisch	2500
holzen	2500
holzfrei	2500
holzig	2500
holzwirtschaftlich	2500
homerisch	2500
homöopathisch	2500
homoerotisch	2500
homogen	2500
homomorph	2500
homophob	2500
homophon	2500
homosexuell	2500
honorig	2500
hoppeln	2500
hopsen	2500
horchen	2500
hordenweise	2500
horizontal	2500
hormonähnlich	2500
hormonbedingt	2500
hormonell	2500
horrend	2500
hospitalisieren	2500
hospitieren	2500
hotelmäßiger	2500
hrsg.	2500
http	2500
hüben	2500
hübsch	2500
hübschere	2500
hübscheste	2500
hüglig	2500
hühnereigroß	2500
hüllen	2500
hündisch	2500
hünenhaft	2500
hüpfen	2500
hüsteln	2500
hüten	2500
huckepack	2500
hugenottisch	2500
huldvoll	2500
humanisieren	2500
humanistisch	2500
humanitär	2500
humanoid	2500
humanpharmazeutisch	2500
humid	2500
humoristisch	2500
humorlos	2500
humorvoll	2500
humpeln	2500
hundert	2500
hundertfältig	2500
hundertfach	2500
hundertjährig	2500
hundertköpfig	2500
hundertmal	2500
hundertpro	2500
hundertprozentig	2500
hundertste	2500
hundertstel	2500
hunderttausend	2500
hunderttausendfach	2500
hundertzehn	2500
hundertzwanzig	2500
hundsmiserabel	2500
hungern	2500
hungrig	2500
hupen	2500
huren	2500
hurra	2500
hurtig	2500
huschen	2500
hydrologisch	2500
hygienisch	2500
hyperaktiv	2500
hyperbolisch	2500
hyperelegant	2500
hypnotisieren	2500
hypothekarisch	2500
hypothetisch	2500
hysterisch	2500
iberisch	2500
ichbewusst	2500
ichbezogen	2500
idealerweise	2500
idealistisch	2500
idealtypisch	2500
ideell	2500
ideenarm	2500
ideenlos	2500
ideenreich	2500
identifiziert	2500
identisch	2500
identitätsstiftend	2500
ideologieanfällig	2500
ideologisch	2500
idiomatisch	2500
idiotisch	2500
idiotischerweise	2500
idyllisch	2500
igeln	2500
ignorant	2500
ihrerseits	2500
ihresgleichen	2500
ihrethalben	2500
ihretwegen	2500
ihretwillen	2500
ihrige	2500
illegal	2500
illegitim	2500
illiberal	2500
illiquid	2500
illoyal	2500
illuminieren	2500
illusionslos	2500
illusorisch	2500
illuster	2500
illustrativ	2500
illustre	2500
imaginär	2500
imaginativ	2500
imitieren	2500
imkern	2500
immanent	2500
immateriell	2500
immatrikulieren	2500
immens	2500
immerdar	2500
immerfeucht	2500
immerfort	2500
immergrün	2500
immerhin	2500
immerzu	2500
immobil	2500
immunisieren	2500
immunologisch	2500
imperial	2500
imperialistisch	2500
impertinent	2500
implantieren	2500
implausibel	2500
implementationsabhängig	2500
implementationstechnisch	2500
implikativ	2500
implizieren	2500
implizit	2500
implodieren	2500
imponieren	2500
importieren	2500
imposant	2500
impotent	2500
impressionistisch	2500
improvisatorisch	2500
improvisieren	2500
impulsartig	2500
impulsiv	2500
imputieren	2500
imstande	2500
inadäquat	2500
inaktiv	2500
inaktivieren	2500
inakzeptabel	2500
inbegriffen	2500
inbrünstig	2500
incl.	2500
indefinit	2500
indes	2500
indessen	2500
indexmäßig	2500
indianisch	2500
indifferent	2500
indigen	2500
indignieren	2500
indirekt	2500
indisch	2500
indiskret	2500
indiskretere	2500
indiskretest	2500
indiskutabel	2500
individualistisch	2500
individuell	2500
indoeuropäisch	2500
indoktrinieren	2500
indonesisch	2500
indossieren	2500
induktiv	2500
industriell	2500
industrienah	2500
industrieorientiert	2500
industrieweit	2500
induzieren	2500
ineffektiv	2500
ineffizient	2500
ineinander	2500
inessentiell	2500
inessenziell	2500
inexistent	2500
infam	2500
infantil	2500
infektiös	2500
inferieren	2500
infinitesimal	2500
inflationär	2500
inflationistisch	2500
inflationsanfällig	2500
inflationsbedingt	2500
inflationsbereinigt	2500
inflationsschürend	2500
inflatorisch	2500
infolge	2500
informationell	2500
informationstechnisch	2500
informationsverarbeitend	2500
informativ	2500
informatorisch	2500
informell	2500
informieren	2500
infrage	2500
ingenieurmäßig	2500
ingenieurwissenschaftlich	2500
inhärent	2500
inhalieren	2500
inhaltlich	2500
inhaltsabhängig	2500
inhaltslos	2500
inhaltsorientiert	2500
inhaltsreich	2500
inhomogen	2500
inhuman	2500
injektiv	2500
injizieren	2500
inkl.	2500
inkludieren	2500
inklusive	2500
inkognito	2500
inkompatibel	2500
inkompetent	2500
inkonsequent	2500
inkonsistent	2500
inkorrekt	2500
inkrementell	2500
inkrementieren	2500
inkriminieren	2500
inländisch	2500
inliegend	2500
inmitten	2500
inne	2500
innegehabt	2500
innegehalten	2500
innegewohnt	2500
innehältst	2500
innehaben	2500
innehalten	2500
innehat	2500
innehatte	2500
innenpolitisch	2500
innerafrikanisch	2500
inneramerikanisch	2500
innerbetrieblich	2500
innerdeutsch	2500
innereuropäisch	2500
innerfamiliär	2500
innerfranzösisch	2500
innerhalb	2500
innerjapanisch	2500
innerkirchlich	2500
innerlich	2500
innerparteilich	2500
innerpolitisch	2500
innerrussisch	2500
innerstädtisch	2500
innerstaatlich	2500
innerste	2500
innerwirtschaftlich	2500
innewohnen	2500
innig	2500
innovativ	2500
innovieren	2500
inoffiziell	2500
inopportun	2500
inquisitorisch	2500
insbes.	2500
insbesondere	2500
insektenförmig	2500
insektenhaft	2500
inselartig	2500
inserieren	2500
insgeheim	2500
insges.	2500
insgesamt	2500
insistieren	2500
insofern	2500
insolvent	2500
insoweit	2500
inspirieren	2500
inspizieren	2500
inständig	2500
instabil	2500
instand	2500
instantiieren	2500
instinktiv	2500
instinktlos	2500
instinktmäßig	2500
institutionell	2500
instruieren	2500
instruktiv	2500
instrumentieren	2500
inszenatorisch	2500
intakt	2500
integer	2500
integerst	2500
integrationsfähig	2500
integrativ	2500
integre	2500
integrer	2500
integrieren	2500
intellektualistisch	2500
intellektuell	2500
intelligenterweise	2500
intendieren	2500
intensiv	2500
intensivmedizinisch	2500
interagieren	2500
interaktiv	2500
interamerikanisch	2500
interdisziplinär	2500
interessant	2500
interessanterweise	2500
interessehalber	2500
interessenbedingt	2500
interessensorientiert	2500
interessieren	2500
interessiert	2500
intereuropäisch	2500
interferieren	2500
interfraktionell	2500
intergalaktisch	2500
interkommunal	2500
interkommunistisch	2500
interkontinental	2500
interkulturell	2500
intermediär	2500
intern	2500
international	2500
interoperabel	2500
interplanetarisch	2500
interpolieren	2500
interpretativ	2500
interpretatorisch	2500
interprozedural	2500
intersexuell	2500
intervallabhängig	2500
intervenieren	2500
interviewen	2500
interviewte	2500
inthronisieren	2500
intim	2500
intolerant	2500
intonieren	2500
intransitiv	2500
intransparent	2500
intraprozedural	2500
intraspezifisch	2500
intravenös	2500
intrigieren	2500
introvertiert	2500
intuitiv	2500
intus	2500
invariant	2500
invasiv	2500
invers	2500
investieren	2500
investigativ	2500
involvieren	2500
inwendig	2500
inwiefern	2500
inwieweit	2500
inzwischen	2500
ionisieren	2500
iota	2500
ipso	2500
irakisch	2500
iranisch	2500
irden	2500
irdisch	2500
irgendein	2500
irgendeinmal	2500
irgendetwas	2500
irgendjemand	2500
irgendjemandem	2500
irgendwann	2500
irgendwas	2500
irgendwelche	2500
irgendwem	2500
irgendwen	2500
irgendwer	2500
irgendwie	2500
irgendwo	2500
irgendwoher	2500
irgendwohin	2500
irisch	2500
ironisch	2500
ironisieren	2500
irr	2500
irrational	2500
irreal	2500
irregeführt	2500
irregulär	2500
irrelevant	2500
irreligiös	2500
irreparabel	2500
irreversibel	2500
irrezuführen	2500
irrig	2500
irritieren	2500
irrsinnig	2500
irrtümlich	2500
irrtümlicherweise	2500
irrwitzig	2500
isländisch	2500
islamfeindlich	2500
islamisch	2500
islamistisch	2500
islamophob	2500
isolationistisch	2500
isometrisch	2500
isomorph	2500
isotrop	2500
israelisch	2500
israelitisch	2500
isst	2500
italic	2500
iterativ	2500
iterieren	2500
jäh	2500
jählings	2500
jähren	2500
jährig	2500
jährlich	2500
jähzornig	2500
jämmerlich	2500
jäten	2500
jagdgrün	2500
jagen	2500
jahraus	2500
jahrein	2500
jahrelang	2500
jahreszeitlich	2500
jahrhundertealt	2500
jahrhundertelang	2500
jahrtausendelang	2500
jahrzehntelang	2500
jammern	2500
jammerschade	2500
janusköpfig	2500
japanisch	2500
jauchzen	2500
jaulen	2500
javanisch	2500
jawohl	2500
jedenfalls	2500
jederart	2500
jederlei	2500
jederzeit	2500
jederzeitig	2500
jedwede	2500
jegliche	2500
jeher	2500
jemals	2500
jenseits	2500
jesidisch	2500
jetten	2500
jetzige	2500
jeweilig	2500
jeweils	2500
jiddisch	2500
jmd.	2500
jmdm.	2500
jmdn.	2500
jobben	2500
joggen	2500
jonglieren	2500
jordanisch	2500
journalistisch	2500
jüdisch	2500
jüngst	2500
jubeln	2500
jubilieren	2500
juchhu	2500
juchzen	2500
jucken	2500
judenfeindlich	2500
judikativ	2500
judizieren	2500
jugendfrei	2500
jugendgefährdend	2500
jugendlich	2500
jugendpflegerisch	2500
jugoslawisch	2500
jungenhaft	2500
jungfräulich	2500
junggeblieben	2500
jungverheiratet	2500
jure	2500
juristisch	2500
juryfrei	2500
just	2500
kHz	2500
kOhm	2500
kW	2500
kWh	2500
kältebeständig	2500
kälteempfindlich	2500
kälteerzeugend	2500
kälter	2500
kältest	2500
kämen	2500
kämmen	2500
kämpfen	2500
kämpferisch	2500
kärglich	2500
käuflich	2500
kabarettistisch	2500
kabbeln	2500
kabelgerecht	2500
kabellos	2500
kabeln	2500
kabelseitig	2500
kafkaesk	2500
kahl	2500
kahlgefressen	2500
kahlköpfig	2500
kahmig	2500
kaiserlich	2500
kalbern	2500
kalendarisch	2500
kalifornisch	2500
kalkarm	2500
kalkartig	2500
kalkig	2500
kalkulatorisch	2500
kalkulierbar	2500
kalkulieren	2500
kalorienbewusst	2500
kalorienreduziert	2500
kalorienreich	2500
kaltblütig	2500
kaltbrüchig	2500
kaltfeucht	2500
kaltgeblieben	2500
kaltgehämmert	2500
kaltgehärtet	2500
kaltgemacht	2500
kaltgeräuchert	2500
kaltgeschmiedet	2500
kaltgestellt	2500
kaltgezogen	2500
kalthämmern	2500
kalthärten	2500
kaltherzig	2500
kaltmachen	2500
kaltschmieden	2500
kaltschnäuzig	2500
kaltstellen	2500
kaltziehen	2500
kaltzustellen	2500
kalvinistisch	2500
kamelhaarfarbig	2500
kameradschaftlich	2500
kammermusikalisch	2500
kampfbegierig	2500
kampfbereit	2500
kampferfahren	2500
kampferprobt	2500
kampferregt	2500
kampffähig	2500
kampfgewohnt	2500
kampflos	2500
kampflustig	2500
kampfmüde	2500
kampfreich	2500
kampfstärker	2500
kampfstärkste	2500
kampfstark	2500
kampfunfähig	2500
kampieren	2500
kanadisch	2500
kanalig	2500
kanariengelb	2500
kanarisch	2500
kandidieren	2500
kandieren	2500
kannibalisch	2500
kannte	2500
kanonisch	2500
kantig	2500
kanzeln	2500
kapazitätsbedingt	2500
kapazitiv	2500
kapieren	2500
kapitalbasiert	2500
kapitalintensiv	2500
kapitalismuskritisch	2500
kapitalistisch	2500
kapitalkräftig	2500
kapitalstark	2500
kapitulieren	2500
kappa	2500
kappen	2500
kapriziös	2500
kaputt	2500
kaputtgegangen	2500
kaputtgehen	2500
kaputtgemacht	2500
kaputtgeschlagen	2500
kaputtmachen	2500
kaputtschlagen	2500
karambolieren	2500
kardial	2500
kardinale	2500
kardinalrot	2500
kardiologisch	2500
karg	2500
karibisch	2500
karieren	2500
kariös	2500
karitativ	2500
karmesinrot	2500
karminrot	2500
karren	2500
karrierebedingt	2500
karriereschädlich	2500
kartellrechtlich	2500
kartesisch	2500
kartografieren	2500
kartografisch	2500
kartographieren	2500
kartographisch	2500
kartonieren	2500
kasachisch	2500
kaschieren	2500
kasernieren	2500
kaskadieren	2500
kaspern	2500
kaspisch	2500
kassieren	2500
kastanienbraun	2500
kasteien	2500
kastrieren	2500
katalanisch	2500
katalysieren	2500
katalytisch	2500
katapultieren	2500
katastrophal	2500
kategorisch	2500
katholisch	2500
katzenartig	2500
katzenfreundlich	2500
katzengewandt	2500
katzenhaft	2500
katzenjämmerlich	2500
kaudern	2500
kauen	2500
kauern	2500
kaufbereit	2500
kaufen	2500
kaufenswert	2500
kaufkräftig	2500
kaufmännisch	2500
kaufstark	2500
kaustisch	2500
kauzig	2500
kavitös	2500
keck	2500
kegelförmig	2500
kegeln	2500
kehrtgemacht	2500
kehrtmachen	2500
keifen	2500
keilen	2500
keilförmig	2500
keimen	2500
keimfähig	2500
keimfrei	2500
keimtötend	2500
keinerlei	2500
keinesfalls	2500
keineswegs	2500
keinmal	2500
keinwrtquop	2500
kelchförmig	2500
kellern	2500
keltern	2500
keltisch	2500
kennengelernt	2500
kennenzulernen	2500
kennerhaft	2500
kenntlich	2500
kenntnisreich	2500
kennzeichnen	2500
kentern	2500
keramisch	2500
kerben	2500
kernfaul	2500
kerngesund	2500
kernig	2500
kernlos	2500
kerntechnisch	2500
kernwaffenfähig	2500
kerzengerade	2500
kess	2500
kesseln	2500
kettenartig	2500
kettenförmig	2500
kettenlos	2500
ketzerisch	2500
keuchen	2500
keulenförmig	2500
keusch	2500
kg	2500
kichern	2500
kicken	2500
kidnappen	2500
kiemenatmend	2500
kieselartig	2500
kieselgrau	2500
kieshaltig	2500
kiesig	2500
killen	2500
kilometerlang	2500
kilometerweit	2500
kinderfeindlich	2500
kinderfreundlich	2500
kinderleicht	2500
kinderlieb	2500
kinderlos	2500
kinderpornografisch	2500
kinderpornographisch	2500
kinderreich	2500
kindgemäß	2500
kindgerecht	2500
kindisch	2500
kindlich	2500
kinematisch	2500
kinetisch	2500
kirchenfeindlich	2500
kirchenfreundlich	2500
kirchengeschichtlich	2500
kirchentreu	2500
kirchlich	2500
kirgisisch	2500
kirschenrot	2500
kirschrot	2500
kistenweise	2500
kitschig	2500
kitten	2500
kitzeln	2500
kitzlig	2500
kläffen	2500
klägerisch	2500
kläglich	2500
klaffen	2500
klagen	2500
klaglos	2500
klamm	2500
klammheimlich	2500
klanggetreu	2500
klanglich	2500
klanglos	2500
klangvoll	2500
klapperfrei	2500
klapperig	2500
klappern	2500
klar	2500
klarerweise	2500
klargekommen	2500
klargelegt	2500
klargemacht	2500
klargestellt	2500
klarkommen	2500
klarlegen	2500
klarmachen	2500
klarzustellen	2500
klassenbewusst	2500
klassenlos	2500
klassisch	2500
klassischerweise	2500
klassizistisch	2500
klatschen	2500
klatschhaft	2500
klatschnass	2500
klatschsüchtig	2500
klauen	2500
klavierähnlich	2500
klebrig	2500
kleckern	2500
klecksen	2500
kleiden	2500
kleidsam	2500
kleidungsbewusst	2500
kleinbürgerlich	2500
kleineuropäisch	2500
kleinformatig	2500
kleingedruckt	2500
kleingeredet	2500
kleingeschrieben	2500
kleinkariert	2500
kleinlaut	2500
kleinlich	2500
kleinmütig	2500
kleinreden	2500
kleinschneiden	2500
kleinschnitt	2500
kleinschreiben	2500
kleinstädtisch	2500
kleinstmöglich	2500
kleinwüchsig	2500
kleinzureden	2500
kleisterig	2500
kleptomanisch	2500
klerikal	2500
klicken	2500
klimatisch	2500
klimatisieren	2500
klimpern	2500
klingeln	2500
klingen	2500
klinisch	2500
klinken	2500
klipp	2500
klippenreich	2500
klirren	2500
klischeehaft	2500
klischieren	2500
klitschnass	2500
klitzeklein	2500
klönen	2500
klösterlich	2500
klopfen	2500
klotzig	2500
klüger	2500
klügste	2500
klug	2500
klugerweise	2500
klumpig	2500
km	2500
knabbern	2500
knabenhaft	2500
knacken	2500
knallbunt	2500
knallen	2500
knallfroschartig	2500
knallhart	2500
knallig	2500
knallrot	2500
knapp	2500
knapsen	2500
knarren	2500
knattern	2500
knauserig	2500
knausern	2500
knechten	2500
kneifen	2500
kneten	2500
knibbeln	2500
knicken	2500
knickerig	2500
knickrig	2500
kniehohe	2500
knien	2500
knietief	2500
knieweich	2500
knifflig	2500
knipsen	2500
knirschen	2500
knistern	2500
knitterfrei	2500
knitterig	2500
knittern	2500
knöchellang	2500
knöchern	2500
knöpfen	2500
knobeln	2500
knochentrocken	2500
knochig	2500
knollig	2500
knorplig	2500
knorrig	2500
knospenhaft	2500
knotig	2500
knüppeldick	2500
knüppeln	2500
knurren	2500
knusperig	2500
knutschen	2500
köcheln	2500
königlich	2500
köpfen	2500
körnig	2500
körperbehindert	2500
körpereigen	2500
körperlich	2500
köstlich	2500
koalieren	2500
koalitionstreu	2500
koalitionsunfähig	2500
kobaltblaue	2500
kochecht	2500
kochen	2500
kodifizieren	2500
koedukativ	2500
kofferweise	2500
kognakfarbig	2500
kognitiv	2500
kohärent	2500
kohlrabenschwarz	2500
kokett	2500
kokettieren	2500
koksen	2500
kollabieren	2500
kollaborieren	2500
kollegial	2500
kollektivistisch	2500
kollern	2500
kollidieren	2500
kollinear	2500
kolossal	2500
kolportieren	2500
kolumbianisch	2500
komatös	2500
kombinatorisch	2500
kombinieren	2500
kometenhaft	2500
komfortabel	2500
komisch	2500
komischerweise	2500
kommandieren	2500
kommentarlos	2500
kommentiert	2500
kommerziell	2500
kommissarisch	2500
kommissionshungrig	2500
kommunikationsfähig	2500
kommunikationstechnisch	2500
kommunikativ	2500
kommunistisch	2500
kommunizieren	2500
kommutativ	2500
kommutieren	2500
komödiantisch	2500
kompatibel	2500
kompensationslos	2500
kompensatorisch	2500
kompensieren	2500
kompetent	2500
kompetitiv	2500
komplanar	2500
komplementär	2500
komplikationslos	2500
kompliziert	2500
komponentenorientiert	2500
komponentenweise	2500
komponentig	2500
komponieren	2500
kompositorisch	2500
kompress	2500
komprimiert	2500
kompromissbereit	2500
kompromisslos	2500
kondensieren	2500
konditionell	2500
kondolieren	2500
konfektioniert	2500
konferieren	2500
konfessionell	2500
konfessionslos	2500
konfliktfrei	2500
konflikthaltig	2500
konfliktreich	2500
konfluent	2500
konföderal	2500
konföderiert	2500
konform	2500
konfus	2500
konfuzianisch	2500
kongenial	2500
kongolesisch	2500
kongruent	2500
kongruieren	2500
konisch	2500
konjugieren	2500
konjunkturdämpfend	2500
konjunkturell	2500
konjunkturgerecht	2500
konkatenieren	2500
konkav	2500
konkret	2500
konkretere	2500
konkreteste	2500
konkurrenzfähig	2500
konkurrenzlos	2500
konkurrieren	2500
konkursreif	2500
konnotativ	2500
konnotieren	2500
konsensfähig	2500
konsensorientiert	2500
konsequent	2500
konsequenterweise	2500
konservativ	2500
konsistent	2500
konspirativ	2500
konstant	2500
konstantinisch	2500
konstatieren	2500
konsternieren	2500
konstitutionell	2500
konstitutiv	2500
konstruieren	2500
konstruktionsbedingt	2500
konstruktionsreif	2500
konstruktiv	2500
konsularisch	2500
konsultieren	2500
konsumieren	2500
kontagiös	2500
kontaktarm	2500
kontaktfreudig	2500
kontaktschwach	2500
kontaktsuchend	2500
kontemplativ	2500
konterkarieren	2500
kontern	2500
kontextabhängig	2500
kontextbezogen	2500
kontextfrei	2500
kontextsensitiv	2500
kontextspezifisch	2500
kontextunabhängig	2500
kontinentaleuropäisch	2500
kontinuierlich	2500
konträr	2500
kontraproduktiv	2500
kontrastbetont	2500
kontrastieren	2500
kontrastreich	2500
kontraststärker	2500
kontrollierbar	2500
kontrollieren	2500
kontrovers	2500
konturieren	2500
konventionell	2500
konvergent	2500
konvergieren	2500
konvex	2500
konzentrisch	2500
konzeptionell	2500
konzeptionieren	2500
konzeptionslos	2500
konzeptlos	2500
konzeptuell	2500
konzernartig	2500
konzernfremd	2500
konzernintern	2500
konzernweit	2500
konzertant	2500
konzertieren	2500
konziliant	2500
konziliar	2500
kooperativ	2500
kooperieren	2500
kooptieren	2500
kopernikanisch	2500
kopflastig	2500
kopflos	2500
kopfschüttelnd	2500
kopfüber	2500
kopieren	2500
koppeln	2500
kopulieren	2500
korbartig	2500
koreanisch	2500
korrekt	2500
korrekterweise	2500
korrekturbedürftig	2500
korrelieren	2500
korrespondieren	2500
korrodieren	2500
korrosionsbeständig	2500
korrupt	2500
koscher	2500
kosmetisch	2500
kosmisch	2500
kosmopolitisch	2500
kostbar	2500
kostenfrei	2500
kostengerecht	2500
kostengünstig	2500
kostenintensiv	2500
kostenlos	2500
kostenmäßig	2500
kostenneutral	2500
kostenpflichtig	2500
kostenschonend	2500
kostensenkend	2500
kostensparend	2500
kostspielig	2500
kostümieren	2500
kotzen	2500
krächzen	2500
kräftezehrend	2500
kräftig	2500
kräftigen	2500
krähen	2500
kränker	2500
kränklich	2500
kränkste	2500
krabbeln	2500
krachen	2500
krachledern	2500
kraftlos	2500
kraftraubend	2500
kraftvoll	2500
krakeelen	2500
krallen	2500
kramen	2500
krampfen	2500
krampfhaft	2500
krank	2500
krankenversichern	2500
krankgemacht	2500
krankgeschrieben	2500
krankhaft	2500
krankheitsbedingt	2500
krankheitserregend	2500
krankmachen	2500
krankschrieb	2500
krankzumachen	2500
krass	2500
kratzen	2500
kraulen	2500
kraus	2500
krausen	2500
kraushaarig	2500
kreativ	2500
kreatürlich	2500
krebsartig	2500
krebserregend	2500
krebskrank	2500
krebsrot	2500
kredenzen	2500
kreditfähig	2500
kreditgebend	2500
kreditieren	2500
kreditsuchend	2500
kreditunwürdig	2500
kreditwürdig	2500
kreidebleich	2500
kreiden	2500
kreideweiß	2500
kreieren	2500
kreischen	2500
kreiseln	2500
kreisen	2500
kreisförmig	2500
kreisfrei	2500
kreisrund	2500
krempig	2500
krepieren	2500
kreuzbrav	2500
kreuzehrlich	2500
kreuzen	2500
kreuzweise	2500
kribbeln	2500
kribblig	2500
kriechen	2500
kriegen	2500
kriegerisch	2500
kriegsbereit	2500
kriegsbeschädigt	2500
kriegsblind	2500
kriegsfeindlich	2500
kriegsführend	2500
kriegsgerichtlich	2500
kriegsgeschädigt	2500
kriegslüstern	2500
kriegsuntauglich	2500
kriegsversehrt	2500
kriegswichtig	2500
kriegswillig	2500
kriegszerstört	2500
kriminalistisch	2500
kriminalpolizeilich	2500
kriminell	2500
kriminologisch	2500
kriseln	2500
krisenanfällig	2500
krisenfest	2500
krisengeschüttelt	2500
krisenhaft	2500
krisensicher	2500
krisenunabhängig	2500
kristallin	2500
kristallinisch	2500
kristallisationsfest	2500
kristallisieren	2500
kristallklar	2500
kristallrein	2500
kritikbedacht	2500
kritiklos	2500
kritisch	2500
kritisieren	2500
kritzeln	2500
kroatisch	2500
kroch	2500
kross	2500
krümeln	2500
krüppelhaft	2500
krüpplig	2500
krud	2500
krumm	2500
kryptisch	2500
kryptografisch	2500
kryptographisch	2500
kt	2500
kühn	2500
kümmerlich	2500
kümmern	2500
künden	2500
künftig	2500
künstlerisch	2500
künstlich	2500
küren	2500
kürzer	2500
kürzest	2500
kürzlich	2500
küssen	2500
küstengebunden	2500
kubanisch	2500
kubieren	2500
kubisch	2500
kubistisch	2500
kugelförmig	2500
kugeln	2500
kugelsicher	2500
kuglig	2500
kujonieren	2500
kulant	2500
kulanzweise	2500
kulinarisch	2500
kullern	2500
kultisch	2500
kultivieren	2500
kulturabhängig	2500
kulturell	2500
kulturfreundlich	2500
kulturgeschichtlich	2500
kulturhistorisch	2500
kulturkritisch	2500
kulturpolitisch	2500
kummervoll	2500
kumulativ	2500
kund	2500
kundenfreundlich	2500
kundenseitig	2500
kundenspezifisch	2500
kundgetan	2500
kundig	2500
kundtat	2500
kundtun	2500
kundzutun	2500
kunstbewusst	2500
kunsthandwerklich	2500
kunstinteressiert	2500
kunstlos	2500
kunstvoll	2500
kunterbunt	2500
kupferfarben	2500
kupfern	2500
kurativ	2500
kurbeln	2500
kurdisch	2500
kuren	2500
kurieren	2500
kurios	2500
kurioserweise	2500
kursieren	2500
kursiv	2500
kursvernichtend	2500
kurvenreich	2500
kurvig	2500
kurzärmelig	2500
kurzärmlig	2500
kurzatmig	2500
kurzbeinig	2500
kurzentschlossen	2500
kurzerhand	2500
kurzfassen	2500
kurzfristig	2500
kurzgefasst	2500
kurzgeschlossen	2500
kurzhaarig	2500
kurzlebig	2500
kurzschließen	2500
kurzschlussfest	2500
kurzsichtig	2500
kurzum	2500
kurzweilig	2500
kurzwellig	2500
kurzzeitig	2500
kuscheln	2500
kuschelweich	2500
kuschen	2500
kussecht	2500
kybernetisch	2500
kyrillisch	2500
lächerlich	2500
lädieren	2500
lädt	2500
lägen	2500
ländermäßig	2500
länderspezifisch	2500
länderübergreifend	2500
ländlich	2500
länger	2500
längerfristig	2500
länglich	2500
längst	2500
längstens	2500
lärmen	2500
lärmig	2500
lärmvoll	2500
lässig	2500
lässt	2500
lästig	2500
läufig	2500
läuft	2500
läuten	2500
labil	2500
laborieren	2500
labormäßig	2500
lachen	2500
lackgeschützt	2500
ladefähig	2500
lag	2500
lagebedingt	2500
lagerichtig	2500
lahm	2500
lahmen	2500
lahmgelegt	2500
lahmlegen	2500
lahmzulegen	2500
laichen	2500
laienhaft	2500
laienhafterweise	2500
laizistisch	2500
lakonisch	2500
laktosefrei	2500
lallen	2500
lambda	2500
lamentieren	2500
lammfromm	2500
lancieren	2500
landab	2500
landeinwärts	2500
landen	2500
landesbedingt	2500
landeseigen	2500
landesplanerisch	2500
landespolitisch	2500
landesüblich	2500
landesweit	2500
landgebunden	2500
landläufig	2500
landschaftlich	2500
landwirtschaftlich	2500
langärmelig	2500
langärmlig	2500
langarmig	2500
langatmig	2500
langbeinig	2500
langen	2500
langfristig	2500
langgehen	2500
langhaarig	2500
langhalsig	2500
langjährig	2500
langkettig	2500
langlaufen	2500
langlebig	2500
langmütig	2500
langwährend	2500
langweilen	2500
langweilig	2500
langwellig	2500
langwierig	2500
laotisch	2500
lapidar	2500
las	2500
lasch	2500
lasergedruckt	2500
lasern	2500
lastenfrei	2500
lasterhaft	2500
lastfrei	2500
lasziv	2500
lateinamerikanisch	2500
lateinisch	2500
latent	2500
lateral	2500
latschen	2500
lau	2500
laude	2500
lauern	2500
laufen	2500
lauffähig	2500
laugen	2500
launenhaft	2500
launig	2500
launisch	2500
lauschen	2500
lauschig	2500
lausen	2500
lausig	2500
lauten	2500
lauthals	2500
lautlos	2500
lautmalen	2500
lautmalerisch	2500
lautstark	2500
lauwarm	2500
lawinenartig	2500
lax	2500
leasen	2500
lebendgeboren	2500
lebendig	2500
lebensbedrohend	2500
lebensbedrohlich	2500
lebensbejahend	2500
lebensentscheidend	2500
lebenserhaltend	2500
lebensfähig	2500
lebensfeindlich	2500
lebensfremd	2500
lebensfreundlich	2500
lebensfroh	2500
lebensgefährlich	2500
lebensgewandt	2500
lebensklug	2500
lebenslänglich	2500
lebenslang	2500
lebenslustig	2500
lebensmüde	2500
lebensnah	2500
lebensnotwendig	2500
lebenspendend	2500
lebensrettend	2500
lebensunfähig	2500
lebensuntüchtig	2500
lebensverlängernd	2500
lebensvoll	2500
lebenswert	2500
lebenswichtig	2500
lebhaft	2500
leblos	2500
lechzen	2500
lecker	2500
ledern	2500
ledig	2500
lediglich	2500
leergepumpt	2500
leerstehen	2500
legal	2500
legendär	2500
legiert	2500
legislativ	2500
legitim	2500
legitimerweise	2500
lehmig	2500
lehnen	2500
lehren	2500
lehrreich	2500
leibeigen	2500
leibhaftig	2500
leiblich	2500
leibt	2500
leichenblass	2500
leichtathletisch	2500
leichtfertig	2500
leichtfüßig	2500
leichtgängig	2500
leichtgewichtig	2500
leichtgläubig	2500
leichthändig	2500
leichtlebig	2500
leichtsinnig	2500
leichtsinnigerweise	2500
leidenschaftlich	2500
leidgeprüft	2500
leidig	2500
leidlich	2500
leidtragen	2500
leidvoll	2500
leihen	2500
leihweise	2500
leimen	2500
leinwandverstärkt	2500
leise	2500
leistungsbezogen	2500
leistungsfähig	2500
leistungsgerecht	2500
leistungsorientiert	2500
leistungsschwächer	2500
leistungsschwächste	2500
leistungsschwach	2500
leistungsstärkste	2500
leistungsstark	2500
leistungssteigernd	2500
leitfähig	2500
leitungsmäßig	2500
lemmingartig	2500
lernbegierig	2500
lernbehindert	2500
lernfähig	2500
lernschwächer	2500
lernschwächste	2500
lernschwach	2500
lesbisch	2500
lesenswert	2500
leserfreundlich	2500
leserlich	2500
letal	2500
lettisch	2500
letzte	2500
letztendlich	2500
letztens	2500
letztere	2500
letztgeliefert	2500
letztgenannt	2500
letzthändig	2500
letzthin	2500
letztinstanzlich	2500
letztjährige	2500
letztklassig	2500
letztlich	2500
letztmalig	2500
letztmals	2500
letztmöglich	2500
letztwillig	2500
leuchten	2500
leuchtend	2500
leutselig	2500
lexikalisch	2500
lexikalisieren	2500
lexikografisch	2500
lexikographisch	2500
lfd.	2500
libanesisch	2500
liberal	2500
liberianisch	2500
libysch	2500
lichtblau	2500
lichtdurchlässig	2500
lichtempfindlich	2500
lichterloh	2500
lichtliebende	2500
lichtschnell	2500
lichtschwächer	2500
lichtschwächste	2500
lichtschwach	2500
lichtstark	2500
lieb	2500
liebäugeln	2500
lieben	2500
liebenswert	2500
liebenswürdig	2500
liebeskrank	2500
liebevoll	2500
liebgeworden	2500
liebkosen	2500
lieblich	2500
lieblos	2500
liebreizend	2500
liederlich	2500
lief	2500
lieferfähig	2500
lieferfertig	2500
liegen	2500
liegenbleiben	2500
liegenblieb	2500
lieh	2500
lies	2500
ließ	2500
liest	2500
liften	2500
lila	2500
lilafarben	2500
lilafarbig	2500
lind	2500
linear	2500
linguistisch	2500
linientreu	2500
linke	2500
linken	2500
linksautonom	2500
linksbündig	2500
linksextrem	2500
linksextremistisch	2500
linksgerichtet	2500
linksherum	2500
linksläufig	2500
linkslastig	2500
linksliberal	2500
linksliegen	2500
linksorientiert	2500
linksradikal	2500
linksrheinisch	2500
linksseitig	2500
linkssozialistisch	2500
linksum	2500
linksunabhängig	2500
liquid	2500
liquidieren	2500
lispeln	2500
listenreich	2500
listig	2500
listigerweise	2500
litaneiartig	2500
litauisch	2500
literarisch	2500
literaturwissenschaftlich	2500
literweise	2500
lithografisch	2500
lithographisch	2500
litt	2500
liturgisch	2500
live	2500
livriert	2500
lizenzfrei	2500
löblich	2500
löchern	2500
löchrig	2500
löffeln	2500
löhnen	2500
lößbedeckt	2500
lösbar	2500
löslich	2500
loben	2500
lobenswert	2500
locker	2500
lockerlassen	2500
lockermachen	2500
lockerzumachen	2500
lockig	2500
lodern	2500
log	2500
logarithmisch	2500
loggen	2500
logieren	2500
logikbasiert	2500
logisch	2500
logischerweise	2500
logistisch	2500
lohnabhängig	2500
lohnen	2500
lohnend	2500
lohnenswert	2500
lohnpolitisch	2500
lokalbedingt	2500
lokalisieren	2500
longitudinal	2500
losband	2500
losbinden	2500
losbrach	2500
losbrechen	2500
losbricht	2500
loseisen	2500
losen	2500
losfährt	2500
losfahren	2500
losgebrochen	2500
losgebunden	2500
losgefahren	2500
losgegangen	2500
losgehen	2500
losgelassen	2500
losgelegt	2500
losgelöst	2500
losgemacht	2500
losgerast	2500
losgerissen	2500
losgesagt	2500
losgesaust	2500
losgeschickt	2500
losgeschlagen	2500
losgetreten	2500
losgeworden	2500
loshetzen	2500
losigkeit	2500
loskommen	2500
loslässt	2500
loslassen	2500
loslegen	2500
losließ	2500
losmachen	2500
losrannte	2500
losreißen	2500
losrennen	2500
losrollen	2500
losschicken	2500
losschlagen	2500
lostrat	2500
lostreten	2500
lostrittst	2500
losweinen	2500
loswerden	2500
loswiehern	2500
loszueisen	2500
loszukaufen	2500
loszureißen	2500
loszuschneiden	2500
loszuwerden	2500
loten	2500
lotsen	2500
lottospielen	2500
loyal	2500
lt.	2500
lückenhaft	2500
lückenlos	2500
lügnerisch	2500
lümmeln	2500
lüstern	2500
lud	2500
luftdicht	2500
luftfahrttechnisch	2500
luftförmig	2500
luftgestützt	2500
luftgetrocknet	2500
luftig	2500
lugen	2500
lukrativ	2500
lukullisch	2500
lumpig	2500
lungern	2500
lupenrein	2500
lustig	2500
lustigerweise	2500
lustlos	2500
lustvoll	2500
lutherisch	2500
lutschen	2500
luxemburgisch	2500
luxuriös	2500
lynchen	2500
lyrisch	2500
mA	2500
mäanderartig	2500
mäanderförmig	2500
mäandern	2500
mäandrieren	2500
mächtig	2500
mädchenhaft	2500
männlich	2500
märchenhaft	2500
märkisch	2500
mäßig	2500
mästen	2500
machthaberisch	2500
machtlos	2500
machtpolitisch	2500
machtsüchtig	2500
machtvoll	2500
madig	2500
mafiös	2500
mafios	2500
magellansche	2500
mager	2500
maghrebinisch	2500
magisch	2500
magnetisch	2500
mahlen	2500
majestätisch	2500
majorisieren	2500
makaber	2500
makellos	2500
makroskopisch	2500
malaiisch	2500
malaysisch	2500
malen	2500
malerisch	2500
maliziös	2500
maltesisch	2500
malträtieren	2500
managen	2500
manch	2500
manchenorts	2500
mancherlei	2500
mancherorts	2500
manchmal	2500
mandelförmig	2500
mangelhaft	2500
mangeln	2500
mangels	2500
manieriert	2500
manierlich	2500
manifestieren	2500
manifestiert	2500
manipulativ	2500
manisch	2500
mannhaft	2500
mannigfach	2500
mannigfaltig	2500
mannshoch	2500
mannshohe	2500
manövrieren	2500
manövrierfähig	2500
manövrierunfähig	2500
manuell	2500
maoistisch	2500
marginal	2500
marginalisieren	2500
marinieren	2500
maritim	2500
markant	2500
markenpflichtig	2500
markgräflich	2500
markiert	2500
marktbeherrschend	2500
marktfähig	2500
marktführend	2500
marktgerecht	2500
marktkonform	2500
marktorientiert	2500
marktpolitisch	2500
marktreif	2500
marktschreierisch	2500
marktüblich	2500
marktwirtschaftlich	2500
marode	2500
marodieren	2500
marokkanisch	2500
maronitisch	2500
marschieren	2500
martern	2500
martialisch	2500
marxistisch	2500
maßgearbeitet	2500
maßgebend	2500
maßgeblich	2500
maßgerecht	2500
maßgeschneidert	2500
maßhaltig	2500
maßlos	2500
maßstäblich	2500
maßstabsgetreu	2500
maßvoll	2500
maschinell	2500
maschinenabhängig	2500
maschinenbezogen	2500
maschinenfertig	2500
maschinenhaft	2500
maschinenlesbar	2500
maschinenmäßig	2500
maschinennäher	2500
maschinennah	2500
maschinenspezifisch	2500
maschinensprachlich	2500
maschinenunabhängig	2500
maschinenunterstützt	2500
maschinenzugehörig	2500
maskenhaft	2500
maskenorganisiert	2500
maskieren	2500
maskulin	2500
massakrieren	2500
massenhaft	2500
massenpsychologisch	2500
massenweise	2500
massig	2500
masturbieren	2500
materialgerecht	2500
materialistisch	2500
materialspezifisch	2500
materiell	2500
mathematisch	2500
matschig	2500
matt	2500
mattgelb	2500
mattgolden	2500
mattieren	2500
mattschwarz	2500
maulen	2500
mausern	2500
mausgrau	2500
mautpflichtig	2500
max.	2500
mazedonisch	2500
mechanisch	2500
mechanistisch	2500
meckern	2500
mecklenburgisch	2500
med.	2500
medial	2500
medienwirksam	2500
medikamentös	2500
meditativ	2500
mediterran	2500
meditieren	2500
medizinisch	2500
megärenhaft	2500
mehlig	2500
mehraderig	2500
mehrdeutig	2500
mehrdimensional	2500
mehreckig	2500
mehrere	2500
mehrerer	2500
mehrerlei	2500
mehrfach	2500
mehrfarbig	2500
mehrgeschossig	2500
mehrgliederig	2500
mehrheitlich	2500
mehrheitsfähig	2500
mehrjährig	2500
mehrkanalig	2500
mehrlinig	2500
mehrmalig	2500
mehrmals	2500
mehrmonatig	2500
mehrpolig	2500
mehrprozentig	2500
mehrschichtig	2500
mehrseitig	2500
mehrsilbig	2500
mehrsortig	2500
mehrsprachig	2500
mehrstellig	2500
mehrstimmig	2500
mehrstöckig	2500
mehrstündig	2500
mehrstufig	2500
mehrtägig	2500
mehrteilig	2500
mehrwöchig	2500
mehrzähnig	2500
mehrzeilig	2500
meilenweit	2500
meinerseits	2500
meinesgleichen	2500
meinesteils	2500
meinethalben	2500
meinetwegen	2500
meinetwillen	2500
meinige	2500
meinungsbildend	2500
meißeln	2500
meist	2500
meistbesucht	2500
meistbietend	2500
meistdiskutiert	2500
meistens	2500
meistenteils	2500
meisterhaft	2500
meisterlich	2500
meistern	2500
meistgekauft	2500
meistgelesen	2500
meistgenannt	2500
meistgenutzt	2500
meistgespielt	2500
meistkommentiert	2500
meistzitiert	2500
melancholisch	2500
meldepflichtig	2500
melken	2500
melodiös	2500
melodisch	2500
melodramatisch	2500
memorieren	2500
mengenmäßig	2500
menschenähnlich	2500
menschenfeindlich	2500
menschenfreundlich	2500
menschenleer	2500
menschenmöglich	2500
menschenrechtsverletzend	2500
menschenscheu	2500
menschenspezifisch	2500
menschenunwürdig	2500
menschenverachtend	2500
menschenwürdig	2500
menschlich	2500
menstrual	2500
mental	2500
menügesteuert	2500
merkantil	2500
merken	2500
merklich	2500
merkmalsarm	2500
merkwürdig	2500
merkwürdigerweise	2500
meschugge	2500
messerscharf	2500
messtechnisch	2500
metabol	2500
metabolisch	2500
metallen	2500
metallgrün	2500
metallhaltig	2500
metallisch	2500
metallisiert	2500
metallurgisch	2500
metaphorisch	2500
metaphysisch	2500
meteorologisch	2500
meterweise	2500
methodisch	2500
methodologisch	2500
metrisch	2500
meucheln	2500
meuchlerisch	2500
meutern	2500
mexikanisch	2500
miauen	2500
mickerig	2500
mickrig	2500
mied	2500
mies	2500
mietähnlich	2500
mietvertraglich	2500
migrieren	2500
mikrobiologisch	2500
mikroelektronisch	2500
mikroskopisch	2500
mikroverfilmt	2500
milchig	2500
mild	2500
mildtätig	2500
milieubedingt	2500
militärähnlich	2500
militärisch	2500
militärpolitisch	2500
militärtechnisch	2500
militant	2500
militarisieren	2500
militaristisch	2500
milliardenfach	2500
milliardenschwer	2500
milliardste	2500
milliardstel	2500
millimeterdünn	2500
millimetergenau	2500
millimeterweise	2500
millionenfach	2500
millionenschwer	2500
millionste	2500
millionstel	2500
mimisch	2500
min.	2500
minder	2500
minderbemittelt	2500
minderjährig	2500
minderwertig	2500
mindeste	2500
mindestens	2500
mindestreservepflichtig	2500
minenverseucht	2500
mineralisch	2500
miniaturisieren	2500
minimalisieren	2500
minimalistisch	2500
minoisch	2500
minütig	2500
minütlich	2500
minus	2500
minutenlang	2500
minutenschnell	2500
minutiös	2500
misanthropisch	2500
miserabel	2500
missbräuchlich	2500
missbrauchen	2500
missen	2500
missfällt	2500
missfallen	2500
missfiel	2500
missgebildet	2500
missgelaunt	2500
missgestimmt	2500
missglücken	2500
missgönnen	2500
missgünstig	2500
misslang	2500
misslich	2500
misslingen	2500
misslungen	2500
missmutig	2500
missraten	2500
misstönend	2500
misstönig	2500
misstrauisch	2500
missvergnügt	2500
missverständlich	2500
missverstanden	2500
missverstehen	2500
misszudeuten	2500
misszuverstehen	2500
misten	2500
mistig	2500
mitangeben	2500
mitangehört	2500
mitangeklagt	2500
mitangesehen	2500
mitanhören	2500
mitarbeiten	2500
mitarbeiterorientiert	2500
mitaufnehmen	2500
mitausstellen	2500
mitbegründen	2500
mitbekam	2500
mitbekommen	2500
mitbelasten	2500
mitbenützen	2500
mitbenutzen	2500
mitbeobachtet	2500
mitberechnen	2500
mitberücksichtigen	2500
mitbestellen	2500
mitbestimmen	2500
mitbeteiligt	2500
mitbetreuen	2500
mitbetrifft	2500
mitbewirken	2500
mitbezahlen	2500
mitbrachte	2500
mitbringen	2500
mitdachte	2500
mitdenken	2500
mitdienen	2500
mitdrehen	2500
miteinander	2500
miteinbeziehen	2500
miteinbezogen	2500
miteinkalkuliert	2500
miteinzubeziehen	2500
mitempfinden	2500
mitentwickelt	2500
miterleben	2500
mitessen	2500
mitfahren	2500
mitfinanzieren	2500
mitfliegen	2500
mitflog	2500
mitfühlen	2500
mitführen	2500
mitfuhr	2500
mitgab	2500
mitgearbeitet	2500
mitgeben	2500
mitgebracht	2500
mitgedruckt	2500
mitgefahren	2500
mitgefangen	2500
mitgefiebert	2500
mitgefühlt	2500
mitgeführt	2500
mitgegangen	2500
mitgegeben	2500
mitgehalten	2500
mitgehen	2500
mitgehört	2500
mitgekämpft	2500
mitgekommen	2500
mitgekriegt	2500
mitgelaufen	2500
mitgelesen	2500
mitgeliefert	2500
mitgeloggt	2500
mitgemacht	2500
mitgemessen	2500
mitgemietet	2500
mitgenommen	2500
mitgeprägt	2500
mitgeredet	2500
mitgereist	2500
mitgerissen	2500
mitgeschickt	2500
mitgeschleift	2500
mitgeschleppt	2500
mitgeschnitten	2500
mitgeschrieben	2500
mitgeschrien	2500
mitgesendet	2500
mitgespeichert	2500
mitgespielt	2500
mitgesprochen	2500
mitgestalten	2500
mitgesteuert	2500
mitgesungen	2500
mitgeteilt	2500
mitgetragen	2500
mitgewirkt	2500
mitgezählt	2500
mitgezogen	2500
mitgibt	2500
mithältst	2500
mithalten	2500
mithandeln	2500
mithelfen	2500
mithilfe	2500
mithin	2500
mithören	2500
mitisst	2500
mitjubeln	2500
mitkämen	2500
mitkämpfen	2500
mitkam	2500
mitkassieren	2500
mitkommen	2500
mitkriegen	2500
mitläuft	2500
mitlachen	2500
mitlaufen	2500
mitleiden	2500
mitleidig	2500
mitleidlos	2500
mitleidvoll	2500
mitlesen	2500
mitlief	2500
mitliefern	2500
mitloggen	2500
mitmachen	2500
mitmenschlich	2500
mitmischen	2500
mitnahm	2500
mitnehmen	2500
mitnichten	2500
mitprotokollieren	2500
mitrechnen	2500
mitreden	2500
mitreißen	2500
mitreisen	2500
mitsamt	2500
mitschicken	2500
mitschneiden	2500
mitschreiben	2500
mitschreien	2500
mitschrieb	2500
mitschrien	2500
mitschuldig	2500
mitschwingen	2500
mitsenden	2500
mitsingen	2500
mitspeichern	2500
mitspielen	2500
mitsprechen	2500
mitspringen	2500
mitsteigen	2500
mittäglich	2500
mitteilen	2500
mitteilsam	2500
mitteilungsgemäß	2500
mittelalterlich	2500
mittelamerikanisch	2500
mittelasiatisch	2500
mittelblau	2500
mitteldeutsch	2500
mittelenglisch	2500
mitteleuropäisch	2500
mittelflach	2500
mittelfristig	2500
mittelgroß	2500
mittelhochdeutsch	2500
mittelklassig	2500
mittelkurz	2500
mittellang	2500
mittellos	2500
mittelmäßig	2500
mittelminoisch	2500
mittelmykenisch	2500
mittelöstlich	2500
mittels	2500
mittelschwer	2500
mittelständisch	2500
mitteltief	2500
mittelträge	2500
mitten	2500
mittendrin	2500
mittig	2500
mittlere	2500
mittlerweile	2500
mitträgt	2500
mittragen	2500
mittwochabends	2500
mittwochmorgens	2500
mittwochnachts	2500
mitüberträgt	2500
mitunter	2500
mitursächlich	2500
mitverantwortlich	2500
mitverarbeiten	2500
mitverfolgen	2500
mitversichern	2500
mitversorgen	2500
mitverwaltet	2500
mitverwenden	2500
mitwächst	2500
mitwählen	2500
mitwachsen	2500
mitwirken	2500
mitwissen	2500
mitwuchs	2500
mitziehen	2500
mitzuarbeiten	2500
mitzubenutzen	2500
mitzubestimmen	2500
mitzubetreuen	2500
mitzubringen	2500
mitzuerleben	2500
mitzuessen	2500
mitzufahren	2500
mitzugeben	2500
mitzugestalten	2500
mitzuhalten	2500
mitzuhelfen	2500
mitzukommen	2500
mitzulesen	2500
mitzuliefern	2500
mitzumachen	2500
mitzunehmen	2500
mitzureden	2500
mitzureißen	2500
mitzuschicken	2500
mitzusenden	2500
mitzuspeichern	2500
mitzusprechen	2500
mitzuteilen	2500
mitzutragen	2500
mitzuübernehmen	2500
mitzuwirken	2500
mitzuziehen	2500
mixen	2500
mm	2500
mnemonisch	2500
mnemotechnisch	2500
mnetisch	2500
möblieren	2500
möbliert	2500
möchten	2500
möge	2500
möglicherweise	2500
mörderisch	2500
mobben	2500
mobilgemacht	2500
modebewusst	2500
modellbasiert	2500
modellgestützt	2500
modellhaft	2500
modellorientiert	2500
modelltheoretisch	2500
modemfähig	2500
moderat	2500
moderieren	2500
moderig	2500
modern	2500
modifiziert	2500
modisch	2500
modular	2500
modulieren	2500
modulo	2500
modulübergreifend	2500
modulüberschreitend	2500
mogeln	2500
mohammedanisch	2500
mokieren	2500
molar	2500
molekular	2500
mollig	2500
momentan	2500
monarchisch	2500
monatelang	2500
monatlich	2500
monatsweise	2500
mondän	2500
mondbeschienen	2500
mondsüchtig	2500
monegassisch	2500
monetär	2500
mongolisch	2500
monieren	2500
monistisch	2500
monochrom	2500
monochromatisch	2500
monogam	2500
monografisch	2500
monolithisch	2500
monopolisieren	2500
monopolistisch	2500
monotheistisch	2500
monoton	2500
monströs	2500
montagabends	2500
montagmorgens	2500
montagnachts	2500
montieren	2500
monumental	2500
monumentalisieren	2500
moorig	2500
mopsen	2500
moralisch	2500
moralisieren	2500
morastig	2500
mordsmäßig	2500
morgendlich	2500
morgenländisch	2500
morgige	2500
morphologisch	2500
morsch	2500
mosaikartig	2500
mosern	2500
moslemisch	2500
mosten	2500
motorisch	2500
motorisieren	2500
motorsportlich	2500
motzen	2500
mounten	2500
ms	2500
msec	2500
müde	2500
mühelos	2500
mühen	2500
mühevoll	2500
mühsam	2500
mühselig	2500
mündelsicher	2500
mündig	2500
mündlich	2500
münzen	2500
mürbe	2500
mürrisch	2500
müßig	2500
mütterlich	2500
mütterlicherseits	2500
mucksmäuschenstill	2500
muffig	2500
mulmig	2500
multifunktional	2500
multikulturell	2500
multilateral	2500
multimedial	2500
multinational	2500
multipel	2500
multiplikativ	2500
multiplizieren	2500
mundartlich	2500
munden	2500
mundgerecht	2500
munkeln	2500
munter	2500
murmeln	2500
murren	2500
museumsreif	2500
musikalisch	2500
musikhistorisch	2500
musikliebend	2500
musisch	2500
muskulär	2500
muskulös	2500
muslimisch	2500
mustergültig	2500
musterhaft	2500
mustern	2500
muten	2500
mutieren	2500
mutig	2500
mutlos	2500
mutmaßlich	2500
mutterlos	2500
mutterseelenallein	2500
muttersprachlich	2500
mutwillig	2500
mysteriös	2500
mystisch	2500
mythisch	2500
mythologisch	2500
nächst	2500
nächstälteste	2500
nächstbest	2500
nächste	2500
nächstfolgend	2500
nächstgelegen	2500
nächstgrößere	2500
nächsthöher	2500
nächstjährig	2500
nächstkleinere	2500
nächstliegend	2500
nächstmöglich	2500
nächststärkste	2500
nächsttiefer	2500
nächtelang	2500
nächtigen	2500
nächtlich	2500
nähen	2500
nähergekommen	2500
nähergerückt	2500
näherungsweise	2500
näherzukommen	2500
nähmen	2500
nähren	2500
nährstoffreich	2500
nämlich	2500
närrisch	2500
näseln	2500
nachahmenswert	2500
nachbarlich	2500
nachbarschaftlich	2500
nachbauen	2500
nachbestückt	2500
nachbezahlen	2500
nachblicken	2500
nachbörslich	2500
nachdachte	2500
nachdenken	2500
nachdenklich	2500
nachdrängen	2500
nachdrehen	2500
nachdrücken	2500
nachdrücklich	2500
nachdrucken	2500
nacheilen	2500
nacheinander	2500
nachempfinden	2500
nachempfunden	2500
nacherzählt	2500
nachfolgen	2500
nachfragen	2500
nachfühlen	2500
nachfüllen	2500
nachgab	2500
nachgaloppieren	2500
nachgeahmt	2500
nachgeben	2500
nachgebessert	2500
nachgebildet	2500
nachgeblättert	2500
nachgeblickt	2500
nachgeboren	2500
nachgedacht	2500
nachgedichtet	2500
nachgedrängt	2500
nachgedruckt	2500
nachgeeifert	2500
nachgefolgt	2500
nachgeforscht	2500
nachgefragt	2500
nachgefühlt	2500
nachgeführt	2500
nachgefüllt	2500
nachgegangen	2500
nachgegeben	2500
nachgegossen	2500
nachgehen	2500
nachgeholfen	2500
nachgeholt	2500
nachgekauft	2500
nachgeklungen	2500
nachgekommen	2500
nachgeladen	2500
nachgelassen	2500
nachgelegt	2500
nachgeleiert	2500
nachgelesen	2500
nachgeliefert	2500
nachgelöst	2500
nachgemacht	2500
nachgemessen	2500
nachgeordnet	2500
nachgeplappert	2500
nachgerannt	2500
nachgerechnet	2500
nachgeredet	2500
nachgereicht	2500
nachgeritten	2500
nachgerückt	2500
nachgerüstet	2500
nachgesagt	2500
nachgesandt	2500
nachgeschaltet	2500
nachgeschaut	2500
nachgeschickt	2500
nachgeschlagen	2500
nachgeschleppt	2500
nachgeschoben	2500
nachgesehen	2500
nachgesendet	2500
nachgesetzt	2500
nachgesprochen	2500
nachgespürt	2500
nachgestanden	2500
nachgestellt	2500
nachgetragen	2500
nachgetriggert	2500
nachgewachsen	2500
nachgeweint	2500
nachgewiesen	2500
nachgewiesenermaßen	2500
nachgewirkt	2500
nachgezählt	2500
nachgezogen	2500
nachgibt	2500
nachgiebig	2500
nachging	2500
nachhängen	2500
nachhaltig	2500
nachhelfen	2500
nachher	2500
nachherig	2500
nachholen	2500
nachinstallieren	2500
nachjagen	2500
nachjustieren	2500
nachkäme	2500
nachkaufen	2500
nachklingen	2500
nachlässig	2500
nachlässt	2500
nachläuft	2500
nachlassen	2500
nachlaufen	2500
nachlegen	2500
nachlesen	2500
nachlief	2500
nachließ	2500
nachliest	2500
nachlösen	2500
nachmachen	2500
nachmessen	2500
nachmittäglich	2500
nachplappern	2500
nachrangig	2500
nachrechenbar	2500
nachrechnen	2500
nachreden	2500
nachreformatorisch	2500
nachrennen	2500
nachrichtendienstlich	2500
nachrichtentechnisch	2500
nachrichtlich	2500
nachrücken	2500
nachrühmen	2500
nachsagen	2500
nachschauen	2500
nachschicken	2500
nachschlagen	2500
nachschleppen	2500
nachsehen	2500
nachsenden	2500
nachsichtig	2500
nachsinnen	2500
nachsitzen	2500
nachspielen	2500
nachsprechen	2500
nachspüren	2500
nachstehen	2500
nachsteigen	2500
nachstellen	2500
nachsuchen	2500
nachtdunkel	2500
nachteilig	2500
nachträglich	2500
nachträumen	2500
nachtragen	2500
nachtrauern	2500
nachtriggern	2500
nachts	2500
nachtschlafender	2500
nachtschwarz	2500
nachtwandeln	2500
nachverfolgen	2500
nachverhandeln	2500
nachvollziehen	2500
nachvollzog	2500
nachwachsen	2500
nachweinen	2500
nachweisen	2500
nachweislich	2500
nachzählen	2500
nachzeichnen	2500
nachziehen	2500
nachzog	2500
nachzuahmen	2500
nachzuarbeiten	2500
nachzubessern	2500
nachzubilden	2500
nachzudenken	2500
nachzudrucken	2500
nachzufolgen	2500
nachzufragen	2500
nachzufügen	2500
nachzugeben	2500
nachzugehen	2500
nachzugießen	2500
nachzuholen	2500
nachzujagen	2500
nachzukommen	2500
nachzukonstruieren	2500
nachzuladen	2500
nachzulassen	2500
nachzulaufen	2500
nachzulesen	2500
nachzumachen	2500
nachzumessen	2500
nachzuprüfen	2500
nachzurechnen	2500
nachzuregeln	2500
nachzureichen	2500
nachzusagen	2500
nachzuschauen	2500
nachzuschieben	2500
nachzuschießen	2500
nachzuschlagen	2500
nachzusehen	2500
nachzuspüren	2500
nachzustellen	2500
nachzusuchen	2500
nachzutrimmen	2500
nachzuvollziehen	2500
nachzuweisen	2500
nachzuziehen	2500
nackend	2500
nackig	2500
nackt	2500
nadelgestreift	2500
nageln	2500
nagelneu	2500
nagen	2500
nah	2500
nahbar	2500
nahegelegen	2500
nahegelegt	2500
nahelegen	2500
naheliegend	2500
nahen	2500
nahestehend	2500
nahezu	2500
nahezubringen	2500
nahezulegen	2500
nahme	2500
nahöstlich	2500
nahrhaft	2500
nahtlos	2500
naiv	2500
namenlos	2500
namentlich	2500
namhaft	2500
nannte	2500
napoleonisch	2500
narbig	2500
narkotisieren	2500
narrativ	2500
narrensicher	2500
narzisstisch	2500
naschen	2500
naselang	2500
naslang	2500
nass	2500
nasskalt	2500
nationalbewusst	2500
nationalchinesisch	2500
nationalistisch	2500
nationalkommunistisch	2500
nationalsozialistisch	2500
nativ	2500
natürlicherweise	2500
natürlichzahlig	2500
natura	2500
naturalisieren	2500
naturalistisch	2500
naturbelassen	2500
naturblond	2500
naturfrisch	2500
naturgegeben	2500
naturgemäß	2500
naturgetreu	2500
naturheilkundlich	2500
naturherstellend	2500
naturrein	2500
naturverbunden	2500
naturwissenschaftlich	2500
nautisch	2500
navigieren	2500
nebelfrei	2500
nebelhaft	2500
nebenamtlich	2500
nebenan	2500
nebenbei	2500
nebenberuflich	2500
nebeneinander	2500
nebeneinanderliegend	2500
nebenher	2500
nebensächlich	2500
nebenstehend	2500
neblig	2500
nebst	2500
nebulös	2500
necken	2500
negieren	2500
neiden	2500
neidisch	2500
neidlos	2500
neidvoll	2500
nennenswert	2500
neofaschistisch	2500
neokonservativ	2500
neoliberal	2500
neolithisch	2500
neonazistisch	2500
nepalesisch	2500
nervenaufreibend	2500
nervenstark	2500
nervig	2500
nervlich	2500
nervös	2500
nervtötend	2500
nett	2500
netterweise	2500
netzbasiert	2500
netzpolitisch	2500
netzwerkfähig	2500
neuartig	2500
neudeutsch	2500
neuer	2500
neuerdings	2500
neuestens	2500
neugebildet	2500
neugeboren	2500
neugierig	2500
neugotisch	2500
neugriechisch	2500
neulich	2500
neunfach	2500
neunhundert	2500
neunjährig	2500
neunköpfig	2500
neunmal	2500
neunminütig	2500
neunmonatig	2500
neunpolig	2500
neunprozentig	2500
neunstündig	2500
neunt	2500
neuntägig	2500
neuntausend	2500
neunundachtzig	2500
neunundachtzigste	2500
neununddreißig	2500
neununddreißigste	2500
neunundfünfzig	2500
neunundfünfzigste	2500
neunundneunzig	2500
neunundsechzig	2500
neunundsechzigste	2500
neunundsiebzig	2500
neunundsiebzigste	2500
neunundvierzig	2500
neunundvierzigste	2500
neunundzwanzig	2500
neunundzwanzigste	2500
neunzehn	2500
neunzehnjährig	2500
neunzehnmal	2500
neunzehnte	2500
neunzig	2500
neunzigste	2500
neunzigtausendste	2500
neuphilologisch	2500
neuralgisch	2500
neurochirurgisch	2500
neurologisch	2500
neuronal	2500
neurotisch	2500
neuseeländisch	2500
neusprachlich	2500
neustens	2500
neutestamentlich	2500
neutral	2500
neutralisieren	2500
neuwertig	2500
neuzeitlich	2500
newtonsche	2500
nichtakademisch	2500
nichtaktiv	2500
nichtamerikanisch	2500
nichtamtlich	2500
nichtarbeitend	2500
nichtatomar	2500
nichtaufhörend	2500
nichtberechtigt	2500
nichtbestätigt	2500
nichtchristlich	2500
nichtdeterministisch	2500
nichtdeutsch	2500
nichtehelich	2500
nichteingeweiht	2500
nichteinverstanden	2500
nichteisenhaltig	2500
nichterneuerbar	2500
nichteuklidisch	2500
nichteuropäisch	2500
nichtflüchtig	2500
nichtfunktionierend	2500
nichtgenehmigt	2500
nichtgewünscht	2500
nichtig	2500
nichtinvasiv	2500
nichtjapanisch	2500
nichtklassisch	2500
nichtkommunistisch	2500
nichtlinear	2500
nichtmarxistisch	2500
nichtmetallisch	2500
nichtmonogam	2500
nichtöffentlich	2500
nichtoptimierend	2500
nichtproduktiv	2500
nichtproportional	2500
nichtregistriert	2500
nichtrussisch	2500
nichtsahnend	2500
nichtsdestominder	2500
nichtsdestotrotz	2500
nichtsdestoweniger	2500
nichtsequentiell	2500
nichtsequenziell	2500
nichtsnutzig	2500
nichtssagend	2500
nichtstaatlich	2500
nichttechnisch	2500
nichtverhandlungsfähig	2500
nichtverwandt	2500
nichtweiß	2500
nichtzulässig	2500
nichtzutreffend	2500
niederbrennen	2500
niederdeutsch	2500
niederfallen	2500
niederfrequent	2500
niedergebracht	2500
niedergebrannt	2500
niedergedrückt	2500
niedergefallen	2500
niedergegangen	2500
niedergehalten	2500
niedergehen	2500
niedergekämpft	2500
niedergeknüppelt	2500
niedergelassen	2500
niedergelegt	2500
niedergemacht	2500
niedergerissen	2500
niedergeschlagen	2500
niedergeschossen	2500
niedergeschrieben	2500
niedergesetzt	2500
niedergestochen	2500
niedergewalzt	2500
niederging	2500
niederkämpfen	2500
niederknien	2500
niederländisch	2500
niederließ	2500
niedermähen	2500
niedermachen	2500
niederohmig	2500
niederreißen	2500
niederrheinisch	2500
niedersächsisch	2500
niedersausen	2500
niederschießen	2500
niederschlägt	2500
niederschlagen	2500
niederschlagsfrei	2500
niederschlug	2500
niederschmettern	2500
niederschreiben	2500
niederschrieb	2500
niederschwellig	2500
niederste	2500
niederträchtig	2500
niederzuknien	2500
niederzulassen	2500
niederzulegen	2500
niederzuschlagen	2500
niederzusetzen	2500
niedlich	2500
niedrig	2500
niedrigpreisig	2500
niemals	2500
nieseln	2500
niesen	2500
niet	2500
nieten	2500
nigelnagelneu	2500
nigerianisch	2500
nihilistisch	2500
nikotinfrei	2500
nimmer	2500
nimmermehr	2500
nimmermüde	2500
nimmt	2500
nippen	2500
nirgends	2500
nirgendwo	2500
nirgendwohin	2500
nisten	2500
niveaulos	2500
nölen	2500
nördlich	2500
nörgeln	2500
nötig	2500
nötigenfalls	2500
nochmal	2500
nochmalig	2500
nochmals	2500
noethersch	2500
nomadisch	2500
nominell	2500
nonchalant	2500
nonkonformistisch	2500
nonstop	2500
nonverbal	2500
nordafghanisch	2500
nordafrikanisch	2500
nordamerikanisch	2500
nordatlantisch	2500
norddeutsch	2500
nordeuropäisch	2500
nordfranzösisch	2500
nordisch	2500
nordkoreanisch	2500
nordöstlich	2500
nordostwärts	2500
nordsüdlich	2500
nordwärts	2500
nordwestlich	2500
normalerweise	2500
normalisieren	2500
normalverteilt	2500
normannisch	2500
normativ	2500
norme	2500
normgerecht	2500
norwegisch	2500
nostalgisch	2500
notariell	2500
notdürftig	2500
notfalls	2500
notgedrungen	2500
notgelandet	2500
notgeschlachtet	2500
notorisch	2500
notwendigerweise	2500
nsec	2500
nüchtern	2500
nützen	2500
nützlich	2500
nuancieren	2500
nullte	2500
numerisch	2500
nummerisch	2500
nunmehr	2500
nutzbar	2500
nutzbringend	2500
nutzerfreundlich	2500
nutzlos	2500
nutzungsgerecht	2500
öd	2500
öffenbar	2500
öffentlich	2500
öffentlichkeitswirksam	2500
öfter	2500
öftesten	2500
ökologisch	2500
ökonometrisch	2500
ökonomisch	2500
ökumenisch	2500
ölen	2500
ölig	2500
ölverbrauchend	2500
ölverschmiert	2500
örtlich	2500
österlich	2500
österreichisch	2500
östlich	2500
obdachlos	2500
obenan	2500
obenauf	2500
obendrauf	2500
obendrein	2500
obenherum	2500
oberbayerisch	2500
oberflächlich	2500
obergärig	2500
obergerichtlich	2500
oberhalb	2500
oberirdisch	2500
obgleich	2500
obig	2500
objektiv	2500
objektivieren	2500
objektorientiert	2500
oblag	2500
obliegen	2500
obligat	2500
obligatorisch	2500
obrigkeitlich	2500
obschon	2500
obsessiv	2500
obskur	2500
obsolet	2500
obszön	2500
obwalten	2500
obwohl	2500
obzwar	2500
ocker	2500
ockerfarben	2500
ockerfarbig	2500
ockergelb	2500
offenbar	2500
offenbarlich	2500
offengelassen	2500
offengelegt	2500
offengestanden	2500
offenherzig	2500
offenkundig	2500
offenlässt	2500
offenlassen	2500
offensichtlich	2500
offenstehen	2500
offenzulegen	2500
offerieren	2500
offiziell	2500
offiziös	2500
offline	2500
offsetgedruckt	2500
oftmalig	2500
oftmals	2500
oh	2500
ohmsch	2500
ohnedies	2500
ohneeinander	2500
ohnegleichen	2500
ohnehin	2500
ohnmächtig	2500
oho	2500
ohrenbetäubend	2500
ohrfeigen	2500
okay	2500
okkult	2500
okkupieren	2500
oktroyieren	2500
okzidental	2500
okzidentalisch	2500
oligarchisch	2500
oligopolistisch	2500
oliv	2500
olivfarben	2500
olivfarbig	2500
olivgrün	2500
olympiadritte	2500
olympisch	2500
omega	2500
ominös	2500
onanieren	2500
onkelhaft	2500
operational	2500
operationalisieren	2500
operativ	2500
operettenhaft	2500
operieren	2500
opferbereit	2500
opferreich	2500
opponieren	2500
opportun	2500
opportunistisch	2500
oppositionell	2500
optimal	2500
optimalerweise	2500
optimiert	2500
optimistisch	2500
optional	2500
optisch	2500
optoelektronisch	2500
optoentkoppelt	2500
opulent	2500
orangefarben	2500
orangeroter	2500
ordentlich	2500
ordern	2500
ordinär	2500
ordnungsgemäß	2500
ordnungsliebend	2500
ordnungsmäßig	2500
ordnungspolitisch	2500
ordnungsrechtlich	2500
ordnungswidrig	2500
organisatorisch	2500
organisch	2500
organisieren	2500
organisiert	2500
orgiastisch	2500
orientalisch	2500
orientierungslos	2500
originär	2500
originalgetreu	2500
originell	2500
orkanartig	2500
ornithologisch	2500
orthodox	2500
orthogonal	2500
orthografisch	2500
orthographisch	2500
orthopädisch	2500
ortsabhängig	2500
ortsansässig	2500
ortsbedingt	2500
ortseigen	2500
ortsfest	2500
ortsgebunden	2500
ortskundig	2500
ortsnah	2500
ortsüblich	2500
ortsungebunden	2500
osmanisch	2500
osmotisch	2500
ostafrikanisch	2500
ostamerikanisch	2500
ostasiatisch	2500
ostchinesisch	2500
ostdeutsch	2500
ostentativ	2500
osteuropäisch	2500
ostfriesisch	2500
ostholsteinisch	2500
ostindisch	2500
ostpolitisch	2500
ostpreußisch	2500
ostwärts	2500
oszillieren	2500
oszillografisch	2500
oszillographieren	2500
oszillographisch	2500
oval	2500
overdressed	2500
ovulationshemmend	2500
oxidieren	2500
ozeanisch	2500
ozeanografisch	2500
ozeanographisch	2500
pädagogisch	2500
pädiatrisch	2500
pädophil	2500
päpstlich	2500
paarweise	2500
paddeln	2500
paffen	2500
paillettenbestickt	2500
pakistanisch	2500
palästinensisch	2500
palavern	2500
paletti	2500
panamaisch	2500
panarabisch	2500
panieren	2500
panikartig	2500
panisch	2500
panschen	2500
pantomimisch	2500
papieren	2500
papierne	2500
pappen	2500
pappig	2500
papyrusweiß	2500
parabolisch	2500
paradieren	2500
paradiesisch	2500
paradox	2500
paradoxerweise	2500
paralympisch	2500
paralysieren	2500
paralytisch	2500
parameterlos	2500
parametrisch	2500
parametrisieren	2500
paramilitärisch	2500
paranoid	2500
parasitär	2500
parasitisch	2500
parat	2500
parfümieren	2500
parieren	2500
paritätisch	2500
parkartig	2500
parken	2500
parlamentarisch	2500
parlieren	2500
parodieren	2500
parodistisch	2500
parteiintern	2500
parteiisch	2500
parteilich	2500
parteilos	2500
parteinah	2500
parteipolitisch	2500
parteischädigend	2500
parteiübergreifend	2500
partiell	2500
partikulär	2500
partikular	2500
partitionieren	2500
partitioniert	2500
partizipial	2500
partizipieren	2500
partnerschaftlich	2500
partout	2500
parzellieren	2500
passabel	2500
passee	2500
passend	2500
passgerecht	2500
passieren	2500
passioniert	2500
passiv	2500
passivieren	2500
passivisch	2500
passwortgeschützt	2500
passé	2500
pastellzart	2500
pastenförmig	2500
pastoral	2500
patentfähig	2500
patentieren	2500
patentierfähig	2500
patentrechtlich	2500
pathetisch	2500
pathologisch	2500
patientenbezogen	2500
patiniert	2500
patriarchal	2500
patriarchalisch	2500
patriotisch	2500
patrouillieren	2500
patschnass	2500
patzen	2500
pauken	2500
pausbäckig	2500
pauschalieren	2500
pauschalisieren	2500
pausenlos	2500
pausieren	2500
pazifisch	2500
pazifistisch	2500
pechschwarz	2500
pedantisch	2500
peinlich	2500
peinlichst	2500
peitschen	2500
pejorativ	2500
pellen	2500
pendeln	2500
penetrant	2500
penibel	2500
pensionsberechtigt	2500
pensionsreif	2500
per	2500
perfektionistisch	2500
perfid	2500
perforieren	2500
performant	2500
periodisch	2500
peripher	2500
perkussiv	2500
permanent	2500
permutieren	2500
perpendikulär	2500
perpendikular	2500
perplex	2500
persiflieren	2500
persisch	2500
persistent	2500
personalisieren	2500
personalsparend	2500
personell	2500
personenabhängig	2500
personenbezogen	2500
personengebunden	2500
personifiziert	2500
perspektivisch	2500
pervers	2500
pervertieren	2500
pessimistisch	2500
petrochemisch	2500
petzen	2500
peu	2500
pfählen	2500
pfälzisch	2500
pfändungssicher	2500
pfeffern	2500
pfeifen	2500
pfeilschnell	2500
pferchen	2500
pfiffig	2500
pflanzlich	2500
pflastern	2500
pflegebedürftig	2500
pflegeleicht	2500
pflegerisch	2500
pfleglich	2500
pflichtbewusst	2500
pflichteifrig	2500
pflichten	2500
pflichtgemäß	2500
pflichtgetreu	2500
pflichtig	2500
pflichtschuldig	2500
pflichtversichert	2500
pflichtwidrig	2500
pflücken	2500
pflügen	2500
pfriemeln	2500
pfropfen	2500
pfundschwer	2500
pfuschen	2500
phänomenal	2500
phantasielos	2500
phantasiereich	2500
phantasieren	2500
phantasievoll	2500
phantastisch	2500
pharisäerhaft	2500
pharmakologisch	2500
pharmazeutisch	2500
phasengenau	2500
phasenverschoben	2500
phasenweise	2500
phi	2500
phil.	2500
philanthropisch	2500
philatelistisch	2500
philharmonisch	2500
philippinisch	2500
philosophieren	2500
philosophisch	2500
phonetisch	2500
phosphorbeschicht	2500
phosphoreszieren	2500
photochemisch	2500
photoelektrisch	2500
photogen	2500
photographieren	2500
photographisch	2500
photokopieren	2500
photokopierfähig	2500
photometrisch	2500
phrasenhaft	2500
phylogenetisch	2500
physikalisch	2500
physiologisch	2500
physisch	2500
pi	2500
pianissimo	2500
pianistisch	2500
picken	2500
picklig	2500
piekfein	2500
piepen	2500
piesacken	2500
pietätvoll	2500
piezoelektrisch	2500
piezoelektronisch	2500
pikant	2500
pikanterweise	2500
piken	2500
pikieren	2500
piksen	2500
pilgern	2500
pilotieren	2500
pilzförmig	2500
pimpern	2500
pingelig	2500
pinkfarben	2500
pinseln	2500
pirschen	2500
pissen	2500
pistolenähnlich	2500
pitschnass	2500
pittoresk	2500
plädieren	2500
plärren	2500
plätschern	2500
plagen	2500
plakativ	2500
plancksche	2500
planerisch	2500
planetarisch	2500
plangemäß	2500
plangläubig	2500
planlos	2500
planmäßig	2500
planschen	2500
plantschen	2500
planvoll	2500
planwidrig	2500
planwirtschaftlich	2500
plappern	2500
plastikartig	2500
plastisch	2500
platonisch	2500
platsch	2500
platt	2500
plattdeutsch	2500
plattfahren	2500
plattfüßig	2500
plattgewalzt	2500
platzen	2500
platzsparend	2500
plaudern	2500
plausibel	2500
plausibilisieren	2500
plebiszitär	2500
pleitebedroht	2500
pleitegegangen	2500
pleitegehen	2500
pleiteging	2500
plötzlich	2500
plombieren	2500
plotten	2500
plump	2500
pluralistisch	2500
plus	2500
plustern	2500
pneumatisch	2500
pochen	2500
pockenverdächtig	2500
poetisch	2500
pointiert	2500
pokern	2500
polemisch	2500
polemisieren	2500
polig	2500
politikwissenschaftlich	2500
politisch	2500
polizeifreundlich	2500
polizeiintern	2500
polizeilich	2500
polizeiwidrig	2500
polnisch	2500
polstern	2500
poltern	2500
polwärtig	2500
polyamor	2500
polygam	2500
polymer	2500
polymorph	2500
polynesisch	2500
polytheistisch	2500
polyzentrisch	2500
pomadisieren	2500
pompös	2500
popelig	2500
poppig	2500
populär	2500
populärwissenschaftlich	2500
populistisch	2500
pornografisch	2500
pornographisch	2500
porös	2500
portabel	2500
portionsweise	2500
portofrei	2500
portokostenfrei	2500
portopflichtig	2500
porträtieren	2500
posieren	2500
positionell	2500
positivistisch	2500
possessiv	2500
possierlich	2500
postalisch	2500
posteriori	2500
posthum	2500
postieren	2500
postkartengroß	2500
postlagernd	2500
postmodern	2500
postnatal	2500
postoperativ	2500
postscriptfähig	2500
poststalinistisch	2500
posttraumatisch	2500
postulieren	2500
postum	2500
postwendend	2500
potemkinsch	2500
potent	2500
potentialfrei	2500
potentiell	2500
potentiometrisch	2500
potenzialfrei	2500
potenziell	2500
potenziert	2500
potenzsteigernd	2500
potthässlich	2500
poussieren	2500
prächtig	2500
prädestiniert	2500
prädisponieren	2500
präferentiell	2500
präferenziell	2500
präferieren	2500
präfrontal	2500
prägnant	2500
prähistorisch	2500
präjudizieren	2500
präkambrisch	2500
prämiieren	2500
pränatal	2500
präparieren	2500
präpositional	2500
präpubertär	2500
präsent	2500
präsentabel	2500
präsentieren	2500
präsidial	2500
präsidieren	2500
präskriptiv	2500
prätentiös	2500
präzis	2500
präzise	2500
prachtvoll	2500
pragmatisch	2500
prahlen	2500
prahlerisch	2500
praktikabel	2500
praktisch	2500
praktischerweise	2500
praktizieren	2500
prall	2500
prallen	2500
prangen	2500
prangern	2500
prasseln	2500
prassen	2500
praxisbezogen	2500
praxiserprobt	2500
praxisfern	2500
praxisfremd	2500
praxisgerecht	2500
praxisnah	2500
praxisorientiert	2500
praxistauglich	2500
predigen	2500
preemptiv	2500
preisanpassend	2500
preisbereinigt	2500
preisbestimmend	2500
preisbewusst	2500
preisbildend	2500
preisbrechen	2500
preisbrechend	2500
preisen	2500
preisfestsetzend	2500
preisgab	2500
preisgeben	2500
preisgebunden	2500
preisgegeben	2500
preisgekrönt	2500
preisgibt	2500
preisgleich	2500
preisgünstig	2500
preiskritisch	2500
preislich	2500
preismäßig	2500
preisneutral	2500
preispolitisch	2500
preisregulierend	2500
preissenkend	2500
preissteigernd	2500
preistreibend	2500
preiswert	2500
preiswürdig	2500
preiszugeben	2500
prekär	2500
prekarisiert	2500
preschen	2500
pressieren	2500
prestigeträchtig	2500
preußisch	2500
prickeln	2500
pries	2500
priesterlich	2500
prima	2500
primär	2500
primitiv	2500
prinzipbedingt	2500
prinzipiell	2500
priori	2500
privatrechtlich	2500
privatwirtschaftlich	2500
privilegiert	2500
pro	2500
proaktiv	2500
probabilistisch	2500
probat	2500
probehalber	2500
probeweise	2500
probieren	2500
problematisch	2500
problembezogen	2500
problemfrei	2500
problemlösend	2500
problemlos	2500
problemorientiert	2500
problemspezifisch	2500
produktionsnah	2500
produktspezifisch	2500
produzieren	2500
profan	2500
professionell	2500
profiliert	2500
profitabel	2500
profitieren	2500
profitorientiert	2500
profund	2500
prognostisch	2500
prognostizieren	2500
programmabhängig	2500
programmatisch	2500
programmbegleitend	2500
programmgemäß	2500
programmgesteuert	2500
programmiertechnisch	2500
programmunabhängig	2500
progressiv	2500
prohibitiv	2500
projektieren	2500
projektspezifisch	2500
proklamieren	2500
proletarisch	2500
promenieren	2500
prominent	2500
promovieren	2500
prompt	2500
propagandistisch	2500
prophetisch	2500
prophylaktisch	2500
proportioniert	2500
proppenvoll	2500
proprietär	2500
prosaisch	2500
prosperieren	2500
prost	2500
prostituieren	2500
protegieren	2500
protektionistisch	2500
protektiv	2500
protestantisch	2500
protestieren	2500
protokollarisch	2500
prototypisch	2500
protzen	2500
protzig	2500
provinziell	2500
provisorisch	2500
provokant	2500
provokativ	2500
provokatorisch	2500
provozieren	2500
prozedural	2500
prozentig	2500
prozentual	2500
prozessführend	2500
prozessieren	2500
prozessorientiert	2500
prozessorspezifisch	2500
prozessual	2500
prüde	2500
prüfenswert	2500
prüfungsrelevant	2500
prügeln	2500
prunkvoll	2500
pseudowissenschaftlich	2500
psychedelisch	2500
psychiatrisch	2500
psychisch	2500
psychoanalytisch	2500
psychogen	2500
psychologisch	2500
psychomotorisch	2500
psychopathisch	2500
psychophysisch	2500
psychosomatisch	2500
psychotherapeutisch	2500
psychotisch	2500
pünktlich	2500
pubertär	2500
pubertieren	2500
publik	2500
publikumswirksam	2500
publizieren	2500
publizistisch	2500
pudelnackt	2500
pudelnass	2500
pudelwohl	2500
pudern	2500
puffern	2500
pulsieren	2500
pulverisieren	2500
pulvern	2500
puncto	2500
punisch	2500
punkten	2500
punktförmig	2500
punktgenau	2500
punktgleich	2500
punktuell	2500
punktweise	2500
pur	2500
puristisch	2500
puritanisch	2500
purpurn	2500
purpurrot	2500
purzeln	2500
puschen	2500
pushen	2500
pusten	2500
puterrot	2500
putschen	2500
putzen	2500
putzig	2500
putzmunter	2500
pyramidenförmig	2500
qm	2500
qmm	2500
quälen	2500
quälend	2500
quadratisch	2500
qualifizieren	2500
qualifiziert	2500
qualitätsbewusst	2500
qualitätsgesichert	2500
qualitativ	2500
qualmen	2500
qualmig	2500
qualvoll	2500
quantenmechanisch	2500
quantitativ	2500
quantorenfrei	2500
quartalsweise	2500
quarzgenau	2500
quarzhaltig	2500
quarzstabil	2500
quasi	2500
quasianalog	2500
quasiperiodisch	2500
quastenverziert	2500
quatschen	2500
quatschig	2500
quecksilberfrei	2500
quengeln	2500
querfeldein	2500
querschnittgelähmt	2500
querschnittsgelähmt	2500
querzustellen	2500
quicklebendig	2500
quieken	2500
quietschen	2500
quillt	2500
quirlig	2500
quitt	2500
quittiert	2500
quollen	2500
rächen	2500
räkeln	2500
rändern	2500
räsonieren	2500
rätselhaft	2500
rätseln	2500
rätst	2500
räuchern	2500
räudig	2500
räumlich	2500
räuspern	2500
rabbinisch	2500
rabenschwarz	2500
rabiat	2500
rachelüstern	2500
racheschnaubend	2500
rachgierig	2500
rachsüchtig	2500
radargesteuert	2500
radebrechen	2500
radeln	2500
radförmig	2500
radikal	2500
radioaktiv	2500
radiologisch	2500
raffen	2500
raffgierig	2500
raffinieren	2500
raffiniert	2500
ragen	2500
rammeln	2500
rammen	2500
ramponieren	2500
ran	2500
randalieren	2500
randnah	2500
randvoll	2500
ranghöchste	2500
ranghöher	2500
ranghohe	2500
rangieren	2500
ranken	2500
rannte	2500
ranzig	2500
rapid	2500
rappeln	2500
rapple	2500
rar	2500
rasa	2500
rasant	2500
rasch	2500
rascheln	2500
raschest	2500
rasieren	2500
rasierklingenscharf	2500
rasiert	2500
rasseln	2500
rassig	2500
rassisch	2500
rassistisch	2500
rasten	2500
rastlos	2500
raten	2500
ratenweise	2500
ratio	2500
rational	2500
rationell	2500
ratlos	2500
ratsam	2500
rattern	2500
ratzekahl	2500
rau	2500
raubeinig	2500
rauben	2500
rauchen	2500
rauchfrei	2500
rauchig	2500
rauen	2500
raufen	2500
rauflustig	2500
raufschieben	2500
raumkrank	2500
raumsparend	2500
raumweit	2500
raunen	2500
raupenartig	2500
raupengetrieben	2500
raus	2500
rauschgiftsüchtig	2500
rausgefahren	2500
rausgeschossen	2500
rausgesetzt	2500
rausgesucht	2500
rausgeworfen	2500
rauslässt	2500
rauslassen	2500
rausschmeißen	2500
reagieren	2500
reaktionär	2500
reaktionsfähig	2500
reaktionsfreudig	2500
reaktiv	2500
realistisch	2500
realistischerweise	2500
realitätsfern	2500
realitätsfremd	2500
realitätsnah	2500
realiter	2500
rebellieren	2500
rebellisch	2500
rechenintensiv	2500
recherchieren	2500
rechnergesteuert	2500
rechnergestützt	2500
rechnerisch	2500
rechnerunterstützt	2500
rechteckig	2500
rechtens	2500
rechthaberisch	2500
rechtläufig	2500
rechtler	2500
rechtlich	2500
rechtlos	2500
rechtmäßig	2500
rechtsbündig	2500
rechtschaffen	2500
rechtsextrem	2500
rechtsextremistisch	2500
rechtsfrei	2500
rechtsgängig	2500
rechtsgerichtet	2500
rechtsgültig	2500
rechtshändig	2500
rechtsherum	2500
rechtskonform	2500
rechtskonservativ	2500
rechtskräftig	2500
rechtskundig	2500
rechtslastig	2500
rechtsnational	2500
rechtsorientiert	2500
rechtspolitisch	2500
rechtspopulistisch	2500
rechtsradikal	2500
rechtsseitig	2500
rechtssicher	2500
rechtsstaatlich	2500
rechtsstaatswidrig	2500
rechtsum	2500
rechtsunfähig	2500
rechtsverbindlich	2500
rechtswidrig	2500
rechtswirksam	2500
rechtswissenschaftlich	2500
rechtwinklig	2500
rechtzeitig	2500
recken	2500
recyceln	2500
redaktionell	2500
redefinieren	2500
redegewandt	2500
redensartlich	2500
redigieren	2500
redlich	2500
rednerisch	2500
redselig	2500
redundant	2500
reell	2500
referentiell	2500
referenziell	2500
referieren	2500
reflektieren	2500
reflektiert	2500
reflektorisch	2500
reflexartig	2500
reflexionsfrei	2500
reflexiv	2500
reformatorisch	2500
reformfreudig	2500
reformieren	2500
reformorientiert	2500
reformpädagogisch	2500
reformunfähig	2500
reformwillig	2500
reg	2500
regelbasiert	2500
regelhaft	2500
regelmäßig	2500
regeln	2500
regelrecht	2500
regelwidrig	2500
regendicht	2500
regenerativ	2500
regennass	2500
regenreich	2500
regiert	2500
regierungsfähig	2500
regierungsfreundlich	2500
regierungstreu	2500
regimekritisch	2500
reglos	2500
regnen	2500
regnerisch	2500
regressiv	2500
regresspflichtig	2500
regsam	2500
regulär	2500
regulativ	2500
regulatorisch	2500
regungslos	2500
reibungsfrei	2500
reibungslos	2500
reichern	2500
reichhaltig	2500
reichlich	2500
reichsunmittelbar	2500
reiflich	2500
reihenweise	2500
reihum	2500
reimen	2500
reimplementieren	2500
rein	2500
reinfällt	2500
reinfallen	2500
reingefallen	2500
reingehen	2500
reingeschaut	2500
reinitialisieren	2500
reinkommen	2500
reinkriechen	2500
reinlässt	2500
reinlassen	2500
reinlich	2500
reinrassig	2500
reinreden	2500
reinschnuppern	2500
reinschreiben	2500
reinstallieren	2500
reinvestieren	2500
reinwaschen	2500
reinweg	2500
reißen	2500
reißerisch	2500
reisefertig	2500
reiselustig	2500
reisen	2500
reizbar	2500
reizen	2500
reizend	2500
reizlos	2500
reizvoll	2500
rekapitulieren	2500
reklamieren	2500
rekognoszieren	2500
rekompilieren	2500
rekonstruieren	2500
rekordbrechend	2500
rekordverdächtig	2500
rektal	2500
rekurrent	2500
rekurrieren	2500
rekursiv	2500
relational	2500
relaxed	2500
relaxen	2500
relegieren	2500
relevant	2500
religiös	2500
religionsgeschichtlich	2500
remis	2500
rempeln	2500
renaturieren	2500
renitent	2500
renommiert	2500
rentabel	2500
rentieren	2500
rentierlich	2500
reorganisieren	2500
reparabel	2500
reparieren	2500
repetieren	2500
repetitiv	2500
replizieren	2500
repräsentativ	2500
repräsentieren	2500
repressiv	2500
reproduzieren	2500
republikanisch	2500
reservepflichtig	2500
resident	2500
residieren	2500
residual	2500
resignieren	2500
resistent	2500
resolut	2500
resorbieren	2500
resp.	2500
respektabel	2500
respektierlich	2500
respektive	2500
respektlos	2500
respektvoll	2500
respektwidrig	2500
ressourcenschonend	2500
ressourcensparend	2500
restlich	2500
restlos	2500
restriktiv	2500
restständig	2500
resümieren	2500
resultieren	2500
resynchronisieren	2500
retournieren	2500
returnieren	2500
retuschieren	2500
reuelos	2500
reuevoll	2500
reuig	2500
reumütig	2500
revanchieren	2500
revanchistisch	2500
reversibel	2500
reversieren	2500
revidieren	2500
revisionistisch	2500
revoltieren	2500
rezensieren	2500
rezeptpflichtig	2500
rezidiv	2500
rezipieren	2500
reziprok	2500
rheinisch	2500
rheinländisch	2500
rhetorisch	2500
rheumatisch	2500
rhythmisch	2500
richterlich	2500
richtigerweise	2500
richtiggehend	2500
richtungslos	2500
richtungweisend	2500
rieb	2500
riechen	2500
rief	2500
riemannsch	2500
rieseln	2500
riesengroß	2500
riesenhaft	2500
riesig	2500
riet	2500
riete	2500
rigid	2500
rigoros	2500
ringen	2500
ringförmig	2500
rings	2500
ringsherum	2500
ringsum	2500
ringsumher	2500
rinnen	2500
risikoärmer	2500
risikoärmste	2500
risikoarm	2500
risikobehaftet	2500
risikofrei	2500
risikofreudig	2500
risikolos	2500
risikoreich	2500
risikoscheu	2500
riskant	2500
riskanterweise	2500
riskieren	2500
rissfest	2500
rissig	2500
ritterlich	2500
rittig	2500
rittlings	2500
ritualisiert	2500
rituell	2500
ritzen	2500
rivalisieren	2500
röcheln	2500
röchen	2500
röhrenförmig	2500
römisch	2500
rösten	2500
röter	2500
rötlich	2500
robben	2500
roboterhaft	2500
robust	2500
roch	2500
rockig	2500
rodeln	2500
rohstoffreich	2500
rolling	2500
romanisch	2500
romantisch	2500
rosa	2500
rosafarben	2500
rosafarbig	2500
rosarot	2500
rosig	2500
rostbeständig	2500
rosten	2500
rostfrei	2500
rostig	2500
rotbraun	2500
rothaarig	2500
rotieren	2500
rotten	2500
rotzen	2500
rotzfrech	2500
routinemäßig	2500
routiniert	2500
royal	2500
rüberspielen	2500
rückabwickeln	2500
rückabzuwickeln	2500
rückblickend	2500
rückführen	2500
rückgängig	2500
rückgebildet	2500
rückgeliefert	2500
rückgesandt	2500
rückgesetzt	2500
rückhaltlos	2500
rückkopplungsfähig	2500
rückläufig	2500
rücklings	2500
rückschrittlich	2500
rücksetzen	2500
rücksichtslos	2500
rücksichtsvoll	2500
rückständig	2500
rückverfolgen	2500
rückwärtig	2500
rückwärts	2500
rückwärtsgewandt	2500
rückwirkend	2500
rückzahlbar	2500
rückzuführen	2500
rückzusetzen	2500
rüd	2500
rüffeln	2500
rügen	2500
rühmen	2500
rühmenswert	2500
rühmlich	2500
rülpsen	2500
rümpfen	2500
rüstig	2500
rüttelfest	2500
rütteln	2500
rubbeln	2500
rubinrot	2500
ruchbar	2500
ruckartig	2500
ruckelfrei	2500
ruckweise	2500
rudelfremd	2500
rudern	2500
rudimentär	2500
rufen	2500
ruhelos	2500
ruhen	2500
ruhig	2500
ruhmbedeckt	2500
ruhmlos	2500
ruhmreich	2500
ruinieren	2500
ruinös	2500
rumänisch	2500
rumläuft	2500
rumlag	2500
rumlaufen	2500
rumlief	2500
rumliegen	2500
rumlöten	2500
rummachen	2500
rumoren	2500
rumpeln	2500
rumprobieren	2500
rumspielen	2500
rundherum	2500
rundlich	2500
rundum	2500
runter	2500
runtergeschraubt	2500
runtergezählt	2500
runterrutschen	2500
runterschieben	2500
runterschob	2500
runterzufahren	2500
runzeln	2500
runzlig	2500
rupfen	2500
ruppig	2500
rußgeschwärzt	2500
rußig	2500
russisch	2500
russischsprachig	2500
rustikal	2500
rutschen	2500
rutschig	2500
sächlich	2500
sächsisch	2500
säen	2500
sägen	2500
sägezahnförmig	2500
sähe	2500
säkular	2500
sämig	2500
sämtlich	2500
säße	2500
säuberlich	2500
säuerlich	2500
säuft	2500
säugen	2500
säumen	2500
säumig	2500
säurebeständig	2500
säurehaltig	2500
säurelöslich	2500
säuseln	2500
saarländisch	2500
sabbern	2500
sabotieren	2500
sachbedingt	2500
sachbezogen	2500
sachdienlich	2500
sachgemäß	2500
sachgerecht	2500
sachkundig	2500
sachlich	2500
sacht	2500
sacken	2500
sadistisch	2500
saftig	2500
saftlos	2500
sagen	2500
sagenhaft	2500
sagenumwoben	2500
sahnen	2500
sahnig	2500
saisonal	2500
saisonbedingt	2500
saisonbereinigt	2500
sakral	2500
salbungsvoll	2500
saldieren	2500
salomonisch	2500
salonfähig	2500
salopp	2500
salutieren	2500
salzen	2500
salzig	2500
salzlos	2500
samstagabends	2500
samstagmorgens	2500
samstagnachts	2500
samtartig	2500
samten	2500
sandgekapselt	2500
sandig	2500
sandte	2500
sanft	2500
sanftmütig	2500
sang	2500
sanguinisch	2500
sank	2500
sann	2500
sapperlot	2500
sarkastisch	2500
saß	2500
satanisch	2500
satellitengestützt	2500
satinieren	2500
satirisch	2500
sattelfest	2500
satteln	2500
sattsam	2500
saturieren	2500
satztechnisch	2500
satzungsgemäß	2500
satzungsmäßig	2500
sauber	2500
saublöd	2500
saudisch	2500
sauen	2500
sauerer	2500
sauerländisch	2500
sauerstoffhaltig	2500
sauerstoffreich	2500
sauertöpfisch	2500
saufen	2500
saugfähig	2500
saumäßig	2500
sausen	2500
scannen	2500
schäbig	2500
schädlich	2500
schäkern	2500
schälen	2500
schämen	2500
schändlich	2500
schärfer	2500
schärfste	2500
schärfstens	2500
schätzenswert	2500
schätzungsweise	2500
schäumen	2500
schaben	2500
schablonenhaft	2500
schablonenmäßig	2500
schablonieren	2500
schachbrettartig	2500
schachmatt	2500
schadenfroh	2500
schadensersatzpflichtig	2500
schadensmindernd	2500
schadhaft	2500
schadlos	2500
schadstoffarm	2500
schadstoffbelastet	2500
schalkhaft	2500
schallabstrahlend	2500
schalldämmend	2500
schalldämpfend	2500
schalldicht	2500
schallen	2500
schallhart	2500
schalloptisch	2500
schallschluckend	2500
schalltechnisch	2500
schallverstärkend	2500
schallweich	2500
schamhaft	2500
schamlos	2500
schamrot	2500
schamvoll	2500
schandbar	2500
scharen	2500
scharenweise	2500
scharf	2500
scharfgemacht	2500
scharfkantig	2500
scharfmachen	2500
scharfrandig	2500
scharfsichtig	2500
scharfsinnig	2500
scharfzüngig	2500
scharlachrot	2500
scharren	2500
schassen	2500
schattenhaft	2500
schattig	2500
schauderhaft	2500
schaudern	2500
schauen	2500
schauerartig	2500
schauerlich	2500
schauern	2500
schaufeln	2500
schaukeln	2500
schaulustig	2500
schaumig	2500
schaurig	2500
scheckig	2500
scheel	2500
scheffeln	2500
scheinbar	2500
scheinen	2500
scheinheilig	2500
scheintot	2500
scheißen	2500
scheiteln	2500
schellen	2500
schelmisch	2500
schelten	2500
schematisch	2500
schemenhaft	2500
scheppern	2500
scheren	2500
scherzen	2500
scherzhaft	2500
scheu	2500
scheuchen	2500
scheuen	2500
scheuern	2500
scheußlich	2500
schick	2500
schicklich	2500
schicksalhaft	2500
schied	2500
schief	2500
schieferig	2500
schiefgegangen	2500
schiefgelacht	2500
schieflachen	2500
schiefwinklig	2500
schielen	2500
schier	2500
schießwütig	2500
schiffbrüchig	2500
schiffen	2500
schiitisch	2500
schikanieren	2500
schikanös	2500
schildern	2500
schilfig	2500
schillern	2500
schillernd	2500
schiltst	2500
schimmeln	2500
schimmelreitend	2500
schimmern	2500
schimmlig	2500
schimpfen	2500
schimpflich	2500
schinden	2500
schirmförmig	2500
schizophren	2500
schläfrig	2500
schläft	2500
schlägt	2500
schlängeln	2500
schlabberig	2500
schlabbern	2500
schlacken	2500
schlackern	2500
schlackig	2500
schlafen	2500
schlaff	2500
schlaflos	2500
schlafraubend	2500
schlaftrunken	2500
schlafwandeln	2500
schlafwandlerisch	2500
schlagartig	2500
schlagfertig	2500
schlagfest	2500
schlagkräftig	2500
schlagstark	2500
schlagwettergefährdet	2500
schlagwettergeschützt	2500
schlagwortartig	2500
schlaksig	2500
schlammig	2500
schlampig	2500
schlang	2500
schlank	2500
schlapp	2500
schlappgemacht	2500
schlappmachen	2500
schlau	2500
schlechterdings	2500
schlechtgeredet	2500
schlechthin	2500
schlechtreden	2500
schleichen	2500
schleierhaft	2500
schleimig	2500
schleimlösend	2500
schleißen	2500
schlemmen	2500
schlendern	2500
schlenkern	2500
schlesisch	2500
schleunig	2500
schleunigst	2500
schleusen	2500
schlich	2500
schlicht	2500
schlichtweg	2500
schlief	2500
schlierenartig	2500
schließlich	2500
schlimm	2500
schlimmstenfalls	2500
schlingen	2500
schlingern	2500
schliss	2500
schlittern	2500
schlitzäugig	2500
schlitzohrig	2500
schlohweiß	2500
schlotterig	2500
schlottern	2500
schlüge	2500
schlüpfen	2500
schlüpfrig	2500
schlürfen	2500
schlüsselfertig	2500
schlüsseln	2500
schlüssig	2500
schluchzen	2500
schlucken	2500
schluderig	2500
schlug	2500
schlummern	2500
schlurfen	2500
schlussendlich	2500
schlussfolgern	2500
schmächtig	2500
schmählich	2500
schmäler	2500
schmälste	2500
schmachten	2500
schmachvoll	2500
schmackhaft	2500
schmalbandig	2500
schmalbrüstig	2500
schmalhüftig	2500
schmallippig	2500
schmalrandig	2500
schmalspurig	2500
schmalzig	2500
schmarotzen	2500
schmarotzerisch	2500
schmatzen	2500
schmausen	2500
schmecken	2500
schmeichelhaft	2500
schmeicheln	2500
schmeichlerisch	2500
schmeißen	2500
schmerzen	2500
schmerzerfüllt	2500
schmerzhaft	2500
schmerzlich	2500
schmerzlindernd	2500
schmerzlos	2500
schmerzstillend	2500
schmerzverzerrt	2500
schmerzvoll	2500
schmettern	2500
schmieden	2500
schmiegen	2500
schmiegsam	2500
schmierig	2500
schmilzt	2500
schminken	2500
schmirgeln	2500
schmissig	2500
schmökern	2500
schmollen	2500
schmolz	2500
schmoren	2500
schmucklos	2500
schmuggeln	2500
schmunzeln	2500
schmusen	2500
schmutzen	2500
schmutzig	2500
schnäuzen	2500
schnabelförmig	2500
schnallen	2500
schnalzen	2500
schnappen	2500
schnarchen	2500
schnarren	2500
schnattern	2500
schnauben	2500
schnaufen	2500
schnauzen	2500
schneckenförmig	2500
schneebedeckt	2500
schneeblind	2500
schneeig	2500
schneeweiß	2500
schneidern	2500
schneidig	2500
schneien	2500
schnellen	2500
schnellentschlossen	2500
schnellfüßig	2500
schnelllebig	2500
schnellstmöglich	2500
schnickschnacklos	2500
schniefen	2500
schniegeln	2500
schnippeln	2500
schnippen	2500
schnippisch	2500
schnipseln	2500
schnittig	2500
schnitzen	2500
schnöd	2500
schnörkelhaft	2500
schnörkellos	2500
schnörkeln	2500
schnodderig	2500
schnorcheln	2500
schnorren	2500
schnüren	2500
schnuckelig	2500
schnulzig	2500
schnuppern	2500
schnurgerade	2500
schnurlos	2500
schnurren	2500
schnurstracks	2500
schönfärben	2500
schöngeistig	2500
schöngerechnet	2500
schöpferisch	2500
schob	2500
schockartig	2500
schocken	2500
schockfarben	2500
schockieren	2500
scholastisch	2500
schonungslos	2500
schor	2500
schorfig	2500
schottisch	2500
schränken	2500
schrammen	2500
schrammig	2500
schrankenfrei	2500
schrankenlos	2500
schraubenförmig	2500
schreckerregend	2500
schreckhaft	2500
schrecklich	2500
schreddern	2500
schreibfaul	2500
schreibgeschützt	2500
schreibintensiv	2500
schreibmaschinengeschrieben	2500
schreibschützen	2500
schreibunkundig	2500
schreien	2500
schreiten	2500
schrieb	2500
schrien	2500
schriftlich	2500
schriftstellerisch	2500
schrill	2500
schrillen	2500
schritthalten	2500
schrittweise	2500
schröpfen	2500
schroff	2500
schrottreif	2500
schrubben	2500
schrullenhaft	2500
schrullig	2500
schrumplig	2500
schrundig	2500
schüchtern	2500
schülerhaft	2500
schüren	2500
schürfen	2500
schütten	2500
schütter	2500
schützenswert	2500
schubkarrenweise	2500
schubsen	2500
schuf	2500
schuften	2500
schuftig	2500
schuldbeladen	2500
schuldbewusst	2500
schuldenfrei	2500
schuldengeplagt	2500
schuldhaft	2500
schuldig	2500
schuldlos	2500
schulfrei	2500
schulintegrative	2500
schulisch	2500
schulmeisterlich	2500
schulpflichtig	2500
schulpolitisch	2500
schulreif	2500
schulterfrei	2500
schultern	2500
schummeln	2500
schummerig	2500
schuppig	2500
schurkisch	2500
schussbereit	2500
schussfertig	2500
schussfest	2500
schusslig	2500
schustern	2500
schutzbedürftig	2500
schutzbefohlen	2500
schutzlos	2500
schutzwürdig	2500
schwäbisch	2500
schwächeln	2500
schwächer	2500
schwächlich	2500
schwächst	2500
schwänzeln	2500
schwänzen	2500
schwärmen	2500
schwärmerisch	2500
schwärzlich	2500
schwätzen	2500
schwabbeln	2500
schwabblig	2500
schwach	2500
schwachbrüstig	2500
schwachköpfig	2500
schwachradioaktiv	2500
schwachsichtig	2500
schwachsinnig	2500
schwadronieren	2500
schwafeln	2500
schwamm	2500
schwammähnlich	2500
schwammig	2500
schwand	2500
schwang	2500
schwanger	2500
schwanken	2500
schwappen	2500
schwarzärgern	2500
schwarzarbeiten	2500
schwarzblau	2500
schwarzbraun	2500
schwarzweiß	2500
schwatzen	2500
schwatzhaft	2500
schweben	2500
schwedisch	2500
schwefelfarbig	2500
schwefelgelb	2500
schwefeln	2500
schweflig	2500
schweifen	2500
schweigen	2500
schweigsam	2500
schweinisch	2500
schweißgebadet	2500
schweißig	2500
schweißnass	2500
schweißtreibend	2500
schweißtriefend	2500
schweizerisch	2500
schwelen	2500
schwelgen	2500
schwelgerisch	2500
schwemmen	2500
schwenken	2500
schwerbewaffnet	2500
schwerblütig	2500
schwerfällig	2500
schwerfällt	2500
schwerfallen	2500
schwergängig	2500
schwergefallen	2500
schwergewichtig	2500
schwerhörig	2500
schwerkrank	2500
schwerkriminell	2500
schwerlich	2500
schwermütig	2500
schwerpunktartig	2500
schwerpunktmäßig	2500
schwerstkrank	2500
schwerstkriminell	2500
schwerwiegend	2500
schwesterlich	2500
schwieg	2500
schwielig	2500
schwierig	2500
schwillt	2500
schwimmfähig	2500
schwindelerregend	2500
schwindelfrei	2500
schwindeln	2500
schwinden	2500
schwindlig	2500
schwindsüchtig	2500
schwingungsempfindlich	2500
schwingungsfrei	2500
schwirren	2500
schwitzen	2500
schwören	2500
schwoll	2500
schwor	2500
schwül	2500
schwülstig	2500
schwul	2500
schwunghaft	2500
schwunglos	2500
schwungvoll	2500
schwuppdiwupp	2500
scrollen	2500
sechseckig	2500
sechseinhalb	2500
sechsfältig	2500
sechsfach	2500
sechshundert	2500
sechsjährig	2500
sechsmal	2500
sechsminütig	2500
sechsmonatig	2500
sechsmonatlich	2500
sechsseitig	2500
sechsstöckig	2500
sechsstündig	2500
sechst	2500
sechstägig	2500
sechstausenddreihundert	2500
sechsteilig	2500
sechstel	2500
sechsundachtzig	2500
sechsundachtzigste	2500
sechsunddreißig	2500
sechsunddreißigste	2500
sechsundfünfzig	2500
sechsundfünfzigste	2500
sechsundneunzig	2500
sechsundneunzigste	2500
sechsundsechzig	2500
sechsundsechzigste	2500
sechsundsiebzig	2500
sechsundsiebzigste	2500
sechsundvierzig	2500
sechsundzwanzig	2500
sechswöchig	2500
sechzehn	2500
sechzehnjährig	2500
sechzehntausend	2500
sechzehnte	2500
sechzehntel	2500
sechzig	2500
sechzigjährig	2500
sechzigste	2500
sedimentieren	2500
seefahrend	2500
seefest	2500
seeklar	2500
seekrank	2500
seelenfroh	2500
seelenlos	2500
seelenruhig	2500
seelenvergnügt	2500
seelenvoll	2500
seelisch	2500
seemännisch	2500
seemäßig	2500
seetüchtig	2500
segelfertig	2500
segelklar	2500
segeln	2500
segensreich	2500
segensvoll	2500
sehenswert	2500
sehenswürdig	2500
sehnig	2500
sehnlich	2500
sehnsüchtig	2500
seicht	2500
seidenartig	2500
seidenweich	2500
seidig	2500
seiend	2500
seifig	2500
seilen	2500
seimig	2500
seinerseits	2500
seinerzeit	2500
seinesgleichen	2500
seinetwegen	2500
seinetwillen	2500
seinige	2500
seismisch	2500
seismologisch	2500
seiteneffektfrei	2500
seitenlang	2500
seitens	2500
seitenweise	2500
seither	2500
seitherige	2500
seitig	2500
seitlich	2500
seitwärts	2500
sek.	2500
sekundengenau	2500
sekundenlang	2500
sekundieren	2500
selbe	2500
selbig	2500
selbständig	2500
selbstbestimmt	2500
selbstbewusst	2500
selbstbezogen	2500
selbstbezüglich	2500
selbsterklärend	2500
selbsterkoren	2500
selbsternannt	2500
selbsteröffnet	2500
selbstevident	2500
selbstfahrend	2500
selbstgefällig	2500
selbstgenügsam	2500
selbstgerecht	2500
selbstgesetzt	2500
selbstgewiss	2500
selbsthaltend	2500
selbstherrlich	2500
selbstironisch	2500
selbstklebend	2500
selbstkritisch	2500
selbstleuchtend	2500
selbstlos	2500
selbstmörderisch	2500
selbstorganisierend	2500
selbstorganisiert	2500
selbstredend	2500
selbstregulierend	2500
selbstsicher	2500
selbstständig	2500
selbstsüchtig	2500
selbsttätig	2500
selbsttäuschend	2500
selbstverantwortlich	2500
selbstvergessen	2500
selbstverliebt	2500
selbstversorgend	2500
selbstverständlich	2500
selbstverstärkend	2500
selbstzerstörerisch	2500
selbstzufrieden	2500
selektieren	2500
selektiv	2500
selig	2500
selten	2500
seltsam	2500
seltsamerweise	2500
semantikbasiert	2500
semantikerhaltend	2500
semantisch	2500
semiformal	2500
semilegal	2500
semiotisch	2500
semisukkulent	2500
sendekopfseitig	2500
senegalesisch	2500
sengen	2500
senil	2500
senkrecht	2500
sensationell	2500
sensationshaschend	2500
sensibel	2500
sensitiv	2500
sensorisch	2500
sensorseitig	2500
sentenziös	2500
sentimental	2500
separat	2500
separatistisch	2500
separieren	2500
septisch	2500
sequentiell	2500
sequenziell	2500
serbisch	2500
serbokroatisch	2500
serialisieren	2500
seriell	2500
serienmäßig	2500
serienreif	2500
serienweise	2500
seriös	2500
servicefreundlich	2500
servieren	2500
servil	2500
sesshaft	2500
setting	2500
seufzen	2500
sexistisch	2500
sexuell	2500
sexy	2500
sezieren	2500
sibirisch	2500
sichelförmig	2500
sicher	2500
sichergehen	2500
sichergestellt	2500
sicherheitsbewusst	2500
sicherheitsgerichtet	2500
sicherheitshalber	2500
sicherheitskritisch	2500
sicherheitspolitisch	2500
sicherheitsrelevant	2500
sicherheitstechnisch	2500
sicherlich	2500
sicherungsübereignet	2500
sicherzugehen	2500
sicherzustellen	2500
sichtlich	2500
sickern	2500
siebeneinhalb	2500
siebenfältig	2500
siebenfach	2500
siebenhundert	2500
siebenjährig	2500
siebenmal	2500
siebenmalig	2500
siebenminütig	2500
siebenmonatig	2500
siebenstündig	2500
siebent	2500
siebentägig	2500
siebentel	2500
siebenundachtzig	2500
siebenundachtzigste	2500
siebenunddreißig	2500
siebenunddreißigste	2500
siebenundfünfzig	2500
siebenundfünfzigste	2500
siebenundneunzig	2500
siebenundneunzigste	2500
siebenundsechzig	2500
siebenundsechzigste	2500
siebenundsiebzig	2500
siebenundsiebzigste	2500
siebenundvierzig	2500
siebenundvierzigste	2500
siebenundzwanzig	2500
siebtel	2500
siebtgrößte	2500
siebzehn	2500
siebzehnjährig	2500
siebzehnte	2500
siebzehntel	2500
siebzig	2500
siebzigste	2500
siech	2500
siechen	2500
sieden	2500
siegeln	2500
siegen	2500
siegesgewiss	2500
siegessicher	2500
siegestrunken	2500
sieghaft	2500
sieglos	2500
siegreich	2500
sieh	2500
sieht	2500
siezen	2500
siffig	2500
sigma	2500
signalisieren	2500
signalrot	2500
signifikant	2500
silberhell	2500
silbermetallic	2500
silbern	2500
simpel	2500
simulieren	2500
simultan	2500
singen	2500
singulär	2500
sinkbar	2500
sinken	2500
sinnbildlich	2500
sinnen	2500
sinnenfreudig	2500
sinnerfassend	2500
sinnerfüllt	2500
sinnfällig	2500
sinnfrei	2500
sinngemäß	2500
sinngerecht	2500
sinngetreu	2500
sinnhaft	2500
sinnieren	2500
sinnig	2500
sinnigerweise	2500
sinnlich	2500
sinnlos	2500
sinnloserweise	2500
sinnreich	2500
sinnverwandt	2500
sinnvoll	2500
sinnvollerweise	2500
sinnwidrig	2500
sintern	2500
sintflutartig	2500
sinusförmig	2500
sistieren	2500
sittenlos	2500
sittenstreng	2500
sittenwidrig	2500
sittig	2500
sittlich	2500
sittsam	2500
situationsabhängig	2500
situationsbedingt	2500
situationsgerecht	2500
situativ	2500
situiert	2500
sitzen	2500
sitzenbleiben	2500
sitzenblieb	2500
sitzenzubleiben	2500
sixtinisch	2500
sizilianisch	2500
skaliert	2500
skalpieren	2500
skandalös	2500
skandieren	2500
skandinavisch	2500
skelettieren	2500
skeptisch	2500
skizzenhaft	2500
skizzieren	2500
sklavisch	2500
skrupellos	2500
skurril	2500
slawisch	2500
slowakisch	2500
slowenisch	2500
smaragdgrün	2500
smart	2500
söhnen	2500
sobald	2500
sodann	2500
sodass	2500
soeben	2500
sofern	2500
soff	2500
sofortbeziehbar	2500
sofortig	2500
soft	2500
softwarekompatibel	2500
softwaremäßig	2500
softwaretechnisch	2500
softwaretechnologisch	2500
sogar	2500
sogenannt	2500
sogleich	2500
solch	2500
solcherart	2500
solcherlei	2500
solchermaßen	2500
solcherweise	2500
solid	2500
solidarisch	2500
solle	2500
solvent	2500
somalisch	2500
somatisch	2500
somit	2500
sommerlich	2500
sommersprossig	2500
sonderbar	2500
sondergleichen	2500
sonderlich	2500
sonderpädagogisch	2500
sonnabends	2500
sonnenerhitzt	2500
sonnengebräunt	2500
sonnenklar	2500
sonnenüberglänzt	2500
sonnenverbrannt	2500
sonnig	2500
sonntäglich	2500
sonntagabends	2500
sonntagmorgens	2500
sonntagnachts	2500
sonnverbrannt	2500
sonor	2500
sonstig	2500
sooft	2500
sophistisch	2500
sorbisch	2500
sorgen	2500
sorgenfrei	2500
sorgenlos	2500
sorgenvoll	2500
sorgfältig	2500
sorglich	2500
sorglos	2500
sorgsam	2500
sosehr	2500
soufflieren	2500
soundso	2500
soundsoviel	2500
soviel	2500
soweit	2500
sowieso	2500
sowjetisch	2500
sowjetrussisch	2500
sowohl	2500
sozialdemokratisch	2500
sozialistisch	2500
sozialkritisch	2500
sozialliberal	2500
sozialökonomisch	2500
sozialpädagogisch	2500
sozialpolitisch	2500
sozialpsychologisch	2500
sozialräumlich	2500
sozialversicherungspflichtig	2500
sozialwissenschaftlich	2500
soziodemografisch	2500
soziografisch	2500
soziographisch	2500
soziokulturell	2500
soziologisch	2500
sozioökonomisch	2500
sozusagen	2500
spähen	2500
spärlich	2500
späterhin	2500
spätestens	2500
spätkapitalistisch	2500
spätminoisch	2500
spätmykenisch	2500
spätsommerlich	2500
spachteln	2500
spaltenlang	2500
spaltenweise	2500
spanabhebend	2500
spanlos	2500
spannend	2500
spannenderweise	2500
spannkräftig	2500
spannungsgeladen	2500
spannungsversorgt	2500
sparsam	2500
spaßen	2500
spaßeshalber	2500
spaßhaft	2500
spaßig	2500
spastisch	2500
spazieren	2500
spe	2500
speckig	2500
spedieren	2500
speicherintensiv	2500
speicherplatzeffizient	2500
speicherplatzintensiv	2500
speicherprogrammierbar	2500
speicherprogrammiert	2500
speien	2500
spektakulär	2500
spektral	2500
spektroskopisch	2500
spekulativ	2500
spekulieren	2500
spendieren	2500
sperrangelweit	2500
sperrig	2500
spesenfrei	2500
speziell	2500
spezifisch	2500
spezifiziert	2500
sphärisch	2500
spicken	2500
spiegelbildlich	2500
spiegelblank	2500
spiegelglatt	2500
spiegelverkehrt	2500
spielen	2500
spielerisch	2500
spielfrei	2500
spielfreudig	2500
spien	2500
spießbürgerlich	2500
spießen	2500
spießig	2500
spindeldürr	2500
spionieren	2500
spiralförmig	2500
spiritistisch	2500
spirituell	2500
spitzbübisch	2500
spitzeln	2500
spitzfindig	2500
spitzig	2500
spitzwinklig	2500
spleenig	2500
splitten	2500
splitterfrei	2500
splitterig	2500
splittern	2500
splitternackt	2500
spötteln	2500
spöttisch	2500
sponsern	2500
spontan	2500
sporadisch	2500
sporenbewehrt	2500
spornen	2500
spornstreichs	2500
sportiv	2500
sportlich	2500
spottbillig	2500
spotten	2500
spräche	2500
spränge	2500
sprachabhängig	2500
sprachbeobachtend	2500
sprachgesteuert	2500
sprachhistorisch	2500
sprachkommunikativ	2500
sprachkundig	2500
sprachlich	2500
sprachlos	2500
sprachpolitisch	2500
sprachspezifisch	2500
sprachunabhängig	2500
sprachwissenschaftlich	2500
sprang	2500
sprayen	2500
sprenkeln	2500
spricht	2500
sprichwörtlich	2500
sprießen	2500
sprinten	2500
spritzen	2500
spritzig	2500
spritzwasserfest	2500
spritzwassergeschützt	2500
spröd	2500
sprühen	2500
spruchreif	2500
sprudeln	2500
sprunghaft	2500
spülen	2500
spürbar	2500
spüren	2500
spucken	2500
spuken	2500
spukhaft	2500
spulen	2500
spurlos	2500
spurten	2500
sputen	2500
stäche	2500
städtebaulich	2500
städtisch	2500
stählern	2500
stämmig	2500
ständig	2500
stänkern	2500
stärkehaltig	2500
stärker	2500
stärkste	2500
stäuben	2500
staatenlos	2500
staatlich	2500
staatsabhängig	2500
staatsanwaltschaftlich	2500
staatsbürgerlich	2500
staatseigen	2500
staatsfeindlich	2500
staatsgefährdend	2500
staatsklug	2500
staatskritisch	2500
staatsmännisch	2500
staatspolitisch	2500
staatsrechtlich	2500
staatsverbürgt	2500
stabil	2500
stach	2500
stacheln	2500
stachlig	2500
stadtbekannt	2500
stadteigen	2500
staffelförmig	2500
staffeln	2500
staffieren	2500
stagnieren	2500
stahlblau	2500
stahlhart	2500
stak	2500
stalinistisch	2500
stammeln	2500
stammen	2500
stammesgeschichtlich	2500
stammverwandt	2500
stampfen	2500
standardmäßig	2500
standardsprachlich	2500
standesamtlich	2500
standesgemäß	2500
standfest	2500
standgehalten	2500
standhältst	2500
standhaft	2500
standhalten	2500
standhielt	2500
standrechtlich	2500
standzuhalten	2500
stank	2500
stanzen	2500
stapfen	2500
starb	2500
stark	2500
starr	2500
starren	2500
starrköpfig	2500
starrsinnig	2500
startbereit	2500
starten	2500
startklar	2500
stationär	2500
statisch	2500
statistisch	2500
stattdessen	2500
statten	2500
stattfänden	2500
stattfand	2500
stattfinden	2500
stattgeben	2500
stattgefunden	2500
stattgegeben	2500
statthaft	2500
stattlich	2500
stattzufinden	2500
stattzugeben	2500
statuenhaft	2500
statuieren	2500
statutengemäß	2500
staubdicht	2500
stauben	2500
staubfrei	2500
staubhaltig	2500
staubig	2500
staubsaugen	2500
staunen	2500
staunenswert	2500
stechen	2500
steckbrieflich	2500
stecken	2500
steckkompatibel	2500
steganografisch	2500
steganographisch	2500
stehenbleiben	2500
stehenblieb	2500
stehengeblieben	2500
stehenlässt	2500
stehenlassen	2500
stehenließ	2500
stehenzubleiben	2500
stehlen	2500
steif	2500
steifen	2500
steigern	2500
steigerungsfähig	2500
steilheitsbegrenzt	2500
steinalt	2500
steinern	2500
steinhart	2500
steinig	2500
steinreich	2500
steinzeitlich	2500
stellenlos	2500
stellenweise	2500
stellig	2500
stellungslos	2500
stellvertretend	2500
stelzen	2500
stemmen	2500
stempeldruckabhängig	2500
stempeln	2500
stenografieren	2500
stenografisch	2500
stenographieren	2500
stenographisch	2500
steppen	2500
sterbenskrank	2500
sterblich	2500
stereoskopisch	2500
stereotypieren	2500
steril	2500
sternenförmig	2500
sternenklar	2500
sternförmig	2500
sternhagelvoll	2500
sternhell	2500
sternklar	2500
stete	2500
stetig	2500
stets	2500
steuerbefreit	2500
steuerbegünstigt	2500
steuerfrei	2500
steuerlich	2500
steuermindernd	2500
steuerpflichtig	2500
steuerpolitisch	2500
steuerrechtlich	2500
steuerungsseitig	2500
steuerungstechnisch	2500
stibitzen	2500
sticheln	2500
stichfest	2500
stichhaltig	2500
stichig	2500
stichprobenartig	2500
stichpunktartig	2500
sticht	2500
stichwortartig	2500
sticken	2500
stickig	2500
stickstoffhaltig	2500
stieben	2500
stiefeln	2500
stiefmütterlich	2500
stieg	2500
stiehlt	2500
stieren	2500
stiernackig	2500
stieß	2500
stieße	2500
stiftseigen	2500
stilbildend	2500
stilecht	2500
stilgerecht	2500
stilisieren	2500
stilistisch	2500
still	2500
stillgelegt	2500
stillgestanden	2500
stillhältst	2500
stillhalten	2500
stillliegen	2500
stillos	2500
stillschweigen	2500
stillstehen	2500
stillvergnügt	2500
stillzulegen	2500
stilvoll	2500
stimmberechtigt	2500
stimmhaft	2500
stimmig	2500
stimmlos	2500
stimmungsvoll	2500
stimulieren	2500
stinken	2500
stinksauer	2500
stirbt	2500
stöbern	2500
stöhnen	2500
stöpseln	2500
störanfällig	2500
stören	2500
störfrei	2500
störrig	2500
störrisch	2500
störsicher	2500
störungsfrei	2500
störungsverursachend	2500
stößt	2500
stochastisch	2500
stochern	2500
stockdunkel	2500
stocken	2500
stocksteif	2500
stoisch	2500
stolpern	2500
stoppelig	2500
stoppen	2500
stoßartig	2500
stoßfest	2500
stottern	2500
sträflich	2500
sträuben	2500
stracks	2500
strafen	2500
straff	2500
straffällig	2500
straffrei	2500
straflos	2500
strafrechtlich	2500
strahlungsarm	2500
strahlungslos	2500
strahlwassergeschützt	2500
stramm	2500
strampeln	2500
stranden	2500
strangulieren	2500
strapazieren	2500
strapaziös	2500
strategisch	2500
straucheln	2500
strebweit	2500
streckenweise	2500
streicheln	2500
streifenweise	2500
streifig	2500
streiken	2500
streitbar	2500
streiten	2500
streitig	2500
streitlustig	2500
streitsüchtig	2500
streng	2500
strengen	2500
strengstens	2500
stressen	2500
stressig	2500
strichweise	2500
stricken	2500
strikt	2500
stringent	2500
strippen	2500
stritt	2500
strittig	2500
strömungsproportional	2500
stromabwärts	2500
stromaufwärts	2500
strombegrenzt	2500
stromfressend	2500
stromhungrig	2500
stromlos	2500
stromsparend	2500
strotzen	2500
strukturbasiert	2500
strukturell	2500
strukturgleich	2500
strukturiert	2500
strukturschwach	2500
stückchenweise	2500
stückweise	2500
stülpen	2500
stümperhaft	2500
stünde	2500
stündlich	2500
stürbe	2500
stürmen	2500
stürmisch	2500
stubenrein	2500
studentisch	2500
studieren	2500
studierwillig	2500
stufenartig	2500
stufenförmig	2500
stufenlos	2500
stufenweise	2500
stumm	2500
stumpf	2500
stumpfen	2500
stumpfsinnig	2500
stumpfwinklig	2500
stundenlang	2500
stundenweise	2500
stupid	2500
stupsen	2500
stupsnasig	2500
stur	2500
stutzerhaft	2500
stutzig	2500
süchtig	2500
südafrikanisch	2500
südamerikanisch	2500
südchinesisch	2500
süddeutsch	2500
südeuropäisch	2500
südfranzösisch	2500
südkalifornisch	2500
südkoreanisch	2500
südländisch	2500
südlich	2500
südöstlich	2500
südwärts	2500
südwestenglisch	2500
südwestlich	2500
süffig	2500
süffisant	2500
sündenfällig	2500
sündhaft	2500
sündig	2500
sündigen	2500
süßen	2500
süßsauer	2500
subatomar	2500
subjektiv	2500
subkutan	2500
suboptimal	2500
subsequent	2500
substantiell	2500
substantiviert	2500
substantivisch	2500
substanziell	2500
substanzlos	2500
substituieren	2500
subsumieren	2500
subtil	2500
subtrahieren	2500
subtraktiv	2500
subtropisch	2500
subversiv	2500
suchterzeugend	2500
suchtgefährdend	2500
sudanesisch	2500
sudeln	2500
sudlig	2500
suggerieren	2500
suggestibel	2500
suggestionsbereit	2500
suggestiv	2500
suizidal	2500
suizidgefährdet	2500
sukkulent	2500
sukzessiv	2500
sulfidisch	2500
sulzen	2500
summa	2500
summarisch	2500
summen	2500
sumpfig	2500
sunnitisch	2500
supererfolgreich	2500
superklug	2500
superlativisch	2500
supermodern	2500
superschnell	2500
superspezialisiert	2500
supraleitend	2500
supranational	2500
surfen	2500
surrealistisch	2500
surren	2500
suspekt	2500
suspendieren	2500
swingen	2500
sybillinisch	2500
symbiotisch	2500
symbolisch	2500
symbolisieren	2500
symmetrisch	2500
sympathisch	2500
sympathisieren	2500
symphonisch	2500
symptomfrei	2500
synaptisch	2500
synonymisch	2500
synoptisch	2500
syntagmatisch	2500
syntaktisch	2500
syntaxgesteuert	2500
synthetisch	2500
synthetisieren	2500
syphilitisch	2500
syrisch	2500
systematisch	2500
systematisieren	2500
systembedingt	2500
systemdefiniert	2500
systemimmanent	2500
systemisch	2500
systemlos	2500
systemnah	2500
systemunterstützt	2500
systolisch	2500
szenisch	2500
täglich	2500
tändeln	2500
tänzeln	2500
tänzerisch	2500
täppisch	2500
täte	2500
tätig	2500
tätlich	2500
tätscheln	2500
tabellarisch	2500
tabellarisieren	2500
tabellengesteuert	2500
tabellengetrieben	2500
tadellos	2500
tadeln	2500
tadelnswert	2500
tadelsüchtig	2500
tafelfertig	2500
tafeln	2500
tagaus	2500
tagein	2500
tagelang	2500
tagesaktuell	2500
tageweise	2500
tagsüber	2500
tagtäglich	2500
taillieren	2500
taiwanisch	2500
takeln	2500
takten	2500
taktfest	2500
taktieren	2500
taktisch	2500
taktlos	2500
taktvoll	2500
talentiert	2500
talentlos	2500
talentvoll	2500
talgig	2500
tamilisch	2500
tangential	2500
tangieren	2500
tanzen	2500
tapezieren	2500
tapfer	2500
tappen	2500
tapsen	2500
tapsig	2500
tarieren	2500
tarifisch	2500
tariflich	2500
tarifmäßig	2500
tarifpolitisch	2500
taschenrechnergewandt	2500
taschenweise	2500
tatendurstig	2500
tatenlos	2500
tatkräftig	2500
tatsächlich	2500
taub	2500
taubengrau	2500
taubstumm	2500
tauen	2500
taufen	2500
taufrisch	2500
taugen	2500
tauglich	2500
taumeln	2500
taumlig	2500
tauschen	2500
tausend	2500
tausenderlei	2500
tausendfältig	2500
tausendfach	2500
tausendjährig	2500
tausendmal	2500
tausendste	2500
tausendstel	2500
tausernder	2500
tautologisch	2500
taxieren	2500
taylorisieren	2500
teamfähig	2500
teamorientiert	2500
technikphilosophisch	2500
technokratisch	2500
technologiebasiert	2500
technologiefrei	2500
technologieinduziert	2500
technologisch	2500
teeren	2500
teigig	2500
teilbar	2500
teilbestücken	2500
teilbestückt	2500
teilgenommen	2500
teilhaben	2500
teilhaftig	2500
teilnahm	2500
teilnahmslos	2500
teilnahmsvoll	2500
teilnehmen	2500
teilnimmt	2500
teilprivatisiert	2500
teilstationär	2500
teilweise	2500
teilzuhaben	2500
teilzunehmen	2500
tektonisch	2500
telefonisch	2500
telegrafieren	2500
telegrafisch	2500
telegraphieren	2500
telegraphisch	2500
teleologisch	2500
telepathisch	2500
teleskopisch	2500
temperamentlos	2500
temperamentvoll	2500
temperaturabhängig	2500
temperieren	2500
temporär	2500
temporal	2500
tendenziell	2500
tendenziös	2500
tendieren	2500
terminführen	2500
termingerecht	2500
terminlich	2500
terminologisch	2500
terrassenförmig	2500
terrestrisch	2500
terrorisieren	2500
terroristisch	2500
testamentarisch	2500
testen	2500
testieren	2500
testweise	2500
teuer	2500
teuflisch	2500
teutonisch	2500
texanisch	2500
textkritisch	2500
textlich	2500
textlinguistisch	2500
thailändisch	2500
theatralisch	2500
thematisch	2500
themenverwandt	2500
theokratisch	2500
theologisch	2500
theoretisch	2500
theosophisch	2500
therapeutisch	2500
therapieren	2500
thermisch	2500
thermometrisch	2500
thermoplastisch	2500
theta	2500
thrombotisch	2500
thronen	2500
thüringisch	2500
tibetanisch	2500
tibetisch	2500
ticken	2500
tiefblau	2500
tiefenpsychologisch	2500
tiefgekühlt	2500
tiefgeladen	2500
tiefgestellt	2500
tiefgreifend	2500
tiefgründig	2500
tiefladbar	2500
tiefschwarz	2500
tiefsinnig	2500
tiefstellen	2500
tiefzuladen	2500
tierisch	2500
tierlieb	2500
tierliebend	2500
tilgbar	2500
tippeln	2500
tippen	2500
tirolerisch	2500
tischlern	2500
titanisch	2500
titeln	2500
tödlich	2500
tölpelhaft	2500
tönern	2500
töpfern	2500
töricht	2500
toasten	2500
toben	2500
tobsüchtig	2500
todblass	2500
todbringend	2500
todernst	2500
todgeweiht	2500
todkrank	2500
todlangweilig	2500
todmüde	2500
todschick	2500
todsicher	2500
todtraurig	2500
toggeln	2500
togoisch	2500
tolerabel	2500
tolerant	2500
toleranzbedingt	2500
toll	2500
tollen	2500
tollkühn	2500
tollpatschig	2500
tolpatschig	2500
tonangebend	2500
tonhaltig	2500
tonlos	2500
tonnenweise	2500
topfit	2500
topografisch	2500
topographisch	2500
topologisch	2500
torkeln	2500
torlos	2500
torpedieren	2500
tosen	2500
tot	2500
totalitär	2500
totarbeiten	2500
totenblass	2500
totenbleich	2500
totenstill	2500
totgearbeitet	2500
totgelaufen	2500
totgeschlagen	2500
totgeschossen	2500
totgeschwiegen	2500
totgestochen	2500
totlachen	2500
totlaufen	2500
totschießen	2500
totschlagen	2500
totschweigen	2500
totstechen	2500
totzuschlagen	2500
toupieren	2500
touristisch	2500
toxikologisch	2500
toxisch	2500
trächtig	2500
träfe	2500
träg	2500
trägerlos	2500
trägt	2500
trällern	2500
tränennass	2500
tränenüberströmt	2500
träufeln	2500
träumen	2500
träumerisch	2500
traben	2500
trachten	2500
traditionalistisch	2500
traditionell	2500
traditionellerweise	2500
traditionsbewusst	2500
traditionsgemäß	2500
traditionsreich	2500
traf	2500
tragbar	2500
tragfähig	2500
tragikomisch	2500
tragisch	2500
trainieren	2500
traktieren	2500
trampeln	2500
trampen	2500
tranchieren	2500
transatlantisch	2500
transferieren	2500
transistorisieren	2500
transitiv	2500
transkontinental	2500
transkribieren	2500
transmittieren	2500
transparent	2500
transpirieren	2500
transplantieren	2500
transponieren	2500
transportabel	2500
transportfähig	2500
transportieren	2500
transsexuell	2500
transsibirisch	2500
transversal	2500
transzendent	2500
trapezförmig	2500
trappeln	2500
trassieren	2500
trat	2500
tratschen	2500
trauern	2500
traulich	2500
traumatisch	2500
traumhaft	2500
traurig	2500
traversieren	2500
travestieren	2500
trecken	2500
treffend	2500
trefflich	2500
treffsicher	2500
treideln	2500
tremolieren	2500
trennbar	2500
trennend	2500
trennschärfer	2500
trennschärfste	2500
trennscharf	2500
treppauf	2500
treppenförmig	2500
treu	2500
treubrüchig	2500
treuhänderisch	2500
treuherzig	2500
treulich	2500
treulos	2500
treuselig	2500
tributpflichtig	2500
trichterförmig	2500
trickreich	2500
trickreicherweise	2500
tricksen	2500
triebhaft	2500
triefäugig	2500
triefen	2500
triefnass	2500
trifft	2500
triftig	2500
triggern	2500
trigonometrisch	2500
trilateral	2500
trillern	2500
trimmen	2500
trinken	2500
trinkfest	2500
trippeln	2500
trist	2500
trittst	2500
triumphal	2500
triumphieren	2500
trivial	2500
trivialerweise	2500
trödeln	2500
tröpfchenweise	2500
tröpfeln	2500
tröstlich	2500
tröten	2500
trockengelegt	2500
trockenlegen	2500
trocknen	2500
trojanisch	2500
trollen	2500
trommeln	2500
tropenfest	2500
tropfenförmig	2500
tropfnass	2500
tropisch	2500
trostlos	2500
trostreich	2500
trostvoll	2500
trottelig	2500
trotten	2500
trotzen	2500
trotzend	2500
trotzig	2500
trotzköpfig	2500
trüb	2500
trübselig	2500
trübsinnig	2500
trügen	2500
trügerisch	2500
trudeln	2500
trug	2500
trumpfen	2500
trunken	2500
trunksüchtig	2500
truppweise	2500
tschechisch	2500
tschechoslowakisch	2500
tschetschenisch	2500
tschüs	2500
tüchtig	2500
tückisch	2500
tüfteln	2500
tünchen	2500
türkisch	2500
türkischstämmig	2500
türkisfarben	2500
türmen	2500
tuberkulös	2500
tuend	2500
tugendhaft	2500
tugendreich	2500
tummeln	2500
tumultuarisch	2500
tunesisch	2500
tunken	2500
tunlich	2500
tunlichst	2500
tuntenhaft	2500
tuntig	2500
tupfen	2500
turbogeladen	2500
turbulent	2500
turmhoch	2500
turmhohe	2500
turnerisch	2500
turnusmäßig	2500
turteln	2500
tuscheln	2500
tuschen	2500
tuten	2500
twittern	2500
typinkonsistent	2500
typisch	2500
typischerweise	2500
typographisch	2500
tyrannisch	2500
tyrannisieren	2500
übelgelaunt	2500
übelriechend	2500
überängstlich	2500
überabzählbar	2500
überall	2500
überallhin	2500
überaltert	2500
überanstrengen	2500
überantworten	2500
überarbeitet	2500
überaß	2500
überaus	2500
überbeanspruchen	2500
überbegabt	2500
überbeladen	2500
überbelasten	2500
überbelichten	2500
überbesetzt	2500
überbetonen	2500
überbevölkert	2500
überbewerten	2500
überbezahlt	2500
überbieten	2500
überblättern	2500
überblenden	2500
überblicken	2500
überboten	2500
überbracht	2500
überbreit	2500
überbringen	2500
überdacht	2500
überdauern	2500
überdecken	2500
überdehnen	2500
überdenken	2500
überdeutlich	2500
überdies	2500
überdimensional	2500
überdimensioniert	2500
überdrehen	2500
überdreht	2500
überdrüssig	2500
überdrucken	2500
überdruckt	2500
überdurchschnittlich	2500
übereifrig	2500
übereignen	2500
überein	2500
übereinander	2500
übereinandergelagert	2500
übereinandergelegt	2500
übereingekommen	2500
übereingestimmt	2500
übereinkommen	2500
übereinstimmen	2500
übereinzustimmen	2500
überempfindlich	2500
überessen	2500
überfährt	2500
überfällig	2500
überfällt	2500
überfahren	2500
überfallen	2500
überfiel	2500
überfliegen	2500
überfließen	2500
überflog	2500
überflogen	2500
überfloss	2500
überflügeln	2500
überflüssig	2500
überflüssigerweise	2500
überfluten	2500
überfordern	2500
überfrachten	2500
überfragen	2500
überfressen	2500
überfreundlich	2500
überführen	2500
überfüllen	2500
überfüttern	2500
überfuhr	2500
übergab	2500
übergangen	2500
übergangslos	2500
übergangsweise	2500
übergeben	2500
übergebietlich	2500
übergeflossen	2500
übergeführt	2500
übergegangen	2500
übergegriffen	2500
übergehen	2500
übergekippt	2500
übergekocht	2500
übergelaufen	2500
übergeleitet	2500
übergeordnet	2500
übergeschlagen	2500
übergeschnappt	2500
übergeschoben	2500
übergeschwappt	2500
übergesetzt	2500
übergesiedelt	2500
übergestreift	2500
übergestülpt	2500
übergewichtig	2500
übergeworfen	2500
übergibt	2500
übergießen	2500
überging	2500
überglasen	2500
überglast	2500
überglücklich	2500
übergossen	2500
übergreifen	2500
übergriff	2500
übergroß	2500
übergroßzügig	2500
überhängen	2500
überhäufen	2500
überhand	2500
überhastet	2500
überheben	2500
überheblich	2500
überhin	2500
überhöht	2500
überhören	2500
überhoben	2500
überholungsbedürftig	2500
überhüpfen	2500
überinterpretieren	2500
überirdisch	2500
überkam	2500
überkippen	2500
überkleben	2500
überklettern	2500
überkochen	2500
überkommen	2500
überkrusten	2500
überlädt	2500
überlässt	2500
überläuft	2500
überladen	2500
überlagern	2500
überlagert	2500
überlang	2500
überlas	2500
überlassen	2500
überlasten	2500
überlastfest	2500
überlastgeschützt	2500
überlaufen	2500
überlaut	2500
überleben	2500
überlebensfähig	2500
überlebensgroß	2500
überlebensnotwendig	2500
überleiten	2500
überlesen	2500
überlief	2500
überliefern	2500
überliegend	2500
überließ	2500
überliest	2500
überlud	2500
übermächtig	2500
übermäßig	2500
übermachen	2500
übermalen	2500
übermannen	2500
übermenschlich	2500
übermitteln	2500
übermodern	2500
übermorgen	2500
übermüdet	2500
übermütig	2500
übernächste	2500
übernächtigt	2500
übernähmen	2500
übernahm	2500
übernational	2500
übernatürlich	2500
übernehmen	2500
übernervös	2500
übernimmt	2500
übernommen	2500
überörtlich	2500
überordnen	2500
überparteilich	2500
überpflanzen	2500
überproportional	2500
überprüfen	2500
überqualifiziert	2500
überquellen	2500
überquillt	2500
überquoll	2500
überragen	2500
überrannt	2500
überraschenderweise	2500
überreagieren	2500
überregional	2500
überreich	2500
überreichen	2500
überreif	2500
überreizen	2500
überrennen	2500
überrepräsentiert	2500
überrollen	2500
überrunden	2500
übersät	2500
übersättigen	2500
übersah	2500
übersandt	2500
übersatt	2500
überschätzen	2500
überschäumen	2500
überschatten	2500
überschauen	2500
überschießen	2500
überschläft	2500
überschlägig	2500
überschlägt	2500
überschlafen	2500
überschlagen	2500
überschlief	2500
überschlug	2500
überschmieren	2500
überschnappen	2500
überschneiden	2500
überschneidungsfrei	2500
überschnitten	2500
überschreiben	2500
überschrieben	2500
überschritten	2500
überschüssig	2500
überschütten	2500
überschulden	2500
überschwänglich	2500
überseeisch	2500
übersehen	2500
übersenden	2500
übersetzen	2500
übersexualisiert	2500
übersichtlich	2500
übersiedeln	2500
übersieht	2500
übersinnlich	2500
überspannen	2500
überspannungsfest	2500
überspannungsgeschützt	2500
überspannungssicher	2500
überspielen	2500
übersprang	2500
übersprechen	2500
überspringen	2500
übersprudeln	2500
übersprungen	2500
überstaatlich	2500
überstanden	2500
überstehen	2500
übersteigen	2500
übersteigern	2500
überstellen	2500
überstiegen	2500
überstimmen	2500
überstrahlen	2500
überstrecken	2500
überstreichen	2500
überstreifen	2500
überstrichen	2500
überströmen	2500
überstülpen	2500
überstürzen	2500
übertage	2500
übertakten	2500
übertariflich	2500
überteuert	2500
übertölpeln	2500
übertönen	2500
überträgt	2500
übertraf	2500
übertrainieren	2500
übertrat	2500
übertreffen	2500
übertreiben	2500
übertreten	2500
übertrieben	2500
übertrifft	2500
übertrittst	2500
übertroffen	2500
übertrug	2500
übertrumpfen	2500
übertünchen	2500
übervölkern	2500
übervoll	2500
übervorteilt	2500
überwältigen	2500
überwand	2500
überwarf	2500
überwechseln	2500
überweisen	2500
überwerfen	2500
überwiegen	2500
überwiesen	2500
überwindbar	2500
überwölben	2500
überwog	2500
überworfen	2500
überwuchern	2500
überwunden	2500
überzählen	2500
überzählig	2500
überzeichnen	2500
überzeugen	2500
überzeugend	2500
überziehen	2500
überzogen	2500
überzuckern	2500
überzugehen	2500
überzugreifen	2500
überzuwechseln	2500
üblich	2500
üblicherweise	2500
übrig	2500
übrigbleiben	2500
übrigblieb	2500
übriggeblieben	2500
üppig	2500
ubiquitär	2500
uferlos	2500
ukrainisch	2500
ulken	2500
ulkig	2500
ultima	2500
ultimativ	2500
ultralangfristig	2500
ultramarin	2500
ultraviolett	2500
umändern	2500
umadressieren	2500
umbauen	2500
umbenannt	2500
umbiegen	2500
umbinden	2500
umblättern	2500
umbrechen	2500
umbricht	2500
umbringen	2500
umdachte	2500
umdefinieren	2500
umdeklarieren	2500
umdenken	2500
umdirigieren	2500
umdisponieren	2500
umdrucken	2500
umeinander	2500
umfällt	2500
umfängt	2500
umfahren	2500
umfallen	2500
umfangen	2500
umfangreich	2500
umfassend	2500
umfing	2500
umfliegen	2500
umflog	2500
umflogen	2500
umfluten	2500
umfüllen	2500
umfunktionieren	2500
umgänglich	2500
umgab	2500
umgangen	2500
umgangssprachlich	2500
umgarnen	2500
umgeändert	2500
umgearbeitet	2500
umgebaut	2500
umgebettet	2500
umgebildet	2500
umgeblättert	2500
umgebogen	2500
umgebracht	2500
umgebrochen	2500
umgebucht	2500
umgebunden	2500
umgedreht	2500
umgedruckt	2500
umgefallen	2500
umgeformt	2500
umgefüllt	2500
umgegangen	2500
umgegossen	2500
umgegraben	2500
umgehängt	2500
umgehabt	2500
umgehackt	2500
umgehalst	2500
umgehauen	2500
umgehört	2500
umgekehrt	2500
umgekippt	2500
umgeklappt	2500
umgekleidet	2500
umgeknickt	2500
umgekommen	2500
umgekrempelt	2500
umgeladen	2500
umgelagert	2500
umgelegt	2500
umgeleitet	2500
umgelenkt	2500
umgelernt	2500
umgemeldet	2500
umgemodelt	2500
umgemünzt	2500
umgeordnet	2500
umgepackt	2500
umgepflanzt	2500
umgepflügt	2500
umgepolt	2500
umgeräumt	2500
umgerechnet	2500
umgerissen	2500
umgerührt	2500
umgerüstet	2500
umgesattelt	2500
umgeschaltet	2500
umgeschaut	2500
umgeschichtet	2500
umgeschlagen	2500
umgeschnallt	2500
umgeschrieben	2500
umgeschüttelt	2500
umgeschüttet	2500
umgeschuldet	2500
umgeschult	2500
umgeschwenkt	2500
umgesehen	2500
umgesetzt	2500
umgesiedelt	2500
umgesprungen	2500
umgespult	2500
umgesteckt	2500
umgestellt	2500
umgesteuert	2500
umgestiegen	2500
umgestimmt	2500
umgestoßen	2500
umgestrickt	2500
umgestürzt	2500
umgesunken	2500
umgetauft	2500
umgetauscht	2500
umgewälzt	2500
umgewandelt	2500
umgewandt	2500
umgewechselt	2500
umgewendet	2500
umgewertet	2500
umgewidmet	2500
umgeworfen	2500
umgezogen	2500
umgibt	2500
umgießen	2500
umging	2500
umgoss	2500
umgräbt	2500
umgraben	2500
umgrenzend	2500
umgrenzt	2500
umgürten	2500
umhängen	2500
umhaben	2500
umhacken	2500
umhalsen	2500
umhauen	2500
umher	2500
umherblicken	2500
umhergeirrt	2500
umhergeschweift	2500
umhergestrichen	2500
umhergewirbelt	2500
umhergezogen	2500
umherschweifen	2500
umherstreichen	2500
umherstreifen	2500
umherziehen	2500
umhin	2500
umhingekommen	2500
umhingekonnt	2500
umhinkam	2500
umhinkannst	2500
umhinkönnen	2500
umhinkommen	2500
umhinkonnte	2500
umhören	2500
umkämpfen	2500
umkam	2500
umkehren	2500
umkippen	2500
umklappen	2500
umkleiden	2500
umknicken	2500
umkommen	2500
umkonstruieren	2500
umkreisen	2500
umkrempeln	2500
umlädt	2500
umläuft	2500
umladen	2500
umlaufen	2500
umlauten	2500
umlautlos	2500
umlernen	2500
umlief	2500
umliegend	2500
ummelden	2500
ummodeln	2500
umnachtet	2500
umnebeln	2500
umordnen	2500
umorganisieren	2500
umpacken	2500
umpflanzen	2500
umpflügen	2500
umprogrammieren	2500
umquartieren	2500
umräumen	2500
umrahmen	2500
umrang	2500
umranken	2500
umrannte	2500
umrechenbar	2500
umreißen	2500
umrennen	2500
umringen	2500
umrissen	2500
umrühren	2500
umrunden	2500
umsäumen	2500
umsah	2500
umsatteln	2500
umsatzschwächer	2500
umsatzschwächste	2500
umsatzschwach	2500
umsatzsteigernd	2500
umschauen	2500
umschlagen	2500
umschlang	2500
umschließen	2500
umschlossen	2500
umschlungen	2500
umschmeicheln	2500
umschmelzen	2500
umschmolzen	2500
umschnallen	2500
umschrieben	2500
umschütteln	2500
umschütten	2500
umschwärmen	2500
umschweifig	2500
umschwenken	2500
umsegeln	2500
umsehen	2500
umseitig	2500
umsetzbar	2500
umsichtig	2500
umsiedeln	2500
umsieht	2500
umsinken	2500
umso	2500
umsonst	2500
umsorgen	2500
umspannen	2500
umspielt	2500
umspinnen	2500
umsponnen	2500
umsprang	2500
umspringen	2500
umsprungen	2500
umspülen	2500
umspulen	2500
umständlich	2500
umstecken	2500
umstehend	2500
umsteigen	2500
umsteuern	2500
umstimmen	2500
umstößt	2500
umstoßen	2500
umstricken	2500
umstritten	2500
umstürzen	2500
umstürzlerisch	2500
umtaufen	2500
umtauschen	2500
umtuend	2500
umtun	2500
umwarb	2500
umwarf	2500
umwechseln	2500
umweltbedingt	2500
umweltbewusst	2500
umweltfreundlich	2500
umweltgerecht	2500
umweltpolitisch	2500
umweltschonend	2500
umweltschützend	2500
umwenden	2500
umwerben	2500
umwerfen	2500
umwerten	2500
umwickeln	2500
umwidmen	2500
umwirbt	2500
umwirft	2500
umwölken	2500
umwogt	2500
umworben	2500
umziehen	2500
umzöge	2500
umzog	2500
umzubauen	2500
umzubenennen	2500
umzubringen	2500
umzudeklarieren	2500
umzugehen	2500
umzugswillig	2500
umzukehren	2500
umzukippen	2500
umzukonstruieren	2500
umzukrempeln	2500
umzulegen	2500
umzuleiten	2500
umzulernen	2500
umzuordnen	2500
umzuprogrammieren	2500
umzuräumen	2500
umzurechnen	2500
umzuschalten	2500
umzuschichten	2500
umzuschreiben	2500
umzuschulden	2500
umzusehen	2500
umzusetzen	2500
umzusiedeln	2500
umzusteigen	2500
umzustellen	2500
umzustimmen	2500
umzustrukturieren	2500
umzutauschen	2500
umzuverteilen	2500
umzuwandeln	2500
umzuwerfen	2500
umzuwidmen	2500
umzuziehen	2500
unabdingbar	2500
unabdinglich	2500
unablässig	2500
unabsehbar	2500
unabwehrbar	2500
unabweisbar	2500
unabweislich	2500
unabwendbar	2500
unantastbar	2500
unanwendbar	2500
unartikuliert	2500
unauffindbar	2500
unaufhaltsam	2500
unaufhebbar	2500
unaufhörlich	2500
unauflösbar	2500
unauflöslich	2500
unaufschiebbar	2500
unausbleiblich	2500
unauslöschlich	2500
unausrottbar	2500
unaussprechlich	2500
unausstehlich	2500
unausweichlich	2500
unautorisiert	2500
unbändig	2500
unbeachtet	2500
unbeansprucht	2500
unbeanstandet	2500
unbeantwortet	2500
unbebaut	2500
unbedarft	2500
unbedrängt	2500
unbedruckbar	2500
unbeeinflussbar	2500
unbeeinflusst	2500
unbeeinträchtigt	2500
unbefahrbar	2500
unbefleckt	2500
unbefriedigt	2500
unbefristet	2500
unbeglaubigt	2500
unbegrenzt	2500
unbehandelt	2500
unbehauen	2500
unbehebbar	2500
unbeherrschbar	2500
unbeherrscht	2500
unbeholfen	2500
unbeirrbar	2500
unbeirrt	2500
unbekehrbar	2500
unbekleidet	2500
unbekümmert	2500
unbelebt	2500
unbeleckt	2500
unbelegt	2500
unbelehrbar	2500
unbeleuchtet	2500
unbelohnt	2500
unbemittelt	2500
unbenommen	2500
unbenutzbar	2500
unbenutzt	2500
unbeobachtet	2500
unberechtigt	2500
unberührbar	2500
unbeschäftigt	2500
unbeschadet	2500
unbeschleunigt	2500
unbeschnitten	2500
unbescholten	2500
unbeschreiblich	2500
unbeschriftet	2500
unbeseelt	2500
unbesetzt	2500
unbesiegbar	2500
unbesiegt	2500
unbesoldet	2500
unbestätigt	2500
unbestellt	2500
unbesteuert	2500
unbestraft	2500
unbestreitbar	2500
unbestückt	2500
unbeteiligt	2500
unbetont	2500
unbetreut	2500
unbewältigt	2500
unbewacht	2500
unbewaffnet	2500
unbewegt	2500
unbeweibt	2500
unbewohnbar	2500
unbezähmbar	2500
unbezahlbar	2500
unbezweifelbar	2500
unbezwingbar	2500
unbiegsam	2500
unblessiert	2500
unbotmäßig	2500
unbunt	2500
undatiert	2500
undefiniert	2500
undenklich	2500
undokumentiert	2500
unduldsam	2500
undurchdringbar	2500
undurchdringlich	2500
undurchführbar	2500
undurchschaubar	2500
uneinbringlich	2500
uneins	2500
uneinsehbar	2500
unenglisch	2500
unentdeckt	2500
unentrinnbar	2500
unentschuldbar	2500
unentspannt	2500
unentwegt	2500
unentwickelt	2500
unentwirrbar	2500
unerbittlich	2500
unerfindlich	2500
unerforschlich	2500
unerforscht	2500
unerfüllbar	2500
unergründbar	2500
unergründet	2500
unergründlich	2500
unerhört	2500
unerkannt	2500
unerkennbar	2500
unerlässlich	2500
unerlaubt	2500
unerledigt	2500
unerlöst	2500
unermesslich	2500
unermüdlich	2500
unerörtert	2500
unerreichbar	2500
unerreicht	2500
unersättlich	2500
unerschlossen	2500
unerschöpflich	2500
unerschrocken	2500
unerschütterlich	2500
unerschüttert	2500
unersetzbar	2500
unersetzlich	2500
unerwähnt	2500
unerwartet	2500
unerwidert	2500
unerziehbar	2500
unfair	2500
unfallfrei	2500
unfallgefährdet	2500
unfassbar	2500
unfehlbar	2500
unfest	2500
unflektierbar	2500
unflektiert	2500
unförmig	2500
unfühlbar	2500
ungarisch	2500
ungebärdig	2500
ungebeten	2500
ungebräuchlich	2500
ungebraucht	2500
ungebührlich	2500
ungedeckt	2500
ungefähr	2500
ungefedert	2500
ungehemmt	2500
ungeheuerlich	2500
ungehört	2500
ungehobelt	2500
ungeklärt	2500
ungekünstelt	2500
ungeladen	2500
ungelenk	2500
ungelernt	2500
ungelogen	2500
ungenannt	2500
ungeniert	2500
ungenießbar	2500
ungenützt	2500
ungerächt	2500
ungeraten	2500
ungerechnet	2500
ungereimt	2500
ungern	2500
ungerührt	2500
ungesäumt	2500
ungesalzen	2500
ungeschoren	2500
ungestüm	2500
ungetrimmt	2500
ungeziemend	2500
unglaublich	2500
ungreifbar	2500
unheilvoll	2500
unhinterfragt	2500
unidirektional	2500
uniformiert	2500
uninformiert	2500
unintellektuell	2500
unipolar	2500
unisono	2500
universalistisch	2500
universell	2500
universitär	2500
unken	2500
unknackbar	2500
unkontrolliert	2500
unkonzentriert	2500
unkoordiniert	2500
unkorrigierbar	2500
unkündbar	2500
unkultiviert	2500
unlängst	2500
unlauter	2500
unlenksam	2500
unlesbar	2500
unleugbar	2500
unliebsam	2500
unlimitiert	2500
unliniert	2500
unmanierlich	2500
unmaskiert	2500
unmessbar	2500
unmittelbar	2500
unmotiviert	2500
unnachahmlich	2500
unnahbar	2500
unnennbar	2500
unnötigerweise	2500
unnütz	2500
unpässlich	2500
unpaarig	2500
unpassierbar	2500
unpfändbar	2500
unplatziert	2500
unprivilegiert	2500
unqualifizierbar	2500
unquantifizierbar	2500
unredigiert	2500
unreflektiert	2500
unreguliert	2500
unreparierbar	2500
unretouchiert	2500
unrettbar	2500
unrühmlich	2500
unsäglich	2500
unsachgemäß	2500
unsachlich	2500
unsagbar	2500
unschätzbar	2500
unschicklich	2500
unschlagbar	2500
unsereiner	2500
unsereins	2500
unsererseits	2500
unseresgleichen	2500
unserm	2500
unserseits	2500
unsersgleichen	2500
unserthalben	2500
unsertwegen	2500
unsertwillen	2500
unsichtbar	2500
unsittlich	2500
unsortiert	2500
unspaltbar	2500
unsportlich	2500
unsre	2500
unsresgleichen	2500
unsrig	2500
unstet	2500
unsteteste	2500
unstetig	2500
unstillbar	2500
unstreitig	2500
unsymmetrisch	2500
untadelhaft	2500
untadlig	2500
untendrunter	2500
untendurch	2500
untenher	2500
untenherum	2500
untenhin	2500
untenrum	2500
unterband	2500
unterbaut	2500
unterbelichten	2500
unterbeschäftigt	2500
unterbesetzt	2500
unterbevölkert	2500
unterbewerten	2500
unterbewertet	2500
unterbewusst	2500
unterbezahlt	2500
unterbieten	2500
unterbinden	2500
unterbleiben	2500
unterblieb	2500
unterboten	2500
unterbrach	2500
unterbrechbar	2500
unterbrechen	2500
unterbrechungsfrei	2500
unterbrechungsgesteuert	2500
unterbreiten	2500
unterbricht	2500
unterbringen	2500
unterbrochen	2500
unterbunden	2500
unterdessen	2500
unterdrücken	2500
unterdurchschnittlich	2500
untereinander	2500
unterentwickelt	2500
unterernährt	2500
unterfängt	2500
unterfangen	2500
unterfertigen	2500
unterfertigt	2500
unterfinanziert	2500
unterfing	2500
unterfordern	2500
unterfüttern	2500
untergeben	2500
untergebracht	2500
untergegangen	2500
untergegliedert	2500
untergehen	2500
untergejubelt	2500
untergekommen	2500
untergekriegt	2500
untergeordnet	2500
untergestellt	2500
untergetaucht	2500
unterging	2500
untergliedern	2500
untergräbt	2500
untergraben	2500
untergründig	2500
untergrub	2500
unterhältst	2500
unterhalb	2500
unterhalten	2500
unterhaltsam	2500
unterhaltspflichtig	2500
unterhandeln	2500
unterhebeln	2500
unterhielt	2500
unterhöhlen	2500
unterirdisch	2500
unterkellern	2500
unterkriegen	2500
unterkringelt	2500
unterkühlen	2500
unterlägen	2500
unterlässt	2500
unterläuft	2500
unterlag	2500
unterlassen	2500
unterlaufen	2500
unterlief	2500
unterliegen	2500
unterließ	2500
unterm	2500
untermauern	2500
unternähme	2500
unternahm	2500
unternehmenseigen	2500
unternehmensintern	2500
unternehmensspezifisch	2500
unternehmensweit	2500
unternehmerisch	2500
unternehmungslustig	2500
unternimmt	2500
unternommen	2500
unterordnen	2500
unterprivilegiert	2500
unterrepräsentiert	2500
unterrühren	2500
untersagen	2500
unterschätzen	2500
unterscheiden	2500
unterschieben	2500
unterschieden	2500
unterschiedlich	2500
unterschiedslos	2500
unterschlägt	2500
unterschlängeln	2500
unterschlagen	2500
unterschlüge	2500
unterschlug	2500
unterschreiben	2500
unterschrieben	2500
unterschritten	2500
unterschwellig	2500
untersetzen	2500
untersetzt	2500
unterstand	2500
unterstehen	2500
unterstellen	2500
unterstreichen	2500
unterstrichen	2500
unterstützen	2500
unterstützenswert	2500
untersucht	2500
untertägig	2500
untertänig	2500
untertänigst	2500
untertage	2500
untertauchen	2500
unterteilen	2500
untertreiben	2500
untertrieben	2500
untervermieten	2500
unterversorgt	2500
unterwandern	2500
unterwarf	2500
unterwegs	2500
unterweisen	2500
unterwies	2500
unterwirft	2500
unterworfen	2500
unterwürfig	2500
unterzeichnen	2500
unterziehen	2500
unterzöge	2500
unterzog	2500
unterzubringen	2500
unterzugehen	2500
unterzukriegen	2500
unterzumogeln	2500
unterzuordnen	2500
unterzuschieben	2500
unterzustellen	2500
unterzutauchen	2500
untrinkbar	2500
untrüglich	2500
unüberbietbar	2500
unüberbrückbar	2500
unüberlegt	2500
unüberprüfbar	2500
unübersehbar	2500
unübersetzbar	2500
unübersteigbar	2500
unübertragbar	2500
unüberwindlich	2500
unumkehrbar	2500
unumstößlich	2500
unumwunden	2500
ununterscheidbar	2500
unveräußerlich	2500
unverbaubar	2500
unverbesserlich	2500
unverblümt	2500
unverbraucht	2500
unverdient	2500
unvereinbar	2500
unverfolgt	2500
unvergessen	2500
unvergleichlich	2500
unverheiratet	2500
unverhofft	2500
unverhüllt	2500
unverkauft	2500
unverkennbar	2500
unverletzt	2500
unverlierbar	2500
unvermeidbar	2500
unvermeidlich	2500
unvermeidlicherweise	2500
unvermindert	2500
unvermittelt	2500
unvermutet	2500
unverpackt	2500
unverputzt	2500
unverrichtet	2500
unverrückbar	2500
unverschlüsselt	2500
unverschränkt	2500
unverschuldet	2500
unversehrt	2500
unversöhnbar	2500
unverstellt	2500
unversucht	2500
unvertretbar	2500
unverwechselbar	2500
unverzeihlich	2500
unverzerrt	2500
unverzüglich	2500
unvirtuos	2500
unvollendet	2500
unvorhersehbar	2500
unwegsam	2500
unweigerlich	2500
unweit	2500
unwert	2500
unwiderlegbar	2500
unwiderstehlich	2500
unwiederbringlich	2500
unwiederholbar	2500
unwohl	2500
unzählig	2500
unzensiert	2500
unzerlegbar	2500
unzerreißbar	2500
unzertrennbar	2500
unzertrennlich	2500
unzusammenhängend	2500
unzustellbar	2500
updatemäßig	2500
updaten	2500
upgedatet	2500
upzudaten	2500
urälteste	2500
uralt	2500
uraufführen	2500
uraufgeführt	2500
urban	2500
ureigen	2500
urgeschichtlich	2500
urheberrechtlich	2500
urig	2500
urinieren	2500
urkundlich	2500
urlaubsreif	2500
urologisch	2500
urplötzlich	2500
ursächlich	2500
ursprünglich	2500
urteilen	2500
urteilsfähig	2500
urtümlich	2500
usbekisch	2500
usw.	2500
utopisch	2500
utopistisch	2500
väterlich	2500
väterlicherseits	2500
vag	2500
vagabundieren	2500
vaginal	2500
vakant	2500
valide	2500
validieren	2500
van	2500
variabel	2500
variieren	2500
vaterländisch	2500
vaterlos	2500
vatikanisch	2500
vegan	2500
vegetabilisch	2500
vegetarisch	2500
vegetativ	2500
vegetieren	2500
vehement	2500
veilchenblau	2500
venerisch	2500
venezianisch	2500
venezolanisch	2500
ventilieren	2500
verächtlich	2500
veränderbar	2500
veränderlich	2500
verändert	2500
verängstigt	2500
veräppeln	2500
verästelt	2500
veräußerlichen	2500
verabfolgen	2500
verabsäumen	2500
verabscheuen	2500
verabscheuend	2500
verabscheuenswert	2500
veralbern	2500
veralten	2500
verantwortlich	2500
verantwortungsbewusst	2500
verantwortungslos	2500
verantwortungsvoll	2500
verarbeitet	2500
verargen	2500
verarmt	2500
verarzten	2500
verbal	2500
verbalisieren	2500
verbandeln	2500
verbarrikadieren	2500
verbauen	2500
verbauern	2500
verbesserungswürdig	2500
verbeten	2500
verbeugt	2500
verbeulen	2500
verbiestern	2500
verbindlich	2500
verbindungslos	2500
verbis	2500
verbissen	2500
verbittert	2500
verbittertere	2500
verbittertst	2500
verbläst	2500
verblasen	2500
verblassen	2500
verblasst	2500
verblendet	2500
verblichen	2500
verblieben	2500
verblüffend	2500
verblüfft	2500
verblühen	2500
verblümt	2500
verbluten	2500
verböte	2500
verbocken	2500
verbogen	2500
verbohren	2500
verbohrt	2500
verborgen	2500
verboten	2500
verbracht	2500
verbrannt	2500
verbrauchen	2500
verbraucherrechtlich	2500
verbrauchsbedingt	2500
verbrauchsunabhängig	2500
verbrecherisch	2500
verbreitet	2500
verbriefen	2500
verbrochen	2500
verbrühen	2500
verbünden	2500
verbürgen	2500
verbüßen	2500
verbummeln	2500
verbunden	2500
verchromt	2500
verdächtig	2500
verdachtsunabhängig	2500
verdammenswert	2500
verdammt	2500
verdankt	2500
verdarb	2500
verdaten	2500
verdattern	2500
verdaulich	2500
verdecken	2500
verderben	2500
verderblich	2500
verderbt	2500
verdienen	2500
verdienstvoll	2500
verdientermaßen	2500
verdienterweise	2500
verdingen	2500
verdirbt	2500
verdolmetschen	2500
verdonnern	2500
verdorben	2500
verdorren	2500
verdrecken	2500
verdreifachen	2500
verdrießen	2500
verdrießlich	2500
verdrillen	2500
verdroschen	2500
verdross	2500
verdrossen	2500
verdrücken	2500
verdrucken	2500
verdünnisieren	2500
verdünnt	2500
verdüstern	2500
verduften	2500
verdursten	2500
verebben	2500
verehelichen	2500
verehrenswert	2500
verehrlicht	2500
verehrungswürdig	2500
vereinbarungsgemäß	2500
vereinen	2500
vereinsamt	2500
verekeln	2500
verenden	2500
verfällt	2500
verfälscht	2500
verfänglich	2500
verfärbt	2500
verfahrensrechtlich	2500
verfahrenstechnisch	2500
verfallen	2500
verfangen	2500
verfassunggebend	2500
verfassungsändernd	2500
verfassungsfeindlich	2500
verfassungsgebend	2500
verfassungskonform	2500
verfassungsmäßig	2500
verfassungsrechtlich	2500
verfassungswidrig	2500
verfaulen	2500
verfault	2500
verfemen	2500
verfestigen	2500
verfeuern	2500
verfinstern	2500
verflixt	2500
verflochten	2500
verflogen	2500
verflossen	2500
verflüchtigen	2500
verflüssigen	2500
verfluchen	2500
verflucht	2500
verfochten	2500
verfrachten	2500
verfressen	2500
verfroren	2500
verfrüht	2500
verführerisch	2500
verfüllen	2500
verfünffachen	2500
vergällen	2500
vergänglich	2500
vergaffen	2500
vergaloppieren	2500
vergammeln	2500
vergammelt	2500
vergangen	2500
vergangenheitsbezogen	2500
vergaß	2500
vergattern	2500
vergeblich	2500
vergeigen	2500
vergessen	2500
vergesslich	2500
vergewissern	2500
vergilbt	2500
vergisst	2500
vergittern	2500
vergl.	2500
vergleichbar	2500
vergleichsweise	2500
verglichen	2500
verglomm	2500
verglommen	2500
verglühen	2500
vergnüglich	2500
vergnügt	2500
vergnügungssüchtig	2500
vergönnen	2500
vergolten	2500
vergoren	2500
vergossen	2500
vergrämen	2500
vergrätzen	2500
vergraben	2500
vergraulen	2500
vergreisen	2500
vergriffen	2500
verhältnismäßig	2500
verhältniswidrig	2500
verhängnisvoll	2500
verhärmt	2500
verhätschelt	2500
verhageln	2500
verhaken	2500
verhallen	2500
verhaltensauffällig	2500
verhaltensgestört	2500
verhandlungssicher	2500
verhangen	2500
verharrt	2500
verhaspeln	2500
verhaspelt	2500
verhasst	2500
verhauen	2500
verheddern	2500
verheeren	2500
verheerend	2500
verhehlen	2500
verheilen	2500
verheißungsvoll	2500
verheizen	2500
verhexen	2500
verhimmeln	2500
verhökern	2500
verhören	2500
verhob	2500
verhohlen	2500
verholfen	2500
verhundertfachen	2500
verhungern	2500
verifiziert	2500
veritabel	2500
verjagen	2500
verjubeln	2500
verkäuferisch	2500
verkäuflich	2500
verkannt	2500
verkantet	2500
verkappen	2500
verkaufen	2500
verkaufsfähig	2500
verkaufsfördernd	2500
verkaufsoffen	2500
verkaufstechnisch	2500
verkaufswillig	2500
verkehrsberuhigt	2500
verkehrsgünstig	2500
verkehrspolitisch	2500
verkehrsreich	2500
verkehrsschwach	2500
verkehrssicher	2500
verkehrsstark	2500
verkehrstechnisch	2500
verkehrsüblich	2500
verkehrswidrig	2500
verkehrt	2500
verkitten	2500
verklappen	2500
verklausulieren	2500
verklemmen	2500
verklickern	2500
verklungen	2500
verknacksen	2500
verknallen	2500
verkniffen	2500
verknoten	2500
verköstigen	2500
verkommen	2500
verkoppeln	2500
verkorksen	2500
verkrachen	2500
verkraften	2500
verkratzen	2500
verkrochen	2500
verkrümeln	2500
verkühlen	2500
verkupfern	2500
verkuppeln	2500
verlässlich	2500
verlästern	2500
verlachen	2500
verlagsüblich	2500
verlassen	2500
verlaufen	2500
verlaust	2500
verlautet	2500
verleben	2500
verleiben	2500
verleiden	2500
verleimen	2500
verleitend	2500
verlernen	2500
verletzbar	2500
verletzend	2500
verletzlich	2500
verletzungsbedingt	2500
verleumderisch	2500
verlieben	2500
verliehen	2500
verlieren	2500
verlischt	2500
verlockend	2500
verlogen	2500
verloren	2500
verlorengegangen	2500
verlorengehen	2500
verlorenging	2500
verlottern	2500
verlustbehaftet	2500
verlustbringend	2500
verlustfrei	2500
verlustieren	2500
verlustig	2500
verlustmachend	2500
verlustreich	2500
vermachen	2500
vermasseln	2500
vermauern	2500
vermeidlich	2500
vermeinen	2500
vermeintlich	2500
vermelden	2500
vermerken	2500
vermieden	2500
vermissen	2500
vermittels	2500
vermöbeln	2500
vermögend	2500
vermögensrechtlich	2500
vermögenswirksam	2500
vermocht	2500
vermodern	2500
vermutlich	2500
vernähen	2500
vernageln	2500
vernarben	2500
vernarren	2500
vernaschen	2500
vernehmlich	2500
vernickeln	2500
verniedlichen	2500
vernommen	2500
vernünftig	2500
vernünftigerweise	2500
vernunftbegründet	2500
vernunftbezogen	2500
vernunftlos	2500
vernunftmäßig	2500
vernunftwidrig	2500
veröffentlicht	2500
verpassen	2500
verpatzen	2500
verpetzen	2500
verpfuschen	2500
verplappern	2500
verplaudern	2500
verplempern	2500
verpönt	2500
verpolen	2500
verpolsicher	2500
verpolungssicher	2500
verprassen	2500
verprellen	2500
verprivatisieren	2500
verprügeln	2500
verpulvern	2500
verpumpen	2500
verpuppen	2500
verpustet	2500
verputzen	2500
verqualmen	2500
verquast	2500
verquer	2500
verquere	2500
verquollen	2500
verräterisch	2500
verräuchern	2500
verrammeln	2500
verramschen	2500
verrann	2500
verrannt	2500
verraten	2500
verrauchen	2500
verrauscht	2500
verrechenbar	2500
verrecken	2500
verregnen	2500
verreisen	2500
verrissen	2500
verronnen	2500
verrosten	2500
verrühren	2500
verrufen	2500
verrutschen	2500
verrutscht	2500
versa	2500
versäumen	2500
versagt	2500
versalzen	2500
versalzt	2500
versandbereit	2500
versanden	2500
versandfertig	2500
versandkostenfrei	2500
versandt	2500
versauen	2500
versauern	2500
verschämt	2500
verschärft	2500
verschätzen	2500
verschachern	2500
verschachteln	2500
verschachtelt	2500
verschaffen	2500
verschandeln	2500
verschanzen	2500
verscharren	2500
verschaukeln	2500
verschaukelt	2500
verscheibungspflichtig	2500
verschenken	2500
verscherbeln	2500
verscherzen	2500
verscheuchen	2500
verscheuern	2500
verschieden	2500
verschiedenartig	2500
verschiedenerlei	2500
verschiedenfarbig	2500
verschimmeln	2500
verschlafen	2500
verschlagen	2500
verschlampen	2500
verschleifen	2500
verschleißen	2500
verschließen	2500
verschliss	2500
verschlissen	2500
verschlossen	2500
verschlucken	2500
verschlungen	2500
verschmachten	2500
verschmerzen	2500
verschmieren	2500
verschmitzt	2500
verschmolzen	2500
verschnauft	2500
verschneit	2500
verschnitten	2500
verschnüren	2500
verschnupfen	2500
verschoben	2500
verschollen	2500
verschossen	2500
verschrecken	2500
verschrieben	2500
verschrien	2500
verschroben	2500
verschrumpeln	2500
verschütten	2500
verschwägert	2500
verschweißen	2500
verschwenderisch	2500
verschwiegen	2500
verschwistert	2500
verschwitzen	2500
verschwörerisch	2500
verschwollen	2500
verschwommen	2500
verschworen	2500
verschwunden	2500
versehen	2500
versehentlich	2500
versehren	2500
versengen	2500
versessen	2500
versetzungswirksam	2500
verseucht	2500
versicherungsmathematisch	2500
versicherungspflichtig	2500
versicherungstechnisch	2500
versickern	2500
versiegen	2500
versiert	2500
versnobt	2500
versöhnlich	2500
versoffen	2500
versohlen	2500
versonnen	2500
verspeist	2500
verspekulieren	2500
versperren	2500
verspielen	2500
verspinnen	2500
versponnen	2500
versprengen	2500
verspritzen	2500
versprochen	2500
versprühen	2500
verspüren	2500
verstädtert	2500
verständig	2500
verständlich	2500
verständlicherweise	2500
verständnisinnig	2500
verständnislos	2500
verständnisvoll	2500
verstanden	2500
verstauben	2500
verstauen	2500
verstecken	2500
versteckt	2500
versteuert	2500
verstiegen	2500
verstören	2500
verstocken	2500
verstohlen	2500
verstorben	2500
verstrahlt	2500
verstrichen	2500
verstrickt	2500
verstümmelt	2500
verstummen	2500
versündigt	2500
versüßen	2500
versuchen	2500
versuchsweise	2500
versumpfen	2500
versunken	2500
versus	2500
vertäuen	2500
vertat	2500
verteidigungspolitisch	2500
verteufeln	2500
verticken	2500
vertikal	2500
vertippt	2500
verträglich	2500
verträumen	2500
vertrackt	2500
vertraglich	2500
vertragsbrüchig	2500
vertragschließend	2500
vertragsgemäß	2500
vertragslos	2500
vertragsmäßig	2500
vertragstreu	2500
vertragswidrig	2500
vertrank	2500
vertrauenerweckend	2500
vertrauensbildend	2500
vertrauensselig	2500
vertrauensvoll	2500
vertrauenswürdig	2500
vertrauert	2500
vertraut	2500
vertretungsberechtigt	2500
vertrieben	2500
vertrödeln	2500
vertrösten	2500
vertrocknen	2500
vertrotteln	2500
vertrunken	2500
vertun	2500
verübeln	2500
verüben	2500
verunglücken	2500
vervierfachen	2500
vervollkommne	2500
vervollkommnet	2500
verwählen	2500
verwässern	2500
verwackeln	2500
verwaisen	2500
verwaltungsintern	2500
verwaltungstechnisch	2500
verwandt	2500
verwandtschaftlich	2500
verwaschen	2500
verwegen	2500
verweilen	2500
verweint	2500
verwelken	2500
verwendungsfähig	2500
verwerflich	2500
verwertbar	2500
verweslich	2500
verwest	2500
verwetten	2500
verwiesen	2500
verwinkelt	2500
verwirken	2500
verwirtschaften	2500
verwitwen	2500
verwöhnt	2500
verwoben	2500
verworfen	2500
verworren	2500
verwundbar	2500
verwunderlich	2500
verwundet	2500
verwurstet	2500
verwurzelt	2500
verzählen	2500
verzagen	2500
verzanken	2500
verzapfen	2500
verzehnfachen	2500
verzehren	2500
verzeihlich	2500
verzetteln	2500
verzichtbar	2500
verzichten	2500
verziehen	2500
verzigfachen	2500
verzinken	2500
verzinnen	2500
verzinslich	2500
verzogen	2500
verzuckern	2500
verzwickt	2500
verzwirbeln	2500
vespern	2500
vgl.	2500
via	2500
vibrieren	2500
vice	2500
viehisch	2500
vieladerig	2500
vielbefahren	2500
vieldeutig	2500
vielerlei	2500
vielerorts	2500
vielfältig	2500
vielfach	2500
vielfarbig	2500
vielgestaltig	2500
vieljährig	2500
vielmalig	2500
vielmals	2500
vielmehr	2500
vielsagend	2500
vielschichtig	2500
vielseitig	2500
vielsilbig	2500
vielstimmig	2500
vielversprechend	2500
vielzellig	2500
vieraderig	2500
vierbeinig	2500
vierblätterig	2500
vierdimensional	2500
viereckig	2500
viereinhalb	2500
vierfach	2500
vierfarbig	2500
vierfüßig	2500
viergeschossig	2500
vierhändig	2500
vierhundert	2500
vierjährig	2500
vierkantig	2500
vierköpfig	2500
viermal	2500
viermalig	2500
vierminütig	2500
viermonatig	2500
viermotorig	2500
vierpolig	2500
vierräderig	2500
viersätzig	2500
vierschrötig	2500
vierseitig	2500
viersilbig	2500
vierspännig	2500
vierspurig	2500
vierstellig	2500
vierstöckig	2500
vierstündig	2500
viert	2500
viertägig	2500
viertausend	2500
vierteilen	2500
vierteilig	2500
vierteljährig	2500
vierteljährlich	2500
viertelstündlich	2500
viertgrößte	2500
viertlängste	2500
viertstärkste	2500
vierundachtzig	2500
vierundachtzigste	2500
vierunddreißig	2500
vierunddreißigste	2500
vierundfünfzig	2500
vierundfünfzigste	2500
vierundneunzig	2500
vierundneunzigste	2500
vierundsechzig	2500
vierundsechzigste	2500
vierundsiebzig	2500
vierundsiebzigste	2500
vierundvierzig	2500
vierundvierzigste	2500
vierundzwanzig	2500
vierundzwanzigste	2500
vierwöchig	2500
vierzehn	2500
vierzehntägig	2500
vierzehnte	2500
vierzig	2500
vierzigjährig	2500
vierzigste	2500
viktorianisch	2500
violett	2500
virtuell	2500
virtuos	2500
virulent	2500
visieren	2500
visitieren	2500
visuell	2500
visumspflichtig	2500
vital	2500
vitaminarm	2500
vitaminhaltig	2500
vitaminisieren	2500
vitaminreich	2500
vivendi	2500
vögeln	2500
völkerrechtlich	2500
völkerrechtswidrig	2500
völkisch	2500
völlig	2500
vogelähnlich	2500
vogelfrei	2500
voilà	2500
volatil	2500
volkreich	2500
volksetymologisch	2500
volkstümlich	2500
volksverdummte	2500
volksverhetzend	2500
volkswirtschaftlich	2500
vollamtlich	2500
vollauf	2500
vollautomatisch	2500
vollautomatisiert	2500
vollbeschäftigt	2500
vollbesetzt	2500
vollblütig	2500
vollbracht	2500
vollbrachte	2500
vollbringen	2500
vollbusig	2500
vollenden	2500
vollends	2500
vollfinanziert	2500
vollführen	2500
vollgefüllt	2500
vollgelaufen	2500
vollgepfropft	2500
vollgepisst	2500
vollgeschrieben	2500
vollgespritzt	2500
vollgetankt	2500
vollgültig	2500
volljährig	2500
vollkommen	2500
vollläuft	2500
volllaufen	2500
vollmundig	2500
vollpissen	2500
vollschlank	2500
vollspritzen	2500
vollständig	2500
vollstrecken	2500
vollsynthetisch	2500
vollwertig	2500
vollzählig	2500
vollziehen	2500
vollzogen	2500
volumenbasiert	2500
voluminös	2500
voneinander	2500
vonnöten	2500
vonseiten	2500
vonstatten	2500
vorahnen	2500
voran	2500
voranbringen	2500
vorangebracht	2500
vorangegangen	2500
vorangehen	2500
vorangekommen	2500
vorangeschritten	2500
vorangestellt	2500
vorangetrieben	2500
vorangewählt	2500
vorankommen	2500
voranschreiten	2500
voranstehen	2500
voranstellen	2500
vorantreiben	2500
vorantrieb	2500
voranzubringen	2500
voranzugehen	2500
voranzukommen	2500
voranzutreiben	2500
vorarbeiten	2500
voraus	2500
vorausbedingt	2500
vorausberechenbar	2500
vorausberechnen	2500
vorausbestellen	2500
vorausbezahlen	2500
vorausblicken	2500
vorausdatieren	2500
vorausdenken	2500
vorauseilen	2500
vorausgeahnt	2500
vorausgedacht	2500
vorausgeeilt	2500
vorausgegangen	2500
vorausgehen	2500
vorausgesagt	2500
vorausgeschätzt	2500
vorausgeschickt	2500
vorausgesehen	2500
vorausgesetzt	2500
vorausgewählt	2500
vorausging	2500
vorausläuft	2500
vorauslaufen	2500
vorauslief	2500
vorausplanen	2500
voraussagen	2500
voraussah	2500
vorausschauen	2500
vorausschicken	2500
voraussehen	2500
voraussetzungslos	2500
voraussichtlich	2500
vorauszuahnen	2500
vorauszuberechnen	2500
vorauszusagen	2500
vorauszusehen	2500
vorbedruckt	2500
vorbehältst	2500
vorbehalten	2500
vorbehaltlich	2500
vorbehaltlos	2500
vorbei	2500
vorbeibringen	2500
vorbeifährt	2500
vorbeifahren	2500
vorbeiflimmernd	2500
vorbeiführen	2500
vorbeigebracht	2500
vorbeigefahren	2500
vorbeigegangen	2500
vorbeigehen	2500
vorbeigekommen	2500
vorbeigeredet	2500
vorbeigeschoben	2500
vorbeigeschossen	2500
vorbeiging	2500
vorbeihuschen	2500
vorbeikämen	2500
vorbeikommen	2500
vorbeilassen	2500
vorbeileben	2500
vorbeimarschieren	2500
vorbeirannte	2500
vorbeireden	2500
vorbeirennen	2500
vorbeischauen	2500
vorbeischicken	2500
vorbeischießen	2500
vorbeischmuggeln	2500
vorbeiziehen	2500
vorbeizog	2500
vorbeizukommen	2500
vorbeizumanövrieren	2500
vorbeizuziehen	2500
vorbelastet	2500
vorbelegen	2500
vorbenannt	2500
vorbereiten	2500
vorbereitet	2500
vorberuflich	2500
vorbesetzt	2500
vorbespielen	2500
vorbestellen	2500
vorbestimmt	2500
vorbestraft	2500
vorbeugen	2500
vorbildhaft	2500
vorbildlich	2500
vorbrachte	2500
vorbringen	2500
vorbuchstabieren	2500
vordatieren	2500
vordefinieren	2500
vordem	2500
vordere	2500
vordergründig	2500
vorderste	2500
vordrängen	2500
vordrang	2500
vordringen	2500
vordringlich	2500
vordrücken	2500
vorehelich	2500
voreilig	2500
voreinander	2500
voreingenommen	2500
voreingestellt	2500
voreinstellen	2500
vorenthältst	2500
vorenthalten	2500
vorentscheiden	2500
vorerst	2500
vorerwähnt	2500
vorexerzieren	2500
vorfabrizieren	2500
vorfahren	2500
vorfand	2500
vorfinden	2500
vorformatieren	2500
vorführen	2500
vorgab	2500
vorgaukeln	2500
vorgeahnt	2500
vorgearbeitet	2500
vorgebaut	2500
vorgeben	2500
vorgebetet	2500
vorgebeugt	2500
vorgebildet	2500
vorgeblich	2500
vorgebracht	2500
vorgeburtlich	2500
vorgedrängt	2500
vorgedruckt	2500
vorgedrungen	2500
vorgefahren	2500
vorgefallen	2500
vorgefasst	2500
vorgefertigt	2500
vorgeformt	2500
vorgeführt	2500
vorgefunden	2500
vorgegangen	2500
vorgegaukelt	2500
vorgegeben	2500
vorgegriffen	2500
vorgehabt	2500
vorgehalten	2500
vorgeheizt	2500
vorgehen	2500
vorgeherrscht	2500
vorgekaut	2500
vorgekommen	2500
vorgeladen	2500
vorgelagert	2500
vorgelassen	2500
vorgelegen	2500
vorgelegt	2500
vorgelesen	2500
vorgelogen	2500
vorgemacht	2500
vorgemerkt	2500
vorgenannt	2500
vorgenommen	2500
vorgeprescht	2500
vorgerechnet	2500
vorgeredet	2500
vorgerichtet	2500
vorgerückt	2500
vorgesagt	2500
vorgeschaltet	2500
vorgeschichtlich	2500
vorgeschlagen	2500
vorgeschoben	2500
vorgeschossen	2500
vorgeschrieben	2500
vorgeschützt	2500
vorgeschwärmt	2500
vorgeschwindelt	2500
vorgesehen	2500
vorgesetzt	2500
vorgesorgt	2500
vorgespannt	2500
vorgespiegelt	2500
vorgespielt	2500
vorgesprochen	2500
vorgestanden	2500
vorgesteckt	2500
vorgestellt	2500
vorgestern	2500
vorgestoßen	2500
vorgestreckt	2500
vorgestrig	2500
vorgestürmt	2500
vorgesungen	2500
vorgetäuscht	2500
vorgetanzt	2500
vorgetragen	2500
vorgetreten	2500
vorgewählt	2500
vorgewärmt	2500
vorgewiesen	2500
vorgeworfen	2500
vorgezeichnet	2500
vorgezeigt	2500
vorgezogen	2500
vorgibt	2500
vorging	2500
vorgreifen	2500
vorgriff	2500
vorhältst	2500
vorhalten	2500
vorhanden	2500
vorhat	2500
vorhatte	2500
vorheizen	2500
vorher	2500
vorherbestellen	2500
vorhergegangen	2500
vorhergehen	2500
vorhergesagt	2500
vorhergesehen	2500
vorherig	2500
vorherrschen	2500
vorhersagen	2500
vorherzusagen	2500
vorherzusehen	2500
vorhin	2500
vorholen	2500
vorig	2500
vorindustriell	2500
vorinitialisieren	2500
vorinstalliert	2500
vorjährig	2500
vorkämen	2500
vorkam	2500
vorkauen	2500
vorknöpfen	2500
vorkonfigurieren	2500
vorl.	2500
vorlädt	2500
vorlägen	2500
vorläufig	2500
vorläuft	2500
vorladen	2500
vorlag	2500
vorlas	2500
vorlassen	2500
vorlaufen	2500
vorlaut	2500
vorleben	2500
vorlegen	2500
vorlesen	2500
vorlesungsfrei	2500
vorletzte	2500
vorlieb	2500
vorlief	2500
vorliest	2500
vorlügen	2500
vorm	2500
vorm.	2500
vormachen	2500
vormalig	2500
vormals	2500
vormenschlich	2500
vormerken	2500
vormittäglich	2500
vormittags	2500
vormodern	2500
vormontieren	2500
vormundschaftlich	2500
vorn	2500
vornahm	2500
vornehm	2500
vorneweg	2500
vornherein	2500
vornimmt	2500
vornüber	2500
vornweg	2500
vorolympisch	2500
vorperforieren	2500
vorprellen	2500
vorpreschen	2500
vorproduzieren	2500
vorprogrammieren	2500
vorrätig	2500
vorrangig	2500
vorrechnen	2500
vorrechtlich	2500
vorrichten	2500
vorrücken	2500
vorsätzlich	2500
vorsah	2500
vorschalten	2500
vorschieben	2500
vorschießen	2500
vorschlägt	2500
vorschlagen	2500
vorschlug	2500
vorschnell	2500
vorschreiben	2500
vorschriftsgemäß	2500
vorschriftsmäßig	2500
vorschriftswidrig	2500
vorschützen	2500
vorschwärmen	2500
vorschweben	2500
vorschwindeln	2500
vorsetzen	2500
vorsichtig	2500
vorsichtshalber	2500
vorsieht	2500
vorsingen	2500
vorsintflutlich	2500
vorsitzen	2500
vorsorgen	2500
vorsorglich	2500
vorspalten	2500
vorspannen	2500
vorspiegeln	2500
vorspielen	2500
vorsprach	2500
vorsprechen	2500
vorspricht	2500
vorspringen	2500
vorspulen	2500
vorstädtisch	2500
vorstehen	2500
vorstellbar	2500
vorstellen	2500
vorstellig	2500
vorstoßen	2500
vorstrecken	2500
vorstürmen	2500
vortäuschen	2500
vorteilhaft	2500
vortippen	2500
vorträgt	2500
vortragen	2500
vortrefflich	2500
vortreten	2500
vortrug	2500
vorüber	2500
vorübergehen	2500
vorüberziehen	2500
vorurteilsfrei	2500
vorurteilslos	2500
vorvergangen	2500
vorverkauft	2500
vorverlegen	2500
vorverstärken	2500
vorvorgestern	2500
vorvorig	2500
vorwählen	2500
vorwärmen	2500
vorwärts	2500
vorwarf	2500
vorweg	2500
vorweggenommen	2500
vorwegnahm	2500
vorwegnehmen	2500
vorwegnimmt	2500
vorwegzunehmen	2500
vorweisen	2500
vorwerfen	2500
vorwiegend	2500
vorwirft	2500
vorwurfsvoll	2500
vorzeichenrichtig	2500
vorzeigen	2500
vorzeiten	2500
vorzeitig	2500
vorzeitlich	2500
vorziehen	2500
vorzog	2500
vorzüglich	2500
vorzubereiten	2500
vorzubesetzen	2500
vorzubeten	2500
vorzubeugen	2500
vorzubringen	2500
vorzudringen	2500
vorzuenthalten	2500
vorzufinden	2500
vorzuführen	2500
vorzugaukeln	2500
vorzugeben	2500
vorzugehen	2500
vorzugsweise	2500
vorzulegen	2500
vorzulesen	2500
vorzuliegen	2500
vorzumerken	2500
vorzunehmen	2500
vorzurechnen	2500
vorzurücken	2500
vorzuschieben	2500
vorzuschlagen	2500
vorzuschreiben	2500
vorzusehen	2500
vorzusorgen	2500
vorzuspielen	2500
vorzusprechen	2500
vorzuspulen	2500
vorzustellen	2500
vorzustoßen	2500
vorzutäuschen	2500
vorzutragen	2500
vorzuweisen	2500
vorzuwerfen	2500
vorzuzeigen	2500
vorzuziehen	2500
votieren	2500
vs.	2500
vulgär	2500
vulkanisch	2500
wächst	2500
wägbar	2500
wählbar	2500
wählerisch	2500
wählfähig	2500
wähnen	2500
währen	2500
währungspolitisch	2500
wälzen	2500
wären	2500
wärmebeständig	2500
wärmedämmenden	2500
wärmen	2500
wärmer	2500
wärmetechnisch	2500
wärmste	2500
wäscht	2500
wässerig	2500
waagerecht	2500
waagrecht	2500
wabblig	2500
wachen	2500
wachgerüttelt	2500
wachgerufen	2500
wachrütteln	2500
wachrufen	2500
wachsähnlich	2500
wachsam	2500
wachsartig	2500
wachsweich	2500
wackeln	2500
wacker	2500
wacklig	2500
waffenfähig	2500
waffenlos	2500
waffnen	2500
wagemutig	2500
waghalsig	2500
wahlberechtigt	2500
wahlentscheidend	2500
wahlfähig	2500
wahlfrei	2500
wahllos	2500
wahlweise	2500
wahnsinnig	2500
wahnwitzig	2500
wahrgehabt	2500
wahrgenommen	2500
wahrgesagt	2500
wahrhaben	2500
wahrhaft	2500
wahrhaftig	2500
wahrheitsgemäß	2500
wahrheitsgetreu	2500
wahrheitsliebend	2500
wahrheitswidrig	2500
wahrnahm	2500
wahrnehmbar	2500
wahrnimmt	2500
wahrsagen	2500
wahrscheinlich	2500
wahrscheinlichkeitstheoretisch	2500
wahrzunehmen	2500
waldärmer	2500
waldärmste	2500
waldarm	2500
waldbedeckt	2500
waldig	2500
waldreich	2500
walken	2500
wallfahren	2500
wallgefahren	2500
wallonisch	2500
walten	2500
walzenförmig	2500
wandelbar	2500
wandlungsfähig	2500
wandte	2500
wankelmütig	2500
wanken	2500
wappnen	2500
warb	2500
ward	2500
warf	2500
warmgehalten	2500
warmhältst	2500
warmhalten	2500
warmherzig	2500
wartungsarm	2500
wartungsfrei	2500
wartungsfreundlich	2500
warzig	2500
waschecht	2500
wasserärmer	2500
wasserärmste	2500
wasserabstoßend	2500
wasserarm	2500
wasserbeständig	2500
wasserdampfgesättigt	2500
wasserdicht	2500
wasserfest	2500
wasserhaltig	2500
wasserlöslich	2500
wassern	2500
wasserreich	2500
wasserscheu	2500
wasserstoffhaltig	2500
wassersüchtig	2500
waten	2500
watscheln	2500
wattieren	2500
webbasiert	2500
weben	2500
wechselfähig	2500
wechselfeucht	2500
wechselhaft	2500
wechseln	2500
wechselseitig	2500
wechselvoll	2500
wechselweise	2500
wechselwirken	2500
wecken	2500
wedeln	2500
weder	2500
wegbeförderte	2500
wegbekommen	2500
wegbereiten	2500
wegbewegen	2500
wegbläst	2500
wegblasen	2500
wegbleiben	2500
wegblicken	2500
wegbrach	2500
wegbrechen	2500
wegbricht	2500
wegbringen	2500
wegdiskutieren	2500
wegfährt	2500
wegfahren	2500
wegfallen	2500
wegfangen	2500
wegfegen	2500
wegfiel	2500
wegfischen	2500
wegföhnen	2500
wegführen	2500
weggeben	2500
weggeblasen	2500
weggeblickt	2500
weggeblieben	2500
weggebracht	2500
weggebrochen	2500
weggedrückt	2500
weggefahren	2500
weggefallen	2500
weggefangen	2500
weggefegt	2500
weggefischt	2500
weggeführt	2500
weggegangen	2500
weggegeben	2500
weggegessen	2500
weggehen	2500
weggeholt	2500
weggejagt	2500
weggekommen	2500
weggelassen	2500
weggelaufen	2500
weggelegt	2500
weggemacht	2500
weggemittelt	2500
weggemusst	2500
weggenommen	2500
weggepackt	2500
weggeputzt	2500
weggeräumt	2500
weggerafft	2500
weggeredet	2500
weggereist	2500
weggerissen	2500
weggerückt	2500
weggeschafft	2500
weggeschaltet	2500
weggeschaut	2500
weggeschert	2500
weggeschickt	2500
weggeschleppt	2500
weggeschlichen	2500
weggeschliffen	2500
weggeschlossen	2500
weggeschmissen	2500
weggeschnappt	2500
weggeschnitten	2500
weggeschoben	2500
weggeschrieben	2500
weggesehen	2500
weggesetzt	2500
weggesprengt	2500
weggestellt	2500
weggestorben	2500
weggestrichen	2500
weggetan	2500
weggetragen	2500
weggetreten	2500
weggewendet	2500
weggewischt	2500
weggeworfen	2500
weggezaubert	2500
weggezogen	2500
wegging	2500
weghältst	2500
weghalten	2500
weghelfen	2500
wegholen	2500
wegjagen	2500
wegkommen	2500
weglassen	2500
weglaufen	2500
weglegen	2500
wegmachen	2500
wegmüssen	2500
wegnehmen	2500
wegnimmt	2500
wegpacken	2500
wegputzen	2500
wegräumen	2500
wegraffen	2500
wegrationalisieren	2500
wegreden	2500
wegreißen	2500
wegreisen	2500
wegretuschieren	2500
wegrücken	2500
wegrutschen	2500
wegschaffen	2500
wegschauen	2500
wegscheren	2500
wegschicken	2500
wegschieben	2500
wegschleichen	2500
wegschleppen	2500
wegschlich	2500
wegschließen	2500
wegschloss	2500
wegschmeißen	2500
wegschnappen	2500
wegschneiden	2500
wegschob	2500
wegschreiben	2500
wegsehen	2500
wegsetzen	2500
wegspeichern	2500
wegstellen	2500
wegsterben	2500
wegstreichen	2500
wegtragen	2500
wegtreten	2500
wegtuend	2500
wegtun	2500
wegweisen	2500
wegwenden	2500
wegwerfen	2500
wegwischen	2500
wegzaubern	2500
wegziehen	2500
wegzublasen	2500
wegzubrennen	2500
wegzudenken	2500
wegzudiskutieren	2500
wegzufahren	2500
wegzufegen	2500
wegzugeben	2500
wegzugehen	2500
wegzulassen	2500
wegzulaufen	2500
wegzunehmen	2500
wegzurationalisieren	2500
wegzuschauen	2500
wegzutragen	2500
wegzuziehen	2500
wehen	2500
wehklagen	2500
wehleidig	2500
wehmütig	2500
wehren	2500
wehrfähig	2500
wehrhaft	2500
wehrlos	2500
wehrpflichtig	2500
wehtun	2500
weibchenhaft	2500
weiblich	2500
weichen	2500
weichgelötet	2500
weichgezeichnet	2500
weichherzig	2500
weichlich	2500
weichlöten	2500
weichzeichnen	2500
weidgerecht	2500
weidlich	2500
weidmännisch	2500
weihen	2500
weihevoll	2500
weihnachten	2500
weihnachtlich	2500
weiland	2500
weilen	2500
weinen	2500
weinerlich	2500
weinrot	2500
weißgelb	2500
weißgewaschen	2500
weißgrau	2500
weißhäutig	2500
weißhaarig	2500
weißrussisch	2500
weißt	2500
weißwaschen	2500
weisgemacht	2500
weisgesagt	2500
weislich	2500
weismachen	2500
weisungsgemäß	2500
weiszumachen	2500
weitab	2500
weitaus	2500
weitblickend	2500
weiten	2500
weiterarbeiten	2500
weiterausgebaut	2500
weiterbearbeitet	2500
weiterbefördern	2500
weiterbelastet	2500
weiterbestanden	2500
weiterbestehen	2500
weiterbewegen	2500
weiterbilden	2500
weiterblättern	2500
weiterbringen	2500
weiterdifferenziert	2500
weiterdrucken	2500
weiterempfahl	2500
weiterempfehlen	2500
weiterempfiehlt	2500
weiterempfohlen	2500
weiterentwickeln	2500
weitererzählen	2500
weiterfährt	2500
weiterfahren	2500
weiterfliegen	2500
weiterfließen	2500
weiterführen	2500
weitergab	2500
weitergearbeitet	2500
weitergeben	2500
weitergebracht	2500
weitergedruckt	2500
weitergefahren	2500
weitergeflogen	2500
weitergeführt	2500
weitergegangen	2500
weitergegeben	2500
weitergehen	2500
weitergekommen	2500
weitergelaufen	2500
weitergelebt	2500
weitergeleitet	2500
weitergemacht	2500
weitergereicht	2500
weitergesagt	2500
weitergeschoben	2500
weitergesendet	2500
weitergespielt	2500
weitergesponnen	2500
weitergestrickt	2500
weitergetragen	2500
weitergewusst	2500
weitergibt	2500
weiterging	2500
weiterhelfen	2500
weiterhilft	2500
weiterhin	2500
weiterkönnen	2500
weiterkommen	2500
weiterlaufen	2500
weiterleben	2500
weiterleiten	2500
weitermachen	2500
weiterreden	2500
weiterregieren	2500
weiterreichen	2500
weiterreisen	2500
weitersagen	2500
weitersehen	2500
weiterspielen	2500
weiterspinnen	2500
weiterspringen	2500
weitersuchen	2500
weitertragen	2500
weiterverarbeiten	2500
weiterverbreiten	2500
weiterverfolgen	2500
weiterverkaufen	2500
weiterversichert	2500
weiterversucht	2500
weiterverweisen	2500
weiterverwenden	2500
weiterverwiesen	2500
weiterwachsen	2500
weiterweißt	2500
weiterwissen	2500
weiterwusste	2500
weiterziehen	2500
weiterzog	2500
weiterzuarbeiten	2500
weiterzubearbeiten	2500
weiterzubilden	2500
weiterzuentwickeln	2500
weiterzuführen	2500
weiterzugeben	2500
weiterzulaufen	2500
weiterzuleiten	2500
weiterzumachen	2500
weiterzunutzen	2500
weiterzureden	2500
weiterzureisen	2500
weiterzurüsten	2500
weiterzuschicken	2500
weiterzuschreiben	2500
weiterzuspielen	2500
weiterzusuchen	2500
weiterzuverfolgen	2500
weitestgehend	2500
weitflächig	2500
weitgehend	2500
weitgereist	2500
weitgreifend	2500
weither	2500
weitherzig	2500
weithin	2500
weitläufig	2500
weitmaschig	2500
weiträumig	2500
weitreichend	2500
weitschweifig	2500
weitsichtig	2500
weittragend	2500
weitverzweigt	2500
welch	2500
welk	2500
welken	2500
wellenartig	2500
wellenförmig	2500
wellig	2500
weltabgeschieden	2500
weltabgewandt	2500
weltanschaulich	2500
weltbeherrschend	2500
weltbekannt	2500
weltberühmt	2500
weltbeste	2500
weltbewegend	2500
welterfahren	2500
welterschütternd	2500
weltfremd	2500
weltgeschichtlich	2500
weltgewandt	2500
weltgrößte	2500
weltklug	2500
weltläufig	2500
weltlich	2500
weltmännisch	2500
weltoffen	2500
weltpolitisch	2500
weltumfassend	2500
weltumkrempelnd	2500
weltumspannend	2500
weltweit	2500
weltwirtschaftlich	2500
wendig	2500
wenigst	2500
wenngleich	2500
wennschon	2500
werbefinanziert	2500
werbefrei	2500
werbemäßig	2500
werbewirksam	2500
werblich	2500
werfen	2500
werkeln	2500
werken	2500
werksseitig	2500
werktätig	2500
werktags	2500
werkvertraglich	2500
wertbeständig	2500
werten	2500
werterhaltend	2500
wertfrei	2500
wertgeschätzt	2500
wertlos	2500
wertmäßig	2500
wertneutral	2500
wertschätzen	2500
wertvoll	2500
wertzuschätzen	2500
wesenlos	2500
wesensfremd	2500
wesensgleich	2500
wesentlich	2500
weshalb	2500
westafrikanisch	2500
westantarktisch	2500
westdeutsch	2500
westeuropäisch	2500
westfälisch	2500
westlich	2500
westwärts	2500
weswegen	2500
wettbewerblich	2500
wettbewerbsfähig	2500
wettbewerbsneutral	2500
wettbewerbsorientiert	2500
wettbewerbsrechtlich	2500
wettbewerbswidrig	2500
wetteifern	2500
wetten	2500
wetterbestimmend	2500
wetterfest	2500
wetterfühlig	2500
wettergegerbt	2500
wetterhärter	2500
wetterhärteste	2500
wetterhart	2500
wettern	2500
wetterwendisch	2500
wettgeeifert	2500
wettgemacht	2500
wettmachen	2500
wettrüsten	2500
wetzen	2500
wg.	2500
wich	2500
wichtiggemacht	2500
wichtigmachen	2500
wider	2500
widerborstig	2500
widerfährt	2500
widerfahren	2500
widerfuhr	2500
widergehallt	2500
widergespiegelt	2500
widerhallen	2500
widerlegbar	2500
widerlegt	2500
widerlich	2500
widern	2500
widernatürlich	2500
widerrätst	2500
widerraten	2500
widerrechtlich	2500
widerrief	2500
widerriet	2500
widerrufen	2500
widerruflich	2500
widersetzen	2500
widersetzlich	2500
widersinnig	2500
widerspenstig	2500
widerspräche	2500
widersprach	2500
widersprechen	2500
widerspricht	2500
widersprochen	2500
widersprüchlich	2500
widerspruchsfrei	2500
widerspruchslos	2500
widerspruchsvoll	2500
widerstandsfähig	2500
widerstandslos	2500
widerstehen	2500
widerstreben	2500
widerstrebend	2500
widerstreiten	2500
widerwärtig	2500
widerwillig	2500
widerzuspiegeln	2500
widrig	2500
widrigenfalls	2500
wiederangeknüpft	2500
wiederangestellt	2500
wiederanknüpfen	2500
wiederanstellen	2500
wiederaufbereiten	2500
wiederauferstand	2500
wiederauferstanden	2500
wiederauferstehen	2500
wiederaufgebaut	2500
wiederaufgeblüht	2500
wiederaufgekommen	2500
wiederaufgelebt	2500
wiederaufgenommen	2500
wiederaufgetreten	2500
wiederaufkommen	2500
wiederaufladen	2500
wiederaufleben	2500
wiederaufnehmen	2500
wiederauftreten	2500
wiederbekommen	2500
wiederbeleben	2500
wiederbeschaffen	2500
wiederbewaffnen	2500
wiederbringen	2500
wiedereinbringen	2500
wiedereinfinden	2500
wiedereinführen	2500
wiedereingebracht	2500
wiedereingeführt	2500
wiedereingefunden	2500
wiedereingelöst	2500
wiedereingenommen	2500
wiedereingesetzt	2500
wiedereingestellt	2500
wiedereingliedern	2500
wiedereinlösen	2500
wiedereinmal	2500
wiedereinnehmen	2500
wiedereinsetzen	2500
wiedereinstellen	2500
wiederergreifen	2500
wiederergriffen	2500
wiedererkannt	2500
wiedererkennen	2500
wiedererlangen	2500
wiedererstatten	2500
wiedererstehen	2500
wiedererzählen	2500
wiederfand	2500
wiederfinden	2500
wiedergab	2500
wiedergeben	2500
wiedergebracht	2500
wiedergefunden	2500
wiedergegeben	2500
wiedergekäut	2500
wiedergekehrt	2500
wiedergekommen	2500
wiedergenesen	2500
wiedergesehen	2500
wiedergewählt	2500
wiedergewinnen	2500
wiedergewonnen	2500
wiedergibt	2500
wiedergutgemacht	2500
wiedergutzumachen	2500
wiederhergestellt	2500
wiederherstellbar	2500
wiederherstellen	2500
wiederherzustellen	2500
wiederkäuen	2500
wiederkehren	2500
wiederkommen	2500
wiederkriegen	2500
wiedermal	2500
wiedersehen	2500
wiedertreffen	2500
wiederum	2500
wiedervereinigen	2500
wiedervereint	2500
wiederverheiraten	2500
wiederverwenden	2500
wiederwählen	2500
wiederzubeleben	2500
wiederzuerkennen	2500
wiederzuerlangen	2500
wiederzufinden	2500
wiederzugeben	2500
wiederzugelassen	2500
wiederzuholen	2500
wiederzukommen	2500
wiederzulassen	2500
wiederzusehen	2500
wiederzuvereinigen	2500
wiederzuverwenden	2500
wiegeln	2500
wiehern	2500
wienerisch	2500
wienern	2500
wies	2500
wieselflink	2500
wieso	2500
wievielerlei	2500
wievielt	2500
wieweit	2500
wildern	2500
wildfremd	2500
wildledern	2500
willen	2500
willenlos	2500
willensschwächer	2500
willensschwächste	2500
willensschwach	2500
willensstärker	2500
willensstärkste	2500
willensstark	2500
willentlich	2500
willig	2500
willigen	2500
willkommen	2500
willkürlich	2500
wimmeln	2500
wimmern	2500
windelweich	2500
windgeschützt	2500
windig	2500
windreich	2500
windschief	2500
windschlüpfig	2500
windschnittig	2500
windstill	2500
winkelförmig	2500
winken	2500
winklig	2500
winseln	2500
winterfest	2500
winterlich	2500
winzig	2500
wippen	2500
wirbellos	2500
wirbeln	2500
wirbt	2500
wirft	2500
wirklichkeitsfremd	2500
wirklichkeitsgetreu	2500
wirklichkeitsnächste	2500
wirklichkeitsnäher	2500
wirklichkeitsnah	2500
wirksam	2500
wirkungslos	2500
wirkungsvoll	2500
wirr	2500
wirtlich	2500
wirtschaften	2500
wirtschaftlich	2500
wirtschaftspolitisch	2500
wirtschaftssoziologisch	2500
wischen	2500
wischfest	2500
wispern	2500
wissbegierig	2500
wissend	2500
wissensbasiert	2500
wissenschaftlich	2500
wissenschaftstheoretisch	2500
wissenswert	2500
wissentlich	2500
witterungsbeständig	2500
witzeln	2500
witzig	2500
wöchentlich	2500
wöge	2500
wörtlich	2500
woanders	2500
wobei	2500
wochenlang	2500
wochentags	2500
wochenweise	2500
wodurch	2500
wofern	2500
wofür	2500
wog	2500
wogegen	2500
woher	2500
woherum	2500
wohin	2500
wohinauf	2500
wohinaus	2500
wohinein	2500
wohingegen	2500
wohinter	2500
wohinunter	2500
wohlangebracht	2500
wohlanständig	2500
wohlauf	2500
wohlbehalten	2500
wohlbeleibt	2500
wohlbetucht	2500
wohldefiniert	2500
wohldosiert	2500
wohlerwogen	2500
wohlerzogen	2500
wohlfeil	2500
wohlfühlen	2500
wohlgefällig	2500
wohlgefühlt	2500
wohlgemerkt	2500
wohlgemut	2500
wohlgenährt	2500
wohlgeordnet	2500
wohlgeplant	2500
wohlgeraten	2500
wohlgesinnt	2500
wohlgesittet	2500
wohlgesonnen	2500
wohlgestaltet	2500
wohlhabend	2500
wohlig	2500
wohlklingend	2500
wohlmeinend	2500
wohlorganisiert	2500
wohlriechend	2500
wohlschmeckend	2500
wohlsituiert	2500
wohltätig	2500
wohltemperiert	2500
wohltönend	2500
wohltuend	2500
wohltun	2500
wohlüberlegt	2500
wohlverdient	2500
wohlverstanden	2500
wohlweislich	2500
wohlwollend	2500
wohnhaft	2500
wohnlich	2500
wohnungslos	2500
wohnungspolitisch	2500
wohnungssuchend	2500
wolkenlos	2500
wolkig	2500
wollig	2500
wollüstig	2500
womit	2500
womöglich	2500
wonach	2500
wonnetrunken	2500
wonnig	2500
woran	2500
worauf	2500
woraufhin	2500
woraus	2500
worin	2500
wortärmer	2500
wortärmste	2500
wortarm	2500
wortbrüchig	2500
wortgetreu	2500
wortgewandt	2500
wortkarg	2500
wortlos	2500
wortreich	2500
wortweise	2500
wortwörtlich	2500
worüber	2500
worum	2500
worunter	2500
wovon	2500
wovor	2500
wozu	2500
wrang	2500
wringen	2500
wühlen	2500
wühlerisch	2500
wünschen	2500
wünschenswert	2500
würdevoll	2500
würdig	2500
würfelförmig	2500
würfeln	2500
würflig	2500
würgen	2500
württembergisch	2500
würzen	2500
würzig	2500
wüsste	2500
wüst	2500
wüstenhaft	2500
wüten	2500
wütend	2500
wucherhaft	2500
wucherisch	2500
wuchernd	2500
wuchten	2500
wuchtig	2500
wulstig	2500
wunderbar	2500
wunderbarerweise	2500
wundergenommen	2500
wunderhübsch	2500
wunderhübscheste	2500
wunderlich	2500
wundern	2500
wundernehmen	2500
wundersam	2500
wunderschön	2500
wundertätig	2500
wundervoll	2500
wunderzunehmen	2500
wundgelaufen	2500
wundgelegen	2500
wundläuft	2500
wundlag	2500
wundlaufen	2500
wundlief	2500
wundliegen	2500
wunschgemäß	2500
wunschlos	2500
wurmen	2500
wurmförmig	2500
wurmkrank	2500
wurmstichig	2500
wursteln	2500
wurstelnd	2500
wurstig	2500
wurzeln	2500
wusch	2500
wuseln	2500
wusste	2500
wutentbrannt	2500
wutschäumend	2500
wutschnaubend	2500
xenophob	2500
xerographieren	2500
zäh	2500
zähflüssig	2500
zählebig	2500
zähneknirschend	2500
zärtlich	2500
zackig	2500
zaghaft	2500
zahlenmäßig	2500
zahlentheoretisch	2500
zahllos	2500
zahlreich	2500
zahlungsfähig	2500
zahlungskräftig	2500
zahlungsunfähig	2500
zahlungsunwillig	2500
zahlungswillig	2500
zahm	2500
zahnärztlich	2500
zahnlos	2500
zahnmedizinisch	2500
zanken	2500
zanksüchtig	2500
zappeln	2500
zappenduster	2500
zapplig	2500
zart	2500
zartbesaitet	2500
zauberhaft	2500
zaubern	2500
zaudern	2500
zehnfach	2500
zehnjährig	2500
zehnmal	2500
zehnmalig	2500
zehnminütig	2500
zehnmonatig	2500
zehnprozentig	2500
zehnstündig	2500
zehnt	2500
zehntägig	2500
zehntausend	2500
zehntausender	2500
zehntels	2500
zehnwöchig	2500
zehren	2500
zeichengetreu	2500
zeichnerisch	2500
zeichnungsberechtigt	2500
zeigen	2500
zeilenweise	2500
zeitabhängig	2500
zeitanteilig	2500
zeitaufwändig	2500
zeitaufwendig	2500
zeitgemäß	2500
zeitgenössisch	2500
zeitgerecht	2500
zeitgeschichtlich	2500
zeitgesteuert	2500
zeitgleich	2500
zeitig	2500
zeitigen	2500
zeitintensiv	2500
zeitkritisch	2500
zeitlebens	2500
zeitlich	2500
zeitlos	2500
zeitnah	2500
zeitraubend	2500
zeitsparend	2500
zeitunabhängig	2500
zeitversetzt	2500
zeitweilig	2500
zeitweise	2500
zelebrieren	2500
zellenförmig	2500
zellstoffhaltig	2500
zellulär	2500
zellular	2500
zelten	2500
zensieren	2500
zentnerschwer	2500
zentralafrikanisch	2500
zentralamerikanisch	2500
zentralbeheizt	2500
zentralisiert	2500
zentralistisch	2500
zentrieren	2500
zentripetal	2500
zentrisch	2500
zentrumsnah	2500
zerbarst	2500
zerbeißen	2500
zerbersten	2500
zerbirst	2500
zerbiss	2500
zerbissen	2500
zerbomben	2500
zerborsten	2500
zerbrach	2500
zerbrechen	2500
zerbrechlich	2500
zerbricht	2500
zerbröckeln	2500
zerbrochen	2500
zerdeppern	2500
zerdrücken	2500
zerdrückt	2500
zeremoniös	2500
zerfällt	2500
zerfahren	2500
zerfallen	2500
zerfetzt	2500
zerfiel	2500
zerflattern	2500
zerfleddern	2500
zerfließen	2500
zerfloss	2500
zerflossen	2500
zerfressen	2500
zerfrisst	2500
zerfurchen	2500
zergangen	2500
zergehen	2500
zerging	2500
zergliedern	2500
zerhacken	2500
zerkauen	2500
zerkleinern	2500
zerklüftet	2500
zerknicken	2500
zerknickt	2500
zerknirscht	2500
zerknittern	2500
zerknittert	2500
zerknüllen	2500
zerkochen	2500
zerkratzen	2500
zerlässt	2500
zerlassen	2500
zerlesen	2500
zerließ	2500
zerlumpt	2500
zermahlen	2500
zermalmen	2500
zermartern	2500
zermürbend	2500
zernagen	2500
zerpflücken	2500
zerplatzen	2500
zerquetschen	2500
zerrann	2500
zerreden	2500
zerreiben	2500
zerrieb	2500
zerrieben	2500
zerrinnen	2500
zerriss	2500
zerrissen	2500
zerronnen	2500
zersägen	2500
zerschellen	2500
zerschießen	2500
zerschlägt	2500
zerschlug	2500
zerschmelzen	2500
zerschmilzt	2500
zerschmolz	2500
zerschmolzen	2500
zerschnitt	2500
zerschnitten	2500
zerschoss	2500
zerschossen	2500
zerschrammen	2500
zerschrammt	2500
zersetzender	2500
zerspanen	2500
zersprang	2500
zersprengen	2500
zerspringen	2500
zersprungen	2500
zerstäuben	2500
zerstach	2500
zerstampfen	2500
zerstechen	2500
zersticht	2500
zerstieben	2500
zerstieß	2500
zerstörbar	2500
zerstörerisch	2500
zerstört	2500
zerstörungsfrei	2500
zerstößt	2500
zerstochen	2500
zerstoßen	2500
zerstreiten	2500
zerstreut	2500
zerstritt	2500
zerstritten	2500
zertrampeln	2500
zertrat	2500
zertrittst	2500
zerwühlen	2500
zerwühlt	2500
zerzausen	2500
zerzaust	2500
zeta	2500
zetern	2500
zetteln	2500
zeugungsfähig	2500
zeugungsunfähig	2500
zickig	2500
ziegelrot	2500
ziehren	2500
zielbewusst	2500
zielen	2500
zielführend	2500
zielgenau	2500
zielgerichtet	2500
ziellos	2500
zielorientiert	2500
zielsicher	2500
zielstrebig	2500
ziemen	2500
ziemlich	2500
zieren	2500
zierlich	2500
ziffrig	2500
zigste	2500
zigtausend	2500
zimmerig	2500
zimmern	2500
zimperlich	2500
zinkig	2500
zinnern	2500
zinnfarben	2500
zinnrot	2500
zinsbringend	2500
zinsesverzinst	2500
zinsfrei	2500
zinsgünstig	2500
zinslos	2500
zinspflichtig	2500
zionistisch	2500
zirka	2500
zirkeln	2500
zirkulär	2500
zirkulieren	2500
zirpen	2500
zischeln	2500
zischen	2500
ziselieren	2500
zitterig	2500
zivildienstleistend	2500
zivilisatorisch	2500
zivilisieren	2500
zivilisiert	2500
zivilrechtlich	2500
zöge	2500
zögerlich	2500
zögernd	2500
zöllig	2500
zocken	2500
zog	2500
zollen	2500
zollfrei	2500
zollpflichtig	2500
zoologisch	2500
zoomen	2500
zopfig	2500
zornentbrannt	2500
zornfunkelnd	2500
zornig	2500
zotig	2500
zottig	2500
züchtig	2500
zücken	2500
zügellos	2500
zügig	2500
zündeln	2500
zündstoffgeladen	2500
zünftig	2500
züngeln	2500
zürnen	2500
zuallerallererst	2500
zuallerallerletzt	2500
zuallererst	2500
zuallerletzt	2500
zuallermeist	2500
zualleroberst	2500
zuallerunterst	2500
zuarbeiten	2500
zubauen	2500
zubeißen	2500
zubilligen	2500
zubinden	2500
zubiss	2500
zubleiben	2500
zublinzeln	2500
zubringen	2500
zuchtlos	2500
zuckerhaltig	2500
zuckerig	2500
zuckerkrank	2500
zuckern	2500
zuckersüß	2500
zudecken	2500
zudem	2500
zudrehen	2500
zudringlich	2500
zudrücken	2500
zudrucken	2500
zueignen	2500
zueinander	2500
zueinanderfinden	2500
zueinandergefunden	2500
zuerkannt	2500
zufällig	2500
zufälligerweise	2500
zufällt	2500
zufallen	2500
zufallsbedingt	2500
zufassen	2500
zufiel	2500
zufliegen	2500
zufließen	2500
zuflog	2500
zufloss	2500
zuflüstern	2500
zufolge	2500
zufrieden	2500
zufriedengestellt	2500
zufriedenzustellen	2500
zufrieren	2500
zufügen	2500
zufüllen	2500
zugänglich	2500
zugab	2500
zugange	2500
zugebaut	2500
zugeben	2500
zugebilligt	2500
zugebissen	2500
zugeblieben	2500
zugeblinzelt	2500
zugebracht	2500
zugebunden	2500
zugedämmt	2500
zugedacht	2500
zugedeckt	2500
zugedreht	2500
zugedrückt	2500
zugeeignet	2500
zugeeilt	2500
zugefallen	2500
zugefasst	2500
zugeflogen	2500
zugeflossen	2500
zugeflüstert	2500
zugefroren	2500
zugefügt	2500
zugeführt	2500
zugefüllt	2500
zugegangen	2500
zugegeben	2500
zugegebenermaßen	2500
zugegen	2500
zugegossen	2500
zugegriffen	2500
zugeguckt	2500
zugehängt	2500
zugehabt	2500
zugehalten	2500
zugeheftet	2500
zugeheilt	2500
zugehen	2500
zugehören	2500
zugehörig	2500
zugejubelt	2500
zugekauft	2500
zugekehrt	2500
zugeklappt	2500
zugeklebt	2500
zugeknallt	2500
zugeknöpft	2500
zugeknüpft	2500
zugekommen	2500
zugekorkt	2500
zugelangt	2500
zugelassen	2500
zugelaufen	2500
zugelegt	2500
zugeleitet	2500
zugemacht	2500
zugemauert	2500
zugemessen	2500
zugemutet	2500
zugenäht	2500
zugenagelt	2500
zugeneigt	2500
zugenickt	2500
zugenommen	2500
zugeordnet	2500
zugepackt	2500
zugepflastert	2500
zugeraten	2500
zugerechnet	2500
zugeredet	2500
zugereicht	2500
zugerichtet	2500
zugeritten	2500
zugerüstet	2500
zugerufen	2500
zugesagt	2500
zugesandt	2500
zugeschaltet	2500
zugeschanzt	2500
zugeschaut	2500
zugeschickt	2500
zugeschlagen	2500
zugeschlossen	2500
zugeschmiert	2500
zugeschmissen	2500
zugeschnallt	2500
zugeschnappt	2500
zugeschnitten	2500
zugeschnürt	2500
zugeschoben	2500
zugeschossen	2500
zugeschraubt	2500
zugeschrieben	2500
zugeschrien	2500
zugeschüttet	2500
zugeschweißt	2500
zugesehen	2500
zugesellt	2500
zugesetzt	2500
zugesichert	2500
zugesiegelt	2500
zugespielt	2500
zugespitzt	2500
zugesprochen	2500
zugesprungen	2500
zugestanden	2500
zugesteckt	2500
zugestehen	2500
zugestellt	2500
zugestiegen	2500
zugestimmt	2500
zugestochen	2500
zugestopft	2500
zugestoßen	2500
zugeströmt	2500
zugestürzt	2500
zugetan	2500
zugeteilt	2500
zugetragen	2500
zugetraut	2500
zugetroffen	2500
zugewachsen	2500
zugewandert	2500
zugewandt	2500
zugewartet	2500
zugeweht	2500
zugewendet	2500
zugewiesen	2500
zugewinkt	2500
zugeworfen	2500
zugewunken	2500
zugezählt	2500
zugezahlt	2500
zugezogen	2500
zugezwinkert	2500
zugibt	2500
zugießen	2500
zugig	2500
zuging	2500
zugkräftig	2500
zugreifen	2500
zugrunde	2500
zugrundelegen	2500
zugrundeliegend	2500
zugrundezulegen	2500
zugucken	2500
zugunsten	2500
zugute	2500
zugutehältst	2500
zugutehalten	2500
zugutehielt	2500
zugutekämen	2500
zugutekam	2500
zugutekommen	2500
zuhältst	2500
zuhängen	2500
zuhalten	2500
zuhanden	2500
zuhauen	2500
zuhauf	2500
zuheften	2500
zuhinterst	2500
zuhören	2500
zuinnerst	2500
zujubeln	2500
zukaufen	2500
zukehren	2500
zuklappen	2500
zukleben	2500
zuknallen	2500
zukneifen	2500
zuknöpfen	2500
zuknüpfen	2500
zukommen	2500
zukorken	2500
zukünftig	2500
zukunftbezogen	2500
zukunftsfähig	2500
zukunftsgerichtet	2500
zukunftsorientiert	2500
zukunftsreich	2500
zukunftssicher	2500
zukunftsweisend	2500
zulächeln	2500
zulänglich	2500
zulässig	2500
zulässt	2500
zulangen	2500
zulasten	2500
zulaufen	2500
zulegen	2500
zuleid	2500
zuletzt	2500
zuliebe	2500
zuließ	2500
zulöten	2500
zumachen	2500
zumal	2500
zumauern	2500
zumeist	2500
zumessen	2500
zumindest	2500
zumutbar	2500
zunähen	2500
zunageln	2500
zunahm	2500
zunehmen	2500
zungenfertig	2500
zungenförmig	2500
zunichte	2500
zunicken	2500
zunimmt	2500
zunutze	2500
zuoberst	2500
zuordenbar	2500
zupacken	2500
zupass	2500
zupfen	2500
zurande	2500
zuraste	2500
zuraten	2500
zurechenbar	2500
zurechnungsfähig	2500
zurecht	2500
zurechtbasteln	2500
zurechtbringen	2500
zurechtfand	2500
zurechtfinden	2500
zurechtgebastelt	2500
zurechtgebracht	2500
zurechtgefunden	2500
zurechtgekommen	2500
zurechtgelegt	2500
zurechtgemacht	2500
zurechtgesetzt	2500
zurechtgestellt	2500
zurechtgestutzt	2500
zurechtgewiesen	2500
zurechtkommen	2500
zurechtlegen	2500
zurechtmachen	2500
zurechtrücken	2500
zurechtsetzen	2500
zurechtstellen	2500
zurechtstutzen	2500
zurechtzufinden	2500
zurechtzukommen	2500
zurechtzurücken	2500
zurechtzuweisen	2500
zureden	2500
zureichen	2500
zureichend	2500
zureiten	2500
zurichten	2500
zurückbegeben	2500
zurückbegleiten	2500
zurückbegleitet	2500
zurückbehältst	2500
zurückbekommen	2500
zurückbeordert	2500
zurückberufen	2500
zurückbezahlen	2500
zurückbilden	2500
zurückblättern	2500
zurückbleiben	2500
zurückblicken	2500
zurückblieb	2500
zurückbringen	2500
zurückdatieren	2500
zurückdenken	2500
zurückdrängen	2500
zurückdrehen	2500
zurückeilen	2500
zurückerbeten	2500
zurückerbitten	2500
zurückerhältst	2500
zurückerhalten	2500
zurückerobern	2500
zurückerstatten	2500
zurückfällt	2500
zurückfahren	2500
zurückfallen	2500
zurückfinden	2500
zurückfliegen	2500
zurückfließen	2500
zurückfragen	2500
zurückgab	2500
zurückgeben	2500
zurückgeblickt	2500
zurückgeblieben	2500
zurückgebracht	2500
zurückgebucht	2500
zurückgedacht	2500
zurückgedrängt	2500
zurückgedreht	2500
zurückgeeilt	2500
zurückgefahren	2500
zurückgefallen	2500
zurückgeflogen	2500
zurückgefordert	2500
zurückgeführt	2500
zurückgefunden	2500
zurückgegangen	2500
zurückgegeben	2500
zurückgegriffen	2500
zurückgehalten	2500
zurückgehen	2500
zurückgeholt	2500
zurückgekauft	2500
zurückgekehrt	2500
zurückgekommen	2500
zurückgekonnt	2500
zurückgelassen	2500
zurückgelegen	2500
zurückgelegt	2500
zurückgeliefert	2500
zurückgemeldet	2500
zurückgenommen	2500
zurückgeprallt	2500
zurückgerechnet	2500
zurückgerufen	2500
zurückgesandt	2500
zurückgeschaffen	2500
zurückgeschaltet	2500
zurückgeschaudert	2500
zurückgeschaut	2500
zurückgeschickt	2500
zurückgeschlagen	2500
zurückgeschleudert	2500
zurückgeschoben	2500
zurückgeschossen	2500
zurückgeschreckt	2500
zurückgeschrieben	2500
zurückgeschwenkt	2500
zurückgeschwommen	2500
zurückgesehnt	2500
zurückgesendet	2500
zurückgesetzt	2500
zurückgesprungen	2500
zurückgestanden	2500
zurückgesteckt	2500
zurückgestellt	2500
zurückgestoßen	2500
zurückgestrahlt	2500
zurückgestreift	2500
zurückgetreten	2500
zurückgetrieben	2500
zurückgewichen	2500
zurückgewiesen	2500
zurückgewinnen	2500
zurückgewirkt	2500
zurückgewonnen	2500
zurückgeworfen	2500
zurückgewünscht	2500
zurückgezahlt	2500
zurückgezogen	2500
zurückging	2500
zurückgreifen	2500
zurückgriff	2500
zurückhältst	2500
zurückhängen	2500
zurückhaltend	2500
zurückhielt	2500
zurückholen	2500
zurückkaufen	2500
zurückkehren	2500
zurückkönnen	2500
zurückkommen	2500
zurücklag	2500
zurücklassen	2500
zurücklegen	2500
zurückliegen	2500
zurückmelden	2500
zurückmüssen	2500
zurücknehmen	2500
zurückportieren	2500
zurückprallen	2500
zurückrechnen	2500
zurückregeln	2500
zurückreichen	2500
zurückrief	2500
zurückrudern	2500
zurückrufen	2500
zurückschaffen	2500
zurückschalten	2500
zurückschaudern	2500
zurückschauen	2500
zurückscheuen	2500
zurückschicken	2500
zurückschlagen	2500
zurückschrauben	2500
zurückschrecken	2500
zurückschreiben	2500
zurückschwenken	2500
zurückschwimmen	2500
zurücksehnen	2500
zurücksenden	2500
zurückspringen	2500
zurückstecken	2500
zurückstehen	2500
zurückstoßen	2500
zurückstrahlen	2500
zurückstreifen	2500
zurücktrat	2500
zurücktreiben	2500
zurücktreten	2500
zurücktrittst	2500
zurückübersetzen	2500
zurückverfolgen	2500
zurückvergüten	2500
zurückverlangen	2500
zurückversetzen	2500
zurückverwandeln	2500
zurückverweisen	2500
zurückweichen	2500
zurückwerfen	2500
zurückwich	2500
zurückwies	2500
zurückwirft	2500
zurückwirken	2500
zurückwünschen	2500
zurückzog	2500
zurückzublättern	2500
zurückzubleiben	2500
zurückzublicken	2500
zurückzubringen	2500
zurückzudrängen	2500
zurückzuerhalten	2500
zurückzuerstatten	2500
zurückzufließen	2500
zurückzufordern	2500
zurückzuführen	2500
zurückzugeben	2500
zurückzugehen	2500
zurückzugelangen	2500
zurückzugewinnen	2500
zurückzugreifen	2500
zurückzuhalten	2500
zurückzukaufen	2500
zurückzukehren	2500
zurückzukommen	2500
zurückzulegen	2500
zurückzunehmen	2500
zurückzuschauen	2500
zurückzuschicken	2500
zurückzuschwimmen	2500
zurückzusenden	2500
zurückzusetzen	2500
zurückzustellen	2500
zurückzutreten	2500
zurückzuzahlen	2500
zurückzuziehen	2500
zurüsten	2500
zurufen	2500
zurzeit	2500
zus.	2500
zusätzlich	2500
zusagen	2500
zusah	2500
zusammenaddieren	2500
zusammenarbeiten	2500
zusammenballen	2500
zusammenbasteln	2500
zusammenbauen	2500
zusammenbeißen	2500
zusammenbekommen	2500
zusammenberufen	2500
zusammenbinden	2500
zusammenbrach	2500
zusammenbrachte	2500
zusammenbrauen	2500
zusammenbrechen	2500
zusammenbricht	2500
zusammenbringen	2500
zusammendrängen	2500
zusammendrücken	2500
zusammenfällt	2500
zusammenfahren	2500
zusammenfallen	2500
zusammenfalten	2500
zusammenfassen	2500
zusammenfiel	2500
zusammenfinden	2500
zusammenflicken	2500
zusammenfließen	2500
zusammenfügen	2500
zusammenführen	2500
zusammengearbeitet	2500
zusammengeballt	2500
zusammengebastelt	2500
zusammengebaut	2500
zusammengebissen	2500
zusammengeblieben	2500
zusammengebracht	2500
zusammengebraut	2500
zusammengebrochen	2500
zusammengebunden	2500
zusammengedrängt	2500
zusammengedrückt	2500
zusammengefahren	2500
zusammengefallen	2500
zusammengefaltet	2500
zusammengefasst	2500
zusammengeflickt	2500
zusammengeflossen	2500
zusammengefügt	2500
zusammengeführt	2500
zusammengefunden	2500
zusammengegangen	2500
zusammengehäuft	2500
zusammengehalten	2500
zusammengehaut	2500
zusammengeheftet	2500
zusammengeheilt	2500
zusammengehen	2500
zusammengehören	2500
zusammengehörig	2500
zusammengeholt	2500
zusammengekauft	2500
zusammengekittet	2500
zusammengeklappt	2500
zusammengeklaubt	2500
zusammengeklebt	2500
zusammengekniffen	2500
zusammengeknüllt	2500
zusammengekommen	2500
zusammengekoppelt	2500
zusammengekracht	2500
zusammengeläppert	2500
zusammengelaufen	2500
zusammengelebt	2500
zusammengelegt	2500
zusammengenagelt	2500
zusammengenommen	2500
zusammengepackt	2500
zusammengepasst	2500
zusammengepfercht	2500
zusammengeprallt	2500
zusammengepresst	2500
zusammengerafft	2500
zusammengeraten	2500
zusammengerechnet	2500
zusammengereimt	2500
zusammengerissen	2500
zusammengerollt	2500
zusammengerottet	2500
zusammengerückt	2500
zusammengerufen	2500
zusammengesammelt	2500
zusammengeschart	2500
zusammengeschlagen	2500
zusammengeschlossen	2500
zusammengeschmolzen	2500
zusammengeschnitten	2500
zusammengeschnürt	2500
zusammengeschossen	2500
zusammengeschraubt	2500
zusammengeschrieben	2500
zusammengeschrumpft	2500
zusammengeschustert	2500
zusammengeschweißt	2500
zusammengesessen	2500
zusammengesetzt	2500
zusammengestanden	2500
zusammengesteckt	2500
zusammengestellt	2500
zusammengestoppelt	2500
zusammengestoßen	2500
zusammengestrichen	2500
zusammengeströmt	2500
zusammengestürzt	2500
zusammengesucht	2500
zusammengesunken	2500
zusammengetan	2500
zusammengetragen	2500
zusammengetreten	2500
zusammengetroffen	2500
zusammengetrommelt	2500
zusammengewachsen	2500
zusammengewickelt	2500
zusammengewirkt	2500
zusammengeworfen	2500
zusammengewürfelt	2500
zusammengezählt	2500
zusammengezogen	2500
zusammengezuckt	2500
zusammenhältst	2500
zusammenhängen	2500
zusammenhäufen	2500
zusammenhalten	2500
zusammenhanglos	2500
zusammenhauen	2500
zusammenheften	2500
zusammenheilen	2500
zusammenhing	2500
zusammenholen	2500
zusammenkaufen	2500
zusammenkitten	2500
zusammenklappen	2500
zusammenkleben	2500
zusammenknüllen	2500
zusammenkommen	2500
zusammenkratzen	2500
zusammenläppern	2500
zusammenlaufen	2500
zusammenleben	2500
zusammenlegen	2500
zusammenmontieren	2500
zusammennehmen	2500
zusammenpacken	2500
zusammenpassen	2500
zusammenpferchen	2500
zusammenprallen	2500
zusammenpressen	2500
zusammenraffen	2500
zusammenrechnen	2500
zusammenreimen	2500
zusammenreißen	2500
zusammenrollen	2500
zusammenrücken	2500
zusammenrufen	2500
zusammensacken	2500
zusammenschalten	2500
zusammenscharen	2500
zusammenschießen	2500
zusammenschlagen	2500
zusammenschließen	2500
zusammenschmelzen	2500
zusammenschneiden	2500
zusammenschnüren	2500
zusammenschrauben	2500
zusammenschreiben	2500
zusammenschrumpfen	2500
zusammenschweißen	2500
zusammensetzen	2500
zusammensinken	2500
zusammenspielen	2500
zusammenstecken	2500
zusammenstehen	2500
zusammenstellen	2500
zusammenstoppeln	2500
zusammenstoßen	2500
zusammenstreichen	2500
zusammenströmen	2500
zusammenstürzen	2500
zusammensuchen	2500
zusammentraf	2500
zusammentragen	2500
zusammentreffen	2500
zusammentreiben	2500
zusammentreten	2500
zusammentrommeln	2500
zusammentuend	2500
zusammentun	2500
zusammenwachsen	2500
zusammenwerfen	2500
zusammenwickeln	2500
zusammenwirken	2500
zusammenzählen	2500
zusammenziehen	2500
zusammenzuarbeiten	2500
zusammenzubrechen	2500
zusammenzubringen	2500
zusammenzufassen	2500
zusammenzufügen	2500
zusammenzuführen	2500
zusammenzuhängen	2500
zusammenzuheften	2500
zusammenzuleben	2500
zusammenzulegen	2500
zusammenzupassen	2500
zusammenzureißen	2500
zusammenzuschließen	2500
zusammenzusetzen	2500
zusammenzustehen	2500
zusammenzustellen	2500
zusammenzutragen	2500
zusammenzutreffen	2500
zusammenzutreten	2500
zusammenzutun	2500
zusandte	2500
zuschalten	2500
zuschanzen	2500
zuschauen	2500
zuschicken	2500
zuschieben	2500
zuschießen	2500
zuschlägt	2500
zuschlagen	2500
zuschlagsfrei	2500
zuschließen	2500
zuschlug	2500
zuschmeißen	2500
zuschmieren	2500
zuschnallen	2500
zuschnappen	2500
zuschneiden	2500
zuschnüren	2500
zuschrauben	2500
zuschreiben	2500
zuschütten	2500
zuschulden	2500
zusehen	2500
zusehends	2500
zuseiten	2500
zusetzen	2500
zusiegeln	2500
zusieht	2500
zuspielen	2500
zusprang	2500
zusprechen	2500
zuspringen	2500
zuständig	2500
zuständlich	2500
zustandsabhängig	2500
zustandsorientiert	2500
zustatten	2500
zustecken	2500
zustehen	2500
zusteigen	2500
zustellungsbevollmächtigt	2500
zusteuern	2500
zustieg	2500
zustößt	2500
zustopfen	2500
zustoßen	2500
zustreben	2500
zuströmen	2500
zustürzen	2500
zutage	2500
zuteil	2500
zutiefst	2500
zuträfe	2500
zuträglich	2500
zutraf	2500
zutragen	2500
zutrauen	2500
zutraulich	2500
zutreffen	2500
zutreffend	2500
zutrifft	2500
zutrinken	2500
zutuend	2500
zuungunsten	2500
zuunterst	2500
zuverlässig	2500
zuversichtlich	2500
zuvörderst	2500
zuvor	2500
zuvorderst	2500
zuvorgekommen	2500
zuvorkommen	2500
zuvorkommend	2500
zuvortun	2500
zuvorzukommen	2500
zuwachsen	2500
zuwandte	2500
zuwarf	2500
zuwarten	2500
zuwege	2500
zuwehen	2500
zuweilen	2500
zuwerfen	2500
zuwider	2500
zuwidergehandelt	2500
zuwidergelaufen	2500
zuwiderlaufen	2500
zuwies	2500
zuwinken	2500
zuzeiten	2500
zuziehen	2500
zuzog	2500
zuzüglich	2500
zuzubereiten	2500
zuzubilligen	2500
zuzudrücken	2500
zuzufügen	2500
zuzuführen	2500
zuzugeben	2500
zuzugehen	2500
zuzugestehen	2500
zuzugreifen	2500
zuzuhalten	2500
zuzuhören	2500
zuzulassen	2500
zuzulegen	2500
zuzuleiten	2500
zuzumachen	2500
zuzumuten	2500
zuzunehmen	2500
zuzuordnen	2500
zuzurechnen	2500
zuzureden	2500
zuzurichten	2500
zuzurufen	2500
zuzusagen	2500
zuzuschalten	2500
zuzuschauen	2500
zuzuschicken	2500
zuzuschieben	2500
zuzuschlagen	2500
zuzuschreiben	2500
zuzusehen	2500
zuzusenden	2500
zuzusichern	2500
zuzusprechen	2500
zuzustellen	2500
zuzustimmen	2500
zuzuteilen	2500
zuzutrauen	2500
zuzutreffen	2500
zuzuweisen	2500
zuzuwenden	2500
zuzwinkern	2500
zwängen	2500
zwacken	2500
zwanghaft	2500
zwanglos	2500
zwangsbewirtschaftet	2500
zwangsläufig	2500
zwangsumgetauscht	2500
zwangsverordnet	2500
zwangsverpflichtet	2500
zwangsversteigern	2500
zwangsweise	2500
zwanzigerlei	2500
zwanzigfach	2500
zwanzigjährig	2500
zwanzigste	2500
zwanzigstel	2500
zwanzigtausend	2500
zweckbestimmt	2500
zweckdienlich	2500
zweckentfremden	2500
zweckentfremdet	2500
zweckentsprechend	2500
zweckgebunden	2500
zwecklos	2500
zweckmäßig	2500
zweckmäßigerweise	2500
zwecks	2500
zweckwidrig	2500
zweiaderig	2500
zweiarmig	2500
zweiatomig	2500
zweibändig	2500
zweibeinig	2500
zweideutig	2500
zweidimensional	2500
zweidrittel	2500
zweieinhalb	2500
zweieinhalbjährig	2500
zweieinhalbstündig	2500
zweierlei	2500
zweifältig	2500
zweifach	2500
zweifarbig	2500
zweifelhaft	2500
zweifellos	2500
zweifeln	2500
zweifelnd	2500
zweifelsfrei	2500
zweifelsohne	2500
zweigen	2500
zweigeschossig	2500
zweigeteilt	2500
zweigleisig	2500
zweihändig	2500
zweihundert	2500
zweijährig	2500
zweijährlich	2500
zweilagig	2500
zweimal	2500
zweimalig	2500
zweiminütig	2500
zweimonatlich	2500
zweimotorig	2500
zweipolig	2500
zweiräderig	2500
zweireihig	2500
zweischneidig	2500
zweiseitig	2500
zweisekündig	2500
zweisilbig	2500
zweisitzig	2500
zweispaltig	2500
zweisprachig	2500
zweispurig	2500
zweistellig	2500
zweistimmig	2500
zweistöckig	2500
zweistündig	2500
zweistündlich	2500
zweistufig	2500
zweitägig	2500
zweitältest	2500
zweitausend	2500
zweitausenddreihundert	2500
zweitausendzweihundert	2500
zweitbest	2500
zweiteilig	2500
zweitgrößte	2500
zweitjüngste	2500
zweitklassig	2500
zweitletzte	2500
zweitmächtigste	2500
zweitrangig	2500
zweitstärkste	2500
zweitürig	2500
zweiundachtzig	2500
zweiundachtzigste	2500
zweiunddreißig	2500
zweiunddreißigste	2500
zweiunddreißigstel	2500
zweiundfünfzig	2500
zweiundfünfzigste	2500
zweiundneunzig	2500
zweiundneunzigste	2500
zweiundsechzig	2500
zweiundsechzigste	2500
zweiundsiebzig	2500
zweiundsiebzigste	2500
zweiundvierzig	2500
zweiundvierzigste	2500
zweiundzwanzig	2500
zweiundzwanzigste	2500
zweiwöchentlich	2500
zweiwöchig	2500
zweizähnig	2500
zweizackig	2500
zweizeilig	2500
zwerchfellerschütternd	2500
zwergenhaft	2500
zwickelförmig	2500
zwicken	2500
zwiebelförmig	2500
zwiefach	2500
zwielichtig	2500
zwiespältig	2500
zwieträchtig	2500
zwingen	2500
zwirbeln	2500
zwirnen	2500
zwischendurch	2500
zwischengelagert	2500
zwischengeschaltet	2500
zwischengeschoben	2500
zwischengespeichert	2500
zwischenlagern	2500
zwischenlanden	2500
zwischenmenschlich	2500
zwischenparteilich	2500
zwischenpersönlich	2500
zwischenspeichern	2500
zwischenstaatlich	2500
zwischenzeitlich	2500
zwischenzuspeichern	2500
zwitschern	2500
zwitterhaft	2500
zwölfeckig	2500
zwölferlei	2500
zwölffach	2500
zwölfhundert	2500
zwölfjährig	2500
zwölfmal	2500
zwölfmonatig	2500
zwölfstämmig	2500
zwölfstündig	2500
zwölft	2500
zwölftägig	2500
zwölftausend	2500
zwölftel	2500
zwölften	2500
zyklisch	2500
zyklopisch	2500
zylinderförmig	2500
zylindrisch	2500
zynisch	2500
zzgl.	2500
