# word	frequency
casa	200000
trabajo	199950
informe	199900
proyecto	199850
proyectos	199800
construcción	199750
inspección	199700
mantenimiento	199650
estructura	199600
estructuras	199550
hormigón	199500
acero	199450
madera	199400
muro	199350
muros	199300
cimentación	199250
cimentaciones	199200
terreno	199150
suelo	199100
geotecnia	199050
pendiente	199000
pendientes	198950
relleno	198900
excavación	198850
drenaje	198800
agua	198750
tubo	198700
tubos	198650
ferrocarril	198600
ferroviario	198550
línea	198500
líneas	198450
estación	198400
estaciones	198350
plataforma	198300
vía	198250
vías	198200
traviesa	198150
traviesas	198100
balasto	198050
puente	198000
puentes	197950
túnel	197900
túneles	197850
carretera	197800
carreteras	197750
acceso	197700
edificio	197650
edificios	197600
cubierta	197550
cubiertas	197500
suelos	197450
techo	197400
techos	197350
puerta	197300
puertas	197250
ventana	197200
ventanas	197150
dibujo	197100
dibujos	197050
plano	197000
planos	196950
cálculo	196900
cálculos	196850
diseño	196800
resistencia	196750
esfuerzo	196700
esfuerzos	196650
momento	196600
momentos	196550
carga	196500
cargas	196450
apoyo	196400
apoyos	196350
columna	196300
columnas	196250
viga	196200
vigas	196150
losa	196100
losas	196050
armadura	196000
seguridad	195950
calidad	195900
material	195850
materiales	195800
equipo	195750
equipos	195700
herramienta	195650
herramientas	195600
avería	195550
averías	195500
presupuesto	195450
presupuestos	195400
precio	195350
precios	195300
coste	195250
costes	195200
valor	195150
valores	195100
documento	195050
documentos	195000
archivo	194950
archivos	194900
firma	194850
digital	194800
aplicación	194750
aplicaciones	194700
teclado	194650
teclados	194600
diccionario	194550
diccionarios	194500
corrección	194450
corrector	194400
palabra	194350
palabras	194300
frase	194250
frases	194200
texto	194150
textos	194100
idioma	194050
idiomas	194000
español	193950
portugués	193900
inglés	193850
italiano	193800
francés	193750
alemán	193700
hoy	193650
mañana	193600
ayer	193550
tarde	193500
noche	193450
semana	193400
mes	193350
año	193300
reunión	193250
mensaje	193200
mensajes	193150
enviar	193100
recibir	193050
verificar	193000
corregir	192950
mejorar	192900
guardar	192850
abrir	192800
cerrar	192750
editar	192700
seleccionar	192650
elegir	192600
activar	192550
desactivar	192500
rápido	192450
rápida	192400
eficiente	192350
inteligente	192300
automático	192250
automática	192200
personal	192150
privado	192100
privada	192050
técnico	192000
técnica	191950
ingeniería	191900
civil	191850
arquitectura	191800
eléctrica	191750
hidráulica	191700
cocina	191650
familia	191600
escuela	191550
estudio	191500
examen	191450
prueba	191400
profesor	191350
alumno	191300
empresa	191250
cliente	191200
proveedor	191150
contrato	191100
factura	191050
pago	191000
cuenta	190950
banco	190900
teléfono	190850
ordenador	190800
tableta	190750
internet	190700
correo	190650
email	190600
dirección	190550
fecha	190500
hora	190450
minuto	190400
segundo	190350
primero	190300
lunes	190250
martes	190200
miércoles	190150
jueves	190100
viernes	190050
sábado	190000
domingo	189950
enero	189900
febrero	189850
marzo	189800
abril	189750
mayo	189700
junio	189650
julio	189600
agosto	189550
septiembre	189500
octubre	189450
noviembre	189400
diciembre	189350
norte	189300
sur	189250
este	189200
oeste	189150
izquierda	189100
derecha	189050
arriba	189000
abajo	188950
dentro	188900
fuera	188850
grande	188800
pequeño	188750
mayor	188700
menor	188650
mejor	188600
peor	188550
nuevo	188500
viejo	188450
correcto	188400
incorrecto	188350
importante	188300
urgente	188250
disponible	188200
posible	188150
necesario	188100
gracias	188050
porfavor	188000
hola	187950
buenos	187900
buenas	187850
días	187800
tardes	187750
noches	187700
señor	187650
señora	187600
ingeniero	187550
ingeniera	187500
información	187450
estado	187400
terminar	187350
terminado	187300
previsto	187250
completado	187200
ubicación	187150
foto	187100
fotos	187050
medición	187000
mediciones	186950
cantidad	186900
cantidades	186850
unidad	186800
unidades	186750
longitud	186700
anchura	186650
altura	186600
área	186550
volumen	186500
peso	186450
kilómetro	186400
kilómetros	186350
metro	186300
metros	186250
centímetro	186200
centímetros	186150
milímetro	186100
milímetros	186050
tonelada	186000
toneladas	185950
acuerdo	50000
adelante	49999
ademas	49998
además	49997
afirmó	49996
agregó	49995
ahi	49994
ahora	49993
ahí	49992
al	49991
algo	49990
alguna	49989
algunas	49988
alguno	49987
algunos	49986
algún	49985
alli	49984
allí	49983
alrededor	49982
ambos	49981
ante	49980
anterior	49979
antes	49978
apenas	49977
aproximadamente	49976
aquel	49975
aquella	49974
aquellas	49973
aquello	49972
aquellos	49971
aqui	49970
aquél	49969
aquélla	49968
aquéllas	49967
aquéllos	49966
aquí	49965
aseguró	49964
asi	49963
así	49962
atras	49961
aun	49960
aunque	49959
añadió	49958
aún	49957
bajo	49956
bastante	49955
bien	49954
breve	49953
buen	49952
buena	49951
bueno	49950
cada	49949
casi	49948
cierta	49947
ciertas	49946
cierto	49945
ciertos	49944
cinco	49943
claro	49942
comentó	49941
como	49940
con	49939
conmigo	49938
conocer	49937
conseguimos	49936
conseguir	49935
considera	49934
consideró	49933
consigo	49932
consigue	49931
consiguen	49930
consigues	49929
contigo	49928
contra	49927
creo	49926
cual	49925
cuales	49924
cualquier	49923
cuando	49922
cuanta	49921
cuantas	49920
cuanto	49919
cuantos	49918
cuatro	49917
cuál	49916
cuáles	49915
cuándo	49914
cuánta	49913
cuántas	49912
cuánto	49911
cuántos	49910
cómo	49909
da	49908
dado	49907
dan	49906
dar	49905
de	49904
debajo	49903
debe	49902
deben	49901
debido	49900
decir	49899
dejó	49898
del	49897
delante	49896
demasiado	49895
demás	49894
deprisa	49893
desde	49892
despacio	49891
despues	49890
después	49889
detras	49888
detrás	49887
dia	49886
dias	49885
dice	49884
dicen	49883
dicho	49882
dieron	49881
diez	49880
diferente	49879
diferentes	49878
dijeron	49877
dijo	49876
dio	49875
doce	49874
donde	49873
dos	49872
durante	49871
día	49870
dónde	49869
el	49868
ella	49867
ellas	49866
ello	49865
ellos	49864
embargo	49863
en	49862
encima	49861
encuentra	49860
enfrente	49859
enseguida	49858
entonces	49857
entre	49856
era	49855
eramos	49854
eran	49853
eras	49852
eres	49851
es	49850
esa	49849
esas	49848
ese	49847
eso	49846
esos	49845
esta	49844
estaba	49843
estaban	49842
estados	49841
estais	49840
estamos	49839
estan	49838
estar	49837
estará	49836
estas	49835
esto	49834
estos	49833
estoy	49832
estuvo	49831
está	49830
están	49829
excepto	49828
existe	49827
existen	49826
explicó	49825
expresó	49824
fin	49823
final	49822
fue	49821
fueron	49820
fui	49819
fuimos	49818
gran	49817
grandes	49816
ha	49815
haber	49814
habia	49813
habla	49812
hablan	49811
habrá	49810
había	49809
habían	49808
hace	49807
haceis	49806
hacemos	49805
hacen	49804
hacer	49803
hacerlo	49802
haces	49801
hacia	49800
haciendo	49799
hago	49798
han	49797
hasta	49796
hay	49795
haya	49794
he	49793
hecho	49792
hemos	49791
hicieron	49790
hizo	49789
hubo	49788
igual	49787
incluso	49786
indicó	49785
informo	49784
informó	49783
ir	49782
junto	49781
la	49780
lado	49779
largo	49778
las	49777
le	49776
les	49775
llegó	49774
lleva	49773
llevar	49772
lo	49771
los	49770
luego	49769
mal	49768
manera	49767
manifestó	49766
mas	49765
me	49764
mediante	49763
medio	49762
mencionó	49761
menos	49760
menudo	49759
mi	49758
mia	49757
mias	49756
mientras	49755
mio	49754
mios	49753
mis	49752
misma	49751
mismas	49750
mismo	49749
mismos	49748
modo	49747
mucha	49746
muchas	49745
mucho	49744
muchos	49743
muy	49742
más	49741
mí	49740
mía	49739
mías	49738
mío	49737
míos	49736
nada	49735
nadie	49734
ni	49733
ninguna	49732
ningunas	49731
ninguno	49730
ningunos	49729
ningún	49728
no	49727
nos	49726
nosotras	49725
nosotros	49724
nuestra	49723
nuestras	49722
nuestro	49721
nuestros	49720
nueva	49719
nuevas	49718
nueve	49717
nuevos	49716
nunca	49715
ocho	49714
once	49713
os	49712
otra	49711
otras	49710
otro	49709
otros	49708
para	49707
parece	49706
parte	49705
partir	49704
pasada	49703
pasado	49702
paìs	49701
pero	49700
pesar	49699
poca	49698
pocas	49697
poco	49696
pocos	49695
podeis	49694
podemos	49693
poder	49692
podria	49691
podriais	49690
podriamos	49689
podrian	49688
podrias	49687
podrá	49686
podrán	49685
podría	49684
podrían	49683
poner	49682
por	49681
porque	49680
primer	49679
primera	49678
primeros	49677
pronto	49676
propia	49675
propias	49674
propio	49673
propios	49672
proximo	49671
próximo	49670
próximos	49669
pudo	49668
pueda	49667
puede	49666
pueden	49665
puedo	49664
pues	49663
qeu	49662
que	49661
quedó	49660
queremos	49659
quien	49658
quienes	49657
quiere	49656
quiza	49655
quizas	49654
quizá	49653
quizás	49652
quién	49651
quiénes	49650
qué	49649
realizado	49648
realizar	49647
realizó	49646
repente	49645
respecto	49644
sabe	49643
sabeis	49642
sabemos	49641
saben	49640
saber	49639
sabes	49638
salvo	49637
se	49636
sea	49635
sean	49634
segun	49633
segunda	49632
según	49631
seis	49630
ser	49629
sera	49628
será	49627
serán	49626
sería	49625
señaló	49624
si	49623
sido	49622
siempre	49621
siendo	49620
siete	49619
sigue	49618
siguiente	49617
sin	49616
sino	49615
sobre	49614
sois	49613
sola	49612
solamente	49611
solas	49610
solo	49609
solos	49608
somos	49607
son	49606
soy	49605
su	49604
supuesto	49603
sus	49602
suya	49601
suyas	49600
suyo	49599
suyos	49598
sé	49597
sí	49596
sólo	49595
tal	49594
tambien	49593
también	49592
tampoco	49591
tan	49590
tanto	49589
te	49588
temprano	49587
tendrá	49586
tendrán	49585
teneis	49584
tenemos	49583
tener	49582
tenga	49581
tengo	49580
tenido	49579
tenía	49578
tercera	49577
tercero	49576
ti	49575
tiene	49574
tienen	49573
toda	49572
todas	49571
todavia	49570
todavía	49569
todo	49568
todos	49567
total	49566
tras	49565
trata	49564
través	49563
tres	49562
tu	49561
tus	49560
tuvo	49559
tuya	49558
tuyas	49557
tuyo	49556
tuyos	49555
tú	49554
ultimo	49553
un	49552
una	49551
unas	49550
uno	49549
unos	49548
usa	49547
usais	49546
usamos	49545
usan	49544
usar	49543
usas	49542
uso	49541
usted	49540
ustedes	49539
va	49538
vais	49537
vamos	49536
van	49535
varias	49534
varios	49533
vaya	49532
veces	49531
ver	49530
verdad	49529
verdadera	49528
verdadero	49527
vez	49526
vosotras	49525
vosotros	49524
voy	49523
vuestra	49522
vuestras	49521
vuestro	49520
vuestros	49519
ya	49518
yo	49517
él	49516
ésa	49515
ésas	49514
ése	49513
ésos	49512
ésta	49511
éstas	49510
éste	49509
éstos	49508
última	49507
últimas	49506
último	49505
últimos	49504
ABS	2500
ADSL	2500
Abad	2500
Abona	2500
Adeje	2500
Adolfo	2500
Adra	2500
Adrián	2500
Afganistán	2500
Aguilar	2500
Agüimes	2500
Aitor	2500
Alacuás	2500
Alarcón	2500
Albacete	2500
Albania	2500
Albert	2500
Alberto	2500
Alboraya	2500
Alcalá	2500
Alcantarilla	2500
Alcira	2500
Alcobendas	2500
Alcor	2500
Alcorcón	2500
Alcoy	2500
Alcázar	2500
Aldaya	2500
Alejandra	2500
Alejandro	2500
Alemania	2500
Alfafar	2500
Alfaz	2500
Alfonso	2500
Alfredo	2500
Algeciras	2500
Algemesí	2500
Algete	2500
Alhama	2500
Alhaurín	2500
Alicante	2500
Alicia	2500
Aljarafe	2500
Almansa	2500
Almazora	2500
Almendralejo	2500
Almería	2500
Almonte	2500
Almuñécar	2500
Altea	2500
Ames	2500
Amposta	2500
América	2500
Ana	2500
Andorra	2500
Andrea	2500
Andrés	2500
Andújar	2500
Angola	2500
Anguilla	2500
Anna	2500
Antequera	2500
Antillas	2500
Antonia	2500
Antonio	2500
Antártida	2500
Araba	2500
Arabia	2500
Araceli	2500
Aragón	2500
Aranda	2500
Aranjuez	2500
Arcos	2500
Ardoz	2500
Arganda	2500
Argelia	2500
Argentina	2500
Aridane	2500
Aristóteles	2500
Armenia	2500
Armilla	2500
Arona	2500
Arosa	2500
Arq	2500
Arrecife	2500
Arteijo	2500
Arturo	2500
Aruba	2500
Arucas	2500
Asia	2500
Aspe	2500
Asturias	2500
Australia	2500
Austria	2500
Avilés	2500
Ayamonte	2500
Azerbaiyán	2500
Aznalfarache	2500
Azuqueca	2500
Badajoz	2500
Badalona	2500
Baena	2500
Bahamas	2500
Baleares	2500
Bangladés	2500
Baracaldo	2500
Barañáin	2500
Barbados	2500
Barbate	2500
Barberá	2500
Barca	2500
Barcelona	2500
Barrameda	2500
Barrios	2500
Bartolomé	2500
Baréin	2500
Basauri	2500
Baudilio	2500
Baza	2500
Bco	2500
Beatriz	2500
Begoña	2500
Belice	2500
Benalmádena	2500
Benicarló	2500
Benidorm	2500
Benito	2500
Benín	2500
Benítez	2500
Berkeley	2500
Bermuda	2500
Besós	2500
Bielorrusia	2500
Bilbao	2500
Birmania	2500
Bissau	2500
Bisáu	2500
Bizkaia	2500
Blanes	2500
Boadilla	2500
Bolivia	2500
Borja	2500
Bosnia	2500
Botsuana	2500
Bouvet	2500
Brasil	2500
Brunéi	2500
Bulgaria	2500
Burgos	2500
Burjasot	2500
Burkina	2500
Burriana	2500
Burundi	2500
Bután	2500
Bélgica	2500
Bétera	2500
CD	2500
COVID	2500
Cabra	2500
Caicos	2500
Calafell	2500
Calahorra	2500
Calatayud	2500
Caledonia	2500
Calpe	2500
Calviá	2500
Camargo	2500
Camas	2500
Camboya	2500
Cambre	2500
Cambrils	2500
Camerún	2500
Campello	2500
Campo	2500
Canadá	2500
Canaria	2500
Canarias	2500
Candelaria	2500
Cangas	2500
Cantabria	2500
Cantos	2500
Caravaca	2500
Carballo	2500
Carcagente	2500
Carlos	2500
Carmelo	2500
Carmona	2500
Cartagena	2500
Casteldefels	2500
Castellar	2500
Castellón	2500
Castilla	2500
Castrillón	2500
Castro	2500
Cataluña	2500
Catar	2500
Catarroja	2500
Cdad	2500
Celsius	2500
Centroamérica	2500
Ceuta	2500
Chad	2500
Checa	2500
Chiclana	2500
Chile	2500
China	2500
Chipre	2500
Chirivella	2500
Ciempozuelos	2500
Cieza	2500
Cisjordania	2500
Ciudad	2500
Ciudadela	2500
Clipperton	2500
Collado	2500
Colmenar	2500
Coloma	2500
Colombia	2500
Comoras	2500
Compostela	2500
Concepción	2500
Congo	2500
Conil	2500
Cook	2500
Corea	2500
Coria	2500
Cornellá	2500
Coruña	2500
Corán	2500
Coslada	2500
Cotillas	2500
Coín	2500
Crevillente	2500
Cristian	2500
Cristina	2500
Cristóbal	2500
Croacia	2500
Cruz	2500
Cuart	2500
Cuba	2500
Cuenca	2500
Cugat	2500
Cullera	2500
Culleredo	2500
Cáceres	2500
Cádiz	2500
Cártama	2500
Cía	2500
Córdoba	2500
DD.HH.	2500
DNI	2500
DVD	2500
Daniel	2500
Darussalam	2500
Darwin	2500
David	2500
Denia	2500
Despí	2500
Dinamarca	2500
Dominica	2500
Dominicana	2500
Domínguez	2500
Don	2500
Dorta	2500
Dr	2500
Duero	2500
Durango	2500
Durán	2500
Díez	2500
Dña	2500
Ebro	2500
Ecuador	2500
Eduardo	2500
Egipto	2500
Ejido	2500
Elche	2500
Elda	2500
Elena	2500
Elisa	2500
Elvira	2500
Emilia	2500
Emilio	2500
Emiratos	2500
Erandio	2500
Eritrea	2500
Ernesto	2500
Eslovaquia	2500
Eslovenia	2500
Esparraguera	2500
España	2500
Esplugas	2500
Estepona	2500
Esther	2500
Estonia	2500
Estrada	2500
Etiopía	2500
Eugenia	2500
Eugenio	2500
Eulalia	2500
Europa	2500
Eurípides	2500
Eva	2500
Excmo	2500
Extremadura	2500
Faroe	2500
Faso	2500
Fdo	2500
Feliú	2500
Felíu	2500
Fernando	2500
Fernández	2500
Ferrer	2500
Ferrol	2500
Figueras	2500
Filipinas	2500
Finlandia	2500
Firefox	2500
Fiyi	2500
Francesc	2500
Francia	2500
Frontera	2500
Fuengirola	2500
Fuenlabrada	2500
Fundéu	2500
Futuna	2500
Fátima	2500
Félix	2500
GPS	2500
Gabriel	2500
Gabón	2500
Galapagar	2500
Galdácano	2500
Gales	2500
Galicia	2500
Gambia	2500
Gandía	2500
Gavá	2500
Gaza	2500
Geltrú	2500
Genil	2500
Georgia	2500
Gerardo	2500
Gerona	2500
Getafe	2500
Ghana	2500
Gibraltar	2500
Gijón	2500
Giménez	2500
Gipuzkoa	2500
Girona	2500
Gloriosa	2500
Gonzalo	2500
González	2500
Gramanet	2500
Granada	2500
Granadilla	2500
Granadinas	2500
Granollers	2500
Grecia	2500
Gregorio	2500
Groenlandia	2500
Guadalajara	2500
Guadalupe	2500
Guadaíra	2500
Guadix	2500
Guam	2500
Guatemala	2500
Guecho	2500
Guernsey	2500
Guillermo	2500
Guinea	2500
Guipúzcoa	2500
Guixols	2500
Gustavo	2500
Gutiérrez	2500
Guyana	2500
Guía	2500
Gáldar	2500
Gómez	2500
Haití	2500
Heard	2500
Helena	2500
Hellín	2500
Henares	2500
Hermanas	2500
Hernández	2500
Herzegovina	2500
Hesíodo	2500
Hispanoamérica	2500
Homero	2500
Honduras	2500
Hong	2500
Horadada	2500
Horts	2500
Hospitalet	2500
Huelva	2500
Huesca	2500
Hugo	2500
Hungría	2500
Héctor	2500
ISSN	2500
Ibi	2500
Ibiza	2500
Ibáñez	2500
Icod	2500
Ignacio	2500
Igualada	2500
Illescas	2500
Ilmo	2500
Iltre	2500
Inca	2500
India	2500
Indonesia	2500
Ingenio	2500
Inglaterra	2500
Inmaculada	2500
Inés	2500
Irak	2500
Irene	2500
Irlanda	2500
Irán	2500
Irún	2500
Isaac	2500
Isabel	2500
Isidro	2500
Isla	2500
Islandia	2500
Islas	2500
Ismael	2500
Isora	2500
Israel	2500
Italia	2500
Iván	2500
Jaime	2500
Jamaica	2500
Jan	2500
Japón	2500
Jarama	2500
Jaume	2500
Javier	2500
Jaén	2500
Jerez	2500
Jersey	2500
Jesucristo	2500
Jesús	2500
Jiménez	2500
Joan	2500
Joaquín	2500
Jonathan	2500
Jordania	2500
Jordi	2500
Josefa	2500
Josep	2500
José	2500
Juan	2500
Julián	2500
Jumilla	2500
Játiva	2500
Jávea	2500
Kazajistán	2500
Kenia	2500
Kirguistán	2500
Kiribati	2500
Kitts	2500
Kong	2500
Kuwait	2500
LSD	2500
Laguna	2500
Lalín	2500
Langreo	2500
Lanka	2500
Laos	2500
Latinoamérica	2500
Laura	2500
Lebrija	2500
Leganés	2500
Lejona	2500
Lepe	2500
Lesoto	2500
Letonia	2500
León	2500
Liberia	2500
Libia	2500
Liechtenstein	2500
Linares	2500
Liria	2500
Lituania	2500
Llanos	2500
Lleida	2500
Llobregat	2500
Lloret	2500
Lluchmayor	2500
Logroño	2500
Loja	2500
Lorca	2500
Lorena	2500
Lorenzo	2500
Lourdes	2500
Lucena	2500
Lucía	2500
Lugo	2500
Luxemburgo	2500
Lérida	2500
Líbano	2500
López	2500
Macau	2500
Macedonia	2500
Madagascar	2500
Madrid	2500
Magfco	2500
Mahón	2500
Mairena	2500
Majadahonda	2500
Malasia	2500
Malaui	2500
Maldivas	2500
Mali	2500
Mallorca	2500
Malta	2500
Malvinas	2500
Man	2500
Manacor	2500
Mancha	2500
Manises	2500
Manlleu	2500
Manresa	2500
Manuel	2500
Mar	2500
Maracena	2500
Marbella	2500
Marc	2500
Marianas	2500
Marino	2500
Mario	2500
Marrachí	2500
Marruecos	2500
Marshall	2500
Martinica	2500
Martorell	2500
Martos	2500
Martín	2500
Martínez	2500
María	2500
Marín	2500
Masnou	2500
Mataró	2500
Matilde	2500
Mauricio	2500
Mauritania	2500
Mayen	2500
Mayotte	2500
Mazarrón	2500
McDonald	2500
Medina	2500
Mejorada	2500
Melilla	2500
Mercosur	2500
Micronesia	2500
Mieres	2500
Miguel	2500
Mijas	2500
Miquelon	2500
Miranda	2500
Mislata	2500
Moguda	2500
Moguer	2500
Mogán	2500
Mohamed	2500
Moldavia	2500
Molina	2500
Molins	2500
Mollet	2500
Moncada	2500
Mondragón	2500
Mongolia	2500
Mons	2500
Monte	2500
Montenegro	2500
Montilla	2500
Montserrat	2500
Morrazo	2500
Morón	2500
Motril	2500
Mozambique	2500
Mozilla	2500
Muchamiel	2500
Murcia	2500
Muñoz	2500
Myanmar	2500
Málaga	2500
Márquez	2500
Méndez	2500
Mérida	2500
México	2500
Míriam	2500
Mónaco	2500
Mónica	2500
Móstoles	2500
NIF	2500
Namibia	2500
Narón	2500
Natalia	2500
Nauru	2500
Navalcarnero	2500
Navarra	2500
Nepal	2500
Nerja	2500
Nevis	2500
Nicaragua	2500
Nicolás	2500
Nietzsche	2500
Nigeria	2500
Niue	2500
Nochevieja	2500
Noelia	2500
Norfolk	2500
Norteamérica	2500
Noruega	2500
Novelda	2500
Ntra	2500
Nuria	2500
Níger	2500
Níjar	2500
Núñez	2500
ONG	2500
ONU	2500
Oceanía	2500
Odón	2500
Oleiros	2500
Olesa	2500
Olga	2500
Oliva	2500
Olot	2500
Omán	2500
Onda	2500
Onteniente	2500
Orense	2500
Orihuela	2500
Orotava	2500
Ortiz	2500
Oscar	2500
Ourense	2500
Oviedo	2500
Pablo	2500
Pacheco	2500
Paiporta	2500
Pakistán	2500
Palacios	2500
Palafrugell	2500
Palaos	2500
Palau	2500
Palencia	2500
Palestina	2500
Palma	2500
Palmas	2500
Pamplona	2500
Panadés	2500
Panamá	2500
Papúa	2500
Paracuellos	2500
Paraguay	2500
Parla	2500
Paterna	2500
Pedro	2500
Perpetua	2500
Perú	2500
Petrel	2500
Pi	2500
Picasent	2500
Pierre	2500
Pilar	2500
Pinatar	2500
Pineda	2500
Pinto	2500
Pitcairn	2500
Pitágoras	2500
Piélagos	2500
Plana	2500
Plasencia	2500
Platón	2500
Plutarco	2500
Poblet	2500
Pola	2500
Policleto	2500
Polinesia	2500
Polonia	2500
Ponferrada	2500
Pontevedra	2500
Portugal	2500
Portugalete	2500
Poseidón	2500
Pozuelo	2500
Prat	2500
Premiá	2500
Priego	2500
Puebla	2500
Puenteareas	2500
Puerto	2500
Puertollano	2500
Pájara	2500
Pérez	2500
RAE	2500
Rabanedo	2500
Rafael	2500
Ramírez	2500
Raquel	2500
Raspeig	2500
Raúl	2500
Real	2500
Realejos	2500
Redondela	2500
Reina	2500
Reino	2500
Reixach	2500
Rentería	2500
Requena	2500
Reus	2500
Rey	2500
Reyes	2500
Ribarroja	2500
Ribas	2500
Ricardo	2500
Rinconada	2500
Rincón	2500
Rioja	2500
Ripollet	2500
Rivas	2500
Riveira	2500
Roberto	2500
Rodríguez	2500
Rojales	2500
Ronda	2500
Roque	2500
Roquetas	2500
Rosalba	2500
Rosario	2500
Rota	2500
Rozas	2500
Ruan	2500
Ruanda	2500
Rubén	2500
Rubí	2500
Ruiz	2500
Rumanía	2500
Rusia	2500
Río	2500
SMS	2500
Sabadell	2500
Sagunto	2500
Saint	2500
Salamanca	2500
Salomón	2500
Salou	2500
Salt	2500
Samoa	2500
San	2500
Sandra	2500
Sanlúcar	2500
Santa	2500
Santana	2500
Santander	2500
Santiago	2500
Santurce	2500
Sanz	2500
Sara	2500
Sardañola	2500
Saudita	2500
Sebastián	2500
Segovia	2500
Segura	2500
Senegal	2500
Serbia	2500
Serena	2500
Sergio	2500
Sestao	2500
Sevilla	2500
Seychelles	2500
Siero	2500
Silvia	2500
Singapur	2500
Sion	2500
Siria	2500
Sitges	2500
Solomon	2500
Somalia	2500
Sonia	2500
Soria	2500
Soviética	2500
Spinoza	2500
Sri	2500
Suazilandia	2500
Sudamérica	2500
Sudáfrica	2500
Sudán	2500
Sueca	2500
Suecia	2500
Suiza	2500
Surinam	2500
Suárez	2500
Svalbard	2500
Sáez	2500
Sánchez	2500
Sócrates	2500
Sófocles	2500
Tacoronte	2500
Tailandia	2500
Taiwan	2500
Talavera	2500
Tanzania	2500
Tarragona	2500
Tarrasa	2500
Tayikistán	2500
Teguise	2500
Telde	2500
Tenerife	2500
Teruel	2500
Timor	2500
Tirajana	2500
Tobago	2500
Togo	2500
Tokelau	2500
Toledo	2500
Tomares	2500
Tomelloso	2500
Tomé	2500
Tonga	2500
Torre	2500
Torrejón	2500
Torrelavega	2500
Torrelodones	2500
Torremolinos	2500
Torrente	2500
Torres	2500
Torrevieja	2500
Tortosa	2500
Totana	2500
Trinidad	2500
Tudela	2500
Turia	2500
Turkmenistán	2500
Turquía	2500
Tuvalu	2500
Tías	2500
Túnez	2500
UNICEF	2500
URSS	2500
USB	2500
Ucrania	2500
Ud	2500
Uganda	2500
Urdiales	2500
Uruguay	2500
Utrera	2500
Uxó	2500
Uzbekistán	2500
Vaciamadrid	2500
Valdemoro	2500
Valdepeñas	2500
Valencia	2500
Valenciana	2500
Valentín	2500
Vall	2500
Valladolid	2500
Vallbona	2500
Valls	2500
Vallés	2500
Vanesa	2500
Vanuatu	2500
Vasco	2500
Vaticano	2500
Vd	2500
Vdo	2500
Velasco	2500
Vendrell	2500
Venecia	2500
Venezuela	2500
Vicenta	2500
Vicente	2500
Vich	2500
Victoria	2500
Vidal	2500
Vietnam	2500
Vigo	2500
Viladecans	2500
Vilaseca	2500
Villafranca	2500
Villagarcía	2500
Villajoyosa	2500
Villalba	2500
Villanueva	2500
Villarreal	2500
Villarrobledo	2500
Villaviciosa	2500
Villena	2500
Vinaroz	2500
Vinos	2500
Vitoria	2500
Vizcaya	2500
Vázquez	2500
Vélez	2500
Vícar	2500
Wallis	2500
Wide	2500
World	2500
Xavier	2500
Yecla	2500
Yemen	2500
Yibuti	2500
Yolanda	2500
Yugoslavia	2500
Zambia	2500
Zamora	2500
Zaragoza	2500
Zarautz	2500
Zarauz	2500
Zelanda	2500
Zimbabue	2500
ababa	2500
ababol	2500
abacero	2500
abacería	2500
abacial	2500
abacá	2500
abada	2500
abadejo	2500
abadengo	2500
abadernar	2500
abadesa	2500
abadiato	2500
abadí	2500
abadía	2500
abajadero	2500
abajamiento	2500
abajar	2500
abajeño	2500
abakuá	2500
abalanzar	2500
abalar	2500
abalconado	2500
abaldonar	2500
abalear	2500
abalizar	2500
aballar	2500
aballestar	2500
abalorio	2500
abaluartar	2500
abanador	2500
abanar	2500
abancalar	2500
abanda	2500
abanderado	2500
abanderamiento	2500
abanderar	2500
abanderizar	2500
abandonadamente	2500
abandonado	2500
abandonar	2500
abandonismo	2500
abandonista	2500
abandono	2500
abanear	2500
abanicar	2500
abanico	2500
abanillo	2500
abaniqueo	2500
abaniquero	2500
abaniquería	2500
abanquino	2500
abanto	2500
abaos	2500
abaratamiento	2500
abaratar	2500
abarañar	2500
abarbechar	2500
abarca	2500
abarcable	2500
abarcado	2500
abarcador	2500
abarcadura	2500
abarcamiento	2500
abarcar	2500
abarcuzar	2500
abarcón	2500
abaritonado	2500
abarloar	2500
abarquillado	2500
abarquillamiento	2500
abarquillar	2500
abarraganar	2500
abarrajar	2500
abarrancadero	2500
abarrancamiento	2500
abarrancar	2500
abarrar	2500
abarrederas	2500
abarrenar	2500
abarrocado	2500
abarrotadamente	2500
abarrotamiento	2500
abarrotar	2500
abarse	2500
abastar	2500
abastardar	2500
abastecedor	2500
abastecer	2500
abastecimiento	2500
abastionar	2500
abasí	2500
abatanado	2500
abatanar	2500
abatir	2500
abatojar	2500
abayado	2500
abazón	2500
abañar	2500
abc	2500
abderitano	2500
abdicar	2500
abdicativamente	2500
abdicativo	2500
abdomen	2500
abdominal	2500
abducción	2500
abducir	2500
abductor	2500
abecedario	2500
abecé	2500
abedul	2500
abeja	2500
abejar	2500
abejarrón	2500
abejaruco	2500
abejeo	2500
abejero	2500
abejorrear	2500
abejorro	2500
abejón	2500
abeldar	2500
abellacar	2500
abellotado	2500
abelmosco	2500
abemolar	2500
abencerraje	2500
abenuz	2500
aberenjenado	2500
aberración	2500
aberrante	2500
aberrantemente	2500
abertal	2500
abertura	2500
abertzale	2500
aberzale	2500
abestiado	2500
abestializado	2500
abetal	2500
abete	2500
abeto	2500
abetuna	2500
abetunado	2500
abia	2500
abiar	2500
abibollo	2500
abichar	2500
abierta	2500
abiertamente	2500
abierto	2500
abietáceas	2500
abietáceo	2500
abietíneas	2500
abietíneo	2500
abigarrado	2500
abigarramiento	2500
abigarrar	2500
abigotado	2500
abinar	2500
abintestato	2500
abiogénesis	2500
abipón	2500
abisagrar	2500
abisal	2500
abiselar	2500
abisinio	2500
abismal	2500
abismalmente	2500
abismar	2500
abismo	2500
abismático	2500
abitadura	2500
abitar	2500
abitón	2500
abizcochado	2500
abiótico	2500
abjurar	2500
ablación	2500
ablandabrevas	2500
ablandador	2500
ablandamiento	2500
ablandar	2500
ablandativo	2500
ablandecer	2500
ablanedo	2500
ablanero	2500
ablano	2500
ablativo	2500
ablentar	2500
ablución	2500
abnegación	2500
abobado	2500
abobamiento	2500
abobar	2500
abocadear	2500
abocamiento	2500
abocanar	2500
abocar	2500
abocardar	2500
abocetar	2500
abochornar	2500
abocinado	2500
abocinamiento	2500
abocinar	2500
abofar	2500
abofeteador	2500
abofetear	2500
abogacía	2500
abogadismo	2500
abogado	2500
abogador	2500
abogar	2500
abolengo	2500
abolicionismo	2500
abolicionista	2500
abolición	2500
abolid	2500
abolida	2500
abolidas	2500
abolido	2500
abolidos	2500
aboliendo	2500
aboliera	2500
abolierais	2500
abolieran	2500
abolieras	2500
aboliere	2500
aboliereis	2500
abolieren	2500
abolieres	2500
abolieron	2500
aboliese	2500
abolieseis	2500
aboliesen	2500
abolieses	2500
abolimos	2500
abolir	2500
aboliremos	2500
abolirla	2500
abolirlas	2500
abolirlo	2500
abolirlos	2500
abolirse	2500
abolirá	2500
abolirán	2500
abolirás	2500
aboliré	2500
aboliréis	2500
aboliría	2500
aboliríais	2500
aboliríamos	2500
abolirían	2500
abolirías	2500
aboliste	2500
abolisteis	2500
aboliéramos	2500
aboliéremos	2500
aboliésemos	2500
abolió	2500
abollar	2500
abollonar	2500
abolorio	2500
abolsar	2500
abolí	2500
abolía	2500
abolíais	2500
abolíamos	2500
abolían	2500
abolías	2500
abolís	2500
abombado	2500
abombamiento	2500
abombar	2500
abominar	2500
abonado	2500
abonador	2500
abonanzar	2500
abonar	2500
abondar	2500
aboquillar	2500
abordable	2500
abordador	2500
abordaje	2500
abordar	2500
aborigen	2500
aborrajar	2500
aborrascar	2500
aborrecedor	2500
aborrecer	2500
aborrecimiento	2500
aborregar	2500
aborrir	2500
aborronar	2500
abortamiento	2500
abortar	2500
abortista	2500
abortivo	2500
aborto	2500
abortón	2500
aborujar	2500
abotagamiento	2500
abotagar	2500
abotargamiento	2500
abotargar	2500
abotinado	2500
abotonador	2500
abotonar	2500
abovedado	2500
abovedar	2500
aboyar	2500
abozalar	2500
abra	2500
abracadabra	2500
abracijo	2500
abrasador	2500
abrasamiento	2500
abrasar	2500
abrasivo	2500
abrasión	2500
abravar	2500
abravecer	2500
abraxas	2500
abrazadera	2500
abrazador	2500
abrazamiento	2500
abrazar	2500
abrebotellas	2500
abrecartas	2500
abrelatas	2500
abrenunciar	2500
abreojos	2500
abretonar	2500
abrevadero	2500
abrevador	2500
abrevar	2500
abreviadamente	2500
abreviado	2500
abreviador	2500
abreviaduría	2500
abreviamiento	2500
abreviar	2500
abreviatura	2500
abrezar	2500
abridero	2500
abridla	2500
abridlas	2500
abridle	2500
abridles	2500
abridlo	2500
abridlos	2500
abridme	2500
abridnos	2500
abridor	2500
abrigada	2500
abrigado	2500
abrigador	2500
abrigar	2500
abrigo	2500
abrileño	2500
abrillantador	2500
abrillantar	2500
abrimiento	2500
abriolar	2500
abrochador	2500
abrochamiento	2500
abrochar	2500
abrogar	2500
abrojo	2500
abromar	2500
abroncar	2500
abroquelar	2500
abrotoñar	2500
abrumadoramente	2500
abrumar	2500
abruptamente	2500
abrupto	2500
abrutado	2500
abruzar	2500
abrámonos	2500
abríos	2500
abrótano	2500
absceso	2500
abscisa	2500
absconder	2500
absentarse	2500
absentismo	2500
absolución	2500
absoluta	2500
absolutamente	2500
absolutez	2500
absolutidad	2500
absolutismo	2500
absolutista	2500
absoluto	2500
absolutorio	2500
absolvedor	2500
absolver	2500
absorbencia	2500
absorbente	2500
absorber	2500
absorbimiento	2500
absorción	2500
absortar	2500
absorto	2500
abstemio	2500
abstencionismo	2500
abstencionista	2500
abstención	2500
abstener	2500
abstergente	2500
absterger	2500
abstinencia	2500
abstinente	2500
abstracción	2500
abstractamente	2500
abstracto	2500
abstraer	2500
abstraído	2500
abstruso	2500
absuelto	2500
absurdidad	2500
absurdo	2500
abubilla	2500
abuchear	2500
abucheo	2500
abudabí	2500
abuela	2500
abuelastro	2500
abuelo	2500
abuhado	2500
abuhardillado	2500
abujardar	2500
abulaga	2500
abulagar	2500
abulense	2500
abulia	2500
abullonar	2500
abultadamente	2500
abultado	2500
abultamiento	2500
abultar	2500
abulón	2500
abundancia	2500
abundancial	2500
abundante	2500
abundantemente	2500
abundar	2500
abundosamente	2500
abundoso	2500
abur	2500
aburar	2500
aburelado	2500
aburguesamiento	2500
aburguesar	2500
aburrar	2500
aburrición	2500
aburridamente	2500
aburrido	2500
aburridor	2500
aburrimiento	2500
aburrir	2500
aburujar	2500
abusador	2500
abusar	2500
abusivamente	2500
abusivo	2500
abuso	2500
abusón	2500
abuzar	2500
abuñolar	2500
abuñuelar	2500
abyección	2500
abyecto	2500
abéñula	2500
abúlico	2500
acabable	2500
acabado	2500
acabador	2500
acabalar	2500
acaballadero	2500
acaballado	2500
acaballar	2500
acaballerar	2500
acaballonar	2500
acabamiento	2500
acabar	2500
acabañar	2500
acabestrillar	2500
acabildar	2500
acabo	2500
acachar	2500
acachetar	2500
acachetear	2500
acachorrar	2500
acacia	2500
acaciano	2500
academia	2500
academicismo	2500
academicista	2500
academizar	2500
acadio	2500
académicamente	2500
académico	2500
acaece	2500
acaecen	2500
acaecer	2500
acaecerle	2500
acaecerles	2500
acaecerme	2500
acaecernos	2500
acaeceros	2500
acaecerte	2500
acaecerá	2500
acaecerán	2500
acaecería	2500
acaecerían	2500
acaecida	2500
acaecidas	2500
acaecido	2500
acaecidos	2500
acaeciendo	2500
acaeciera	2500
acaecieran	2500
acaeciere	2500
acaecieren	2500
acaecieron	2500
acaeciese	2500
acaeciesen	2500
acaecimiento	2500
acaeció	2500
acaecía	2500
acaecían	2500
acaezca	2500
acaezcan	2500
acaguasar	2500
acairelar	2500
acalabrotar	2500
acaldar	2500
acalefo	2500
acalenturar	2500
acallantar	2500
acallar	2500
acalmar	2500
acaloradamente	2500
acalorado	2500
acaloramiento	2500
acalorar	2500
acaloñar	2500
acalumniar	2500
acamar	2500
acampada	2500
acampanado	2500
acampanar	2500
acampar	2500
acanalador	2500
acanalar	2500
acanallar	2500
acanelado	2500
acanelonar	2500
acanillado	2500
acanilladura	2500
acantalea	2500
acantaleaba	2500
acantaleaban	2500
acantaleada	2500
acantaleadas	2500
acantaleado	2500
acantaleados	2500
acantalean	2500
acantaleando	2500
acantalear	2500
acantaleara	2500
acantalearan	2500
acantaleare	2500
acantalearen	2500
acantalearon	2500
acantalearse	2500
acantaleará	2500
acantalearán	2500
acantalearía	2500
acantalearían	2500
acantalease	2500
acantaleasen	2500
acantalee	2500
acantaleen	2500
acantaleó	2500
acantarar	2500
acantear	2500
acantilado	2500
acantilar	2500
acantio	2500
acanto	2500
acantonamiento	2500
acantonar	2500
acantopterigio	2500
acantácea	2500
acantáceo	2500
acaparador	2500
acaparamiento	2500
acaparar	2500
acaparrarse	2500
acapizar	2500
acarameladamente	2500
acaramelar	2500
acarar	2500
acardenalar	2500
acarear	2500
acariciador	2500
acariciar	2500
acaronar	2500
acarralar	2500
acarrar	2500
acarrazar	2500
acarreadizo	2500
acarreador	2500
acarreamiento	2500
acarrear	2500
acarreo	2500
acarretar	2500
acartonadamente	2500
acartonar	2500
acasarado	2500
acaso	2500
acastorado	2500
acatalecto	2500
acataléctico	2500
acatamiento	2500
acatar	2500
acatarrar	2500
acaudalado	2500
acaudalar	2500
acaudillar	2500
acaule	2500
acautelar	2500
acañaverear	2500
acañonear	2500
acceder	2500
accesibilidad	2500
accesible	2500
accesión	2500
accesoria	2500
accesoriamente	2500
accesorio	2500
accidental	2500
accidentalidad	2500
accidentalmente	2500
accidentar	2500
accidentario	2500
accidente	2500
accionado	2500
accionamiento	2500
accionar	2500
accionaria	2500
accionariado	2500
accionarial	2500
accionario	2500
accionista	2500
accitano	2500
acción	2500
accésit	2500
acebadar	2500
acebeda	2500
acebollado	2500
acebolladura	2500
acebuche	2500
acechadera	2500
acechadero	2500
acechador	2500
acechamiento	2500
acechante	2500
acechanza	2500
acechar	2500
acecho	2500
acecinar	2500
acedar	2500
acedera	2500
acedia	2500
acedo	2500
acefalismo	2500
acefalía	2500
aceitar	2500
aceite	2500
aceitera	2500
aceitero	2500
aceitoso	2500
aceituna	2500
aceitunado	2500
aceitunero	2500
aceitunil	2500
aceituno	2500
aceleración	2500
acelerada	2500
aceleradamente	2500
acelerado	2500
acelerador	2500
aceleramiento	2500
acelerar	2500
acelga	2500
acemilar	2500
acemilero	2500
acemilería	2500
acender	2500
acendrado	2500
acendramiento	2500
acendrar	2500
acensar	2500
acensuar	2500
acento	2500
acentuación	2500
acentual	2500
acentuar	2500
acepar	2500
acepción	2500
acepillar	2500
aceptabilidad	2500
aceptable	2500
aceptación	2500
aceptador	2500
aceptar	2500
acepto	2500
aceptor	2500
acequiaje	2500
acequiar	2500
acequiero	2500
acera	2500
acerado	2500
acerar	2500
acerbidad	2500
acerbo	2500
acerca	2500
acercamiento	2500
acercar	2500
acerico	2500
acerino	2500
acernadar	2500
acerola	2500
acerolo	2500
acerosamente	2500
acerrojar	2500
acertada	2500
acertadamente	2500
acertado	2500
acertador	2500
acertadísimo	2500
acertamiento	2500
acertar	2500
acertijo	2500
aceruelo	2500
acervo	2500
acetamida	2500
acetar	2500
acetato	2500
acetificar	2500
acetilcolina	2500
acetileno	2500
acetilo	2500
acetilsalicílico	2500
acetite	2500
acetona	2500
acetosa	2500
acetosidad	2500
acetoso	2500
acetre	2500
acetrinar	2500
acezante	2500
acezar	2500
aceña	2500
achabacanamiento	2500
achabacanar	2500
achacar	2500
achacoso	2500
achaflanar	2500
achampanado	2500
achampañado	2500
achancar	2500
achantar	2500
achaparrado	2500
achaparrar	2500
achaque	2500
achaquero	2500
acharar	2500
acharolar	2500
achatamiento	2500
achatar	2500
achicador	2500
achicadura	2500
achicamiento	2500
achicar	2500
achicharradero	2500
achicharrar	2500
achicorero	2500
achinar	2500
achique	2500
achiquillado	2500
achispar	2500
achochar	2500
achocolatado	2500
achubascar	2500
achuchar	2500
achulapar	2500
achular	2500
aciago	2500
acial	2500
aciano	2500
acibarar	2500
acibarrar	2500
aciberar	2500
acicalado	2500
acicalador	2500
acicaladura	2500
acicalamiento	2500
acicalar	2500
acicate	2500
acicatear	2500
acicular	2500
acidalio	2500
acidez	2500
acidia	2500
acidificar	2500
acidioso	2500
acidorresistente	2500
acidosis	2500
acidular	2500
aciemar	2500
acierto	2500
aciguatar	2500
acilo	2500
acimentarse	2500
acimut	2500
acimutal	2500
acimutes	2500
acinturar	2500
acitrón	2500
aclamador	2500
aclamar	2500
aclarado	2500
aclarador	2500
aclarar	2500
aclaratorio	2500
aclarecer	2500
aclareo	2500
acle	2500
aclimatar	2500
aclocar	2500
aclorhidria	2500
acné	2500
acobardadamente	2500
acobardamiento	2500
acobardar	2500
acobijar	2500
acocar	2500
acocear	2500
acochar	2500
acochinado	2500
acoclar	2500
acocotar	2500
acodado	2500
acodalamiento	2500
acodalar	2500
acodar	2500
acoderamiento	2500
acoderar	2500
acodiciar	2500
acodillar	2500
acoger	2500
acogido	2500
acogimiento	2500
acogollar	2500
acogombrar	2500
acogotar	2500
acohombrar	2500
acoitar	2500
acojinamiento	2500
acojinar	2500
acojonadamente	2500
acojonar	2500
acolar	2500
acolchado	2500
acolchar	2500
acolitado	2500
acollar	2500
acollarar	2500
acollonar	2500
acombar	2500
acomendar	2500
acometedor	2500
acometer	2500
acometida	2500
acometimiento	2500
acometividad	2500
acomodada	2500
acomodadizo	2500
acomodado	2500
acomodador	2500
acomodamiento	2500
acomodar	2500
acomodaticio	2500
acomodo	2500
acompasado	2500
acompasar	2500
acompañamiento	2500
acompañante	2500
acompañar	2500
acomplejar	2500
acomunalar	2500
acomunar	2500
aconchabar	2500
aconchar	2500
acondicionador	2500
acondicionar	2500
acondroplásico	2500
aconduchar	2500
acongojadamente	2500
acongojador	2500
acongojar	2500
aconhortar	2500
aconitina	2500
aconsejado	2500
aconsejador	2500
aconsejar	2500
aconsonantar	2500
acontar	2500
acontece	2500
acontecedero	2500
acontecen	2500
acontecer	2500
acontecerle	2500
acontecerles	2500
acontecerme	2500
acontecernos	2500
aconteceros	2500
acontecerte	2500
acontecerá	2500
acontecerán	2500
acontecería	2500
acontecerían	2500
acontecida	2500
acontecidas	2500
acontecido	2500
acontecidos	2500
aconteciendo	2500
aconteciera	2500
acontecieran	2500
aconteciere	2500
acontecieren	2500
acontecieron	2500
aconteciese	2500
aconteciesen	2500
acontecimiento	2500
aconteció	2500
acontecía	2500
acontecían	2500
acontezca	2500
acontezcan	2500
acopar	2500
acopiamiento	2500
acopiar	2500
acopio	2500
acoplador	2500
acopladura	2500
acoplamiento	2500
acoplar	2500
acoquinamiento	2500
acoquinar	2500
acorar	2500
acorazada	2500
acorazado	2500
acorazamiento	2500
acorazar	2500
acorazonado	2500
acorchado	2500
acorchamiento	2500
acorchar	2500
acordada	2500
acordado	2500
acordanza	2500
acordar	2500
acorde	2500
acordelar	2500
acordemente	2500
acordeonista	2500
acordeón	2500
acordonamiento	2500
acordonar	2500
acornar	2500
acornear	2500
acorralamiento	2500
acorralar	2500
acorrer	2500
acorrucar	2500
acortamiento	2500
acortar	2500
acortejar	2500
acorullar	2500
acorvar	2500
acorzar	2500
acosador	2500
acosar	2500
acosmismo	2500
acostada	2500
acostado	2500
acostamiento	2500
acostar	2500
acostumbrada	2500
acostumbrado	2500
acostumbrar	2500
acotación	2500
acotada	2500
acotamiento	2500
acotar	2500
acotejar	2500
acotolar	2500
acoyundar	2500
acoyuntar	2500
acracia	2500
acre	2500
acrecencia	2500
acrecentador	2500
acrecentamiento	2500
acrecentar	2500
acrecer	2500
acreditación	2500
acreditado	2500
acreditar	2500
acreditativo	2500
acreedor	2500
acremente	2500
acrescente	2500
acrianzar	2500
acribar	2500
acribillar	2500
acriminar	2500
acrimonia	2500
acrisolador	2500
acrisolar	2500
acristalado	2500
acristalamiento	2500
acristalar	2500
acristianar	2500
acritud	2500
acrobacia	2500
acrobatismo	2500
acrobático	2500
acrofobia	2500
acromatizar	2500
acromatopsia	2500
acromegalia	2500
acromion	2500
acrílico	2500
acróbata	2500
acrómiones	2500
acrónimo	2500
acrópolis	2500
acróstico	2500
acta	2500
actancial	2500
actea	2500
actina	2500
actinia	2500
actinio	2500
actinismo	2500
actinomices	2500
actinomicosis	2500
actinomorfo	2500
actinota	2500
actitud	2500
actitudinal	2500
activa	2500
activamente	2500
actividad	2500
activismo	2500
activista	2500
activo	2500
acto	2500
actor	2500
actriz	2500
actuación	2500
actual	2500
actualidad	2500
actualización	2500
actualizador	2500
actualizar	2500
actualmente	2500
actuante	2500
actuar	2500
actuaria	2500
actuario	2500
acuadrillar	2500
acuantiar	2500
acuarela	2500
acuarelista	2500
acuario	2500
acuartar	2500
acuartelamiento	2500
acuartelar	2500
acuartillar	2500
acuatizaje	2500
acuatizar	2500
acubilar	2500
acuchilladizo	2500
acuchillador	2500
acuchillar	2500
acucia	2500
acuciador	2500
acuciamiento	2500
acuciante	2500
acuciar	2500
acuciosamente	2500
acuciosidad	2500
acucioso	2500
acuclillar	2500
acudiciar	2500
acudimiento	2500
acudir	2500
acueducto	2500
acuicultura	2500
acuidad	2500
acuitar	2500
acular	2500
acullá	2500
acultural	2500
aculturar	2500
acumulado	2500
acumulador	2500
acumulamiento	2500
acumular	2500
acumulativo	2500
acunar	2500
acuntir	2500
acuosidad	2500
acuoso	2500
acupresión	2500
acupuntura	2500
acurdar	2500
acure	2500
acurrucar	2500
acurrullar	2500
acusación	2500
acusada	2500
acusado	2500
acusador	2500
acusar	2500
acusativamente	2500
acusativo	2500
acusatoriamente	2500
acusatorio	2500
acuse	2500
acusica	2500
acusón	2500
acutángulo	2500
acuático	2500
acuífero	2500
acuñar	2500
acá	2500
acéfalo	2500
acémila	2500
acérrimo	2500
acético	2500
acíbar	2500
acícula	2500
acídulo	2500
acólito	2500
acónito	2500
acústica	2500
acústico	2500
ad	2500
adagio	2500
adaguar	2500
adalid	2500
adamado	2500
adamantino	2500
adamar	2500
adamascar	2500
adamismo	2500
adamita	2500
adanismo	2500
adaptabilidad	2500
adaptable	2500
adaptación	2500
adaptador	2500
adaptar	2500
adaptativo	2500
adaraja	2500
adarce	2500
adarga	2500
adargar	2500
adarguero	2500
adarme	2500
adarvar	2500
adarve	2500
adecenar	2500
adecentar	2500
adecuación	2500
adecuada	2500
adecuadamente	2500
adecuado	2500
adecuar	2500
adefesio	2500
adehala	2500
adehesar	2500
adelantado	2500
adelantador	2500
adelantamiento	2500
adelantar	2500
adelanto	2500
adelfa	2500
adelgazador	2500
adelgazamiento	2500
adelgazar	2500
adeliñar	2500
ademar	2500
ademe	2500
ademán	2500
adenda	2500
adenia	2500
adenitis	2500
adenoideo	2500
adenoides	2500
adenoma	2500
adensar	2500
adentellar	2500
adentrar	2500
adentro	2500
adepto	2500
aderezamiento	2500
aderezar	2500
aderezo	2500
adestrar	2500
adeudar	2500
adeudo	2500
adherecer	2500
adherencia	2500
adherente	2500
adherir	2500
adhesividad	2500
adhesivo	2500
adhesión	2500
adhortar	2500
adiar	2500
adicción	2500
adicionador	2500
adicional	2500
adicionalmente	2500
adicionar	2500
adición	2500
adictivo	2500
adicto	2500
adiestrado	2500
adiestrador	2500
adiestramiento	2500
adiestrar	2500
adietar	2500
adinerado	2500
adinerar	2500
adintelado	2500
adipocira	2500
adiposidad	2500
adiposo	2500
adipsia	2500
adir	2500
aditamento	2500
aditivo	2500
adive	2500
adivinador	2500
adivinamiento	2500
adivinanza	2500
adivinar	2500
adiós	2500
adjetival	2500
adjetivar	2500
adjetivo	2500
adjudicador	2500
adjudicar	2500
adjudicatario	2500
adjunta	2500
adjuntar	2500
adjunto	2500
adjurar	2500
adjutor	2500
adminicular	2500
administrado	2500
administrador	2500
administrar	2500
administrativamente	2500
administrativo	2500
admirablemente	2500
admirador	2500
admirar	2500
admirativo	2500
admisibilidad	2500
admisible	2500
admisión	2500
admitir	2500
admonitorio	2500
admón	2500
adobado	2500
adobador	2500
adobar	2500
adobe	2500
adobera	2500
adobo	2500
adocenado	2500
adocenar	2500
adocilar	2500
adoctrinamiento	2500
adoctrinar	2500
adolecer	2500
adolescencia	2500
adolescente	2500
adonarse	2500
adonde	2500
adondequiera	2500
adonecer	2500
adonis	2500
adonizar	2500
adopcionismo	2500
adopcionista	2500
adopción	2500
adoptable	2500
adoptador	2500
adoptante	2500
adoptar	2500
adoptivo	2500
adoquinar	2500
adoquín	2500
adorador	2500
adorar	2500
adoratorio	2500
adoratriz	2500
adormecedor	2500
adormecer	2500
adormecimiento	2500
adormidera	2500
adormilar	2500
adormir	2500
adormitar	2500
adornador	2500
adornamiento	2500
adornar	2500
adornista	2500
adorno	2500
adosado	2500
adosar	2500
adotrinar	2500
adquirente	2500
adquirido	2500
adquiriente	2500
adquirir	2500
adquisición	2500
adquisidor	2500
adquisitivo	2500
adragante	2500
adral	2500
adrar	2500
adrede	2500
adrenal	2500
adrenalina	2500
adrezar	2500
adrizamiento	2500
adrizar	2500
adriático	2500
adscribible	2500
adscribir	2500
adscripción	2500
adscrito	2500
adsorber	2500
adstrato	2500
adstringir	2500
aduana	2500
aduanero	2500
aduar	2500
aducción	2500
aducir	2500
aductor	2500
adueñar	2500
adujar	2500
adulador	2500
adular	2500
adularia	2500
adulatorio	2500
adulciguar	2500
adulcir	2500
adulterador	2500
adulterar	2500
adulterino	2500
adulterio	2500
adultez	2500
adulto	2500
adulzar	2500
adulzorar	2500
adulón	2500
adumbrar	2500
adunar	2500
adustez	2500
adusto	2500
adv	2500
advenedizo	2500
advenimiento	2500
advenir	2500
adventicio	2500
adventismo	2500
adventista	2500
adverado	2500
adverar	2500
adverbial	2500
adverbialización	2500
adverbializar	2500
adverbio	2500
adversar	2500
adversario	2500
adversativo	2500
adversidad	2500
adverso	2500
advertencia	2500
advertida	2500
advertidamente	2500
advertido	2500
advertimiento	2500
advertir	2500
adviértase	2500
advocación	2500
advocar	2500
advén	2500
adyacente	2500
adyuvante	2500
adán	2500
adónde	2500
adúltero	2500
aedo	2500
aeriforme	2500
aerobia	2500
aerobio	2500
aerodinámica	2500
aerodinámico	2500
aeroespacial	2500
aerofagia	2500
aerogenerador	2500
aerolito	2500
aerolínea	2500
aeromancia	2500
aeronato	2500
aeronauta	2500
aeronaval	2500
aeronave	2500
aeronáutica	2500
aeronáutico	2500
aeroplano	2500
aeroportuario	2500
aeropostal	2500
aeropuerto	2500
aerosol	2500
aerostación	2500
aerostato	2500
aerostero	2500
aerostático	2500
aerotecnia	2500
aeroterapia	2500
aeroterrestre	2500
aerotransportar	2500
aeróbico	2500
aeródromo	2500
aes	2500
aeta	2500
afabilidad	2500
afable	2500
afablemente	2500
afaccionado	2500
afacer	2500
afalagar	2500
afamar	2500
afanadamente	2500
afanador	2500
afanar	2500
afanosamente	2500
afanoso	2500
afarolado	2500
afascalar	2500
afasia	2500
afatar	2500
afeador	2500
afeamiento	2500
afear	2500
afeblecer	2500
afeccionar	2500
afección	2500
afecta	2500
afectable	2500
afectación	2500
afectado	2500
afectador	2500
afectar	2500
afectividad	2500
afectivo	2500
afecto	2500
afectuosamente	2500
afectuosidad	2500
afectuoso	2500
afeitado	2500
afeitador	2500
afeitadora	2500
afeitar	2500
afeite	2500
afelio	2500
afelpado	2500
afelpar	2500
afeminado	2500
afeminamiento	2500
afeminar	2500
aferente	2500
aferir	2500
aferrado	2500
aferrador	2500
aferramiento	2500
aferrar	2500
afervorar	2500
afervorizar	2500
affaire	2500
afgano	2500
afianzador	2500
afianzamiento	2500
afianzar	2500
afiblar	2500
afiche	2500
aficionado	2500
aficionar	2500
afición	2500
afielar	2500
afijar	2500
afiladera	2500
afilado	2500
afilador	2500
afiladura	2500
afilamiento	2500
afilar	2500
afiliado	2500
afiliar	2500
afiligranar	2500
afilo	2500
afinador	2500
afinadura	2500
afinar	2500
afincar	2500
afinidad	2500
afirmado	2500
afirmador	2500
afirmar	2500
afirmativa	2500
afirmativamente	2500
afirmativo	2500
afistolar	2500
afistular	2500
aflacar	2500
aflamar	2500
aflaquecerse	2500
aflautar	2500
afletar	2500
aflicción	2500
aflictivo	2500
afligidamente	2500
afligir	2500
aflojamiento	2500
aflojar	2500
aflorado	2500
afloramiento	2500
aflorar	2500
afluente	2500
afluentemente	2500
afluir	2500
afmo	2500
afofar	2500
afogar	2500
afogarar	2500
afollar	2500
afondar	2500
afonía	2500
aforador	2500
aforamiento	2500
aforar	2500
aforcar	2500
aforisma	2500
aforismo	2500
aforo	2500
aforrar	2500
afortalar	2500
afortunada	2500
afortunadamente	2500
afortunado	2500
aforística	2500
aforístico	2500
afosar	2500
afoscar	2500
afrailamiento	2500
afrailar	2500
afrancar	2500
afrancesamiento	2500
afrancesar	2500
afrenillar	2500
afrenta	2500
afrentador	2500
afrentar	2500
afrentoso	2500
afretar	2500
afreñir	2500
africado	2500
africanismo	2500
africanista	2500
africanizar	2500
africano	2500
afrikáans	2500
afroamericano	2500
afroantillano	2500
afrocubano	2500
afrodescendiente	2500
afrodisíaco	2500
afrodita	2500
afronitro	2500
afrontamiento	2500
afrontar	2500
afrutadamente	2500
afta	2500
aftoso	2500
afuera	2500
afufar	2500
afumar	2500
afán	2500
aféresis	2500
afín	2500
agabachar	2500
agachadera	2500
agachadiza	2500
agachar	2500
agalbanado	2500
agalerar	2500
agamitar	2500
aganar	2500
agangrenar	2500
agaragar	2500
agarbanzar	2500
agarbar	2500
agardamar	2500
agareno	2500
agarrada	2500
agarradera	2500
agarradero	2500
agarrado	2500
agarrador	2500
agarrafar	2500
agarrar	2500
agarre	2500
agarrochador	2500
agarrochar	2500
agarrochear	2500
agarrotamiento	2500
agarrotar	2500
agarrotear	2500
agarrón	2500
agasajado	2500
agasajador	2500
agasajar	2500
agasajo	2500
agatino	2500
agatizar	2500
agave	2500
agavillar	2500
agazapar	2500
agañotar	2500
agencia	2500
agenciar	2500
agenda	2500
agendar	2500
agenesia	2500
agente	2500
agerasia	2500
agermanar	2500
agestado	2500
agestarse	2500
agigantar	2500
agigotar	2500
agilidad	2500
agilitar	2500
agilizar	2500
agitación	2500
agitadamente	2500
agitado	2500
agitador	2500
agitanar	2500
agitar	2500
aglomerante	2500
aglomerar	2500
aglutinador	2500
aglutinante	2500
aglutinar	2500
agnación	2500
agnus	2500
agnusdéi	2500
agobiante	2500
agobiar	2500
agobio	2500
agolar	2500
agolpamiento	2500
agolpar	2500
agonioso	2500
agonista	2500
agonizante	2500
agonizar	2500
agonía	2500
agorafobia	2500
agorar	2500
agorero	2500
agorgojar	2500
agosta	2500
agostadero	2500
agostador	2500
agostamiento	2500
agostar	2500
agostero	2500
agostizo	2500
agotable	2500
agotador	2500
agotamiento	2500
agotar	2500
agote	2500
agraciar	2500
agradable	2500
agradablemente	2500
agradar	2500
agradecer	2500
agradecida	2500
agradecido	2500
agradecimiento	2500
agrado	2500
agrafia	2500
agramadera	2500
agramar	2500
agramilar	2500
agrandamiento	2500
agrandar	2500
agrario	2500
agrarismo	2500
agrarista	2500
agravador	2500
agravamiento	2500
agravante	2500
agravar	2500
agravatorio	2500
agraviador	2500
agraviamiento	2500
agraviar	2500
agravio	2500
agraz	2500
agrazada	2500
agrazar	2500
agrear	2500
agredido	2500
agredir	2500
agregado	2500
agregar	2500
agregativo	2500
agremiar	2500
agresivamente	2500
agresividad	2500
agresivo	2500
agresión	2500
agresor	2500
agreste	2500
agriado	2500
agriamente	2500
agriar	2500
agricultor	2500
agricultura	2500
agridulce	2500
agrietamiento	2500
agrietar	2500
agrifada	2500
agrifolio	2500
agrillar	2500
agrimensor	2500
agrimensura	2500
agrio	2500
agrisado	2500
agrisar	2500
agronomía	2500
agropecuario	2500
agroquímico	2500
agroturismo	2500
agrumar	2500
agrupador	2500
agrupamiento	2500
agrupar	2500
agrura	2500
agrícola	2500
agrónomo	2500
aguacatal	2500
aguacate	2500
aguacero	2500
aguachar	2500
aguachinar	2500
aguachirle	2500
aguada	2500
aguadero	2500
aguadija	2500
aguador	2500
aguadura	2500
aguafiestas	2500
aguafuerte	2500
aguafuertista	2500
aguagoma	2500
aguaitar	2500
aguamala	2500
aguamanil	2500
aguamanos	2500
aguamar	2500
aguamarina	2500
aguamelado	2500
aguamiel	2500
aguanieve	2500
aguanoso	2500
aguantable	2500
aguantaderas	2500
aguantar	2500
aguapié	2500
aguar	2500
aguardadero	2500
aguardar	2500
aguardentero	2500
aguardentoso	2500
aguardiente	2500
aguardo	2500
aguarrás	2500
aguaturma	2500
aguaverde	2500
aguaviento	2500
aguavilla	2500
aguay	2500
aguaza	2500
aguazar	2500
aguazo	2500
aguazoso	2500
aguazul	2500
aguañón	2500
aguciar	2500
aguda	2500
agudamente	2500
agudeza	2500
agudización	2500
agudizar	2500
agudo	2500
aguedita	2500
aguerrido	2500
aguijada	2500
aguijador	2500
aguijadura	2500
aguijar	2500
aguijonamiento	2500
aguijonar	2500
aguijoneador	2500
aguijonear	2500
aguijón	2500
aguilando	2500
aguileña	2500
aguileño	2500
aguililla	2500
aguilonia	2500
aguilucho	2500
aguilón	2500
aguinaldo	2500
aguizgar	2500
aguja	2500
agujadera	2500
agujal	2500
agujazo	2500
agujerar	2500
agujerear	2500
agujero	2500
agujeta	2500
agujetero	2500
agujuela	2500
aguosidad	2500
aguoso	2500
agur	2500
agusanamiento	2500
agusanar	2500
agustinianismo	2500
agustiniano	2500
agustino	2500
agustín	2500
aguzadero	2500
aguzado	2500
aguzador	2500
aguzadura	2500
aguzamiento	2500
aguzar	2500
agáloco	2500
agárico	2500
agónico	2500
agüerar	2500
agüero	2500
agüita	2500
ah	2500
ahajar	2500
ahechadero	2500
ahechador	2500
ahechadura	2500
ahechar	2500
ahelear	2500
aherir	2500
ahermanar	2500
aherrojamiento	2500
aherrojar	2500
aherrumbrar	2500
aherventar	2500
ahervorar	2500
ahetrar	2500
ahijadera	2500
ahijadero	2500
ahijador	2500
ahijamiento	2500
ahijar	2500
ahilado	2500
ahilamiento	2500
ahilar	2500
ahincadamente	2500
ahincar	2500
ahirmar	2500
ahitar	2500
ahocicar	2500
ahocinar	2500
ahogada	2500
ahogadamente	2500
ahogadero	2500
ahogadizo	2500
ahogado	2500
ahogador	2500
ahogamiento	2500
ahogar	2500
ahogo	2500
ahondamiento	2500
ahondar	2500
ahorcado	2500
ahorcajar	2500
ahorcamiento	2500
ahorcar	2500
ahorita	2500
ahormar	2500
ahornagar	2500
ahornar	2500
ahorquillado	2500
ahorquillar	2500
ahorrador	2500
ahorramiento	2500
ahorrar	2500
ahorrativo	2500
ahorro	2500
ahotar	2500
ahoyar	2500
ahuchar	2500
ahuchear	2500
ahuecado	2500
ahuecador	2500
ahuecamiento	2500
ahuecar	2500
ahuehuete	2500
ahuesado	2500
ahuevar	2500
ahumado	2500
ahumar	2500
ahusado	2500
ahusar	2500
ahuyentador	2500
ahuyentar	2500
ahílo	2500
ahínco	2500
aijada	2500
ailanto	2500
aimara	2500
aindiar	2500
airada	2500
airadamente	2500
airar	2500
aire	2500
airear	2500
airosamente	2500
airosidad	2500
airoso	2500
airón	2500
aislacionismo	2500
aislacionista	2500
aisladamente	2500
aislado	2500
aislador	2500
aislamiento	2500
aislante	2500
aislar	2500
aj	2500
ajada	2500
ajamiento	2500
ajamonar	2500
ajaquecarse	2500
ajar	2500
ajaraca	2500
ajaracado	2500
ajarafe	2500
ajardinar	2500
aje	2500
ajear	2500
ajedrecista	2500
ajedrez	2500
ajedrezado	2500
ajenar	2500
ajenjo	2500
ajeno	2500
ajeo	2500
ajero	2500
ajete	2500
ajetrear	2500
ajetreo	2500
ajiaceite	2500
ajiaco	2500
ajicola	2500
ajicuervo	2500
ajilimoje	2500
ajilimójili	2500
ajimez	2500
ajipuerro	2500
ajironar	2500
ajo	2500
ajoarriero	2500
ajobero	2500
ajobilla	2500
ajolio	2500
ajolote	2500
ajomate	2500
ajonje	2500
ajonjera	2500
ajonjero	2500
ajonjo	2500
ajonjolí	2500
ajonuez	2500
ajoqueso	2500
ajorar	2500
ajorca	2500
ajornalar	2500
ajorrar	2500
ajotar	2500
ajotrino	2500
ajuagas	2500
ajuar	2500
ajuarar	2500
ajuglarar	2500
ajuiciar	2500
ajumar	2500
ajuntar	2500
ajustadamente	2500
ajustado	2500
ajustador	2500
ajustamiento	2500
ajustar	2500
ajuste	2500
ajusticiamiento	2500
ajusticiar	2500
ajá	2500
ají	2500
ala	2500
alabado	2500
alabador	2500
alabamiento	2500
alabancero	2500
alabancia	2500
alabancioso	2500
alabandina	2500
alabanza	2500
alabar	2500
alabarda	2500
alabardazo	2500
alabardero	2500
alabastrita	2500
alabastro	2500
alabeado	2500
alabear	2500
alabeo	2500
alacayuela	2500
alaciar	2500
alacrancillo	2500
alacranera	2500
alacridad	2500
alacrán	2500
alada	2500
aladar	2500
aladierna	2500
alado	2500
aladrar	2500
aladrero	2500
aladro	2500
aladroque	2500
alafia	2500
alagar	2500
alajú	2500
alama	2500
alamar	2500
alambicadamente	2500
alambicado	2500
alambicamiento	2500
alambicar	2500
alambique	2500
alambor	2500
alambrado	2500
alambrar	2500
alambre	2500
alambrear	2500
alambrera	2500
alambrilla	2500
alameda	2500
alamina	2500
alaminazgo	2500
alampar	2500
alamán	2500
alamín	2500
alanceador	2500
alancear	2500
alandrear	2500
alangieo	2500
alangiácea	2500
alangiáceo	2500
alano	2500
alantoides	2500
alanzar	2500
alarbe	2500
alarde	2500
alardear	2500
alardosamente	2500
alargadamente	2500
alargadera	2500
alargado	2500
alargador	2500
alargamiento	2500
alargar	2500
alarguez	2500
alaridar	2500
alarido	2500
alarife	2500
alarma	2500
alarmante	2500
alarmar	2500
alarmismo	2500
alarmista	2500
alastrar	2500
alaterno	2500
alauí	2500
alavense	2500
alavés	2500
alazor	2500
alazán	2500
alba	2500
albacara	2500
albacea	2500
albaceazgo	2500
albacetense	2500
albaceteño	2500
albacora	2500
albahaca	2500
albahaquero	2500
albahaquilla	2500
albaida	2500
albalaero	2500
albanar	2500
albanega	2500
albano	2500
albanés	2500
albar	2500
albarazado	2500
albarca	2500
albarcoque	2500
albarcoquero	2500
albarda	2500
albardar	2500
albardela	2500
albardero	2500
albardinar	2500
albardonero	2500
albardín	2500
albardón	2500
albarejo	2500
albareque	2500
albaricoque	2500
albaricoquero	2500
albarigo	2500
albarino	2500
albarizo	2500
albarrana	2500
albarsa	2500
albarán	2500
albatoza	2500
albatros	2500
albayalde	2500
albañal	2500
albañear	2500
albañil	2500
albañila	2500
albañilear	2500
albañilería	2500
albear	2500
albedo	2500
albedriar	2500
albedrío	2500
albeldadero	2500
albeldar	2500
albeldense	2500
albenda	2500
albendera	2500
alberca	2500
alberchiguero	2500
albergador	2500
albergadura	2500
albergar	2500
albergue	2500
albero	2500
alberque	2500
alberquero	2500
albicante	2500
albigense	2500
albihar	2500
albillo	2500
albina	2500
albinismo	2500
albino	2500
albita	2500
albitana	2500
albo	2500
alboaire	2500
albondiguilla	2500
albor	2500
alborada	2500
alborear	2500
alborga	2500
albornoz	2500
alboroque	2500
alborotadamente	2500
alborotadizo	2500
alborotado	2500
alborotador	2500
alborotapueblos	2500
alborotar	2500
alboroto	2500
alborozador	2500
alborozar	2500
alborozo	2500
alborto	2500
albriciar	2500
albudeca	2500
albufera	2500
albugo	2500
albumen	2500
albuminar	2500
albuminoide	2500
albuminoideo	2500
albuminoso	2500
albuminuria	2500
albur	2500
albura	2500
alburente	2500
albóndiga	2500
albúmina	2500
alca	2500
alcabala	2500
alcabalero	2500
alcabor	2500
alcabota	2500
alcacel	2500
alcacer	2500
alcachofa	2500
alcachofar	2500
alcahaz	2500
alcahotar	2500
alcahueta	2500
alcahuetar	2500
alcahuete	2500
alcahuetear	2500
alcaico	2500
alcaide	2500
alcaldada	2500
alcalde	2500
alcaldesa	2500
alcaldía	2500
alcalescencia	2500
alcalinidad	2500
alcalinizar	2500
alcalino	2500
alcalizar	2500
alcaloide	2500
alcaloideo	2500
alcalosis	2500
alcana	2500
alcance	2500
alcancía	2500
alcanfor	2500
alcanforada	2500
alcanforar	2500
alcanforero	2500
alcano	2500
alcantarillar	2500
alcantarillero	2500
alcantarino	2500
alcanzable	2500
alcanzadizo	2500
alcanzado	2500
alcanzador	2500
alcanzadura	2500
alcanzar	2500
alcaparra	2500
alcaparrera	2500
alcaparrón	2500
alcaravanero	2500
alcaravea	2500
alcaraván	2500
alcarchofar	2500
alcarraza	2500
alcarria	2500
alcartaz	2500
alcatara	2500
alcatraz	2500
alcaucil	2500
alcaudón	2500
alcayatar	2500
alcazaba	2500
alce	2500
alcea	2500
alcedo	2500
alcino	2500
alcionio	2500
alcionito	2500
alcista	2500
alción	2500
alcoba	2500
alcohol	2500
alcoholar	2500
alcoholato	2500
alcoholaturo	2500
alcoholemia	2500
alcoholera	2500
alcoholero	2500
alcoholismo	2500
alcoholizado	2500
alcoholizar	2500
alcohólico	2500
alcolla	2500
alconcilla	2500
alcoranista	2500
alcornocal	2500
alcornoque	2500
alcorza	2500
alcorzar	2500
alcotana	2500
alcotán	2500
alcoyano	2500
alcubilla	2500
alcucero	2500
alcurnia	2500
alcuza	2500
alcándara	2500
alcántara	2500
aldaba	2500
aldabada	2500
aldabazo	2500
aldabear	2500
aldabón	2500
aldea	2500
aldeanamente	2500
aldeaniego	2500
aldeanismo	2500
aldeano	2500
aldehído	2500
aldeorrio	2500
alderredor	2500
aldino	2500
aldiza	2500
aldohexosa	2500
aldopentosa	2500
aldorta	2500
ale	2500
alear	2500
aleatoriamente	2500
aleatoriedad	2500
aleatorio	2500
alebrar	2500
alebrastarse	2500
alebrestar	2500
alebronar	2500
aleccionador	2500
aleccionamiento	2500
aleccionar	2500
alece	2500
aleche	2500
alechigar	2500
alechugado	2500
alechugar	2500
alectomancia	2500
alectoria	2500
aleda	2500
aledaño	2500
alefangina	2500
alefriz	2500
alegamar	2500
aleganar	2500
alegar	2500
alegato	2500
alegorizar	2500
alegoría	2500
alegra	2500
alegrador	2500
alegrar	2500
alegre	2500
alegremente	2500
alegreto	2500
alegro	2500
alegría	2500
alegórico	2500
aleja	2500
alejado	2500
alejamiento	2500
alejandrino	2500
alejar	2500
alelado	2500
alelamiento	2500
alelar	2500
alelo	2500
aleluya	2500
alelí	2500
alemanamente	2500
alemanda	2500
alenguamiento	2500
alenguar	2500
alentada	2500
alentadamente	2500
alentado	2500
alentador	2500
alentadoramente	2500
alentar	2500
alentoso	2500
alerce	2500
alergia	2500
alergénico	2500
alero	2500
alerta	2500
alertar	2500
alerón	2500
alesnado	2500
aleta	2500
aletada	2500
aletargamiento	2500
aletargar	2500
aletear	2500
aleto	2500
aleudar	2500
alevantar	2500
aleviar	2500
alevoso	2500
alevosía	2500
alexia	2500
aleya	2500
aleznar	2500
alezo	2500
alfa	2500
alfabeta	2500
alfabetizable	2500
alfabetización	2500
alfabetizar	2500
alfabeto	2500
alfabéticamente	2500
alfabético	2500
alfaguara	2500
alfahar	2500
alfaharero	2500
alfaida	2500
alfajor	2500
alfalfa	2500
alfalfal	2500
alfalfar	2500
alfalfez	2500
alfana	2500
alfandoque	2500
alfaneque	2500
alfanje	2500
alfanumérico	2500
alfaque	2500
alfaqueque	2500
alfar	2500
alfaraz	2500
alfarda	2500
alfareme	2500
alfarero	2500
alfarería	2500
alfarje	2500
alfarjía	2500
alfarma	2500
alfarrazar	2500
alfeizar	2500
alferazgo	2500
alferecía	2500
alferraz	2500
alfeñar	2500
alfeñicar	2500
alfeñique	2500
alficoz	2500
alfil	2500
alfiler	2500
alfilerera	2500
alfiletero	2500
alfitete	2500
alfiz	2500
alfoliero	2500
alfolí	2500
alfombra	2500
alfombrar	2500
alfombrero	2500
alfombrista	2500
alfonsearse	2500
alfonsino	2500
alfonsismo	2500
alfonsí	2500
alforfón	2500
alforja	2500
alforjero	2500
alforrochar	2500
alforza	2500
alforzar	2500
alfoz	2500
alféizar	2500
alférez	2500
alfóncigo	2500
alga	2500
algadara	2500
algaida	2500
algaido	2500
algalia	2500
algaliar	2500
algar	2500
algara	2500
algarabía	2500
algaracea	2500
algaraceaba	2500
algaraceaban	2500
algaraceada	2500
algaraceadas	2500
algaraceado	2500
algaraceados	2500
algaracean	2500
algaraceando	2500
algaracear	2500
algaraceara	2500
algaracearan	2500
algaraceare	2500
algaracearen	2500
algaracearon	2500
algaracearse	2500
algaraceará	2500
algaracearán	2500
algaracearía	2500
algaracearían	2500
algaracease	2500
algaraceasen	2500
algaracee	2500
algaraceen	2500
algaraceó	2500
algarada	2500
algarazo	2500
algarear	2500
algarero	2500
algarrada	2500
algarroba	2500
algarrobal	2500
algarrobera	2500
algarrobero	2500
algarrobo	2500
algavaro	2500
algazara	2500
algazul	2500
algebraico	2500
algebrista	2500
algente	2500
algidez	2500
algodonal	2500
algodonar	2500
algodoncillo	2500
algodonero	2500
algodonosa	2500
algodonoso	2500
algodón	2500
algonquino	2500
algorfa	2500
algoritmia	2500
algoritmo	2500
algorín	2500
algorítmico	2500
algoso	2500
alguacil	2500
alguacilazgo	2500
alguacilesco	2500
alguarismo	2500
alguaza	2500
alguero	2500
alguese	2500
alguien	2500
algébrico	2500
alhacena	2500
alhaja	2500
alhajar	2500
alhamel	2500
alhandal	2500
alharaca	2500
alharaquiento	2500
alharma	2500
alhelí	2500
alheña	2500
alheñar	2500
alholva	2500
alhombrar	2500
alhorre	2500
alhucema	2500
alhumajo	2500
ali	2500
aliabierto	2500
aliado	2500
aliaga	2500
aliagar	2500
aliancista	2500
alianza	2500
alianzarse	2500
aliar	2500
alias	2500
alible	2500
alicantina	2500
alicantino	2500
alicanto	2500
alicatar	2500
alicaído	2500
alicer	2500
aliciente	2500
alicionar	2500
alicortar	2500
alicuanta	2500
alidada	2500
alidona	2500
alienable	2500
alienante	2500
alienar	2500
alienista	2500
aliento	2500
alienígena	2500
alienígeno	2500
alifa	2500
alifafe	2500
alifara	2500
alifático	2500
aligación	2500
aligeramiento	2500
aligerar	2500
aligonero	2500
alijador	2500
alijar	2500
alijarar	2500
alijarero	2500
alijariego	2500
alimaña	2500
alimentación	2500
alimentador	2500
alimental	2500
alimentar	2500
alimentario	2500
alimenticio	2500
alimento	2500
alimoche	2500
alimonar	2500
alimpiar	2500
alindamiento	2500
alindar	2500
alinear	2500
alioli	2500
aliquebrar	2500
alirrojo	2500
alisado	2500
alisador	2500
alisar	2500
aliseda	2500
alisios	2500
alisma	2500
aliso	2500
alistador	2500
alistamiento	2500
alistar	2500
aliteración	2500
alitierno	2500
alitán	2500
aliviadero	2500
aliviador	2500
aliviar	2500
alivio	2500
alizar	2500
aliñada	2500
aliñado	2500
aliñar	2500
aliño	2500
aljaba	2500
aljama	2500
aljamiado	2500
aljamía	2500
aljerife	2500
aljerifero	2500
aljez	2500
aljezar	2500
aljibe	2500
aljibero	2500
aljofaina	2500
aljofarar	2500
aljofifar	2500
aljonje	2500
aljuba	2500
aljuma	2500
aljófar	2500
allanabarrancos	2500
allanador	2500
allanamiento	2500
allanar	2500
allegadera	2500
allegadizo	2500
allegador	2500
allegamiento	2500
allegar	2500
allende	2500
allá	2500
alma	2500
almacenaje	2500
almacenamiento	2500
almacenar	2500
almacenero	2500
almacenista	2500
almaceno	2500
almacigar	2500
almaciguero	2500
almacén	2500
almadiar	2500
almadiero	2500
almadraba	2500
almadrabero	2500
almadía	2500
almagra	2500
almagradura	2500
almagral	2500
almagrar	2500
almagre	2500
almagrero	2500
almaizar	2500
almaizo	2500
almaja	2500
almajal	2500
almajaneque	2500
almajara	2500
almalafa	2500
almanaque	2500
almanaquero	2500
almandino	2500
almanta	2500
almarbatar	2500
almario	2500
almazara	2500
almazarrón	2500
almeja	2500
almejar	2500
almena	2500
almenar	2500
almenara	2500
almendra	2500
almendrado	2500
almendral	2500
almendrar	2500
almendrate	2500
almendrera	2500
almendrero	2500
almendro	2500
almendruco	2500
almeriense	2500
almete	2500
almez	2500
almiar	2500
almiarar	2500
almibarar	2500
almidonado	2500
almidonar	2500
almidón	2500
almijar	2500
almijara	2500
almijarero	2500
almimbar	2500
alminar	2500
almiranta	2500
almirantazgo	2500
almirante	2500
almirez	2500
almizate	2500
almizclado	2500
almizclar	2500
almizcle	2500
almizclero	2500
almizcleña	2500
almizcleño	2500
almo	2500
almocafre	2500
almocárabe	2500
almogavarear	2500
almohada	2500
almohadazo	2500
almohade	2500
almohadillado	2500
almohadillar	2500
almohadón	2500
almohaza	2500
almohazar	2500
almona	2500
almoneda	2500
almonedar	2500
almonedear	2500
almora	2500
almorejo	2500
almorrana	2500
almorta	2500
almorzar	2500
almorávide	2500
almosnar	2500
almotacenazgo	2500
almotacén	2500
almud	2500
almudejo	2500
almudero	2500
almuerzo	2500
almunia	2500
almuédano	2500
almáciga	2500
almádena	2500
almíbar	2500
almófar	2500
alnico	2500
alobar	2500
alobreguecer	2500
alocadamente	2500
alocado	2500
alocar	2500
alocución	2500
alodio	2500
alogar	2500
aloja	2500
alojado	2500
alojamiento	2500
alojar	2500
alojero	2500
alomar	2500
alombar	2500
alomorfo	2500
alondra	2500
alongar	2500
alonso	2500
alopecia	2500
alopecuro	2500
alopático	2500
aloquecer	2500
alosa	2500
alosna	2500
alotar	2500
alotrópico	2500
aloya	2500
alpaca	2500
alpamato	2500
alparcero	2500
alpargata	2500
alpargatar	2500
alpargatero	2500
alpartaz	2500
alpatana	2500
alpechinera	2500
alpechín	2500
alpende	2500
alpestre	2500
alpina	2500
alpinismo	2500
alpinista	2500
alpino	2500
alpiste	2500
alpistela	2500
alpistero	2500
alquequenje	2500
alquería	2500
alquez	2500
alquezar	2500
alquibla	2500
alquicel	2500
alquila	2500
alquilación	2500
alquilador	2500
alquilamiento	2500
alquilar	2500
alquilate	2500
alquiler	2500
alquimia	2500
alquimila	2500
alquimista	2500
alquitara	2500
alquitarar	2500
alquitranadamente	2500
alquitranado	2500
alquitranar	2500
alquitrán	2500
alquímico	2500
alrota	2500
alsaciano	2500
alta	2500
altabaca	2500
altabaquillo	2500
altaico	2500
altamente	2500
altamisa	2500
altana	2500
altaneramente	2500
altanero	2500
altanería	2500
altano	2500
altar	2500
altarero	2500
altarreina	2500
altavoz	2500
altear	2500
alterabilidad	2500
alterable	2500
alteradizo	2500
alterado	2500
alterador	2500
alterante	2500
alterar	2500
alterativo	2500
altercado	2500
altercador	2500
altercar	2500
alteridad	2500
alternadamente	2500
alternado	2500
alternador	2500
alternancia	2500
alternante	2500
alternar	2500
alternativa	2500
alternativamente	2500
alternativo	2500
alterno	2500
alteza	2500
altibajo	2500
altilocuencia	2500
altilocuente	2500
altimetría	2500
altiplanicie	2500
altiplano	2500
altisonancia	2500
altisonante	2500
altitonante	2500
altitud	2500
altitudinal	2500
altivamente	2500
altivar	2500
altivez	2500
altivo	2500
alto	2500
altorrelieve	2500
altozano	2500
altramucero	2500
altramuz	2500
altruismo	2500
altruista	2500
altímetro	2500
altísimo	2500
altísono	2500
alubia	2500
alubiar	2500
aluchar	2500
aluciar	2500
alucinador	2500
alucinamiento	2500
alucinante	2500
alucinar	2500
alucinatorio	2500
alucinógeno	2500
alud	2500
aludido	2500
aludir	2500
alueñarse	2500
alufrar	2500
alugar	2500
alumbrado	2500
alumbrador	2500
alumbramiento	2500
alumbrante	2500
alumbrar	2500
alumbre	2500
aluminato	2500
aluminio	2500
aluminita	2500
aluminosis	2500
alumnado	2500
alunado	2500
alunamiento	2500
alunar	2500
alunarado	2500
alunizaje	2500
alunizar	2500
alusivo	2500
alusión	2500
alustrar	2500
aluvial	2500
aluvión	2500
alveario	2500
alveolar	2500
alverja	2500
alverjana	2500
alvino	2500
alvéolo	2500
alza	2500
alzacuello	2500
alzada	2500
alzadamente	2500
alzadera	2500
alzadero	2500
alzado	2500
alzadura	2500
alzamiento	2500
alzaos	2500
alzaprimar	2500
alzar	2500
alzheimer	2500
alélico	2500
alérgeno	2500
alérgico	2500
alícuota	2500
alófono	2500
alón	2500
alópata	2500
alúmina	2500
ama	2500
amabilidad	2500
amable	2500
amablemente	2500
amaceno	2500
amachetear	2500
amachinar	2500
amacigado	2500
amacollar	2500
amaderadamente	2500
amadla	2500
amadlas	2500
amadlo	2500
amadlos	2500
amadme	2500
amadnos	2500
amado	2500
amador	2500
amadrigar	2500
amadrinamiento	2500
amadrinar	2500
amaestrado	2500
amaestrador	2500
amaestramiento	2500
amaestrar	2500
amagar	2500
amagatorio	2500
amago	2500
amainador	2500
amainar	2500
amaitinar	2500
amajadar	2500
amajanar	2500
amalecita	2500
amalfitano	2500
amalgama	2500
amalgamador	2500
amalgamamiento	2500
amalgamar	2500
amalladar	2500
amamantador	2500
amamantamiento	2500
amamantar	2500
amancay	2500
amancebar	2500
amancillar	2500
amancáis	2500
amanear	2500
amanecer	2500
amaneradamente	2500
amaneramiento	2500
amanerar	2500
amanojar	2500
amansado	2500
amansador	2500
amansamiento	2500
amansar	2500
amantar	2500
amante	2500
amantillar	2500
amantillo	2500
amanuense	2500
amaos	2500
amapola	2500
amapolar	2500
amar	2500
amaracino	2500
amaranto	2500
amarantácea	2500
amarantáceo	2500
amarar	2500
amarañar	2500
amarecer	2500
amargado	2500
amargamente	2500
amargar	2500
amargo	2500
amargor	2500
amarguero	2500
amargura	2500
amaricado	2500
amarilidácea	2500
amarilidáceo	2500
amarilla	2500
amarillear	2500
amarillecer	2500
amarillejo	2500
amarillento	2500
amarilleo	2500
amarillismo	2500
amarillista	2500
amarillo	2500
amarinar	2500
amariposado	2500
amarizar	2500
amaromar	2500
amarraco	2500
amarradero	2500
amarrado	2500
amarradura	2500
amarrar	2500
amarre	2500
amarreco	2500
amarrequear	2500
amarteladamente	2500
amartelamiento	2500
amartelar	2500
amartillar	2500
amasadera	2500
amasadero	2500
amasado	2500
amasador	2500
amasadura	2500
amasamiento	2500
amasar	2500
amasijo	2500
amasio	2500
amateur	2500
amateurs	2500
amatista	2500
amativo	2500
amatorio	2500
amaurosis	2500
amayorazgar	2500
amayuela	2500
amazacotado	2500
amazona	2500
amazónico	2500
amañar	2500
ambages	2500
ambarar	2500
ambarina	2500
ambarino	2500
ambas	2500
amberino	2500
ambicionar	2500
ambicionear	2500
ambiciosamente	2500
ambicioso	2500
ambición	2500
ambidextro	2500
ambientación	2500
ambientador	2500
ambiental	2500
ambientalista	2500
ambientar	2500
ambiente	2500
ambiguamente	2500
ambiguo	2500
ambigüedad	2500
ambivalencia	2500
ambivalente	2500
amblar	2500
ambleo	2500
ambligonio	2500
ambliope	2500
ambliopía	2500
ambo	2500
ambrollar	2500
ambrosiano	2500
ambrosía	2500
ambuesta	2500
ambulacral	2500
ambulancia	2500
ambulante	2500
ambulativo	2500
ambulatorio	2500
ameba	2500
amebeo	2500
amechar	2500
amedrantar	2500
amedrentador	2500
amedrentar	2500
amelga	2500
amelgador	2500
amelgar	2500
amellar	2500
amelo	2500
amelocotonado	2500
amelonado	2500
amembrillado	2500
amenaza	2500
amenazador	2500
amenazadoramente	2500
amenazante	2500
amenazar	2500
amenguar	2500
amenidad	2500
amenizar	2500
ameno	2500
amenorar	2500
amenorrea	2500
amento	2500
ameos	2500
amerar	2500
amercearse	2500
amercendearse	2500
amerengado	2500
americanada	2500
americanismo	2500
americanista	2500
americanizar	2500
americano	2500
americanística	2500
americanístico	2500
amerindio	2500
amerizaje	2500
amerizar	2500
amesnar	2500
amestizado	2500
amesurar	2500
ametalado	2500
ametista	2500
ametrallador	2500
ametrallamiento	2500
ametrallar	2500
ami	2500
amia	2500
amianto	2500
amiba	2500
amibo	2500
amida	2500
amiduro	2500
amiento	2500
amigabilidad	2500
amigable	2500
amigablemente	2500
amigar	2500
amigdalectomía	2500
amigdalina	2500
amigdalitis	2500
amigo	2500
amigote	2500
amiguete	2500
amiguismo	2500
amilamia	2500
amilanamiento	2500
amilanar	2500
amillaramiento	2500
amillarar	2500
amiláceo	2500
aminar	2500
aminorar	2500
aminoácido	2500
amistad	2500
amistar	2500
amistosamente	2500
amistoso	2500
amnesia	2500
amnios	2500
amnistiar	2500
amniótico	2500
amo	2500
amoblar	2500
amochar	2500
amodita	2500
amodorramiento	2500
amodorrar	2500
amodorrecer	2500
amohecer	2500
amohinar	2500
amohosar	2500
amojamamiento	2500
amojamar	2500
amojelar	2500
amojonador	2500
amojonamiento	2500
amojonar	2500
amoladera	2500
amolador	2500
amoladura	2500
amolar	2500
amoldador	2500
amoldamiento	2500
amoldar	2500
amole	2500
amollador	2500
amollar	2500
amollentar	2500
amonar	2500
amonedar	2500
amonestación	2500
amonestador	2500
amonestamiento	2500
amonestar	2500
amoniacal	2500
amoniaco	2500
amonio	2500
amoniotélico	2500
amonita	2500
amonites	2500
amontadgar	2500
amontar	2500
amontazgar	2500
amontillado	2500
amontonadamente	2500
amontonador	2500
amontonamiento	2500
amontonar	2500
amor	2500
amoralismo	2500
amoratado	2500
amoratar	2500
amorbar	2500
amorcar	2500
amordazador	2500
amordazamiento	2500
amordazar	2500
amorecer	2500
amores	2500
amorfo	2500
amorgonar	2500
amorillar	2500
amoriscado	2500
amorosamente	2500
amorrar	2500
amorriñar	2500
amorronar	2500
amortajador	2500
amortajamiento	2500
amortajar	2500
amortecer	2500
amortiguador	2500
amortiguamiento	2500
amortiguar	2500
amortizable	2500
amortización	2500
amortizar	2500
amorío	2500
amoscamiento	2500
amoscar	2500
amosquilar	2500
amostachado	2500
amostazar	2500
amotinado	2500
amotinador	2500
amotinamiento	2500
amotinar	2500
amover	2500
amovible	2500
amovilidad	2500
amparador	2500
amparar	2500
amparo	2500
ampelita	2500
ampere	2500
amperio	2500
amperímetro	2500
amplexo	2500
ampliador	2500
ampliamente	2500
ampliar	2500
ampliativo	2500
ampliatorio	2500
amplificador	2500
amplificar	2500
amplificativo	2500
amplio	2500
amplitud	2500
ampolla	2500
ampollar	2500
ampolleta	2500
amprar	2500
ampulosidad	2500
ampuloso	2500
amputación	2500
amputar	2500
amuchachado	2500
amueblar	2500
amuelar	2500
amuermadamente	2500
amuermar	2500
amufar	2500
amugronar	2500
amujerado	2500
amujeramiento	2500
amular	2500
amulatado	2500
amurallar	2500
amurar	2500
amurcar	2500
amurillar	2500
amusgar	2500
amuso	2500
amustiar	2500
amén	2500
amígdala	2500
amílico	2500
amónico	2500
anabaptismo	2500
anabaptista	2500
anabolismo	2500
anacanto	2500
anacardina	2500
anacardino	2500
anacardiácea	2500
anacardiáceo	2500
anacardo	2500
anaco	2500
anacoluto	2500
anaconda	2500
anacora	2500
anacoreta	2500
anacreóntica	2500
anacreóntico	2500
anacronismo	2500
anacronía	2500
anacrónico	2500
anadear	2500
anadina	2500
anadino	2500
anadiplosis	2500
anaeróbico	2500
anafalla	2500
anafe	2500
anafilaxia	2500
anafilaxis	2500
anafre	2500
anafórico	2500
anagnórisis	2500
anagrama	2500
anagramatista	2500
anagramista	2500
anagramático	2500
anal	2500
analectas	2500
analfabetismo	2500
analfabeto	2500
analgesia	2500
analgésico	2500
analista	2500
analizable	2500
analizador	2500
analizar	2500
analmente	2500
analogía	2500
analítica	2500
analíticamente	2500
analítico	2500
analógico	2500
ananá	2500
ananás	2500
anaquel	2500
anaquelería	2500
anaranjear	2500
anarquismo	2500
anarquista	2500
anarquizante	2500
anarquizar	2500
anarquía	2500
anasarca	2500
anascote	2500
anastasia	2500
anastomizar	2500
anastomosar	2500
anastomosis	2500
anatema	2500
anatematizador	2500
anatematizar	2500
anatemizar	2500
anatista	2500
anatolio	2500
anatomizar	2500
anatomoclínico	2500
anatomopatológico	2500
anatomía	2500
anatómico	2500
anca	2500
ancado	2500
ancestral	2500
ancestro	2500
ancha	2500
anchar	2500
ancharia	2500
ancheta	2500
anchicorto	2500
ancho	2500
anchoa	2500
anchoar	2500
anchova	2500
anchuroso	2500
ancianidad	2500
anciano	2500
ancla	2500
ancladero	2500
anclaje	2500
anclar	2500
anclear	2500
anclote	2500
anconitano	2500
ancorada	2500
ancoraje	2500
ancorar	2500
ancorca	2500
ancorel	2500
ancorero	2500
ancudo	2500
ancusa	2500
ancón	2500
anda	2500
andaba	2500
andabais	2500
andaban	2500
andabas	2500
andad	2500
andada	2500
andadas	2500
andadera	2500
andadero	2500
andadle	2500
andadles	2500
andado	2500
andador	2500
andados	2500
andadura	2500
andalia	2500
andalotero	2500
andalucismo	2500
andalucista	2500
andalusí	2500
andaluz	2500
andaluzada	2500
andamiada	2500
andamio	2500
andamos	2500
andan	2500
andana	2500
andanada	2500
andancia	2500
andancio	2500
andando	2500
andante	2500
andantesco	2500
andantino	2500
andanza	2500
andaos	2500
andar	2500
andaraje	2500
andaremos	2500
andarica	2500
andariego	2500
andarivel	2500
andarla	2500
andarlas	2500
andarle	2500
andarles	2500
andarlo	2500
andarlos	2500
andarme	2500
andarnos	2500
andaros	2500
andarraya	2500
andarse	2500
andarte	2500
andará	2500
andarán	2500
andarás	2500
andaré	2500
andaréis	2500
andaría	2500
andaríais	2500
andaríamos	2500
andarían	2500
andarías	2500
andas	2500
andase	2500
andaseis	2500
andasen	2500
andases	2500
ande	2500
andemos	2500
anden	2500
andero	2500
andes	2500
andesina	2500
andesita	2500
andina	2500
andinista	2500
andino	2500
ando	2500
andola	2500
andolina	2500
andorga	2500
andorina	2500
andorrano	2500
andorrear	2500
andosco	2500
andrajo	2500
andrajosamente	2500
andrajoso	2500
andriana	2500
andrina	2500
andrino	2500
androceo	2500
androide	2500
androsemo	2500
andrógeno	2500
andujareño	2500
andulario	2500
andullo	2500
andurrial	2500
anduve	2500
anduviera	2500
anduvierais	2500
anduvieran	2500
anduvieras	2500
anduviere	2500
anduviereis	2500
anduvieren	2500
anduvieres	2500
anduvieron	2500
anduviese	2500
anduvieseis	2500
anduviesen	2500
anduvieses	2500
anduvimos	2500
anduviste	2500
anduvisteis	2500
anduviéramos	2500
anduviéremos	2500
anduviésemos	2500
anduvo	2500
andábamos	2500
andáis	2500
andándole	2500
andándoles	2500
andásemos	2500
andéis	2500
andén	2500
anea	2500
anear	2500
anecdotario	2500
anecdotista	2500
anecdótico	2500
aneciarse	2500
anegadizo	2500
anegar	2500
anejar	2500
anejir	2500
anejo	2500
anemia	2500
anemoscopio	2500
anemómetro	2500
aneota	2500
aneroide	2500
anestesia	2500
anestesiar	2500
anestesista	2500
anestesiólogo	2500
anestésico	2500
aneurisma	2500
anexar	2500
anexionar	2500
anexionismo	2500
anexionista	2500
anexitis	2500
anexión	2500
anexo	2500
anfesibena	2500
anfetamina	2500
anfibio	2500
anfibolita	2500
anfibología	2500
anfineuro	2500
anfisbena	2500
anfisibena	2500
anfiteatro	2500
anfitrión	2500
anfión	2500
anfractuosidad	2500
anfractuoso	2500
anfótero	2500
angarillar	2500
angaripola	2500
angelical	2500
angelicalmente	2500
angelino	2500
angelito	2500
angelizar	2500
angelota	2500
angelote	2500
angina	2500
anginoso	2500
angioma	2500
angiosperma	2500
angiospermo	2500
anglesita	2500
anglicanismo	2500
anglicano	2500
anglicismo	2500
anglo	2500
angloamericanismo	2500
angloamericano	2500
anglohablante	2500
angloparlante	2500
anglosajón	2500
angoleño	2500
angora	2500
angorra	2500
angostamente	2500
angostar	2500
angosto	2500
angostura	2500
anguarina	2500
anguila	2500
anguilazo	2500
anguilero	2500
anguilo	2500
anguina	2500
angular	2500
angulema	2500
angulosidad	2500
anguloso	2500
angustia	2500
angustiado	2500
angustiador	2500
angustiante	2500
angustiar	2500
angustioso	2500
angélica	2500
angélicamente	2500
angélico	2500
anhelante	2500
anhelar	2500
anhelo	2500
anheloso	2500
anhidrita	2500
anhidro	2500
anhidrosis	2500
anhídrido	2500
aniaga	2500
anidamiento	2500
anidar	2500
anidiar	2500
anieblar	2500
aniego	2500
aniejar	2500
anilina	2500
anilla	2500
anillado	2500
anillar	2500
animada	2500
animadamente	2500
animado	2500
animador	2500
animadversión	2500
animal	2500
animalada	2500
animalario	2500
animalesco	2500
animalidad	2500
animalizar	2500
animalucho	2500
animar	2500
animero	2500
animismo	2500
animizar	2500
animosamente	2500
animosidad	2500
animoso	2500
aniquilador	2500
aniquilamiento	2500
aniquilar	2500
anisado	2500
anisakiasis	2500
anisakis	2500
anisar	2500
anisete	2500
anisodonte	2500
anisofilo	2500
anisotropía	2500
anisótropo	2500
aniversario	2500
aniñado	2500
aniñar	2500
anión	2500
ano	2500
anoche	2500
anochecedor	2500
anochecer	2500
anodinia	2500
anodino	2500
anofeles	2500
anomalía	2500
anomalístico	2500
anomia	2500
anomuro	2500
anonadamiento	2500
anonadar	2500
anonimato	2500
anonimia	2500
anopluro	2500
anorexia	2500
anormal	2500
anormalmente	2500
anorza	2500
anotador	2500
anotar	2500
anqueta	2500
anquilosamiento	2500
anquilosar	2500
anquilosis	2500
anquilostoma	2500
anquilostomiasis	2500
anquiseco	2500
ansa	2500
ansarero	2500
ansarino	2500
anseriforme	2500
ansia	2500
ansiar	2500
ansiedad	2500
ansiogénico	2500
ansiolítico	2500
ansiosamente	2500
ansioso	2500
ansotano	2500
anta	2500
antagallar	2500
antagonismo	2500
antagonista	2500
antagónico	2500
antamilla	2500
antaño	2500
anteado	2500
anteanoche	2500
anteayer	2500
antecedente	2500
anteceder	2500
antecesor	2500
anteco	2500
antecoger	2500
antedatar	2500
anteferir	2500
antejo	2500
antelación	2500
antemano	2500
antemeridiano	2500
antena	2500
antenoche	2500
antenotar	2500
anteojero	2500
antepagar	2500
antepasado	2500
anteponer	2500
antepuesto	2500
antepón	2500
antequerano	2500
antera	2500
anterioridad	2500
anteriormente	2500
antevenir	2500
antever	2500
antevé	2500
anti	2500
antia	2500
antiautoritario	2500
antibalas	2500
antibiótico	2500
anticariense	2500
anticarro	2500
anticelulítico	2500
anticiclón	2500
anticipada	2500
anticipadamente	2500
anticipado	2500
anticipador	2500
anticipamiento	2500
anticipante	2500
anticipar	2500
anticlinal	2500
anticomercial	2500
anticongelante	2500
anticontaminación	2500
anticorrosivo	2500
anticresis	2500
anticresista	2500
anticrisis	2500
anticuado	2500
anticuar	2500
anticuario	2500
anticuark	2500
antidepresivo	2500
antidisturbios	2500
antidopaje	2500
antidotario	2500
antidroga	2500
antier	2500
antiespañol	2500
antiestrés	2500
antifaz	2500
antifonal	2500
antifonario	2500
antigualla	2500
antiguamente	2500
antiguano	2500
antiguar	2500
antiguo	2500
antigüedad	2500
antihelmíntico	2500
antihistamínico	2500
antihorario	2500
antiinflamatorio	2500
antillanismo	2500
antillano	2500
antilogía	2500
antimateria	2500
antimicrobiano	2500
antimonial	2500
antimonio	2500
antimonita	2500
antimonopólico	2500
antiniebla	2500
antinodo	2500
antinomia	2500
antinovela	2500
antipara	2500
antipartícula	2500
antipatía	2500
antipendio	2500
antipersona	2500
antipersonal	2500
antipirina	2500
antipirético	2500
antipático	2500
antiquísimo	2500
antirrobo	2500
antirrábico	2500
antiscio	2500
antisepsia	2500
antispasto	2500
antistrofa	2500
antitanque	2500
antitético	2500
antivirus	2500
antociana	2500
antocianina	2500
antoja	2500
antojaba	2500
antojaban	2500
antojadizamente	2500
antojadizo	2500
antojado	2500
antojan	2500
antojana	2500
antojara	2500
antojaran	2500
antojare	2500
antojaron	2500
antojarse	2500
antojará	2500
antojarán	2500
antojaría	2500
antojarían	2500
antojase	2500
antojasen	2500
antoje	2500
antojen	2500
antojera	2500
antojo	2500
antojó	2500
antología	2500
antoniano	2500
antonimia	2500
antoniniano	2500
antonino	2500
antonomasia	2500
antorcha	2500
antorchar	2500
antorchero	2500
antosta	2500
antozoo	2500
antracita	2500
antracosis	2500
antro	2500
antropocentrismo	2500
antropocéntrico	2500
antropofagia	2500
antropoide	2500
antropoideo	2500
antropología	2500
antropológico	2500
antropomorfismo	2500
antropomorfita	2500
antropomorfo	2500
antropomórfico	2500
antroponimia	2500
antropófago	2500
antropólogo	2500
antropónimo	2500
antruejar	2500
antruejo	2500
antuerpiense	2500
antuviar	2500
antuzano	2500
antártico	2500
antídoto	2500
antífona	2500
antífrasis	2500
antígeno	2500
antílope	2500
antípoda	2500
antítesis	2500
antónimo	2500
anual	2500
anualidad	2500
anualmente	2500
anuario	2500
anublar	2500
anudador	2500
anudadura	2500
anudamiento	2500
anudar	2500
anuencia	2500
anuente	2500
anulador	2500
anular	2500
anulativo	2500
anulete	2500
anuloso	2500
anumerar	2500
anunciador	2500
anunciante	2500
anunciar	2500
anuo	2500
anuria	2500
anuro	2500
anverso	2500
anzolar	2500
anzolero	2500
anzuelo	2500
anáfora	2500
análisis	2500
análogamente	2500
análogo	2500
anárquico	2500
anécdota	2500
anélido	2500
anémico	2500
anémona	2500
anímico	2500
anís	2500
anómalo	2500
anómico	2500
anón	2500
anónimamente	2500
anónimo	2500
aojar	2500
aojo	2500
aoristo	2500
aorta	2500
aovado	2500
aovar	2500
aovillar	2500
ap	2500
apabilar	2500
apabullamiento	2500
apabullante	2500
apabullantemente	2500
apabullar	2500
apacentadero	2500
apacentador	2500
apacentamiento	2500
apacentar	2500
apacer	2500
apacheta	2500
apachurrar	2500
apacibilidad	2500
apacible	2500
apaciblemente	2500
apaciguador	2500
apaciguamiento	2500
apaciguar	2500
apacorral	2500
apadrinador	2500
apadrinamiento	2500
apadrinar	2500
apagable	2500
apagadizo	2500
apagador	2500
apagamiento	2500
apagar	2500
apagavelas	2500
apagón	2500
apaisado	2500
apalabrar	2500
apalambrar	2500
apalancar	2500
apaleamiento	2500
apalear	2500
apalpar	2500
apanalado	2500
apancora	2500
apandar	2500
apandillar	2500
apaniguar	2500
apantanar	2500
apantuflado	2500
apapagayado	2500
aparador	2500
aparadura	2500
aparar	2500
aparasolado	2500
aparatar	2500
aparatero	2500
aparato	2500
aparatosamente	2500
aparatosidad	2500
aparatoso	2500
aparcacoches	2500
aparcamiento	2500
aparcar	2500
aparcero	2500
aparcería	2500
apareamiento	2500
aparear	2500
aparecer	2500
aparecimiento	2500
aparejado	2500
aparejador	2500
aparejar	2500
aparejo	2500
aparentador	2500
aparentar	2500
aparente	2500
aparentemente	2500
aparición	2500
apariencia	2500
aparir	2500
aparrar	2500
apartadero	2500
apartadijo	2500
apartadizo	2500
apartado	2500
apartador	2500
apartamento	2500
apartamiento	2500
apartar	2500
aparte	2500
apartheid	2500
apartidar	2500
apartijo	2500
aparvadera	2500
aparvadero	2500
aparvador	2500
aparvar	2500
apasionada	2500
apasionadamente	2500
apasionado	2500
apasionamiento	2500
apasionante	2500
apasionar	2500
apastar	2500
apastragarse	2500
apastrar	2500
apatrocinar	2500
apatusco	2500
apatía	2500
apaularse	2500
apaulillarse	2500
apayasar	2500
apañado	2500
apañar	2500
apañuscar	2500
apañárselas	2500
apdo	2500
apeadero	2500
apeador	2500
apeamiento	2500
apear	2500
apechar	2500
apechugar	2500
apedazar	2500
apedrar	2500
apedreador	2500
apedreamiento	2500
apedrear	2500
apegaderas	2500
apegar	2500
apego	2500
apelable	2500
apelambrar	2500
apelante	2500
apelar	2500
apelativo	2500
apelgarar	2500
apeligrar	2500
apellar	2500
apellidar	2500
apellido	2500
apelmazar	2500
apelotonar	2500
apenar	2500
apencar	2500
apendicectomía	2500
apendicitis	2500
apendicular	2500
apeo	2500
apeonar	2500
apepsia	2500
aperador	2500
aperar	2500
apercebir	2500
apercibimiento	2500
apercibir	2500
aperdigar	2500
apergaminado	2500
apergaminar	2500
aperitivo	2500
aperlado	2500
apernar	2500
aperrear	2500
apersogar	2500
apersonamiento	2500
apersonar	2500
apertar	2500
apertura	2500
aperturismo	2500
aperturista	2500
apesadumbrar	2500
apesarar	2500
apesgar	2500
apestar	2500
apestillar	2500
apestoso	2500
apetecedor	2500
apetecer	2500
apetencia	2500
apetitivo	2500
apetito	2500
apetitoso	2500
apezonado	2500
apezuñar	2500
apeñuscar	2500
apiadador	2500
apiadar	2500
apianar	2500
apiaradero	2500
apical	2500
apicarar	2500
apicultor	2500
apicultura	2500
apilada	2500
apilador	2500
apilamiento	2500
apilar	2500
apimpollar	2500
apio	2500
apiojar	2500
apiolar	2500
apipar	2500
apiporrar	2500
apisonadora	2500
apisonamiento	2500
apisonar	2500
apitar	2500
apitonamiento	2500
apitonar	2500
apizarrado	2500
apiñado	2500
apiñar	2500
aplacador	2500
aplacamiento	2500
aplacar	2500
aplacentar	2500
aplacer	2500
aplagar	2500
aplanadera	2500
aplanador	2500
aplanamiento	2500
aplanar	2500
aplanchar	2500
aplantillar	2500
aplastamiento	2500
aplastante	2500
aplastantemente	2500
aplastar	2500
aplatanar	2500
aplaudidor	2500
aplaudir	2500
aplauso	2500
aplayar	2500
aplazable	2500
aplazamiento	2500
aplazar	2500
aplebeyar	2500
aplegar	2500
aplicabilidad	2500
aplicable	2500
aplicada	2500
aplicado	2500
aplicar	2500
aplicativo	2500
aplique	2500
aplomado	2500
aplomar	2500
aplomo	2500
apnea	2500
apoastro	2500
apocadamente	2500
apocado	2500
apocalipsis	2500
apocalíptico	2500
apocamiento	2500
apocar	2500
apocinácea	2500
apocináceo	2500
apocopar	2500
apodar	2500
apoderado	2500
apoderamiento	2500
apoderar	2500
apodo	2500
apodíctico	2500
apogeo	2500
apolillar	2500
apolinar	2500
apolismar	2500
apolo	2500
apologista	2500
apologética	2500
apologético	2500
apología	2500
apoltronamiento	2500
apoltronar	2500
apolíneo	2500
apomazar	2500
aponer	2500
aponeurosis	2500
apontocar	2500
aponzoñar	2500
apoplejía	2500
apoptosis	2500
apoquinar	2500
aporcador	2500
aporcadura	2500
aporcar	2500
aporisma	2500
aporismar	2500
aporofobia	2500
aporracear	2500
aporreador	2500
aporreadura	2500
aporreamiento	2500
aporrear	2500
aporreo	2500
aporrillar	2500
aportación	2500
aportadero	2500
aportar	2500
aportillar	2500
aposar	2500
aposentador	2500
aposentamiento	2500
aposentar	2500
aposento	2500
apostadero	2500
apostante	2500
apostar	2500
apostasía	2500
apostatar	2500
apostemar	2500
apostillar	2500
apostolado	2500
apostrofar	2500
apostólico	2500
apotegma	2500
apotema	2500
apoteosis	2500
apotrerar	2500
apoyadura	2500
apoyar	2500
apoyatura	2500
apreciabilidad	2500
apreciable	2500
apreciar	2500
apreciativamente	2500
apreciativo	2500
aprehender	2500
aprehensivo	2500
aprehensión	2500
aprehensor	2500
apremiante	2500
apremiantemente	2500
apremiar	2500
apremir	2500
aprendedor	2500
aprender	2500
aprendiz	2500
aprendizaje	2500
aprensiva	2500
aprensivo	2500
aprensión	2500
apresador	2500
apresamiento	2500
apresar	2500
aprestar	2500
apresuradamente	2500
apresuramiento	2500
apresurar	2500
apretadamente	2500
apretadera	2500
apretadero	2500
apretado	2500
apretador	2500
apretadura	2500
apretamiento	2500
apretar	2500
apretujar	2500
apretón	2500
aprevenir	2500
aprevén	2500
apriesa	2500
aprieto	2500
aprimar	2500
apriorismo	2500
apriorístico	2500
aprisa	2500
apriscar	2500
aprisionar	2500
aproar	2500
aprobado	2500
aprobar	2500
aproches	2500
aprodar	2500
aprometer	2500
aprontamiento	2500
aprontar	2500
apropiable	2500
apropiadamente	2500
apropiador	2500
apropiar	2500
apropincuar	2500
aprovecer	2500
aprovechada	2500
aprovechado	2500
aprovechador	2500
aprovechamiento	2500
aprovechante	2500
aprovechar	2500
aprovisionamiento	2500
aprovisionar	2500
aprox	2500
aproximado	2500
aproximar	2500
aproximativo	2500
aptar	2500
aptitud	2500
apto	2500
apulgarar	2500
apunchar	2500
apuntado	2500
apuntador	2500
apuntalamiento	2500
apuntalar	2500
apuntamiento	2500
apuntar	2500
apunte	2500
apuntillar	2500
apuracabos	2500
apurado	2500
apurador	2500
apuramiento	2500
apurar	2500
apurrir	2500
apuñalado	2500
apuñalar	2500
apuñar	2500
apuñetear	2500
apáticamente	2500
apático	2500
apátrida	2500
apéndice	2500
apócope	2500
apócrifo	2500
apófisis	2500
apólogo	2500
apón	2500
apóstata	2500
apóstol	2500
apóstrofe	2500
apóstrofo	2500
aquebrazar	2500
aquedar	2500
aquejar	2500
aquelarre	2500
aquellar	2500
aquende	2500
aquenio	2500
aqueo	2500
aquerar	2500
aquerenciar	2500
aqueresar	2500
aqueste	2500
aquesto	2500
aquiescencia	2500
aquietamiento	2500
aquietar	2500
aquilatamiento	2500
aquilatar	2500
aquilea	2500
aquilino	2500
aquillado	2500
aquillotrar	2500
aquilón	2500
aquéllo	2500
ar	2500
ara	2500
arabesco	2500
arabismo	2500
arabizar	2500
arabo	2500
aracnoides	2500
arado	2500
arador	2500
aradura	2500
aragonesismo	2500
aragonito	2500
aragonés	2500
araguato	2500
arahuaco	2500
aralia	2500
arameo	2500
arana	2500
arancel	2500
arancelario	2500
arandanedo	2500
arandela	2500
arandillo	2500
araniego	2500
arar	2500
araucanista	2500
araucano	2500
araucaria	2500
arauja	2500
aravico	2500
araña	2500
arañar	2500
arañazo	2500
arañero	2500
arañuela	2500
arañuelo	2500
arbalestrilla	2500
arbitrador	2500
arbitraje	2500
arbitral	2500
arbitrar	2500
arbitrariamente	2500
arbitrariedad	2500
arbitrario	2500
arbitriano	2500
arbitrio	2500
arbitrista	2500
arbolado	2500
arboladura	2500
arbolar	2500
arbolecer	2500
arboleda	2500
arbolete	2500
arbolillo	2500
arbolista	2500
arborecer	2500
arborescencia	2500
arborescente	2500
arboreto	2500
arboricultor	2500
arboricultura	2500
arboriforme	2500
arborizar	2500
arbotante	2500
arbustivo	2500
arbusto	2500
arbóreo	2500
arca	2500
arcabucear	2500
arcabucero	2500
arcabuz	2500
arcabuzazo	2500
arcada	2500
arcadio	2500
arcaico	2500
arcaizante	2500
arcaizar	2500
arcangélico	2500
arcano	2500
arcar	2500
arcatura	2500
arcaísmo	2500
arce	2500
arcea	2500
arcedianato	2500
arcediano	2500
arcedo	2500
archa	2500
archero	2500
archibruto	2500
archicofrade	2500
archidiácono	2500
archiducado	2500
archiducal	2500
archiduque	2500
archiduquesa	2500
archimandrita	2500
archipiélago	2500
archivador	2500
archivar	2500
archivero	2500
archivista	2500
archivología	2500
archivístico	2500
arché	2500
arcilla	2500
arcillar	2500
arcilloso	2500
arciprestado	2500
arciprestal	2500
arciprestazgo	2500
arcipreste	2500
arco	2500
arcobricense	2500
arcontado	2500
arconte	2500
arcoíris	2500
arcángel	2500
arcén	2500
arcón	2500
arda	2500
ardalear	2500
arder	2500
ardero	2500
ardeviejas	2500
ardid	2500
ardido	2500
ardiente	2500
ardientemente	2500
ardilla	2500
ardimiento	2500
ardite	2500
ardor	2500
ardorosamente	2500
ardoroso	2500
arduamente	2500
arduo	2500
areca	2500
arecer	2500
arelar	2500
arena	2500
arenal	2500
arenar	2500
arencar	2500
arenero	2500
arenga	2500
arengador	2500
arengar	2500
arenillero	2500
arenisca	2500
arenisco	2500
arenoso	2500
arenque	2500
areola	2500
areolar	2500
areopagita	2500
arestín	2500
arete	2500
aretino	2500
areópago	2500
arfar	2500
argamasa	2500
argamasar	2500
arganeo	2500
argayar	2500
argel	2500
argelino	2500
argentada	2500
argentado	2500
argentar	2500
argentinismo	2500
argentino	2500
argentoso	2500
argivo	2500
argolla	2500
argonauta	2500
argos	2500
argot	2500
argucia	2500
arguellar	2500
argumentación	2500
argumentador	2500
argumental	2500
argumentalmente	2500
argumentar	2500
argumentario	2500
argumentativo	2500
argumentista	2500
argumento	2500
argén	2500
argénteo	2500
argón	2500
argüir	2500
aria	2500
aricar	2500
aridecer	2500
aridez	2500
arienzo	2500
aries	2500
arietario	2500
ariete	2500
arietino	2500
arije	2500
arilo	2500
ario	2500
ariscar	2500
arisco	2500
arisnegro	2500
arista	2500
aristado	2500
aristarco	2500
aristino	2500
aristocracia	2500
aristocratismo	2500
aristocratizar	2500
aristocrático	2500
aristoloquia	2500
aristoloquiácea	2500
aristoloquiáceo	2500
aristoso	2500
aristotelismo	2500
aristotélico	2500
aristócrata	2500
aritmético	2500
arjé	2500
arlar	2500
arlequinesco	2500
arlequín	2500
arma	2500
armad	2500
armada	2500
armadera	2500
armadijo	2500
armadilla	2500
armadillo	2500
armado	2500
armador	2500
armamentista	2500
armamento	2500
armamentístico	2500
armaos	2500
armar	2500
armario	2500
armatoste	2500
armazón	2500
armella	2500
armenio	2500
armero	2500
armería	2500
armilar	2500
armisticio	2500
armiñar	2500
armiño	2500
armonio	2500
armoniosamente	2500
armonioso	2500
armonizador	2500
armonizar	2500
armonía	2500
armoricano	2500
armuelle	2500
armémonos	2500
arménico	2500
armónica	2500
armónicamente	2500
armónico	2500
arna	2500
arnés	2500
aro	2500
aroma	2500
aromar	2500
aromaticidad	2500
aromatizar	2500
aromo	2500
aromático	2500
aron	2500
arpa	2500
arpado	2500
arpar	2500
arpegiar	2500
arpella	2500
arpende	2500
arpeo	2500
arpillera	2500
arpista	2500
arponar	2500
arponear	2500
arponero	2500
arpía	2500
arpón	2500
arqueada	2500
arqueamiento	2500
arquear	2500
arqueo	2500
arqueología	2500
arqueológico	2500
arquero	2500
arquería	2500
arqueta	2500
arquetipo	2500
arquetípico	2500
arqueólogo	2500
arquibanco	2500
arquiepiscopal	2500
arquimesa	2500
arquisinagogo	2500
arquitecto	2500
arquitectural	2500
arquitectónico	2500
arquitrabe	2500
arquivolta	2500
arrabal	2500
arrabalero	2500
arrabio	2500
arracacha	2500
arracimado	2500
arracimar	2500
arraclán	2500
arraezar	2500
arraigada	2500
arraigado	2500
arraigar	2500
arraigo	2500
arralar	2500
arramblar	2500
arramplar	2500
arranar	2500
arrancada	2500
arrancadera	2500
arrancadero	2500
arrancado	2500
arrancador	2500
arrancadura	2500
arrancamiento	2500
arrancar	2500
arranchar	2500
arranciar	2500
arranque	2500
arranquera	2500
arrapar	2500
arrapiezo	2500
arrapo	2500
arrasador	2500
arrasadura	2500
arrasamiento	2500
arrasar	2500
arrastradera	2500
arrastradero	2500
arrastradizo	2500
arrastrado	2500
arrastramiento	2500
arrastrante	2500
arrastrar	2500
arrastre	2500
arrastrero	2500
arrate	2500
arrayanal	2500
arrayaz	2500
arrayán	2500
arre	2500
arreador	2500
arrear	2500
arrebatacapas	2500
arrebatadamente	2500
arrebatadizo	2500
arrebatador	2500
arrebatamiento	2500
arrebatar	2500
arrebatarse	2500
arrebato	2500
arrebañar	2500
arrebol	2500
arrebolar	2500
arrebolera	2500
arrebollar	2500
arrebozar	2500
arrebujar	2500
arrecadar	2500
arrechuchar	2500
arrechucho	2500
arreciar	2500
arrecid	2500
arrecida	2500
arrecidas	2500
arrecido	2500
arrecidos	2500
arreciendo	2500
arreciera	2500
arrecierais	2500
arrecieran	2500
arrecieras	2500
arreciere	2500
arreciereis	2500
arrecieren	2500
arrecieres	2500
arrecieron	2500
arreciese	2500
arrecieseis	2500
arreciesen	2500
arrecieses	2500
arrecifar	2500
arrecimos	2500
arrecir	2500
arreciremos	2500
arrecirse	2500
arrecirá	2500
arrecirán	2500
arrecirás	2500
arreciré	2500
arreciréis	2500
arreciría	2500
arreciríais	2500
arreciríamos	2500
arrecirían	2500
arrecirías	2500
arreciste	2500
arrecisteis	2500
arreciéramos	2500
arreciéremos	2500
arreciésemos	2500
arreció	2500
arrecí	2500
arrecía	2500
arrecíais	2500
arrecíamos	2500
arrecían	2500
arrecías	2500
arrecís	2500
arredilar	2500
arredondear	2500
arredrar	2500
arregazar	2500
arreglada	2500
arreglado	2500
arreglador	2500
arreglar	2500
arreglista	2500
arreglo	2500
arregostar	2500
arrejacar	2500
arrejerar	2500
arrelde	2500
arrellanar	2500
arremangado	2500
arremangar	2500
arrematar	2500
arremedar	2500
arremeter	2500
arremetida	2500
arremetimiento	2500
arremolinar	2500
arrempujar	2500
arrendadero	2500
arrendador	2500
arrendajo	2500
arrendamiento	2500
arrendar	2500
arrendatario	2500
arrendaticio	2500
arreo	2500
arrepanchigar	2500
arrepasar	2500
arrepentida	2500
arrepentimiento	2500
arrepentir	2500
arrepistar	2500
arrequesonar	2500
arrequive	2500
arrestar	2500
arresto	2500
arretranca	2500
arrevolver	2500
arrezagar	2500
arria	2500
arrianismo	2500
arriano	2500
arriar	2500
arriate	2500
arribada	2500
arribar	2500
arribista	2500
arribo	2500
arridar	2500
arriendo	2500
arriero	2500
arriesgado	2500
arriesgar	2500
arrimadero	2500
arrimadillo	2500
arrimadizo	2500
arrimador	2500
arrimadura	2500
arrimar	2500
arrimo	2500
arrincar	2500
arrinconado	2500
arrinconamiento	2500
arrinconar	2500
arriostrar	2500
arriscador	2500
arriscamiento	2500
arriscar	2500
arritar	2500
arritmia	2500
arrizar	2500
arroba	2500
arrobadizo	2500
arrobador	2500
arrobamiento	2500
arrobar	2500
arrobero	2500
arrocado	2500
arrocero	2500
arrocinar	2500
arrodear	2500
arrodilladura	2500
arrodillamiento	2500
arrodillar	2500
arrodrigar	2500
arrodrigonar	2500
arrogancia	2500
arrogante	2500
arrogantemente	2500
arrogar	2500
arrojadizo	2500
arrojado	2500
arrojador	2500
arrojar	2500
arrojo	2500
arrollable	2500
arrollador	2500
arrollamiento	2500
arrollar	2500
arromadizar	2500
arromanzar	2500
arromar	2500
arromper	2500
arronjar	2500
arronzar	2500
arropar	2500
arrope	2500
arropiero	2500
arropía	2500
arrostrar	2500
arroto	2500
arroyada	2500
arroyar	2500
arroyo	2500
arroz	2500
arrozal	2500
arruar	2500
arruchar	2500
arrufar	2500
arruga	2500
arrugamiento	2500
arrugar	2500
arruinador	2500
arruinamiento	2500
arruinar	2500
arrullador	2500
arrullar	2500
arrumaco	2500
arrumaje	2500
arrumar	2500
arrumbamiento	2500
arrumbar	2500
arrunflar	2500
arrusticar	2500
arrutar	2500
arrutinar	2500
arráez	2500
arsenal	2500
arseniato	2500
arsenical	2500
arsenioso	2500
arsenito	2500
arseniuro	2500
arsénico	2500
art	2500
arte	2500
artefacto	2500
artejo	2500
artemisa	2500
artemisia	2500
artera	2500
arteramente	2500
arteria	2500
arterial	2500
arteriola	2500
arteriosclerosis	2500
arterioso	2500
artero	2500
artería	2500
artesa	2500
artesanado	2500
artesanal	2500
artesanalmente	2500
artesano	2500
artesanía	2500
artesiano	2500
artesonado	2500
artesonar	2500
articulada	2500
articulado	2500
articulador	2500
articular	2500
articulario	2500
articulatorio	2500
articulista	2500
artificial	2500
artificialmente	2500
artificiar	2500
artificiero	2500
artificio	2500
artificiosa	2500
artificiosidad	2500
artificioso	2500
artigar	2500
artillado	2500
artillar	2500
artillero	2500
artillería	2500
artilugio	2500
artimaña	2500
artimón	2500
artiodáctilo	2500
artista	2500
artizar	2500
artolas	2500
artritis	2500
artritismo	2500
artroscopia	2500
artroscopio	2500
artroscopía	2500
artrosis	2500
artrítico	2500
artrópodo	2500
artículo	2500
artífice	2500
artísticamente	2500
artístico	2500
aruñar	2500
arveja	2500
arvejana	2500
arzobispado	2500
arzobispal	2500
arzobispo	2500
arzolla	2500
arzón	2500
arábigo	2500
arácea	2500
aráceo	2500
arácnido	2500
arándano	2500
arísaro	2500
arúspice	2500
as	2500
asa	2500
asaborir	2500
asacristanado	2500
asadero	2500
asado	2500
asador	2500
asadura	2500
asaetar	2500
asaetear	2500
asainetear	2500
asalariado	2500
asalariar	2500
asalir	2500
asalmerar	2500
asaltante	2500
asaltar	2500
asamblea	2500
asambleario	2500
asambleísta	2500
asana	2500
asar	2500
asardinado	2500
asarero	2500
asarina	2500
asativo	2500
asayar	2500
asaz	2500
asbestino	2500
asbesto	2500
asca	2500
ascalonia	2500
ascalonita	2500
ascendencia	2500
ascendente	2500
ascender	2500
ascendiente	2500
ascensional	2500
ascensionista	2500
ascensión	2500
ascenso	2500
ascensor	2500
ascensorista	2500
asceta	2500
asceterio	2500
ascetismo	2500
ascitis	2500
asclepiadeo	2500
asclepiadácea	2500
asclepiadáceo	2500
asco	2500
asconder	2500
ascosidad	2500
ascoso	2500
ascua	2500
ascética	2500
ascético	2500
aseada	2500
aseado	2500
asear	2500
asechamiento	2500
asechanza	2500
asechar	2500
asedar	2500
asediador	2500
asediar	2500
asedio	2500
aseglarar	2500
aseguradamente	2500
asegurado	2500
asegurador	2500
aseguramiento	2500
asegurar	2500
aselar	2500
asemejar	2500
asenderear	2500
asengladura	2500
asenso	2500
asentaderas	2500
asentado	2500
asentador	2500
asentar	2500
asentir	2500
asentista	2500
aseo	2500
asepsia	2500
asequible	2500
aserción	2500
aserenar	2500
aseriar	2500
aserrada	2500
aserradero	2500
aserrado	2500
aserradura	2500
aserrar	2500
asertivo	2500
aserto	2500
asertor	2500
asertorio	2500
asesar	2500
asesinar	2500
asesinato	2500
asesino	2500
asesor	2500
asesoramiento	2500
asesorar	2500
asesoría	2500
asestadero	2500
asestadura	2500
asestar	2500
aseverar	2500
aseverativo	2500
asexualmente	2500
asfaltar	2500
asfalto	2500
asfixia	2500
asfixiante	2500
asfixiar	2500
asfáltico	2500
asibilación	2500
asibilar	2500
asidero	2500
asiduamente	2500
asiduidad	2500
asiduo	2500
asiento	2500
asignado	2500
asignar	2500
asilado	2500
asilar	2500
asilvestrado	2500
asimetría	2500
asimiento	2500
asimilado	2500
asimilar	2500
asimilativo	2500
asimilismo	2500
asimilista	2500
asimismo	2500
asimétricas	2500
asina	2500
asincronía	2500
asintomático	2500
asintótico	2500
asir	2500
asirio	2500
asistencia	2500
asistencial	2500
asistenta	2500
asistente	2500
asistido	2500
asistimiento	2500
asistir	2500
asistolia	2500
asiático	2500
asma	2500
asmar	2500
asmático	2500
asna	2500
asnacho	2500
asnado	2500
asnal	2500
asnico	2500
asno	2500
asobarcar	2500
asobinar	2500
asocairar	2500
asociacionismo	2500
asociado	2500
asociamiento	2500
asociar	2500
asociativo	2500
asolador	2500
asoladoramente	2500
asolamiento	2500
asolanar	2500
asolapar	2500
asolar	2500
asoldadar	2500
asoldar	2500
asolear	2500
asomada	2500
asomar	2500
asombradizo	2500
asombrador	2500
asombrar	2500
asombro	2500
asonancia	2500
asonantar	2500
asonar	2500
asondar	2500
asordar	2500
asosegar	2500
asotanar	2500
asotilar	2500
aspa	2500
aspadera	2500
aspar	2500
aspaventar	2500
aspaviento	2500
aspear	2500
aspecto	2500
aspectual	2500
asperear	2500
aspereza	2500
aspergear	2500
asperger	2500
asperiega	2500
asperiego	2500
asperilla	2500
asperjar	2500
aspersión	2500
aspersorio	2500
asperón	2500
aspidistra	2500
aspillar	2500
aspillera	2500
aspillerar	2500
aspirada	2500
aspirado	2500
aspirador	2500
aspirante	2500
aspirar	2500
aspirina	2500
aspro	2500
aspálato	2500
asquear	2500
asquerosidad	2500
asqueroso	2500
asta	2500
astada	2500
astado	2500
astato	2500
astenia	2500
aster	2500
asterisco	2500
asterismo	2500
astero	2500
asteroide	2500
astifino	2500
astigmatismo	2500
astil	2500
astilla	2500
astillar	2500
astillazo	2500
astillero	2500
astilloso	2500
astorgano	2500
astracán	2500
astral	2500
astreñir	2500
astricción	2500
astrictivo	2500
astringencia	2500
astringente	2500
astringir	2500
astriñir	2500
astro	2500
astrobiología	2500
astrofísica	2500
astrofísico	2500
astrolabio	2500
astrolito	2500
astrologar	2500
astrología	2500
astrológico	2500
astrometría	2500
astronauta	2500
astronave	2500
astronomía	2500
astronáutica	2500
astronáutico	2500
astronómico	2500
astrosa	2500
astroso	2500
astrágalo	2500
astrógrafo	2500
astrólogo	2500
astrónomo	2500
astucia	2500
astur	2500
asturianismo	2500
asturiano	2500
asturicense	2500
asturleonés	2500
astutamente	2500
astuto	2500
astático	2500
asubiadero	2500
asubiar	2500
asueto	2500
asumible	2500
asumir	2500
asuncionista	2500
asunción	2500
asuntar	2500
asunto	2500
asurar	2500
asurcado	2500
asurcar	2500
asustadizo	2500
asustar	2500
asín	2500
asíncrono	2500
asíndeton	2500
asíntota	2500
asís	2500
asómate	2500
atabal	2500
atabalear	2500
atabalero	2500
atabardillado	2500
atabe	2500
atabillar	2500
atabladera	2500
atablar	2500
atacable	2500
atacador	2500
atacamita	2500
atacante	2500
atacar	2500
atacir	2500
atadla	2500
atadlas	2500
atadlo	2500
atadlos	2500
atadme	2500
atadnos	2500
atado	2500
atador	2500
atadura	2500
atafagar	2500
atagallar	2500
atairar	2500
atajadizo	2500
atajador	2500
atajar	2500
atalajar	2500
atalantar	2500
atalar	2500
atalaya	2500
atalayador	2500
atalayar	2500
atalayero	2500
ataludar	2500
ataluzar	2500
atamiento	2500
atanasia	2500
atancar	2500
atanor	2500
ataos	2500
atapar	2500
ataquizar	2500
atar	2500
atarantar	2500
ataraxia	2500
atarazar	2500
atardecer	2500
atarear	2500
atarjea	2500
atarquinar	2500
atarrajar	2500
atarugamiento	2500
atarugar	2500
atascadero	2500
atascado	2500
atascamiento	2500
atascar	2500
atasco	2500
ataviar	2500
atavismo	2500
atavío	2500
ataxia	2500
ataña	2500
atañan	2500
atañe	2500
atañen	2500
atañer	2500
atañera	2500
atañeran	2500
atañere	2500
atañeren	2500
atañeron	2500
atañerá	2500
atañerán	2500
atañería	2500
atañerían	2500
atañese	2500
atañesen	2500
atañía	2500
atañían	2500
atañó	2500
ataúd	2500
atear	2500
atediar	2500
atelaje	2500
atemorizar	2500
atemperar	2500
atemporal	2500
atemporalidad	2500
atenacear	2500
atenazar	2500
atención	2500
atendar	2500
atender	2500
atendible	2500
atenebrar	2500
ateneo	2500
atener	2500
ateniense	2500
atenorado	2500
atenta	2500
atentadamente	2500
atentado	2500
atentamente	2500
atentar	2500
atentatorio	2500
atento	2500
atentísimamente	2500
atenuación	2500
atenuador	2500
atenuante	2500
atenuar	2500
ateo	2500
aterecer	2500
atericiarse	2500
aterid	2500
aterida	2500
ateridas	2500
aterido	2500
ateridos	2500
ateriendo	2500
ateriera	2500
aterierais	2500
aterieran	2500
aterieras	2500
ateriere	2500
ateriereis	2500
aterieren	2500
aterieres	2500
aterieron	2500
ateriese	2500
aterieseis	2500
ateriesen	2500
aterieses	2500
aterimos	2500
aterir	2500
ateriremos	2500
aterirse	2500
aterirá	2500
aterirán	2500
aterirás	2500
ateriré	2500
ateriréis	2500
ateriría	2500
ateriríais	2500
ateriríamos	2500
aterirían	2500
aterirías	2500
ateriste	2500
ateristeis	2500
ateriéramos	2500
ateriéremos	2500
ateriésemos	2500
aterió	2500
aterosclerosis	2500
aterrador	2500
aterradoramente	2500
aterrajar	2500
aterrar	2500
aterrerar	2500
aterrizaje	2500
aterrizar	2500
aterronar	2500
aterrorizar	2500
aterí	2500
atería	2500
ateríais	2500
ateríamos	2500
aterían	2500
aterías	2500
aterís	2500
atesar	2500
atesoramiento	2500
atesorar	2500
atestación	2500
atestamiento	2500
atestar	2500
atestiguación	2500
atestiguamiento	2500
atestiguar	2500
atetar	2500
atetillar	2500
atezamiento	2500
atezar	2500
ateísmo	2500
atibar	2500
atibiar	2500
atiborrar	2500
aticismo	2500
aticista	2500
atiesar	2500
atiestos	2500
atifle	2500
atigrado	2500
atijarero	2500
atildadura	2500
atildamiento	2500
atildar	2500
atinar	2500
atinconar	2500
atinente	2500
atipar	2500
atipicidad	2500
atiplar	2500
atirantar	2500
atisbador	2500
atisbar	2500
atizadero	2500
atizador	2500
atizar	2500
atizonar	2500
atlante	2500
atlas	2500
atleta	2500
atletismo	2500
atlántica	2500
atlántico	2500
atlético	2500
atmosférico	2500
atmósfera	2500
atoar	2500
atocha	2500
atochal	2500
atochar	2500
atochero	2500
atocinar	2500
atol	2500
atolladar	2500
atolladero	2500
atollar	2500
atolondradamente	2500
atolondrado	2500
atolondramiento	2500
atolondrar	2500
atolón	2500
atomir	2500
atomismo	2500
atomista	2500
atomizar	2500
atomístico	2500
atona	2500
atonar	2500
atondar	2500
atontadamente	2500
atontado	2500
atontamiento	2500
atontar	2500
atontecer	2500
atontolinar	2500
atonía	2500
atoramiento	2500
atorar	2500
atorcer	2500
atordecer	2500
atorgar	2500
atormentador	2500
atormentar	2500
atornillador	2500
atornillar	2500
atorozonar	2500
atorra	2500
atortolar	2500
atortorar	2500
atortujar	2500
atosigador	2500
atosigamiento	2500
atosigar	2500
atrabancar	2500
atrabiliario	2500
atrabilioso	2500
atrabilis	2500
atracadero	2500
atracador	2500
atracar	2500
atraco	2500
atractivo	2500
atractriz	2500
atracón	2500
atraer	2500
atrafagar	2500
atragantar	2500
atraicionar	2500
atraillar	2500
atrampar	2500
atramuz	2500
atrancar	2500
atrapamoscas	2500
atrapar	2500
atrasado	2500
atrasar	2500
atraso	2500
atravesado	2500
atravesador	2500
atravesar	2500
atrayente	2500
atregar	2500
atreguar	2500
atresia	2500
atresnalar	2500
atrever	2500
atrevido	2500
atrevimiento	2500
atrezo	2500
atribución	2500
atribuir	2500
atribular	2500
atributar	2500
atributivo	2500
atril	2500
atrilera	2500
atrincheramiento	2500
atrincherar	2500
atrio	2500
atrochar	2500
atrocidad	2500
atrofia	2500
atrofiar	2500
atrojar	2500
atronadura	2500
atronamiento	2500
atronar	2500
atronerar	2500
atropar	2500
atropelladamente	2500
atropellado	2500
atropellador	2500
atropellamiento	2500
atropellar	2500
atropello	2500
atropina	2500
atroz	2500
atrozmente	2500
atruhanado	2500
atrás	2500
atte	2500
atto	2500
atuendo	2500
atufamiento	2500
atufar	2500
atunero	2500
aturar	2500
aturbonado	2500
aturdido	2500
aturdidor	2500
aturdimiento	2500
aturdir	2500
aturriar	2500
aturrullar	2500
aturullar	2500
atusador	2500
atusar	2500
atávico	2500
atómico	2500
atónito	2500
atópico	2500
atún	2500
auca	2500
auctorizar	2500
audacia	2500
audaz	2500
audible	2500
audición	2500
audiencia	2500
audio	2500
audioguía	2500
audiolibro	2500
audiovisual	2500
auditar	2500
auditivamente	2500
auditivo	2500
auditor	2500
auditorio	2500
auditoría	2500
audiómetro	2500
audífono	2500
auge	2500
augita	2500
augmentar	2500
augur	2500
augurador	2500
augurar	2500
augurio	2500
augustal	2500
augustamente	2500
augusto	2500
aula	2500
aulaga	2500
aulagar	2500
aulladero	2500
aullador	2500
aullar	2500
aullido	2500
aumentada	2500
aumentador	2500
aumentar	2500
aumentativo	2500
aumento	2500
aunar	2500
aupar	2500
aura	2500
aurelianense	2500
aureola	2500
aureolar	2500
aurgitano	2500
auricular	2500
auricularmente	2500
auriense	2500
auriga	2500
aurora	2500
aurícula	2500
auscultación	2500
auscultar	2500
ausencia	2500
ausentar	2500
ausente	2500
ausentismo	2500
ausetano	2500
ausonense	2500
ausonio	2500
auspiciar	2500
auspicio	2500
auspicioso	2500
austeridad	2500
austero	2500
austral	2500
australiano	2500
austriaco	2500
austro	2500
austríaco	2500
autarquía	2500
autenticar	2500
autenticidad	2500
autentificación	2500
autentificar	2500
autismo	2500
autista	2500
auto	2500
autoafirmación	2500
autoajustar	2500
autobombo	2500
autobús	2500
autocensurar	2500
autocitación	2500
autoclave	2500
autocompasión	2500
autoconciencia	2500
autoconfianza	2500
autoconocimiento	2500
autoconsciente	2500
autocontenido	2500
autoconvencer	2500
autocopista	2500
autocorrectivo	2500
autocracia	2500
autocrítica	2500
autodefensa	2500
autodefinición	2500
autodefinir	2500
autodenominado	2500
autodenominar	2500
autodesarrollo	2500
autodestructivo	2500
autodestruir	2500
autodeterminado	2500
autodeterminar	2500
autodidactismo	2500
autodidacto	2500
autodisciplina	2500
autoeditar	2500
autoestop	2500
autoestopes	2500
autoestopista	2500
autoevaluación	2500
autogobierno	2500
autografiar	2500
autoimagen	2500
autoimponer	2500
autoimpuesto	2500
autolesionar	2500
autolimitación	2500
autolubricante	2500
automatismo	2500
automatización	2500
automatizar	2500
automedicar	2500
automedonte	2500
automovilismo	2500
automovilista	2500
automovilístico	2500
automáticamente	2500
autonomismo	2500
autonomista	2500
autonomía	2500
autonómico	2500
autopropulsado	2500
autoprotección	2500
autopsia	2500
autor	2500
autoridad	2500
autoritariamente	2500
autoritario	2500
autoritarismo	2500
autorización	2500
autorizadamente	2500
autorizado	2500
autorizador	2500
autorizamiento	2500
autorizar	2500
autorregular	2500
autoría	2500
autosoma	2500
autosugestionar	2500
autosustentable	2500
auténtica	2500
auténticamente	2500
auténtico	2500
autóctono	2500
autógeno	2500
autógrafo	2500
autómata	2500
autónomamente	2500
autónomo	2500
auxiliador	2500
auxiliar	2500
auxilio	2500
av	2500
avadar	2500
avahar	2500
avalancha	2500
avalar	2500
avaliar	2500
avalista	2500
avalorar	2500
avaluar	2500
avambrazo	2500
avance	2500
avanecer	2500
avante	2500
avanzada	2500
avanzado	2500
avanzar	2500
avanzo	2500
avaricia	2500
avariciar	2500
avariciosamente	2500
avaricioso	2500
avariento	2500
avaro	2500
avasallador	2500
avasallamiento	2500
avasallar	2500
avatar	2500
avd	2500
avda	2500
ave	2500
avechucho	2500
avecinar	2500
avecindamiento	2500
avecindar	2500
avefría	2500
avejentar	2500
avejigar	2500
avelar	2500
avellana	2500
avellanal	2500
avellanar	2500
avellanate	2500
avellaneda	2500
avellanedo	2500
avellanero	2500
avellano	2500
avemaría	2500
avenamiento	2500
avenar	2500
avenate	2500
avenenar	2500
avenencia	2500
avenimiento	2500
avenir	2500
aventado	2500
aventador	2500
aventadura	2500
aventajado	2500
aventajamiento	2500
aventajar	2500
aventamiento	2500
aventar	2500
aventura	2500
aventurado	2500
aventurar	2500
aventureramente	2500
aventurero	2500
averar	2500
averdugar	2500
avergonzado	2500
avergonzante	2500
avergonzar	2500
averiar	2500
averiguable	2500
averiguación	2500
averiguador	2500
averiguamiento	2500
averiguar	2500
averno	2500
averroísmo	2500
averrugado	2500
aversar	2500
averío	2500
avestruz	2500
avetado	2500
avetarda	2500
avetoro	2500
avezar	2500
aviación	2500
aviador	2500
aviamiento	2500
aviar	2500
aviario	2500
avica	2500
aviciar	2500
avicultor	2500
avicultura	2500
avidez	2500
aviejar	2500
avienta	2500
aviesamente	2500
avieso	2500
avigorar	2500
avilantar	2500
avilantez	2500
avilanteza	2500
avilar	2500
avilesino	2500
avillanamiento	2500
avillanar	2500
aviltar	2500
avinagradamente	2500
avinagrar	2500
avioneta	2500
avisacoches	2500
avisado	2500
avisador	2500
avisar	2500
aviso	2500
avispa	2500
avispado	2500
avispar	2500
avispero	2500
avispón	2500
avistamiento	2500
avistar	2500
avitaminosis	2500
avitelado	2500
avituallamiento	2500
avituallar	2500
avivador	2500
avivamiento	2500
avivar	2500
avizor	2500
avizorar	2500
avión	2500
avocamiento	2500
avocar	2500
avoceta	2500
avolcanado	2500
avucasta	2500
avugo	2500
avuguero	2500
avutarda	2500
avén	2500
avéstico	2500
avícola	2500
avío	2500
ax	2500
axial	2500
axialmente	2500
axila	2500
axilar	2500
axinita	2500
axiológico	2500
axioma	2500
axiomatizar	2500
axiomática	2500
axiomático	2500
axis	2500
axón	2500
ay	2500
aya	2500
ayermar	2500
ayo	2500
ayto	2500
ayuda	2500
ayudado	2500
ayudador	2500
ayudante	2500
ayudar	2500
ayunador	2500
ayunar	2500
ayuno	2500
ayuntamiento	2500
ayustar	2500
azabachado	2500
azabache	2500
azabachero	2500
azabara	2500
azacanear	2500
azada	2500
azadada	2500
azadazo	2500
azadonada	2500
azadonero	2500
azadón	2500
azafata	2500
azafate	2500
azafranado	2500
azafranal	2500
azafranar	2500
azafranero	2500
azafrán	2500
azagadero	2500
azagador	2500
azagar	2500
azagaya	2500
azahar	2500
azamboero	2500
azamboo	2500
azanahoriate	2500
azarandar	2500
azarar	2500
azarbe	2500
azarbeta	2500
azarolla	2500
azarollo	2500
azarosamente	2500
azaroso	2500
azcarrio	2500
azcona	2500
azerbaiyano	2500
azerí	2500
azimut	2500
azimutal	2500
aznacho	2500
aznallo	2500
azo	2500
azoar	2500
azoato	2500
azocar	2500
azoemia	2500
azogamiento	2500
azogar	2500
azogue	2500
azoguero	2500
azoico	2500
azolar	2500
azoleo	2500
azolvar	2500
azolácea	2500
azoláceo	2500
azomar	2500
azor	2500
azoramiento	2500
azorar	2500
azorero	2500
azorramiento	2500
azorrar	2500
azotacalles	2500
azotado	2500
azotador	2500
azotaina	2500
azotalenguas	2500
azotamiento	2500
azotar	2500
azote	2500
azotea	2500
azotina	2500
azteca	2500
azucarado	2500
azucarar	2500
azucarero	2500
azucarillo	2500
azucena	2500
azuche	2500
azud	2500
azufaifo	2500
azufrador	2500
azuframiento	2500
azufrar	2500
azufre	2500
azufrera	2500
azufrero	2500
azufroso	2500
azul	2500
azulado	2500
azular	2500
azulear	2500
azulejar	2500
azulejo	2500
azulenco	2500
azulete	2500
azulgrana	2500
azulino	2500
azulón	2500
azumbre	2500
azur	2500
azurita	2500
azurronar	2500
azuzador	2500
azuzar	2500
azófar	2500
azúcar	2500
aérea	2500
aéreo	2500
añacear	2500
añada	2500
añadido	2500
añadidura	2500
añadir	2500
añafea	2500
añagaza	2500
añalejo	2500
añascar	2500
añedir	2500
añejado	2500
añejar	2500
añejo	2500
añicos	2500
añidir	2500
añil	2500
añilar	2500
añoranza	2500
añorar	2500
añublar	2500
añudar	2500
añusgar	2500
aúlico	2500
aúpa	2500
baba	2500
babaza	2500
babear	2500
babel	2500
babera	2500
babero	2500
babi	2500
babiano	2500
babieca	2500
babilar	2500
babilla	2500
babilonia	2500
babilonio	2500
babilónico	2500
babirusa	2500
babis	2500
babismo	2500
bable	2500
babor	2500
babosear	2500
babosilla	2500
baboso	2500
babucha	2500
babuchero	2500
baca	2500
bacalada	2500
bacaladero	2500
bacalao	2500
bacanal	2500
bacante	2500
bacelar	2500
bacera	2500
baceta	2500
bache	2500
bachear	2500
bachiller	2500
bachilleramiento	2500
bachillerar	2500
bachillerato	2500
bachillerear	2500
bacilar	2500
bacillar	2500
bacillo	2500
bacilo	2500
bacineta	2500
bacinete	2500
bacinica	2500
bacisco	2500
baconiano	2500
bacteria	2500
bacteriano	2500
bactericida	2500
bacteriología	2500
bacteriológico	2500
bacteriostático	2500
bacteriófago	2500
bactriano	2500
bacía	2500
bacín	2500
badajear	2500
badajo	2500
badajocense	2500
badal	2500
badallar	2500
badana	2500
badea	2500
badelico	2500
baderna	2500
badiana	2500
badil	2500
badila	2500
badilejo	2500
badina	2500
badián	2500
badulaque	2500
badulaquear	2500
badán	2500
badén	2500
baenero	2500
baezano	2500
baga	2500
bagacera	2500
bagaje	2500
bagajero	2500
bagar	2500
bagatela	2500
bagazo	2500
bagre	2500
baguio	2500
bah	2500
bahameño	2500
baharí	2500
bahreiní	2500
bahía	2500
baila	2500
bailable	2500
bailadero	2500
bailado	2500
bailador	2500
bailante	2500
bailar	2500
bailarín	2500
baile	2500
bailecillo	2500
bailecito	2500
bailonamente	2500
bailotear	2500
baipás	2500
baja	2500
bajada	2500
bajalato	2500
bajamanero	2500
bajamano	2500
bajamar	2500
bajamente	2500
bajar	2500
bajel	2500
bajelero	2500
bajero	2500
bajete	2500
bajeza	2500
bajillo	2500
bajista	2500
bajito	2500
bajoca	2500
bajoncillo	2500
bajonista	2500
bajorrelieve	2500
bajuno	2500
bajura	2500
bajá	2500
bajío	2500
bajón	2500
bala	2500
balacera	2500
balador	2500
baladrar	2500
baladrear	2500
baladronada	2500
baladronear	2500
baladrón	2500
baladí	2500
balagar	2500
balagariense	2500
balaguero	2500
balaj	2500
balaje	2500
balalaica	2500
balance	2500
balanceador	2500
balancear	2500
balancero	2500
balancín	2500
balandra	2500
balandrista	2500
balandro	2500
balandrán	2500
balanitis	2500
balante	2500
balanza	2500
balanzario	2500
balar	2500
balarrasa	2500
balastar	2500
balastro	2500
balata	2500
balate	2500
balausta	2500
balaustra	2500
balaustrada	2500
balaustrado	2500
balaustral	2500
balaustre	2500
balay	2500
balazo	2500
balboa	2500
balbuce	2500
balbuceantemente	2500
balbucear	2500
balbucen	2500
balbuceo	2500
balbuces	2500
balbucid	2500
balbucida	2500
balbucidas	2500
balbucido	2500
balbucidos	2500
balbuciendo	2500
balbuciente	2500
balbuciera	2500
balbucierais	2500
balbucieran	2500
balbucieras	2500
balbuciere	2500
balbuciereis	2500
balbucieren	2500
balbucieres	2500
balbucieron	2500
balbuciese	2500
balbucieseis	2500
balbuciesen	2500
balbucieses	2500
balbucimos	2500
balbucir	2500
balbuciremos	2500
balbucirse	2500
balbucirá	2500
balbucirán	2500
balbucirás	2500
balbuciré	2500
balbuciréis	2500
balbuciría	2500
balbuciríais	2500
balbuciríamos	2500
balbucirían	2500
balbucirías	2500
balbuciste	2500
balbucisteis	2500
balbuciéramos	2500
balbuciéremos	2500
balbuciésemos	2500
balbució	2500
balbucí	2500
balbucía	2500
balbucíais	2500
balbucíamos	2500
balbucían	2500
balbucías	2500
balbucís	2500
balbusardo	2500
balconada	2500
balconcillo	2500
balcánico	2500
balcón	2500
balda	2500
baldado	2500
baldadura	2500
baldamiento	2500
baldaquín	2500
baldar	2500
balde	2500
baldear	2500
baldes	2500
baldonar	2500
baldonear	2500
baldosa	2500
baldosador	2500
baldosar	2500
baldosín	2500
baldragas	2500
balduque	2500
baldés	2500
baldío	2500
baldón	2500
balear	2500
baleario	2500
balero	2500
baleárico	2500
balido	2500
balista	2500
balitadera	2500
balitar	2500
balitear	2500
balizamiento	2500
balizar	2500
ballar	2500
ballena	2500
ballenato	2500
ballener	2500
ballenero	2500
ballesta	2500
ballestear	2500
ballestera	2500
ballestero	2500
ballestrinque	2500
ballet	2500
ballico	2500
ballueca	2500
balneario	2500
balneoterapia	2500
baloncestista	2500
baloncesto	2500
balonmano	2500
balonvolea	2500
balotar	2500
balsa	2500
balsadera	2500
balsamera	2500
balsamerita	2500
balsamina	2500
balsaminácea	2500
balsamináceo	2500
balsamita	2500
balsar	2500
balsear	2500
balsero	2500
balsete	2500
balso	2500
balsámico	2500
balto	2500
baltra	2500
baluarte	2500
balumba	2500
balín	2500
balística	2500
balístico	2500
balón	2500
bamba	2500
bambalear	2500
bambalina	2500
bambanear	2500
bambarria	2500
bamboleante	2500
bambolear	2500
bambolla	2500
bambollero	2500
bambonear	2500
bambuco	2500
bambú	2500
banaba	2500
banal	2500
banalidad	2500
banalizar	2500
bananero	2500
banano	2500
banasta	2500
banastero	2500
banasto	2500
banca	2500
bancada	2500
bancal	2500
bancalero	2500
bancario	2500
bancarrota	2500
bance	2500
bancocracia	2500
bancos	2500
banda	2500
bandada	2500
bandarria	2500
bandas	2500
bandear	2500
bandeja	2500
bandejar	2500
bandera	2500
banderillear	2500
banderillero	2500
banderizar	2500
banderizo	2500
banderola	2500
banderín	2500
bandidaje	2500
bandido	2500
bando	2500
bandola	2500
bandolera	2500
bandolerismo	2500
bandolero	2500
bandolina	2500
bandolinista	2500
bandolonista	2500
bandolón	2500
bandujo	2500
bandullo	2500
bandurria	2500
bangladesí	2500
baniano	2500
banir	2500
banquero	2500
banqueta	2500
banquete	2500
banquetear	2500
bantú	2500
banzo	2500
bao	2500
baobab	2500
baobabs	2500
baptismo	2500
baptista	2500
baptisterio	2500
baptizar	2500
baque	2500
baqueano	2500
baquear	2500
baqueta	2500
baquetazo	2500
baquetear	2500
baquiano	2500
baquio	2500
baquía	2500
bar	2500
baraca	2500
barahustar	2500
barahúnda	2500
baraja	2500
barajadura	2500
barajar	2500
baraka	2500
baranda	2500
barandal	2500
barata	2500
baratear	2500
baratero	2500
baratija	2500
baratillero	2500
baratillo	2500
barato	2500
baratura	2500
baraúnda	2500
barba	2500
barbacana	2500
barbacoa	2500
barbada	2500
barbadense	2500
barbado	2500
barbaja	2500
barbajuelas	2500
barbar	2500
barbaridad	2500
barbarie	2500
barbarismo	2500
barbarizar	2500
barbarote	2500
barbastrense	2500
barbastrino	2500
barbato	2500
barbear	2500
barbechar	2500
barbechera	2500
barbecho	2500
barberil	2500
barbero	2500
barbería	2500
barbeta	2500
barbiblanco	2500
barbicacho	2500
barbicano	2500
barbiespeso	2500
barbihecho	2500
barbijo	2500
barbilindo	2500
barbilla	2500
barbillera	2500
barbilucio	2500
barbiluengo	2500
barbimoreno	2500
barbinegro	2500
barbiponiente	2500
barbipungente	2500
barbiquejo	2500
barbirrojo	2500
barbirrubio	2500
barbitonto	2500
barbitúrico	2500
barbo	2500
barboquejo	2500
barbotar	2500
barbotear	2500
barbudamente	2500
barbudo	2500
barbullar	2500
barbullido	2500
barbuquejo	2500
barbusano	2500
barbárico	2500
barcal	2500
barcarola	2500
barcaza	2500
barceo	2500
barchilla	2500
barcia	2500
barcina	2500
barcinador	2500
barcinar	2500
barco	2500
barcos	2500
barda	2500
bardaguera	2500
bardaje	2500
bardana	2500
bardanza	2500
bardar	2500
bardiota	2500
bardiza	2500
bardoma	2500
bardomera	2500
baremación	2500
baremo	2500
baria	2500
bario	2500
barisfera	2500
barita	2500
baritina	2500
barión	2500
bariónico	2500
barjuleta	2500
barloa	2500
barloar	2500
barloventear	2500
barlovento	2500
barman	2500
barnabita	2500
barnacla	2500
barniz	2500
barnizado	2500
barnizador	2500
barnizar	2500
baro	2500
barométrico	2500
baronesa	2500
baronía	2500
baroto	2500
barquear	2500
barquero	2500
barquilla	2500
barquillero	2500
barquinera	2500
barquino	2500
barquín	2500
barra	2500
barrabasada	2500
barrabás	2500
barraca	2500
barracuda	2500
barracón	2500
barragana	2500
barraganete	2500
barragán	2500
barral	2500
barranca	2500
barrancal	2500
barranco	2500
barrancoso	2500
barranquera	2500
barraquera	2500
barraquero	2500
barraquillo	2500
barrar	2500
barreal	2500
barrear	2500
barreda	2500
barredero	2500
barredor	2500
barreduela	2500
barredura	2500
barrena	2500
barrenar	2500
barrendero	2500
barrenero	2500
barreno	2500
barrer	2500
barrera	2500
barrero	2500
barreta	2500
barretear	2500
barretero	2500
barretina	2500
barreño	2500
barriada	2500
barrial	2500
barrica	2500
barricada	2500
barriga	2500
barrigudo	2500
barriguera	2500
barrigón	2500
barril	2500
barrila	2500
barrilamen	2500
barrilero	2500
barrilete	2500
barrillar	2500
barrillero	2500
barrillos	2500
barrio	2500
barrisco	2500
barritar	2500
barrizal	2500
barro	2500
barrocho	2500
barroco	2500
barroquismo	2500
barroquización	2500
barroso	2500
barrote	2500
barrueco	2500
barruntador	2500
barruntamiento	2500
barruntar	2500
barrunte	2500
barrón	2500
bartola	2500
bartolillo	2500
barullero	2500
barullo	2500
barza	2500
barzal	2500
barzonear	2500
barzón	2500
barítono	2500
barómetro	2500
barón	2500
basa	2500
basada	2500
basal	2500
basalmente	2500
basalto	2500
basamento	2500
basanita	2500
basar	2500
basca	2500
bascar	2500
bascosidad	2500
bascoso	2500
basculante	2500
bascular	2500
base	2500
basilar	2500
basilical	2500
basilicón	2500
basiliense	2500
basilio	2500
basilisco	2500
basquear	2500
basquetbol	2500
basquiña	2500
basta	2500
bastantear	2500
bastantemente	2500
bastar	2500
bastarda	2500
bastardar	2500
bastardear	2500
bastardelo	2500
bastardo	2500
bastear	2500
bastecer	2500
bastedad	2500
basterna	2500
bastero	2500
bastetano	2500
basteza	2500
bastidor	2500
bastimentar	2500
bastionar	2500
bastitano	2500
bastión	2500
basto	2500
bastoncillo	2500
bastonear	2500
bastonero	2500
bastón	2500
basura	2500
basurero	2500
basáltico	2500
basílica	2500
bata	2500
batacazo	2500
batahola	2500
batalla	2500
batallador	2500
batallar	2500
batallola	2500
batallona	2500
batallón	2500
batanar	2500
batanear	2500
batanero	2500
bataola	2500
batata	2500
batato	2500
batayola	2500
bate	2500
batea	2500
bateador	2500
batear	2500
batel	2500
batelero	2500
baterista	2500
batería	2500
batiburrillo	2500
baticabeza	2500
baticola	2500
baticulo	2500
batida	2500
batidera	2500
batidero	2500
batido	2500
batidor	2500
batiente	2500
batihoja	2500
batimento	2500
batimiento	2500
batintín	2500
batiportar	2500
batir	2500
batista	2500
bato	2500
batojar	2500
batos	2500
batracio	2500
batucar	2500
batueco	2500
batuquear	2500
baturrada	2500
baturrillo	2500
baturro	2500
batuta	2500
batán	2500
baudio	2500
baulero	2500
bauprés	2500
bausán	2500
bautismal	2500
bautismo	2500
bautista	2500
bautisterio	2500
bautizar	2500
bautizo	2500
bauxita	2500
bauza	2500
baya	2500
bayal	2500
bayeta	2500
bayetón	2500
bayo	2500
bayoco	2500
bayoneta	2500
bayonetazo	2500
bayoque	2500
bayosa	2500
bayuca	2500
bazar	2500
bazo	2500
bazofia	2500
bazucar	2500
baída	2500
baña	2500
bañadero	2500
bañado	2500
bañador	2500
bañar	2500
bañero	2500
bañista	2500
baño	2500
baúl	2500
be	2500
beaciense	2500
beaterio	2500
beatería	2500
beatificación	2500
beatificar	2500
beatilla	2500
beatitud	2500
beato	2500
beatíficamente	2500
beatífico	2500
bebedero	2500
bebedizo	2500
bebedor	2500
beber	2500
bebercio	2500
bebestible	2500
bebido	2500
bebistrajo	2500
beborrotear	2500
bebé	2500
beca	2500
becacina	2500
becada	2500
becado	2500
becar	2500
becario	2500
becerra	2500
becerrada	2500
becerrero	2500
becerril	2500
becerro	2500
becoquino	2500
becquerel	2500
becqueriana	2500
becqueriano	2500
becuadrado	2500
becuadro	2500
bedel	2500
bedelio	2500
bedelía	2500
bederre	2500
beduino	2500
beduro	2500
befar	2500
befedad	2500
befo	2500
begardo	2500
begastrense	2500
begonia	2500
behaviorismo	2500
behetría	2500
beige	2500
beis	2500
bejarano	2500
bejerano	2500
bejuco	2500
bejín	2500
bel	2500
belaruso	2500
belcho	2500
beldad	2500
beldar	2500
belemnita	2500
belemnites	2500
belesa	2500
belez	2500
belezo	2500
belfo	2500
belga	2500
beliceño	2500
belicismo	2500
belicista	2500
belicosidad	2500
belicoso	2500
beligerancia	2500
beligerante	2500
belio	2500
belitre	2500
bellaco	2500
belladona	2500
bellamente	2500
bellaquear	2500
bellaquería	2500
bellasombra	2500
belleza	2500
bellido	2500
bellista	2500
bello	2500
bellota	2500
bellote	2500
bellotear	2500
bellotero	2500
bellotillo	2500
belorruso	2500
belén	2500
bemol	2500
ben	2500
benceno	2500
bencina	2500
bendecidor	2500
bendecir	2500
bendición	2500
benditamente	2500
benditera	2500
bendito	2500
benedicta	2500
benedictino	2500
benefactor	2500
beneficencia	2500
beneficiado	2500
beneficiador	2500
beneficiar	2500
beneficiario	2500
beneficio	2500
beneficioso	2500
benemérita	2500
benemérito	2500
beneplácito	2500
benevolencia	2500
benevolente	2500
bengala	2500
bengalí	2500
benignamente	2500
benignidad	2500
benigno	2500
beninés	2500
benjamita	2500
benjamín	2500
benjuí	2500
bentos	2500
bentónico	2500
benzoe	2500
benzoico	2500
benzol	2500
benéfico	2500
benévolamente	2500
benévolo	2500
beocio	2500
beodez	2500
beodo	2500
berberecho	2500
berberidácea	2500
berberidáceo	2500
berberisco	2500
berbiquí	2500
berbí	2500
berceo	2500
berciano	2500
bereber	2500
berebere	2500
berengario	2500
berenjena	2500
berenjenal	2500
bergamota	2500
bergamote	2500
bergamoto	2500
bergante	2500
bergantín	2500
beriberi	2500
berilio	2500
berilo	2500
berlanga	2500
berlina	2500
berlingar	2500
berma	2500
bermejear	2500
bermejecer	2500
bermejizo	2500
bermejo	2500
bermellón	2500
bermudas	2500
bermudina	2500
bernardo	2500
berrar	2500
berrear	2500
berrendear	2500
berrendo	2500
berrera	2500
berrido	2500
berrinche	2500
berro	2500
berrocal	2500
berrueco	2500
berza	2500
berzal	2500
berzas	2500
berzotas	2500
bes	2500
besalamano	2500
besamanos	2500
besamel	2500
besana	2500
besante	2500
besar	2500
beses	2500
besico	2500
beso	2500
bestezuela	2500
bestia	2500
bestiaje	2500
bestial	2500
bestialidad	2500
bestialismo	2500
bestializar	2500
bestialmente	2500
bestiario	2500
besucar	2500
besugada	2500
besugo	2500
besuguete	2500
besuquear	2500
beta	2500
betel	2500
betijo	2500
betuminoso	2500
betunar	2500
betunero	2500
betún	2500
bey	2500
bezaar	2500
bezar	2500
bezoar	2500
bezudo	2500
biberón	2500
bibijagua	2500
bibl	2500
biblia	2500
bibliofilia	2500
bibliografía	2500
bibliográfico	2500
bibliología	2500
bibliometría	2500
biblioteca	2500
bibliotecario	2500
biblioteconomía	2500
bicampeonato	2500
bicentenario	2500
bicha	2500
bichero	2500
bicho	2500
bici	2500
bicicleta	2500
bicoca	2500
bicolor	2500
bicoquete	2500
bicorne	2500
bicultural	2500
bidente	2500
bidimensional	2500
bidimensionalidad	2500
bidireccional	2500
bidé	2500
bidón	2500
biela	2500
bieldar	2500
bieldo	2500
bielga	2500
bielgo	2500
bielorruso	2500
bienal	2500
bienalmente	2500
bienandante	2500
bienandanza	2500
bienaventurado	2500
bienaventuranza	2500
bienestar	2500
bienhechor	2500
bienintencionadamente	2500
bienintencionado	2500
bienio	2500
bienmandado	2500
bienmesabe	2500
bienoliente	2500
bienquerencia	2500
bienquerer	2500
bienquistar	2500
bienquisto	2500
bienteveo	2500
bienvenida	2500
bienvenido	2500
bienvivir	2500
bierzo	2500
bies	2500
bifloro	2500
biforme	2500
bifurcado	2500
bifurcar	2500
biga	2500
bigamia	2500
bigarda	2500
bigardear	2500
bigardo	2500
bignoniácea	2500
bignoniáceo	2500
bigornia	2500
bigote	2500
bigotudo	2500
bikini	2500
bilao	2500
bilbilitano	2500
biliar	2500
biliario	2500
bilingüe	2500
bilingüismo	2500
bilirrubina	2500
bilis	2500
billa	2500
billalda	2500
billar	2500
billarda	2500
billarista	2500
billete	2500
billetero	2500
billonario	2500
billón	2500
bilmar	2500
bilocar	2500
bimano	2500
bimba	2500
bimbre	2500
bimembre	2500
bimestral	2500
bimestre	2500
bimetalismo	2500
bimetalista	2500
binadura	2500
binar	2500
binario	2500
bingo	2500
binocular	2500
binomio	2500
binza	2500
bioclimático	2500
biodegradación	2500
biodiversidad	2500
bioenergía	2500
bioestadística	2500
biografiar	2500
biografía	2500
biográfica	2500
biográfico	2500
biología	2500
biológicamente	2500
biológico	2500
bioma	2500
biomasa	2500
biombo	2500
biopolímero	2500
biopsia	2500
bioquímica	2500
bioquímico	2500
biorremedación	2500
biosfera	2500
biosíntesis	2500
biotecnología	2500
biotopo	2500
bipartito	2500
bipedación	2500
biplano	2500
biplaza	2500
bipontino	2500
biquini	2500
birimbao	2500
birla	2500
birlador	2500
birlar	2500
birlesco	2500
birlo	2500
birlocha	2500
birlocho	2500
birlonga	2500
birmano	2500
birra	2500
birrectángulo	2500
birreme	2500
birreta	2500
birrete	2500
birretina	2500
birria	2500
bis	2500
bisabuelo	2500
bisagra	2500
bisalta	2500
bisalto	2500
bisar	2500
bisauguineano	2500
bisayo	2500
bisbisar	2500
bisbisear	2500
bisecar	2500
bisección	2500
bisector	2500
bisectriz	2500
bisel	2500
biselador	2500
biselar	2500
bisexualidad	2500
bisiesto	2500
bismutina	2500
bismuto	2500
bisnieto	2500
bisojo	2500
bisonte	2500
bisoño	2500
bistec	2500
bisturí	2500
bisurco	2500
bisutería	2500
bisílabo	2500
bit	2500
bita	2500
bitango	2500
bitar	2500
bitcóin	2500
bitinio	2500
bitongo	2500
bituminoso	2500
bitácora	2500
biunívoca	2500
bivalente	2500
bivalvo	2500
bixácea	2500
bixáceo	2500
bizantinismo	2500
bizantino	2500
bizarramente	2500
bizarrear	2500
bizarro	2500
bizarría	2500
bizcar	2500
bizco	2500
bizcochada	2500
bizcochar	2500
bizcochera	2500
bizcochero	2500
bizcocho	2500
bizcornear	2500
bizcuerno	2500
bizma	2500
bizmar	2500
biznieto	2500
bizquear	2500
bizquera	2500
biógrafo	2500
biólogo	2500
bla	2500
blanca	2500
blancal	2500
blancamente	2500
blancazo	2500
blanco	2500
blancor	2500
blancote	2500
blancura	2500
blancuzco	2500
blanda	2500
blandamente	2500
blandeador	2500
blandear	2500
blandengue	2500
blandense	2500
blandicia	2500
blandir	2500
blando	2500
blandura	2500
blandón	2500
blanqueador	2500
blanqueadura	2500
blanqueamiento	2500
blanquear	2500
blanquecedor	2500
blanquecer	2500
blanquecimiento	2500
blanquecino	2500
blanqueo	2500
blanquete	2500
blanquición	2500
blanquimiento	2500
blanquinoso	2500
blanquizal	2500
blanquizar	2500
blasfemador	2500
blasfemante	2500
blasfemar	2500
blasfematorio	2500
blasfemia	2500
blasfemo	2500
blasmar	2500
blasonado	2500
blasonador	2500
blasonar	2500
blastema	2500
blastodermo	2500
blasón	2500
blaugrana	2500
ble	2500
bledo	2500
blefaritis	2500
blefaroplastia	2500
blenda	2500
blenorragia	2500
blenorrea	2500
blincar	2500
blindado	2500
blindaje	2500
blindar	2500
bloc	2500
bloca	2500
blocao	2500
blog	2500
bloguero	2500
blonda	2500
blondo	2500
bloque	2500
bloqueador	2500
bloquear	2500
bloqueo	2500
blues	2500
blusa	2500
blusón	2500
blv	2500
blíster	2500
boa	2500
boalar	2500
boardilla	2500
boato	2500
bobada	2500
bobalicón	2500
bobamente	2500
bobear	2500
bobera	2500
bobillo	2500
bobina	2500
bobinadora	2500
bobinar	2500
bobo	2500
boca	2500
bocabajo	2500
bocabarra	2500
bocacalle	2500
bocacaz	2500
bocacha	2500
bocada	2500
bocadear	2500
bocadito	2500
bocado	2500
bocajarro	2500
bocal	2500
bocamanga	2500
bocamina	2500
bocana	2500
bocanada	2500
bocarte	2500
bocata	2500
bocateja	2500
bocatijera	2500
bocatoma	2500
bocaza	2500
bocear	2500
bocel	2500
bocelar	2500
bocelete	2500
bocera	2500
boceras	2500
boceto	2500
bocezar	2500
bocha	2500
bochar	2500
bochazo	2500
bochinche	2500
bochinchero	2500
bochista	2500
bochorno	2500
bochornoso	2500
bocina	2500
bocinar	2500
bocinero	2500
bocio	2500
bocudo	2500
bocín	2500
boda	2500
bode	2500
bodega	2500
bodeguero	2500
bodegón	2500
bodigo	2500
bodijo	2500
bodocal	2500
bodollo	2500
bodoque	2500
bodoquera	2500
bodorrio	2500
bodrio	2500
boezuelo	2500
bofar	2500
bofe	2500
bofena	2500
bofetada	2500
bofetón	2500
bofia	2500
bofo	2500
boga	2500
bogar	2500
bogavante	2500
bogotano	2500
bohardilla	2500
bohemia	2500
bohemio	2500
bohordar	2500
bohordo	2500
boicot	2500
boicotear	2500
boicoteo	2500
boina	2500
boira	2500
boj	2500
bojar	2500
bojear	2500
bojedal	2500
bojeo	2500
bojiganga	2500
bol	2500
bola	2500
bolaga	2500
bolagar	2500
bolandista	2500
bolar	2500
bolardo	2500
bolchevique	2500
bolcheviquismo	2500
bolchevismo	2500
boldina	2500
boldo	2500
boleador	2500
bolear	2500
bolero	2500
boleta	2500
boletar	2500
boletero	2500
boleto	2500
boletín	2500
boliche	2500
bolichear	2500
bolichero	2500
bolina	2500
bolinche	2500
bolineador	2500
bolinear	2500
bolisa	2500
bolivariano	2500
boliviano	2500
bolladura	2500
bollar	2500
bollecer	2500
bollero	2500
bollería	2500
bolliciar	2500
bollir	2500
bollo	2500
bollón	2500
bolo	2500
bolonio	2500
boloñés	2500
bolsa	2500
bolsada	2500
bolsera	2500
bolsero	2500
bolsista	2500
bolso	2500
bolsón	2500
bolígrafo	2500
bolín	2500
bolívar	2500
bomba	2500
bombacho	2500
bombacácea	2500
bombacáceo	2500
bombarda	2500
bombardear	2500
bombardeo	2500
bombardero	2500
bombardino	2500
bombazo	2500
bombear	2500
bombero	2500
bombillo	2500
bombo	2500
bombona	2500
bombón	2500
bonachón	2500
bonaerense	2500
bonancible	2500
bonanza	2500
bonanzoso	2500
bonapartismo	2500
bonapartista	2500
bondad	2500
bondadosamente	2500
bondadoso	2500
bondoso	2500
bonete	2500
bonetero	2500
bonga	2500
bongo	2500
boniato	2500
bonico	2500
bonificar	2500
bonina	2500
bonitamente	2500
bonitera	2500
bonitero	2500
bonito	2500
bonizo	2500
bono	2500
bononiense	2500
bonote	2500
bonus	2500
bonzo	2500
bonísimo	2500
booleano	2500
boom	2500
boqueada	2500
boquear	2500
boquerón	2500
boquete	2500
boquiabierto	2500
boquiangosto	2500
boquiduro	2500
boquifruncido	2500
boquihundido	2500
boquimuelle	2500
boquinatural	2500
boquinegro	2500
boquino	2500
boquirrasgado	2500
boquirroto	2500
boquirrubio	2500
boquiseco	2500
boquisumido	2500
boquitorcido	2500
boquituerto	2500
borato	2500
borbollar	2500
borbollear	2500
borbollonear	2500
borboritar	2500
borbotar	2500
borceguinero	2500
borceguí	2500
borcellar	2500
borda	2500
bordada	2500
bordado	2500
bordador	2500
bordadura	2500
bordar	2500
borde	2500
bordear	2500
bordelés	2500
bordo	2500
bordoncillo	2500
bordonear	2500
bordonero	2500
bordura	2500
bordón	2500
boreal	2500
borgoña	2500
boricua	2500
borla	2500
borlón	2500
borne	2500
bornear	2500
borneo	2500
bornero	2500
borní	2500
boro	2500
borona	2500
borra	2500
borrachear	2500
borrachera	2500
borrachero	2500
borracho	2500
borrachuela	2500
borrachín	2500
borrador	2500
borradura	2500
borraja	2500
borrajear	2500
borrajo	2500
borrar	2500
borrasca	2500
borrascoso	2500
borrasquero	2500
borrega	2500
borrego	2500
borreguero	2500
borreguil	2500
borrica	2500
borricada	2500
borrical	2500
borrico	2500
borrina	2500
borriquero	2500
borriquete	2500
borriqueño	2500
borroncillo	2500
borronear	2500
borrosamente	2500
borrosidad	2500
borroso	2500
borrén	2500
borrón	2500
boruca	2500
borujo	2500
bosar	2500
boscaje	2500
boscoso	2500
bosnio	2500
bosque	2500
bosquejar	2500
bosquejo	2500
bosquete	2500
bosquimán	2500
bosta	2500
bostezar	2500
bostezo	2500
bostoniano	2500
bosón	2500
bota	2500
botador	2500
botadura	2500
botafuego	2500
botafumeiro	2500
botalón	2500
botamen	2500
botana	2500
botanista	2500
botar	2500
botaratada	2500
botarate	2500
botarel	2500
botarga	2500
botasilla	2500
botavante	2500
botavara	2500
bote	2500
botella	2500
botellazo	2500
botellero	2500
botellón	2500
botero	2500
botica	2500
boticario	2500
botifarra	2500
botija	2500
botijero	2500
botijo	2500
botijuela	2500
botilla	2500
botillero	2500
botina	2500
botinero	2500
botiquín	2500
boto	2500
botonadura	2500
botonazo	2500
botonero	2500
botrino	2500
botsuano	2500
botsuanés	2500
botánica	2500
botánico	2500
botín	2500
botón	2500
boutique	2500
bovedilla	2500
bovino	2500
boxeador	2500
boxear	2500
boxeo	2500
boya	2500
boyal	2500
boyante	2500
boyar	2500
boyarda	2500
boyardo	2500
boyarín	2500
boyera	2500
boyero	2500
boyuno	2500
boza	2500
bozal	2500
bozalejo	2500
bozo	2500
boíl	2500
boñiga	2500
boñigar	2500
brabante	2500
braceador	2500
braceaje	2500
bracear	2500
bracero	2500
bracete	2500
bracillo	2500
braco	2500
bractéola	2500
bradicardia	2500
bradilalia	2500
bradipepsia	2500
braga	2500
bragadura	2500
bragazas	2500
braguero	2500
bragueta	2500
braguetazo	2500
braguetero	2500
braguillas	2500
brahmanismo	2500
braille	2500
brama	2500
bramadera	2500
bramador	2500
bramante	2500
bramar	2500
bramido	2500
bramona	2500
branca	2500
brancal	2500
brandal	2500
brandy	2500
branque	2500
branquia	2500
branquial	2500
braquial	2500
braquiar	2500
braquicefalia	2500
braquicéfalo	2500
braquiocefálico	2500
braquiuro	2500
brasa	2500
brasear	2500
brasero	2500
brasilero	2500
brasilete	2500
brasileño	2500
bravamente	2500
bravata	2500
bravear	2500
braveza	2500
bravo	2500
bravocear	2500
bravosidad	2500
bravoso	2500
bravote	2500
bravuconada	2500
bravuconear	2500
bravucón	2500
bravura	2500
bravío	2500
braza	2500
brazada	2500
brazado	2500
brazaje	2500
brazal	2500
brazalete	2500
braznar	2500
brazo	2500
brazuelo	2500
brea	2500
brear	2500
brebaje	2500
breca	2500
brecha	2500
brechero	2500
brega	2500
bregar	2500
bren	2500
breque	2500
brescar	2500
bretaña	2500
brete	2500
bretoniano	2500
bretón	2500
breva	2500
breval	2500
brevedad	2500
brevemente	2500
brevete	2500
breviario	2500
brezal	2500
brezar	2500
brezo	2500
breñal	2500
briaga	2500
briago	2500
brial	2500
briba	2500
bribar	2500
bribonada	2500
bribonear	2500
bribonería	2500
bribón	2500
bricbarca	2500
bricolaje	2500
brida	2500
briega	2500
brigada	2500
brigadero	2500
brigadier	2500
brigantina	2500
brigantino	2500
brik	2500
brillador	2500
brillante	2500
brillantemente	2500
brillantez	2500
brillantina	2500
brillar	2500
brillo	2500
brincacharcos	2500
brincador	2500
brincar	2500
brinco	2500
brindador	2500
brindar	2500
brindis	2500
brinquiño	2500
brinza	2500
briol	2500
briosamente	2500
brioso	2500
briqueta	2500
brisa	2500
brisca	2500
briscado	2500
briscar	2500
brisera	2500
brisote	2500
britano	2500
británica	2500
británico	2500
brizar	2500
brizna	2500
briznoso	2500
broca	2500
brocado	2500
brocal	2500
brocamantón	2500
brocatel	2500
brocense	2500
brocha	2500
brochada	2500
brochado	2500
brochadura	2500
broche	2500
brocheta	2500
brocho	2500
brocino	2500
brollar	2500
broma	2500
bromar	2500
bromear	2500
bromeliácea	2500
bromeliáceo	2500
bromista	2500
bromo	2500
bromuro	2500
bronca	2500
bronce	2500
bronceado	2500
bronceador	2500
bronceadura	2500
broncear	2500
broncista	2500
bronco	2500
broncorragia	2500
broncorrea	2500
broncíneo	2500
bronquedad	2500
bronquial	2500
bronquiectasia	2500
bronquio	2500
bronquiolo	2500
bronquitis	2500
broquel	2500
broquelar	2500
broqueta	2500
broslar	2500
brota	2500
brotar	2500
brote	2500
broza	2500
brozador	2500
brozar	2500
brucero	2500
bruces	2500
brucita	2500
brugo	2500
brujear	2500
brujería	2500
brujesco	2500
brujilla	2500
brujir	2500
brujo	2500
brujulear	2500
bruma	2500
brumador	2500
brumamiento	2500
brumar	2500
brumoso	2500
bruneano	2500
bruneta	2500
bruno	2500
brusca	2500
bruscamente	2500
brusco	2500
brusela	2500
bruselense	2500
brusquedad	2500
bruta	2500
brutal	2500
brutalidad	2500
brutalmente	2500
brutesco	2500
bruteza	2500
bruto	2500
bruzador	2500
bruzar	2500
bruzos	2500
bruñido	2500
bruñir	2500
bráctea	2500
brío	2500
bríos	2500
bróker	2500
brújula	2500
bs	2500
bu	2500
buaro	2500
buba	2500
bubón	2500
bubónico	2500
bucal	2500
bucalmente	2500
bucanero	2500
bucardo	2500
bucare	2500
buceador	2500
bucear	2500
bucelario	2500
buceo	2500
bucero	2500
buche	2500
bucle	2500
buco	2500
bucolismo	2500
bucólico	2500
buda	2500
budismo	2500
budista	2500
budión	2500
budín	2500
buenamente	2500
buenandanza	2500
buenaventura	2500
buenazo	2500
buenísimo	2500
buey	2500
bufa	2500
bufado	2500
bufalino	2500
bufanda	2500
bufar	2500
bufarda	2500
bufete	2500
bufido	2500
bufo	2500
bufonada	2500
bufonear	2500
bufonesco	2500
bufonizar	2500
bufón	2500
buganvilia	2500
bugle	2500
buglosa	2500
buharda	2500
buharro	2500
buhonero	2500
buhonería	2500
buitre	2500
buitrero	2500
buitrón	2500
buje	2500
bujeda	2500
bujedo	2500
bujería	2500
bujier	2500
bujiería	2500
bujía	2500
bula	2500
bular	2500
bulario	2500
bulbar	2500
bulbo	2500
bulboso	2500
bulero	2500
buleto	2500
bulevar	2500
bulimia	2500
bulla	2500
bullabesa	2500
bullaje	2500
bullanga	2500
bullanguero	2500
bullarengue	2500
bulldozer	2500
bullebulle	2500
bullente	2500
bullicio	2500
bulliciosamente	2500
bullicioso	2500
bullidor	2500
bullir	2500
bulo	2500
bulto	2500
bum	2500
bumerán	2500
bungalow	2500
buque	2500
burato	2500
burbuja	2500
burbujear	2500
burda	2500
burdamente	2500
burdel	2500
burdeos	2500
burdo	2500
bureo	2500
burga	2500
burgalés	2500
burgomaestre	2500
burgrave	2500
burgraviato	2500
burguesía	2500
burgundio	2500
burgués	2500
buriel	2500
buril	2500
burilar	2500
burjaca	2500
burka	2500
burkinés	2500
burla	2500
burladero	2500
burlador	2500
burlar	2500
burlesco	2500
burlete	2500
burlonamente	2500
burlón	2500
burocracia	2500
burocrático	2500
burofax	2500
burra	2500
burrada	2500
burrajear	2500
burrajo	2500
burrero	2500
burriciego	2500
burro	2500
bursátil	2500
burujo	2500
burujón	2500
burundés	2500
burí	2500
burócrata	2500
bus	2500
busca	2500
buscador	2500
buscapersonas	2500
buscapié	2500
buscar	2500
buscarla	2500
buscavida	2500
buscona	2500
buscón	2500
buses	2500
busto	2500
butaca	2500
butacón	2500
butanés	2500
butifarra	2500
butifarrero	2500
butrino	2500
buyo	2500
buzamiento	2500
buzar	2500
buzarda	2500
buzo	2500
buzonear	2500
buzonera	2500
buzos	2500
buzón	2500
buñueliano	2500
bv	2500
byte	2500
báculo	2500
bádminton	2500
bálago	2500
bálano	2500
bálsamo	2500
bálteo	2500
báltico	2500
báquico	2500
báratro	2500
bárbaramente	2500
bárbaro	2500
bármanes	2500
bártulos	2500
báscula	2500
básicamente	2500
básico	2500
básquetbol	2500
bávaro	2500
béisbol	2500
bélico	2500
bético	2500
bíblico	2500
bíceps	2500
bífido	2500
bígamo	2500
bípedo	2500
bólido	2500
bórax	2500
bóreas	2500
bórico	2500
bótox	2500
bóveda	2500
bóvido	2500
bóxer	2500
búbalo	2500
búfalo	2500
búfer	2500
búho	2500
búlgaro	2500
búnker	2500
búsqueda	2500
ca	2500
cabal	2500
cabalero	2500
cabalgadura	2500
cabalgamiento	2500
cabalgar	2500
cabalgata	2500
cabalista	2500
caballa	2500
caballada	2500
caballar	2500
caballear	2500
caballejo	2500
caballerato	2500
caballerear	2500
caballeresco	2500
caballerete	2500
caballeriza	2500
caballerizo	2500
caballero	2500
caballerosamente	2500
caballerosidad	2500
caballeroso	2500
caballerote	2500
caballería	2500
caballeta	2500
caballete	2500
caballista	2500
caballito	2500
caballo	2500
caballuno	2500
caballón	2500
cabalmente	2500
cabalístico	2500
cabaret	2500
cabaré	2500
cabaña	2500
cabañil	2500
cabañuelas	2500
cabe	2500
cabear	2500
cabeceador	2500
cabeceamiento	2500
cabecear	2500
cabecero	2500
cabeciancho	2500
cabeciblanco	2500
cabeciduro	2500
cabecirrojo	2500
cabellar	2500
cabellera	2500
cabello	2500
cabelludo	2500
caber	2500
cabero	2500
cabestrante	2500
cabestrar	2500
cabestrear	2500
cabestrero	2500
cabestro	2500
cabeza	2500
cabezada	2500
cabezal	2500
cabezalero	2500
cabezo	2500
cabezonamente	2500
cabezorro	2500
cabezota	2500
cabezudamente	2500
cabezudo	2500
cabezuela	2500
cabezón	2500
cabida	2500
cabido	2500
cabila	2500
cabildada	2500
cabildear	2500
cabildeo	2500
cabildero	2500
cabildo	2500
cabilla	2500
cabillero	2500
cabillo	2500
cabina	2500
cabizbajamente	2500
cabizbajo	2500
cable	2500
cablear	2500
cablegrafiar	2500
cablegrama	2500
cabo	2500
cabotaje	2500
caboverdiano	2500
cabracho	2500
cabrada	2500
cabrahigar	2500
cabrales	2500
cabrear	2500
cabrerizo	2500
cabrero	2500
cabrestante	2500
cabria	2500
cabrillear	2500
cabrio	2500
cabriola	2500
cabriolar	2500
cabriolear	2500
cabritero	2500
cabritilla	2500
cabrito	2500
cabronada	2500
cabruna	2500
cabruno	2500
cabruñar	2500
cabrío	2500
cabrón	2500
cabuya	2500
caca	2500
cacahuete	2500
cacao	2500
cacareador	2500
cacarear	2500
cacatúa	2500
cacear	2500
cacera	2500
cacereño	2500
cacerola	2500
caceta	2500
cacha	2500
cachada	2500
cachalote	2500
cachar	2500
cacharrero	2500
cacharro	2500
cachas	2500
cachava	2500
cachavazo	2500
cachaza	2500
cachazudo	2500
cachear	2500
cachelos	2500
cachemir	2500
cachemira	2500
cacheta	2500
cachetada	2500
cachete	2500
cachetear	2500
cachetero	2500
cachetina	2500
cachetudo	2500
cachicuerno	2500
cachifollar	2500
cachimba	2500
cachipodar	2500
cachipolla	2500
cachiporra	2500
cachiporrazo	2500
cachirulo	2500
cachivache	2500
cachizo	2500
cacho	2500
cachola	2500
cachondas	2500
cachondear	2500
cachondez	2500
cachondo	2500
cachorra	2500
cachorro	2500
cachua	2500
cachucha	2500
cachuchero	2500
cachucho	2500
cachuela	2500
cachuelo	2500
cachulera	2500
cachulero	2500
cachunde	2500
cachón	2500
cacicatura	2500
cacicazgo	2500
cacillo	2500
cacimba	2500
cacique	2500
caciquear	2500
caciquil	2500
caciquismo	2500
caco	2500
cacodilato	2500
cacodilo	2500
cacodílico	2500
cacofonía	2500
cacofónicamente	2500
cacomite	2500
cacoquimia	2500
cacoquimio	2500
cacto	2500
cactus	2500
cactácea	2500
cactáceo	2500
cacumen	2500
cacuminal	2500
cadahalso	2500
cadalso	2500
cadavérico	2500
cadena	2500
cadencia	2500
cadenciosamente	2500
cadencioso	2500
cadenero	2500
cadeneta	2500
cadente	2500
cadera	2500
caderillas	2500
cadete	2500
cadiazgo	2500
cadillar	2500
cadillo	2500
cadmio	2500
cadoce	2500
caduca	2500
caducamente	2500
caducar	2500
caduceador	2500
caduceo	2500
caducidad	2500
caducifolio	2500
caduco	2500
cadáver	2500
cadí	2500
caedizo	2500
caedura	2500
caer	2500
cafetal	2500
cafetalero	2500
cafetear	2500
cafetero	2500
cafetería	2500
cafeto	2500
cafetucho	2500
cafeína	2500
caficultor	2500
cafre	2500
caftán	2500
café	2500
cagaaceite	2500
cagachín	2500
cagadero	2500
cagalar	2500
cagalera	2500
cagaluta	2500
cagaprisas	2500
cagar	2500
cagarrache	2500
cagarria	2500
cagarropa	2500
cagarruta	2500
cagatinta	2500
cagatorio	2500
cahíta	2500
caimiento	2500
caimito	2500
caimán	2500
cairel	2500
cairelar	2500
caj	2500
caja	2500
cajel	2500
cajera	2500
cajero	2500
cajeta	2500
cajetilla	2500
cajiga	2500
cajigo	2500
cajista	2500
cajonero	2500
cajonería	2500
cajá	2500
cajón	2500
cal	2500
cala	2500
calaba	2500
calabacear	2500
calabacero	2500
calabacil	2500
calabacinate	2500
calabacino	2500
calabaza	2500
calabazada	2500
calabazar	2500
calabazate	2500
calabazo	2500
calabazona	2500
calabazuela	2500
calabazón	2500
calabobos	2500
calabocero	2500
calabozo	2500
calabriada	2500
calabriar	2500
calabrotar	2500
calabrote	2500
calada	2500
caladera	2500
caladero	2500
calado	2500
calador	2500
caladura	2500
calafate	2500
calafateador	2500
calafateadura	2500
calafatear	2500
calafateo	2500
calafetear	2500
calagozo	2500
calagurritano	2500
calahorrano	2500
calaje	2500
calamaco	2500
calamar	2500
calambac	2500
calambre	2500
calambuco	2500
calamidad	2500
calamina	2500
calaminar	2500
calamita	2500
calamite	2500
calamitosamente	2500
calamitoso	2500
calamonar	2500
calamorrar	2500
calandraca	2500
calandrajo	2500
calandrar	2500
calandria	2500
calar	2500
calatravo	2500
calavera	2500
calaverada	2500
calaverear	2500
calaverna	2500
calavernario	2500
calañés	2500
calca	2500
calcadamente	2500
calcador	2500
calcar	2500
calcañar	2500
calcaño	2500
calcedonia	2500
calcedonio	2500
calceta	2500
calcetar	2500
calcetero	2500
calcetín	2500
calcicosis	2500
calcificar	2500
calcina	2500
calcinado	2500
calcinador	2500
calcinamiento	2500
calcinar	2500
calcinatorio	2500
calcinero	2500
calcio	2500
calcita	2500
calco	2500
calcografiar	2500
calcomanía	2500
calcopirita	2500
calcorrear	2500
calcotipia	2500
calculable	2500
calculador	2500
calcular	2500
calculatorio	2500
calculista	2500
calculoso	2500
calcáreo	2500
calcés	2500
calda	2500
caldaria	2500
caldeamiento	2500
caldear	2500
caldeo	2500
caldera	2500
calderada	2500
calderero	2500
calderería	2500
caldereta	2500
calderil	2500
caldero	2500
calderoniano	2500
calderón	2500
caldibaldo	2500
caldo	2500
caldoso	2500
calducho	2500
caledonio	2500
calefacción	2500
calefactor	2500
calefactorio	2500
caleidoscopio	2500
caleidoscópico	2500
calendario	2500
calendarizar	2500
calentador	2500
calentamiento	2500
calentar	2500
calentito	2500
calentura	2500
calenturientamente	2500
calenturiento	2500
calenturoso	2500
caler	2500
calera	2500
calero	2500
calesa	2500
calesera	2500
calesero	2500
calesinero	2500
calesita	2500
caleta	2500
caletre	2500
calibrador	2500
calibrar	2500
calibre	2500
calicanto	2500
calicata	2500
caliche	2500
caliciforme	2500
calicillo	2500
calicular	2500
calidez	2500
calidoscopio	2500
calientaplatos	2500
calientapollas	2500
caliente	2500
calientemente	2500
califa	2500
califal	2500
califato	2500
calificable	2500
calificado	2500
calificador	2500
calificar	2500
calificativo	2500
californiano	2500
californio	2500
caligrafiar	2500
caligrama	2500
caligráfico	2500
calima	2500
calimaco	2500
calimoso	2500
calimote	2500
calina	2500
calinoso	2500
calipedia	2500
calistenia	2500
calitipia	2500
caliza	2500
calizo	2500
callada	2500
calladamente	2500
callado	2500
callamiento	2500
callandico	2500
callandito	2500
callando	2500
callantar	2500
callao	2500
callar	2500
calle	2500
callear	2500
calleja	2500
callejear	2500
callejero	2500
callejuela	2500
callejón	2500
callentar	2500
callialto	2500
callicida	2500
callista	2500
callizo	2500
callo	2500
callosar	2500
callosidad	2500
calloso	2500
calma	2500
calmadamente	2500
calmante	2500
calmar	2500
calmazo	2500
calmoso	2500
calmudo	2500
calofilo	2500
calofriar	2500
calomel	2500
calomelanos	2500
caloniar	2500
calor	2500
calorificación	2500
calorina	2500
caloría	2500
calorífero	2500
calorífico	2500
calorímetro	2500
calosfriar	2500
caloso	2500
calostro	2500
calotipia	2500
caloñar	2500
calumbrecerse	2500
calumnia	2500
calumniador	2500
calumniar	2500
calumniosamente	2500
calumnioso	2500
calurosamente	2500
caluroso	2500
calva	2500
calvar	2500
calvario	2500
calvero	2500
calvez	2500
calvicie	2500
calvijar	2500
calvinismo	2500
calvinista	2500
calvo	2500
calza	2500
calzada	2500
calzado	2500
calzador	2500
calzadura	2500
calzar	2500
calzonazos	2500
calzoncillo	2500
calzorras	2500
calzón	2500
calículo	2500
caló	2500
calórico	2500
cama	2500
camada	2500
camafeo	2500
camaldulense	2500
camaleón	2500
camandulear	2500
camandulero	2500
camarada	2500
camaradería	2500
camarero	2500
camareta	2500
camarico	2500
camarilla	2500
camarlengo	2500
camaronero	2500
camarote	2500
camarógrafo	2500
camarón	2500
camastro	2500
camastrón	2500
camba	2500
cambalachar	2500
cambalachear	2500
cambalachero	2500
cambar	2500
cambiable	2500
cambiadamente	2500
cambiador	2500
cambiamiento	2500
cambiante	2500
cambiantemente	2500
cambiar	2500
cambiazo	2500
cambija	2500
cambio	2500
cambista	2500
cambizar	2500
cambocho	2500
camboyano	2500
cambray	2500
cambráis	2500
cambur	2500
camelador	2500
camelar	2500
camelete	2500
camelia	2500
camelina	2500
camelio	2500
camella	2500
camellero	2500
camello	2500
camellón	2500
camelotado	2500
camelote	2500
camelotina	2500
cameo	2500
camerino	2500
camero	2500
camerunés	2500
camiar	2500
camilla	2500
camillero	2500
camilo	2500
caminador	2500
caminante	2500
caminar	2500
caminata	2500
caminero	2500
camino	2500
camionero	2500
camioneta	2500
camisa	2500
camisero	2500
camiseta	2500
camisola	2500
camisote	2500
camisón	2500
camita	2500
camión	2500
camomila	2500
camorra	2500
camorrear	2500
camorrero	2500
camorrista	2500
camota	2500
campa	2500
campamento	2500
campana	2500
campanada	2500
campanario	2500
campanear	2500
campanela	2500
campanero	2500
campaniforme	2500
campanil	2500
campanilla	2500
campanillazo	2500
campanillear	2500
campanillero	2500
campanillo	2500
campano	2500
campante	2500
campanudo	2500
campar	2500
campaña	2500
campeador	2500
campear	2500
campechanamente	2500
campechano	2500
campeche	2500
campeonato	2500
campera	2500
campero	2500
campería	2500
campesino	2500
campestre	2500
campeón	2500
camping	2500
campista	2500
campiña	2500
camposanto	2500
campurriano	2500
campus	2500
camucha	2500
camuesa	2500
camuflaje	2500
camuflar	2500
camuza	2500
camélido	2500
camélidos	2500
camítico	2500
camón	2500
can	2500
cana	2500
canadiense	2500
canal	2500
canalada	2500
canalado	2500
canaladura	2500
canaleja	2500
canaleta	2500
canalete	2500
canaleto	2500
canalización	2500
canalizar	2500
canalla	2500
canallada	2500
canallesco	2500
canalón	2500
canana	2500
cananeo	2500
cananga	2500
canapé	2500
canariense	2500
canario	2500
canasta	2500
canastero	2500
canastillero	2500
canasto	2500
canastro	2500
cancanear	2500
cancel	2500
cancela	2500
canceladora	2500
cancelar	2500
cancelariato	2500
cancelario	2500
cancerar	2500
cancerbero	2500
canceriforme	2500
canceroso	2500
cancerígeno	2500
cancha	2500
canchear	2500
canchera	2500
canchero	2500
canciller	2500
cancilleresco	2500
cancillería	2500
cancioneril	2500
cancionero	2500
cancioneta	2500
cancionista	2500
canción	2500
candado	2500
candaliza	2500
candamo	2500
candar	2500
cande	2500
candeal	2500
candela	2500
candelabro	2500
candelecho	2500
candelera	2500
candelero	2500
candeleta	2500
candelizo	2500
candencia	2500
candente	2500
candi	2500
candidación	2500
candidato	2500
candidatura	2500
candidez	2500
candil	2500
candileja	2500
candilejo	2500
candilera	2500
candilero	2500
candonguear	2500
candor	2500
candorosamente	2500
candoroso	2500
canear	2500
caneca	2500
canecer	2500
canecillo	2500
canela	2500
canelar	2500
canelero	2500
canelina	2500
canelita	2500
canelo	2500
canforar	2500
cangar	2500
cangreja	2500
cangrejero	2500
cangrejo	2500
cangrenarse	2500
cangro	2500
canguelo	2500
canguro	2500
canibalismo	2500
canica	2500
caniche	2500
canicie	2500
canicular	2500
caniculario	2500
canijo	2500
canilla	2500
canillero	2500
canina	2500
caninamente	2500
caninez	2500
canino	2500
canivete	2500
canje	2500
canjear	2500
canmiar	2500
cano	2500
canoa	2500
canoero	2500
canon	2500
canonesa	2500
canonical	2500
canonicato	2500
canonista	2500
canonización	2500
canonizar	2500
canonjía	2500
canope	2500
canoro	2500
canoso	2500
cansada	2500
cansadamente	2500
cansado	2500
cansador	2500
cansancio	2500
cansar	2500
cansera	2500
cansinamente	2500
cansino	2500
canso	2500
canta	2500
cantable	2500
cantada	2500
cantador	2500
cantal	2500
cantalear	2500
cantaleta	2500
cantaletear	2500
cantalinoso	2500
cantante	2500
cantar	2500
cantarera	2500
cantarero	2500
cantarilla	2500
cantarrana	2500
cantata	2500
cantautor	2500
cante	2500
cantear	2500
cantel	2500
cantera	2500
canterios	2500
canterito	2500
cantero	2500
cantería	2500
cantesa	2500
cantiga	2500
cantilena	2500
cantimplora	2500
cantina	2500
cantinela	2500
cantinero	2500
cantizal	2500
canto	2500
cantonal	2500
cantonalismo	2500
cantonalista	2500
cantonar	2500
cantonear	2500
cantonero	2500
cantonés	2500
cantor	2500
cantorral	2500
cantueso	2500
canturrear	2500
canturriar	2500
canturía	2500
cantusar	2500
cantábrico	2500
cantárida	2500
cantón	2500
canular	2500
canutero	2500
canuto	2500
caníbal	2500
canícula	2500
canónica	2500
canónicamente	2500
canónico	2500
canóniga	2500
canónigo	2500
caoba	2500
caobana	2500
caobilla	2500
caolín	2500
caos	2500
cap	2500
capa	2500
capacear	2500
capacete	2500
capacha	2500
capachero	2500
capacho	2500
capacidad	2500
capacitación	2500
capacitador	2500
capacitancia	2500
capacitar	2500
capacitivo	2500
capacitor	2500
capadocio	2500
capador	2500
capadura	2500
capar	2500
caparazón	2500
caparidácea	2500
caparidáceo	2500
caparra	2500
caparrosa	2500
capataz	2500
capaz	2500
capazmente	2500
capciosamente	2500
capciosidad	2500
capcioso	2500
capea	2500
capeador	2500
capear	2500
capeja	2500
capela	2500
capellada	2500
capellanía	2500
capellar	2500
capellina	2500
capellán	2500
capelo	2500
capelán	2500
capero	2500
caperucear	2500
caperuza	2500
capeta	2500
capialzar	2500
capilar	2500
capilaridad	2500
capilla	2500
capillejo	2500
capiller	2500
capillero	2500
capilludo	2500
capirotada	2500
capirotado	2500
capirote	2500
capirucho	2500
capital	2500
capitalidad	2500
capitalino	2500
capitalismo	2500
capitalista	2500
capitalización	2500
capitalizar	2500
capitana	2500
capitanear	2500
capitanía	2500
capitel	2500
capitidisminuir	2500
capitolio	2500
capitulante	2500
capitular	2500
capitulario	2500
capitularmente	2500
capitán	2500
capo	2500
capolar	2500
capona	2500
caponar	2500
caponera	2500
caporal	2500
caporalista	2500
capota	2500
capotar	2500
capote	2500
capotear	2500
capotero	2500
cappa	2500
capricho	2500
caprichosamente	2500
caprichoso	2500
caprichudo	2500
capricornio	2500
caprifoliácea	2500
caprifoliáceo	2500
caprino	2500
capsular	2500
captación	2500
captador	2500
captar	2500
captener	2500
captivar	2500
captor	2500
captura	2500
capturar	2500
capucha	2500
capuchina	2500
capuchino	2500
capuchón	2500
capuleto	2500
capulina	2500
capullina	2500
capullo	2500
capuz	2500
capuzar	2500
capítulo	2500
capó	2500
capón	2500
caquexia	2500
caqui	2500
car	2500
cara	2500
caraba	2500
carabao	2500
carabear	2500
carabela	2500
carabina	2500
carabinazo	2500
carabinera	2500
carabinero	2500
carabritear	2500
caracalla	2500
caracas	2500
caracense	2500
caracha	2500
caracho	2500
caracol	2500
caracola	2500
caracolear	2500
caracolero	2500
caracoleta	2500
caracteres	2500
caracterización	2500
caracterizado	2500
caracterizador	2500
caracterizar	2500
característica	2500
característicamente	2500
característico	2500
caradriforme	2500
caradura	2500
caraja	2500
carajo	2500
caralla	2500
caramba	2500
carambanado	2500
carambillo	2500
carambola	2500
carambolista	2500
carambolo	2500
caramelizar	2500
caramelo	2500
caramida	2500
caramilla	2500
caramillar	2500
caramilleras	2500
caramillo	2500
caramilloso	2500
caramujo	2500
caramullo	2500
caramuzal	2500
caranegra	2500
carantoña	2500
carapa	2500
carapacho	2500
carapato	2500
carapico	2500
caraqueño	2500
carate	2500
caratular	2500
caravana	2500
caravanero	2500
caray	2500
carba	2500
carbohidrato	2500
carbonar	2500
carbonatar	2500
carbonato	2500
carboncillo	2500
carbonear	2500
carboneo	2500
carbonera	2500
carbonero	2500
carbonilla	2500
carbonilo	2500
carbonita	2500
carbonización	2500
carbonizar	2500
carbono	2500
carbonoso	2500
carbonífero	2500
carborundo	2500
carboxílico	2500
carbunclo	2500
carbunco	2500
carbuncoso	2500
carburador	2500
carburante	2500
carburar	2500
carburina	2500
carburo	2500
carbólico	2500
carbón	2500
carbónicamente	2500
carbónico	2500
carbúnculo	2500
carca	2500
carcaj	2500
carcajada	2500
carcajear	2500
carcamal	2500
carcasa	2500
carcavear	2500
carcavinar	2500
carcelario	2500
carcelera	2500
carcelero	2500
carcinoma	2500
carcoma	2500
carcomer	2500
carcunda	2500
carda	2500
cardada	2500
cardado	2500
cardador	2500
cardadura	2500
cardal	2500
cardamina	2500
cardar	2500
cardario	2500
cardelina	2500
cardenal	2500
cardenalato	2500
cardenalicio	2500
cardenillo	2500
cardero	2500
cardialgia	2500
cardias	2500
cardillar	2500
cardinal	2500
cardiograma	2500
cardioide	2500
cardiotónico	2500
cardiovascular	2500
carditis	2500
cardizal	2500
cardiógrafo	2500
cardiólogo	2500
cardo	2500
carduzar	2500
cardíaco	2500
cardón	2500
careador	2500
carear	2500
carecer	2500
carecimiento	2500
carena	2500
carenadura	2500
carenar	2500
carencia	2500
carencial	2500
carenero	2500
carenote	2500
carente	2500
careo	2500
carero	2500
caresa	2500
carestía	2500
careta	2500
careto	2500
carey	2500
cargada	2500
cargadamente	2500
cargadera	2500
cargadero	2500
cargado	2500
cargador	2500
cargamento	2500
cargancia	2500
cargante	2500
cargar	2500
cargazón	2500
cargo	2500
carguero	2500
caria	2500
cariacedo	2500
cariacontecido	2500
cariado	2500
cariadura	2500
carialegre	2500
cariampollar	2500
cariancho	2500
cariaquito	2500
cariar	2500
caribe	2500
caribello	2500
caribeño	2500
caricato	2500
caricatura	2500
caricaturar	2500
caricaturesco	2500
caricaturista	2500
caricaturizar	2500
carichato	2500
caricia	2500
caridad	2500
caridoliente	2500
caries	2500
carifruncido	2500
carigordo	2500
cariharto	2500
carilargo	2500
carilindo	2500
carillo	2500
carillón	2500
cario	2500
cariocar	2500
cariofileo	2500
cariofilina	2500
cariofilácea	2500
cariofiláceo	2500
carisea	2500
cariseto	2500
carisma	2500
carismático	2500
caritativo	2500
cariz	2500
cariátide	2500
cariñar	2500
cariño	2500
cariñosamente	2500
cariñoso	2500
carla	2500
carlanca	2500
carlear	2500
carleta	2500
carlina	2500
carlinga	2500
carlismo	2500
carlista	2500
carlita	2500
carlovingio	2500
carmel	2500
carmelina	2500
carmelita	2500
carmelitano	2500
carmen	2500
carmenador	2500
carmenar	2500
carmesí	2500
carminar	2500
carminativo	2500
carmín	2500
carnación	2500
carnada	2500
carnadura	2500
carnaje	2500
carnal	2500
carnalidad	2500
carnalmente	2500
carnaval	2500
carnavalada	2500
carnavalesco	2500
carnaza	2500
carne	2500
carnecilla	2500
carnerada	2500
carnereamiento	2500
carnerear	2500
carnerero	2500
carnero	2500
carnestolendas	2500
carnet	2500
carnicero	2500
carnicería	2500
carnificar	2500
carniforme	2500
carniola	2500
carniseco	2500
carniza	2500
carnosidad	2500
carnoso	2500
carnudo	2500
carnuza	2500
carné	2500
carnívoro	2500
caro	2500
carochar	2500
carola	2500
carolingio	2500
carolino	2500
carolo	2500
caromomia	2500
caronchar	2500
carota	2500
carozo	2500
carpa	2500
carpanta	2500
carpelar	2500
carpelo	2500
carpentear	2500
carpeta	2500
carpetano	2500
carpetazo	2500
carpiano	2500
carpintear	2500
carpinteril	2500
carpintero	2500
carpintería	2500
carpir	2500
carpo	2500
carquesa	2500
carraca	2500
carracero	2500
carraco	2500
carraleja	2500
carranca	2500
carranza	2500
carrasca	2500
carrascal	2500
carrasco	2500
carraspada	2500
carraspeantemente	2500
carraspear	2500
carraspeo	2500
carraspera	2500
carraspina	2500
carrasquear	2500
carrasqueño	2500
carrasquizo	2500
carraón	2500
carrear	2500
carrera	2500
carrerista	2500
carrero	2500
carreta	2500
carretal	2500
carrete	2500
carretear	2500
carretel	2500
carretela	2500
carreteril	2500
carretero	2500
carretillero	2500
carretonada	2500
carretoncillo	2500
carretón	2500
carricar	2500
carricera	2500
carricoche	2500
carril	2500
carrilete	2500
carrillada	2500
carrilludo	2500
carriola	2500
carriona	2500
carrito	2500
carrizo	2500
carro	2500
carrocero	2500
carrocería	2500
carrochar	2500
carromatero	2500
carromato	2500
carros	2500
carroza	2500
carrozar	2500
carroña	2500
carroñar	2500
carroñero	2500
carruaje	2500
carruajero	2500
carrucar	2500
carrucha	2500
carrujo	2500
carrusel	2500
carta	2500
cartagenero	2500
cartaginense	2500
cartaginiense	2500
cartaginés	2500
cartapacio	2500
cartazo	2500
carteado	2500
cartear	2500
cartel	2500
cartela	2500
cartelear	2500
cartelero	2500
cartelería	2500
cartelista	2500
cartera	2500
carterista	2500
cartero	2500
cartesianismo	2500
cartesiano	2500
carteta	2500
cartilaginoso	2500
cartivana	2500
cartografiar	2500
cartográfico	2500
cartolas	2500
cartomancia	2500
cartonera	2500
cartonero	2500
cartoteca	2500
cartuchera	2500
cartucho	2500
cartuja	2500
cartujano	2500
cartujo	2500
cartulario	2500
cartulina	2500
cartusana	2500
cartílago	2500
cartógrafo	2500
cartón	2500
caruncular	2500
carvajal	2500
carvajo	2500
carvallar	2500
carvalledo	2500
carvallo	2500
carácter	2500
caráis	2500
carámbano	2500
caréis	2500
carótida	2500
carúncula	2500
casabe	2500
casaca	2500
casación	2500
casadero	2500
casado	2500
casal	2500
casalicio	2500
casamata	2500
casamentero	2500
casamiento	2500
casanova	2500
casar	2500
casariego	2500
casatienda	2500
casca	2500
cascabel	2500
cascabelear	2500
cascabelero	2500
cascabillo	2500
cascada	2500
cascadura	2500
cascajar	2500
cascajo	2500
cascajoso	2500
cascajuelo	2500
cascalbo	2500
cascalleja	2500
cascalote	2500
cascamajar	2500
cascamiento	2500
cascanueces	2500
cascar	2500
cascarela	2500
cascarilla	2500
cascarrabias	2500
cascarria	2500
cascarrinar	2500
cascarón	2500
casco	2500
cascos	2500
cascote	2500
caseación	2500
caseificar	2500
casera	2500
caserillo	2500
caserna	2500
casero	2500
caserío	2500
caserón	2500
cases	2500
caseta	2500
casete	2500
caseto	2500
casetón	2500
casia	2500
casiller	2500
casillero	2500
casimir	2500
casina	2500
casinita	2500
casino	2500
casita	2500
casiterita	2500
caso	2500
casona	2500
casorio	2500
caspa	2500
caspio	2500
casposamente	2500
casposo	2500
casquero	2500
casquería	2500
casquete	2500
casquijo	2500
casquilla	2500
casquilucio	2500
casquivano	2500
casta	2500
castalio	2500
castamente	2500
castaña	2500
castañazo	2500
castañeta	2500
castañetear	2500
castaño	2500
castañuela	2500
castellanamente	2500
castellanismo	2500
castellanización	2500
castellanizar	2500
castellano	2500
castellonense	2500
casticidad	2500
casticismo	2500
casticista	2500
castidad	2500
castigador	2500
castigar	2500
castigo	2500
castillejo	2500
castillería	2500
castillete	2500
castillo	2500
castina	2500
casting	2500
castizamente	2500
castizo	2500
casto	2500
castor	2500
castora	2500
castoreño	2500
castorina	2500
castra	2500
castrado	2500
castrador	2500
castradura	2500
castrapuercas	2500
castrar	2500
castrense	2500
castóreo	2500
casual	2500
casualidad	2500
casualismo	2500
casualista	2500
casualmente	2500
casuariforme	2500
casuario	2500
casuca	2500
casucha	2500
casucho	2500
casulla	2500
casullero	2500
casuístico	2500
cata	2500
catabolismo	2500
catacaldos	2500
cataclismo	2500
cataclísmico	2500
catacumbas	2500
catadióptrico	2500
catador	2500
catadura	2500
catafalco	2500
catafórico	2500
catalanidad	2500
catalanismo	2500
catalanista	2500
cataldo	2500
catalejo	2500
catalepsia	2500
catalicores	2500
catalina	2500
catalizador	2500
catalizar	2500
catalogador	2500
catalogar	2500
catalufa	2500
catalán	2500
catalítico	2500
catamarcano	2500
catamarqueño	2500
cataplasma	2500
catapulta	2500
catapultar	2500
catarata	2500
catarral	2500
catarrino	2500
catarro	2500
catarroso	2500
catarsis	2500
catarí	2500
catasalsas	2500
catascopio	2500
catastral	2500
catastro	2500
catastróficamente	2500
catastrófico	2500
catatonia	2500
catatónico	2500
cataviento	2500
catavino	2500
catavinos	2500
cateador	2500
catear	2500
catecismo	2500
catecúmeno	2500
catedral	2500
catedralicio	2500
catedralidad	2500
catedrar	2500
catedrilla	2500
catedrático	2500
categorismo	2500
categorizar	2500
categoría	2500
categóricamente	2500
categórico	2500
catenaria	2500
catenario	2500
catenular	2500
catequesis	2500
catequismo	2500
catequista	2500
catequizador	2500
catequizar	2500
catering	2500
caterva	2500
catervarios	2500
cateterismo	2500
cateto	2500
catilinaria	2500
catite	2500
cativar	2500
catión	2500
cato	2500
catolicidad	2500
catolicismo	2500
catolizar	2500
catoniano	2500
catonismo	2500
catonizar	2500
catoptromancia	2500
catoptroscopia	2500
catoquita	2500
catorce	2500
catorceavo	2500
catorceno	2500
catre	2500
catrecillo	2500
catáfora	2500
catálisis	2500
catálogo	2500
catártico	2500
catástrofe	2500
catéter	2500
catódico	2500
católicamente	2500
católico	2500
catón	2500
caucasiano	2500
cauce	2500
cauchero	2500
caucho	2500
caucionar	2500
caucáseo	2500
caucásico	2500
cauda	2500
caudado	2500
caudal	2500
caudalosamente	2500
caudaloso	2500
caudalímetro	2500
caudatario	2500
caudato	2500
caudillismo	2500
caudillo	2500
cauliforme	2500
caulinar	2500
caulículo	2500
cauro	2500
causa	2500
causación	2500
causador	2500
causahabiente	2500
causal	2500
causalismo	2500
causante	2500
causar	2500
causativo	2500
causticar	2500
causticidad	2500
cauta	2500
cautela	2500
cautelar	2500
cautelosamente	2500
cauteloso	2500
cauterio	2500
cauterización	2500
cauterizador	2500
cauterizar	2500
cautivador	2500
cautivar	2500
cautiverio	2500
cautividad	2500
cautivo	2500
cauto	2500
cautín	2500
cava	2500
cavadizo	2500
cavador	2500
cavadura	2500
cavar	2500
caverna	2500
cavernario	2500
cavernidad	2500
cavernosidad	2500
cavernoso	2500
caviar	2500
cavidad	2500
cavilar	2500
cavilosamente	2500
cavilosidad	2500
caviloso	2500
cavo	2500
cayada	2500
cayado	2500
cayena	2500
cayo	2500
cayote	2500
caz	2500
caza	2500
cazabe	2500
cazadero	2500
cazado	2500
cazador	2500
cazalla	2500
cazallero	2500
cazar	2500
cazatalentos	2500
cazatorpedero	2500
cazcalear	2500
cazcarria	2500
cazo	2500
cazolada	2500
cazoleja	2500
cazolero	2500
cazoleta	2500
cazoletear	2500
cazoletero	2500
cazonal	2500
cazonete	2500
cazuela	2500
cazumbrar	2500
cazurramente	2500
cazurrear	2500
cazurro	2500
cazuz	2500
cazón	2500
caída	2500
caído	2500
caña	2500
cañacoro	2500
cañada	2500
cañadilla	2500
cañafístula	2500
cañaheja	2500
cañamazo	2500
cañamón	2500
cañar	2500
cañavera	2500
cañaveral	2500
cañaverear	2500
cañear	2500
cañeramente	2500
cañería	2500
cañihueco	2500
cañivano	2500
cañiza	2500
cañizo	2500
caño	2500
cañocazo	2500
cañonear	2500
cañonera	2500
cañuto	2500
cañón	2500
caótico	2500
caústicamente	2500
ce	2500
cea	2500
ceba	2500
cebada	2500
cebadal	2500
cebadar	2500
cebadazo	2500
cebadera	2500
cebadero	2500
cebador	2500
cebadura	2500
cebar	2500
cebellina	2500
cebero	2500
cebo	2500
cebolla	2500
cebollada	2500
cebollana	2500
cebollar	2500
cebollero	2500
cebolleta	2500
cebollino	2500
cebolludo	2500
cebra	2500
ceburro	2500
cebón	2500
ceca	2500
cecal	2500
ceceante	2500
ceceantemente	2500
cecear	2500
ceceoso	2500
cecina	2500
cecinar	2500
ceda	2500
cedacear	2500
cedacero	2500
cedazo	2500
cedente	2500
ceder	2500
cedizo	2500
cedrito	2500
cedro	2500
cedrón	2500
cedulario	2500
cefalalgia	2500
cefalea	2500
cefalitis	2500
cefalorraquídeo	2500
cefalotórax	2500
cefalópodo	2500
cefear	2500
cefo	2500
cefálica	2500
cefálico	2500
cegado	2500
cegador	2500
cegajear	2500
cegar	2500
cegato	2500
ceguedad	2500
ceguera	2500
ceiba	2500
ceilandés	2500
ceilanés	2500
ceja	2500
cejadero	2500
cejador	2500
cejar	2500
cejijunto	2500
cejilla	2500
cejudo	2500
cejuela	2500
celada	2500
celador	2500
celar	2500
celastro	2500
celda	2500
celebrado	2500
celebrador	2500
celebrante	2500
celebrar	2500
celebridad	2500
celeminada	2500
celeminear	2500
celeminero	2500
celemín	2500
celentéreo	2500
celeridad	2500
celescopio	2500
celeste	2500
celestial	2500
celestialmente	2500
celestina	2500
celestinear	2500
celestinesco	2500
celestino	2500
celestre	2500
celia	2500
celiaco	2500
celibato	2500
celidonia	2500
celinda	2500
cella	2500
cellisca	2500
cellisquear	2500
celo	2500
celofán	2500
celos	2500
celosa	2500
celosamente	2500
celoso	2500
celosía	2500
celotipia	2500
celsitud	2500
celta	2500
celtiberio	2500
celtibérico	2500
celtismo	2500
celtista	2500
celtíbero	2500
celular	2500
celulario	2500
celulita	2500
celuloide	2500
celulosa	2500
celíaco	2500
cementar	2500
cementerio	2500
cementero	2500
cemento	2500
cementoso	2500
cena	2500
cenacho	2500
cenadero	2500
cenador	2500
cenagal	2500
cenagar	2500
cenagoso	2500
cenar	2500
cencerra	2500
cencerrear	2500
cencerro	2500
cenceño	2500
cendal	2500
cendolilla	2500
cendra	2500
cendrar	2500
cendrazo	2500
cenefa	2500
cenegar	2500
cenero	2500
cenestesia	2500
cenia	2500
cenicense	2500
cenicerense	2500
cenicero	2500
cenicienta	2500
ceniciento	2500
cenit	2500
cenital	2500
ceniza	2500
cenizal	2500
cenizo	2500
cenizoso	2500
cenobial	2500
cenobio	2500
cenobita	2500
cenobitismo	2500
cenotafio	2500
cenote	2500
cenozoico	2500
censal	2500
censar	2500
censatario	2500
censo	2500
censor	2500
censorio	2500
censual	2500
censualista	2500
censuario	2500
censura	2500
censurable	2500
censurador	2500
censurar	2500
censurista	2500
cent	2500
centaura	2500
centaurea	2500
centauro	2500
centavo	2500
centellador	2500
centellar	2500
centelleante	2500
centellear	2500
centena	2500
centenada	2500
centenal	2500
centenar	2500
centenario	2500
centenaza	2500
centenero	2500
centenilla	2500
centeno	2500
centenoso	2500
centesimal	2500
centilitro	2500
centiloquio	2500
centimano	2500
centinela	2500
centinodia	2500
centiplicado	2500
centolla	2500
centollo	2500
centonar	2500
centrada	2500
centrado	2500
central	2500
centralidad	2500
centralismo	2500
centralista	2500
centralita	2500
centralización	2500
centralizador	2500
centralizar	2500
centralmente	2500
centrar	2500
centrifugador	2500
centrifugar	2500
centro	2500
centroafricano	2500
centroamericano	2500
centrocampista	2500
centrífuga	2500
centrífugo	2500
centuplicar	2500
centuria	2500
centurión	2500
centésimo	2500
centígrado	2500
centímano	2500
centón	2500
cenzontle	2500
cepa	2500
cepeda	2500
cepellón	2500
cepilladura	2500
cepillar	2500
cepita	2500
cepo	2500
ceporro	2500
cequia	2500
cequiaje	2500
cequí	2500
cera	2500
ceramista	2500
cerasta	2500
cerbatana	2500
cerbero	2500
cerca	2500
cercado	2500
cercador	2500
cercanamente	2500
cercano	2500
cercanía	2500
cercar	2500
cercas	2500
cercear	2500
cercen	2500
cercenador	2500
cercenadura	2500
cercenamiento	2500
cercenar	2500
cerceta	2500
cerchar	2500
cerchear	2500
cercillo	2500
cerciorar	2500
cerco	2500
cercopiteco	2500
cercos	2500
cercote	2500
cercén	2500
cerda	2500
cerdear	2500
cerdito	2500
cerdo	2500
cerdoso	2500
cerdudo	2500
cereal	2500
cerealista	2500
cerebelo	2500
cerebración	2500
cerebral	2500
cerebrina	2500
cerebro	2500
cerebroespinal	2500
cereceda	2500
ceremonia	2500
ceremonial	2500
ceremoniero	2500
ceremoniosamente	2500
ceremonioso	2500
cerero	2500
ceresina	2500
cereza	2500
cerezal	2500
cerezo	2500
ceriflor	2500
cerilla	2500
cerillero	2500
cerio	2500
cerita	2500
cerna	2500
cernada	2500
cerne	2500
cernear	2500
cernedera	2500
cernedero	2500
cernedor	2500
cerner	2500
cernidero	2500
cernido	2500
cernidura	2500
cernir	2500
cerno	2500
cernícalo	2500
cero	2500
ceroma	2500
ceromancia	2500
ceroso	2500
cerote	2500
cerotear	2500
cerquita	2500
cerra	2500
cerrada	2500
cerradera	2500
cerradero	2500
cerradizo	2500
cerrado	2500
cerrador	2500
cerradura	2500
cerraja	2500
cerrajear	2500
cerrajerillo	2500
cerrajero	2500
cerrajería	2500
cerrajón	2500
cerramiento	2500
cerrazón	2500
cerrebojar	2500
cerrero	2500
cerril	2500
cerrillar	2500
cerro	2500
cerrojito	2500
cerrojo	2500
certamen	2500
certeramente	2500
certero	2500
certeza	2500
certidumbre	2500
certificado	2500
certificador	2500
certificar	2500
certificatorio	2500
certitud	2500
certísimo	2500
cerulina	2500
cerumen	2500
cerusa	2500
cerusita	2500
cerval	2500
cervantesco	2500
cervantino	2500
cervantismo	2500
cervantista	2500
cervario	2500
cervato	2500
cervecero	2500
cervecita	2500
cerveza	2500
cervical	2500
cervicular	2500
cerviguillo	2500
cervino	2500
cerviz	2500
cervuno	2500
cerámica	2500
cerámico	2500
cerífica	2500
cerúleo	2500
ces	2500
cesación	2500
cesamiento	2500
cesante	2500
cesantía	2500
cesar	2500
cesariano	2500
cesariense	2500
cesarismo	2500
cesarista	2500
cese	2500
cesio	2500
cesionaria	2500
cesionario	2500
cesión	2500
cespitar	2500
cesta	2500
cestero	2500
cestería	2500
cesto	2500
cestodo	2500
cestón	2500
cesura	2500
cesárea	2500
cesáreo	2500
cetaria	2500
cetario	2500
cetona	2500
cetrero	2500
cetrería	2500
cetrino	2500
cetro	2500
cetáceo	2500
ceutí	2500
ceutíes	2500
ceñar	2500
ceñida	2500
ceñido	2500
ceñidor	2500
ceñir	2500
ceño	2500
ceñudo	2500
cf	2500
cfr	2500
cgo	2500
ch	2500
cha	2500
chabacanada	2500
chabacanería	2500
chabacano	2500
chabisque	2500
chabola	2500
chabolismo	2500
chabolista	2500
chacal	2500
chacharear	2500
chacho	2500
chacina	2500
chacinero	2500
chacinería	2500
chaco	2500
chacolotear	2500
chacolí	2500
chacona	2500
chaconada	2500
chaconero	2500
chacota	2500
chacotear	2500
chacotero	2500
chacra	2500
chacó	2500
chadiano	2500
chafaldete	2500
chafallar	2500
chafar	2500
chafarote	2500
chafarrinada	2500
chafarrinar	2500
chafarrocas	2500
chaflanar	2500
chaflán	2500
chaira	2500
chal	2500
chalación	2500
chaladura	2500
chalanear	2500
chalanesco	2500
chalar	2500
chalaza	2500
chaleco	2500
chalequero	2500
chalet	2500
chalina	2500
chalote	2500
chalupa	2500
chalán	2500
chalé	2500
chamanismo	2500
chamar	2500
chamarasca	2500
chamarilear	2500
chamarilero	2500
chamariz	2500
chamarra	2500
chamba	2500
chambelán	2500
chambergo	2500
chamberguilla	2500
chambilla	2500
chamelar	2500
chamicera	2500
chamicero	2500
chamiza	2500
chamizo	2500
chamorrar	2500
chamorro	2500
champar	2500
champaña	2500
champurrar	2500
champán	2500
champú	2500
chamullar	2500
chamurrar	2500
chamuscado	2500
chamuscar	2500
chamusquina	2500
chamán	2500
chamánico	2500
chanca	2500
chance	2500
chancear	2500
chancero	2500
chancho	2500
chanchullero	2500
chanchullo	2500
chanciller	2500
chancla	2500
chancleta	2500
chancletear	2500
chanclo	2500
chancro	2500
chanelar	2500
chanfaina	2500
changar	2500
changarra	2500
changarro	2500
chanquear	2500
chanquete	2500
chantaje	2500
chantajear	2500
chantajista	2500
chantar	2500
chantre	2500
chanza	2500
chanzoneta	2500
chanzonetero	2500
chaola	2500
chapa	2500
chapado	2500
chapalear	2500
chapaleta	2500
chapaletear	2500
chapar	2500
chaparra	2500
chaparrada	2500
chaparral	2500
chaparrear	2500
chaparreras	2500
chaparrete	2500
chaparro	2500
chaparrudo	2500
chaparrón	2500
chapatal	2500
chapear	2500
chapela	2500
chaperonado	2500
chaperón	2500
chapeta	2500
chapetonada	2500
chapetón	2500
chapinero	2500
chapinete	2500
chapisca	2500
chapitel	2500
chaple	2500
chapo	2500
chapodar	2500
chapotear	2500
chapoteo	2500
chapucear	2500
chapuceramente	2500
chapucero	2500
chapullar	2500
chapurrar	2500
chapurrear	2500
chapuz	2500
chapuzar	2500
chapuzón	2500
chapín	2500
chaqueta	2500
chaquetear	2500
chaquetero	2500
chaquetón	2500
chaqueño	2500
chaqué	2500
charada	2500
charambita	2500
charanga	2500
charango	2500
charanguero	2500
charca	2500
charcas	2500
charco	2500
charcutería	2500
charla	2500
charlador	2500
charlar	2500
charlatanear	2500
charlatanería	2500
charlatanismo	2500
charlatán	2500
charlear	2500
charlo	2500
charlotear	2500
charnela	2500
charol	2500
charolar	2500
charolista	2500
charranear	2500
charrar	2500
charretera	2500
charrúa	2500
chartreuse	2500
chascar	2500
chascarro	2500
chasco	2500
chasis	2500
chaspar	2500
chaspear	2500
chasqueador	2500
chasquear	2500
chasquido	2500
chat	2500
chatarra	2500
chatarrear	2500
chatarrero	2500
chatarrería	2500
chatear	2500
chato	2500
chauvinismo	2500
chaval	2500
chaveta	2500
chavetero	2500
chavo	2500
chavó	2500
chayote	2500
chazar	2500
che	2500
checo	2500
checoslovaco	2500
chef	2500
chelín	2500
chepa	2500
cheque	2500
chequear	2500
chequera	2500
cherchar	2500
cherriar	2500
cheviot	2500
chibcha	2500
chic	2500
chica	2500
chicana	2500
chicanear	2500
chicano	2500
chicha	2500
chicharra	2500
chicharrar	2500
chicharrear	2500
chicharrera	2500
chicharrero	2500
chicharro	2500
chicharrón	2500
chiche	2500
chichear	2500
chichimeco	2500
chichón	2500
chiclanero	2500
chicle	2500
chico	2500
chicolear	2500
chicoria	2500
chicote	2500
chicozapote	2500
chifla	2500
chiflado	2500
chifladura	2500
chiflar	2500
chiflato	2500
chifle	2500
chiflete	2500
chigre	2500
chihuahua	2500
chilaba	2500
chilenismo	2500
chileno	2500
chilindrina	2500
chilindrinero	2500
chilindrón	2500
chilla	2500
chillador	2500
chillar	2500
chillido	2500
chillo	2500
chillón	2500
chimango	2500
chimenea	2500
chimpancé	2500
chinar	2500
chinarro	2500
chinchar	2500
chinche	2500
chincheta	2500
chinchilla	2500
chinchorrear	2500
chinchorrero	2500
chinchorro	2500
chinchoso	2500
chinela	2500
chinesco	2500
chingar	2500
chinglar	2500
chino	2500
chip	2500
chipriota	2500
chiquero	2500
chiquilicuatro	2500
chiquillada	2500
chiquirritico	2500
chiquito	2500
chiquitín	2500
chiribita	2500
chirigota	2500
chirigotear	2500
chirigotero	2500
chirimbolo	2500
chirimoya	2500
chirimoyo	2500
chirimía	2500
chiringuito	2500
chirinola	2500
chiripa	2500
chiripear	2500
chirivía	2500
chirla	2500
chirlar	2500
chirlatar	2500
chirle	2500
chirlear	2500
chirlo	2500
chirona	2500
chirrear	2500
chirriador	2500
chirriante	2500
chirriantemente	2500
chirriar	2500
chirrichote	2500
chirrido	2500
chirrionero	2500
chirrisquear	2500
chirrión	2500
chirumba	2500
chirumbela	2500
chirumen	2500
chis	2500
chiscar	2500
chiscarra	2500
chisguete	2500
chisme	2500
chismear	2500
chismorrear	2500
chismoso	2500
chismotear	2500
chispa	2500
chispeante	2500
chispear	2500
chispero	2500
chispo	2500
chisporrotear	2500
chisposo	2500
chisquero	2500
chist	2500
chistar	2500
chiste	2500
chistera	2500
chistosamente	2500
chistoso	2500
chita	2500
chitar	2500
chito	2500
chiton	2500
chivar	2500
chivata	2500
chivatada	2500
chivatazo	2500
chivatear	2500
chivato	2500
chivo	2500
cho	2500
choca	2500
chocante	2500
chocantemente	2500
chocar	2500
chocarrear	2500
chocarrero	2500
chocarrería	2500
chocha	2500
chochaperdiz	2500
chochear	2500
chochez	2500
chocho	2500
chochín	2500
choclar	2500
choclo	2500
choco	2500
chocoano	2500
chocolate	2500
chocolatera	2500
chocolatero	2500
chocolatina	2500
chocó	2500
chofer	2500
chofeta	2500
chola	2500
cholla	2500
chollo	2500
chopa	2500
chopo	2500
choque	2500
chorar	2500
chori	2500
choricear	2500
choricera	2500
choricero	2500
chorizar	2500
chorizo	2500
chorla	2500
chorlito	2500
chorlo	2500
chorra	2500
chorrada	2500
chorreadura	2500
chorrear	2500
chorreo	2500
chorrera	2500
chorretada	2500
chorretón	2500
chorreón	2500
chorro	2500
chospar	2500
chota	2500
chotacabras	2500
chotear	2500
chotis	2500
choto	2500
chotuno	2500
chova	2500
chovinismo	2500
chovinista	2500
choza	2500
chozo	2500
chozpar	2500
chubasco	2500
chubasquero	2500
chubutense	2500
chucero	2500
chuchear	2500
chuchero	2500
chuchería	2500
chucho	2500
chueca	2500
chueta	2500
chufa	2500
chufar	2500
chufero	2500
chufeta	2500
chuflar	2500
chufleta	2500
chufletear	2500
chufletero	2500
chulada	2500
chulapo	2500
chulear	2500
chulería	2500
chulesco	2500
chuleta	2500
chuletón	2500
chulo	2500
chumacera	2500
chumbera	2500
chumbo	2500
chunga	2500
chungo	2500
chunguear	2500
chupa	2500
chupacirios	2500
chupada	2500
chupadero	2500
chupado	2500
chupador	2500
chupalandero	2500
chupar	2500
chupatintas	2500
chuperretear	2500
chupeta	2500
chupete	2500
chupetear	2500
chupi	2500
chupinazo	2500
chupón	2500
churrar	2500
churrascar	2500
churre	2500
churrero	2500
churretada	2500
churrete	2500
churretoso	2500
churriana	2500
churrigueresco	2500
churriguerismo	2500
churriguerista	2500
churritar	2500
churro	2500
churrupear	2500
churruscar	2500
churumbel	2500
churumbela	2500
chus	2500
chuscada	2500
chuscamente	2500
chusco	2500
chusma	2500
chusquero	2500
chut	2500
chutar	2500
chute	2500
chuzo	2500
cháchara	2500
chándal	2500
chárter	2500
chófer	2500
ciabogar	2500
cianato	2500
cianea	2500
cianhídrico	2500
cianita	2500
cianosis	2500
cianuro	2500
cianí	2500
ciar	2500
cibeleo	2500
cibelina	2500
cibera	2500
cibercafé	2500
ciberespacio	2500
cibernauta	2500
cibernético	2500
cicalar	2500
cicatear	2500
cicatero	2500
cicatería	2500
cicatriz	2500
cicatrización	2500
cicatrizante	2500
cicatrizar	2500
cicatrizativo	2500
cicerone	2500
ciceroniano	2500
cicerón	2500
ciclable	2500
ciclamor	2500
ciclar	2500
ciclismo	2500
ciclista	2500
ciclo	2500
ciclogénesis	2500
cicloidal	2500
cicloide	2500
cicloideo	2500
ciclomotor	2500
ciclorama	2500
ciclostil	2500
ciclotimia	2500
ciclístico	2500
ciclón	2500
ciclónica	2500
ciclónico	2500
ciconiforme	2500
cicuta	2500
cicutina	2500
cid	2500
cidra	2500
cidro	2500
ciegamente	2500
ciego	2500
cielo	2500
ciempiés	2500
cien	2500
ciencia	2500
cieno	2500
cienoso	2500
cientificismo	2500
cientifismo	2500
ciento	2500
científicamente	2500
científico	2500
cierne	2500
cierre	2500
ciertamente	2500
cierva	2500
ciervo	2500
cierzas	2500
cierzo	2500
cifosis	2500
cifra	2500
cifradamente	2500
cifrado	2500
cifrar	2500
cigala	2500
cigarra	2500
cigarral	2500
cigarrera	2500
cigarrero	2500
cigarro	2500
cigofilácea	2500
cigofiláceo	2500
cigoto	2500
cigoñal	2500
cigoñino	2500
ciguatar	2500
cigüete	2500
cigüeña	2500
cigüeñal	2500
cilantro	2500
ciliado	2500
ciliar	2500
cilicio	2500
cilindrada	2500
cilindrar	2500
cilindro	2500
cilio	2500
cilla	2500
cillerero	2500
cillero	2500
cilíndrica	2500
cilíndrico	2500
cima	2500
cimacio	2500
cimar	2500
cimarrón	2500
cimbalero	2500
cimbalillo	2500
cimbalista	2500
cimbel	2500
cimblar	2500
cimborrio	2500
cimbra	2500
cimbrar	2500
cimbreante	2500
cimbrear	2500
cimbrio	2500
cimbro	2500
cimentado	2500
cimentador	2500
cimentar	2500
cimento	2500
cimera	2500
cimerio	2500
cimero	2500
cimiento	2500
cimillo	2500
cimitarra	2500
cimofana	2500
cinabrio	2500
cinamomo	2500
cinc	2500
cinca	2500
cincado	2500
cincel	2500
cincelador	2500
cinceladura	2500
cincelar	2500
cincha	2500
cinchado	2500
cinchadura	2500
cinchar	2500
cincho	2500
cinchuela	2500
cinchuelo	2500
cincoenrama	2500
cincograbado	2500
cincomesino	2500
cincuenta	2500
cincuentavo	2500
cincuentena	2500
cincuentenario	2500
cincuenteno	2500
cincuentón	2500
cine	2500
cineasta	2500
cinema	2500
cinematografiar	2500
cinematografía	2500
cinematográfico	2500
cinematógrafo	2500
cinemática	2500
cinemático	2500
cineraria	2500
cinerario	2500
cinericio	2500
cinglar	2500
cinismo	2500
cinoglosa	2500
cinquero	2500
cinqueño	2500
cinta	2500
cintadero	2500
cintagorda	2500
cintajo	2500
cintar	2500
cintarazo	2500
cintarear	2500
cintero	2500
cintilar	2500
cinto	2500
cintos	2500
cintura	2500
cinturita	2500
cinturón	2500
cinámico	2500
cinéreo	2500
cinésica	2500
cinética	2500
cinético	2500
cipariso	2500
cipayo	2500
ciperáceas	2500
ciperáceo	2500
cipo	2500
cipote	2500
cipresillo	2500
cipresino	2500
ciprés	2500
ciquiricata	2500
ciquitroque	2500
circasiano	2500
circe	2500
circense	2500
circo	2500
circona	2500
circonio	2500
circuir	2500
circuito	2500
circulante	2500
circular	2500
circularidad	2500
circularmente	2500
circulatorio	2500
circumpolar	2500
circuncidar	2500
circuncisa	2500
circuncisión	2500
circunciso	2500
circundante	2500
circundar	2500
circunferencia	2500
circunferencial	2500
circunferencialmente	2500
circunferente	2500
circunferir	2500
circunflejo	2500
circunfuso	2500
circunlocución	2500
circunloquio	2500
circunnavegar	2500
circunscribir	2500
circunscripción	2500
circunscrito	2500
circunsolar	2500
circunspección	2500
circunspecto	2500
circunstancia	2500
circunstanciado	2500
circunstancial	2500
circunstanciar	2500
circunstante	2500
circunvalar	2500
circunvecino	2500
circunvenir	2500
circunvolar	2500
circunvolución	2500
circunyacente	2500
circón	2500
cirenaico	2500
cireneo	2500
cirial	2500
cirio	2500
cirro	2500
cirrosis	2500
cirroso	2500
cirrípedo	2500
cirrópodo	2500
ciruela	2500
ciruelo	2500
cirugía	2500
cirujano	2500
cirílico	2500
ciscar	2500
cisco	2500
cisma	2500
cismar	2500
cismontano	2500
cismático	2500
cisne	2500
cisoria	2500
cisquera	2500
cisquero	2500
cista	2500
cisterciense	2500
cisterna	2500
cisticerco	2500
cisticercosis	2500
cistitis	2500
cistácea	2500
cistáceo	2500
cistíneo	2500
cisura	2500
cit	2500
cita	2500
citación	2500
citador	2500
citano	2500
citar	2500
citara	2500
citarilla	2500
citarista	2500
citarizar	2500
citereo	2500
citerior	2500
citocromo	2500
citoesqueleto	2500
citoplasma	2500
citrato	2500
citricultor	2500
citrina	2500
citrino	2500
ciudadano	2500
ciudadanía	2500
civeta	2500
civilidad	2500
civilista	2500
civilización	2500
civilizador	2500
civilizar	2500
civilmente	2500
civilísima	2500
civismo	2500
cizalla	2500
cizalladura	2500
cizallar	2500
cizaña	2500
cizañar	2500
cizañear	2500
cizañero	2500
ciánico	2500
ciénaga	2500
ciénega	2500
cl	2500
clac	2500
clamar	2500
clamor	2500
clamorear	2500
clamoroso	2500
clan	2500
clandestinamente	2500
clandestinidad	2500
clandestino	2500
claque	2500
claqué	2500
clara	2500
claraboya	2500
claramente	2500
clarar	2500
clarear	2500
clarecer	2500
clareo	2500
clarete	2500
clareza	2500
claridad	2500
clarificar	2500
clarinete	2500
clarinetista	2500
clarisa	2500
clarividencia	2500
clarividente	2500
clarividentemente	2500
clarión	2500
claror	2500
claroscuro	2500
clarucho	2500
clarín	2500
clase	2500
clasema	2500
clasicismo	2500
clasicista	2500
clasificado	2500
clasificador	2500
clasificar	2500
clasificatorio	2500
clasista	2500
claudia	2500
claudicar	2500
claustra	2500
claustral	2500
claustrar	2500
claustro	2500
claustrofobia	2500
clausular	2500
clausura	2500
clausurar	2500
clava	2500
clavada	2500
clavadizo	2500
clavado	2500
clavadura	2500
claval	2500
clavar	2500
clavazón	2500
clave	2500
clavecín	2500
clavel	2500
clavelito	2500
clavellina	2500
clavera	2500
clavero	2500
clavetear	2500
clavicordio	2500
clavicular	2500
clavicémbalo	2500
clavija	2500
clavijera	2500
clavijero	2500
clavito	2500
clavo	2500
clavícula	2500
claxon	2500
clemencia	2500
clemente	2500
clementina	2500
clemátide	2500
clepsidra	2500
cleptomanía	2500
cleptomaníaco	2500
cleptómano	2500
clerecía	2500
clerical	2500
clericalismo	2500
clericalmente	2500
clericatura	2500
clero	2500
clerofobia	2500
clic	2500
cliché	2500
clienta	2500
clientela	2500
clientelismo	2500
clima	2500
climaterio	2500
climatizar	2500
climatología	2500
climatérico	2500
climático	2500
clinopodio	2500
clip	2500
clisar	2500
clister	2500
clisterizar	2500
clisé	2500
clitoriano	2500
cloaca	2500
cloc	2500
clocar	2500
clon	2500
clonación	2500
clonar	2500
cloquear	2500
cloqueo	2500
clorar	2500
clorato	2500
clorhidrato	2500
clorhídrico	2500
clorita	2500
cloro	2500
cloroacético	2500
clorofila	2500
clorofilo	2500
cloroformizar	2500
cloroformo	2500
cloroplasto	2500
clorosis	2500
clorurar	2500
cloruro	2500
clorótico	2500
club	2500
clubs	2500
clueco	2500
cluniacense	2500
cluniense	2500
clámide	2500
clásica	2500
clásico	2500
cláusula	2500
cláxones	2500
clérigo	2500
clímax	2500
clínica	2500
clínico	2500
clípeo	2500
clíper	2500
clítoris	2500
clórico	2500
clúster	2500
cm	2500
cnidario	2500
coa	2500
coaccionar	2500
coacervar	2500
coadunar	2500
coadyutor	2500
coadyuvante	2500
coadyuvar	2500
coagente	2500
coagulador	2500
coagulante	2500
coagular	2500
coaguloso	2500
coalicionista	2500
coalición	2500
coaligar	2500
coaptar	2500
coartar	2500
coatí	2500
coba	2500
cobaltina	2500
cobalto	2500
cobarde	2500
cobardear	2500
cobardemente	2500
cobardía	2500
cobardón	2500
cobaya	2500
cobayo	2500
cobertera	2500
cobertizo	2500
cobertor	2500
cobertura	2500
cobija	2500
cobijador	2500
cobijamiento	2500
cobijar	2500
cobijera	2500
cobista	2500
cobra	2500
cobrable	2500
cobradero	2500
cobrador	2500
cobranza	2500
cobrar	2500
cobre	2500
cobrear	2500
cobrizo	2500
cobro	2500
coca	2500
cocar	2500
cocarar	2500
cocaína	2500
cocción	2500
coceador	2500
coceadura	2500
coceamiento	2500
cocear	2500
cocedero	2500
cocedizo	2500
cocedor	2500
cocedura	2500
cocer	2500
cocha	2500
cochambre	2500
cochambroso	2500
coche	2500
cochear	2500
cochera	2500
cocheril	2500
cochero	2500
cochi	2500
cochifrito	2500
cochina	2500
cochinada	2500
cochinamente	2500
cochinero	2500
cochinito	2500
cochino	2500
cochiquera	2500
cocho	2500
cochura	2500
cocido	2500
cociente	2500
cocimiento	2500
cocinar	2500
cocinero	2500
cocinilla	2500
cocinita	2500
coclear	2500
coclearia	2500
coco	2500
cocodrilo	2500
cocotal	2500
cocote	2500
cocotero	2500
coctelera	2500
cocuyo	2500
coda	2500
codadura	2500
codal	2500
codaste	2500
codear	2500
codeso	2500
codicia	2500
codiciador	2500
codiciar	2500
codicilo	2500
codicioso	2500
codificador	2500
codificar	2500
codillera	2500
codina	2500
codirector	2500
codirigir	2500
codo	2500
codorniz	2500
codorno	2500
codoñate	2500
codujo	2500
codujón	2500
coeducar	2500
coeficiente	2500
coenzima	2500
coercible	2500
coercitivo	2500
coerción	2500
coetáneo	2500
coexistir	2500
coextender	2500
cofa	2500
cofia	2500
cofiador	2500
cofinanciar	2500
cofrade	2500
cofradía	2500
cofre	2500
cofrear	2500
cofrero	2500
cofundador	2500
cogechar	2500
cogedero	2500
cogedor	2500
cogedura	2500
cogeneración	2500
coger	2500
cogido	2500
cogitabundo	2500
cogitativo	2500
cognación	2500
cognado	2500
cognición	2500
cognitivo	2500
cognocer	2500
cognomento	2500
cognominar	2500
cognoscible	2500
cognoscitivo	2500
cogollo	2500
cogolmar	2500
cogorza	2500
cogote	2500
cogotera	2500
cogotudo	2500
cogucho	2500
cogujada	2500
cogujonero	2500
cogujón	2500
cogulla	2500
cogullada	2500
cohabitar	2500
cohechar	2500
coheredar	2500
coherencia	2500
coherente	2500
coherentismo	2500
cohesionar	2500
cohesivo	2500
cohesión	2500
cohesor	2500
cohete	2500
cohetero	2500
cohibición	2500
cohibir	2500
cohobar	2500
cohombrillo	2500
cohonder	2500
cohonestar	2500
cohorte	2500
coimbricense	2500
coime	2500
coincidentemente	2500
coincidir	2500
coinquinar	2500
coinvestigador	2500
cois	2500
coitar	2500
coito	2500
coja	2500
cojear	2500
cojera	2500
cojinete	2500
cojitranco	2500
cojo	2500
cojonudamente	2500
cojonudo	2500
cojuelo	2500
cojín	2500
cok	2500
col	2500
cola	2500
colaborador	2500
colaborar	2500
colaborativo	2500
colacionar	2500
colada	2500
coladera	2500
coladero	2500
coladizo	2500
colado	2500
colador	2500
coladora	2500
coladura	2500
colagogo	2500
colaina	2500
colaire	2500
colambre	2500
colana	2500
colanilla	2500
colapez	2500
colapiscis	2500
colapsar	2500
colar	2500
colaudar	2500
colcha	2500
colchadura	2500
colchar	2500
colchonero	2500
colchoneta	2500
colchón	2500
coleados	2500
colear	2500
coleccionador	2500
coleccionar	2500
coleccionismo	2500
colección	2500
colectar	2500
colecticio	2500
colectivamente	2500
colectividad	2500
colectivismo	2500
colectivista	2500
colectivización	2500
colectivizar	2500
colectivo	2500
colector	2500
colega	2500
colegiadamente	2500
colegiado	2500
colegial	2500
colegiala	2500
colegialmente	2500
colegiar	2500
colegiata	2500
colegiatura	2500
colegio	2500
colegir	2500
colendo	2500
coleriforme	2500
colerina	2500
colesterina	2500
colesterol	2500
coleta	2500
coletero	2500
coleto	2500
coleóptero	2500
colgadero	2500
colgadizo	2500
colgado	2500
colgador	2500
colgadura	2500
colgajo	2500
colgamiento	2500
colgante	2500
colgar	2500
colibacilo	2500
colibacilosis	2500
colibrí	2500
colicano	2500
colicuar	2500
colicuativo	2500
colicuecer	2500
colidir	2500
coliflor	2500
coligadura	2500
coligar	2500
colillero	2500
colimar	2500
colinabo	2500
colindar	2500
colino	2500
coliseo	2500
colisionar	2500
colisión	2500
colitis	2500
colla	2500
collada	2500
collar	2500
collarino	2500
collarín	2500
collazo	2500
colleja	2500
collera	2500
colmado	2500
colmar	2500
colmatar	2500
colmena	2500
colmenero	2500
colmillada	2500
colmillar	2500
colmillo	2500
colmilludo	2500
colmo	2500
colocado	2500
colocar	2500
colocasia	2500
colocón	2500
colodión	2500
colodra	2500
colodrillo	2500
colofonia	2500
colofonita	2500
colofón	2500
coloidal	2500
coloide	2500
coloideo	2500
colombianismo	2500
colombiano	2500
colombina	2500
colombino	2500
colon	2500
colonato	2500
colonia	2500
colonial	2500
colonialismo	2500
colonización	2500
colonizador	2500
colonizar	2500
colono	2500
coloquial	2500
coloquialmente	2500
coloquio	2500
coloquíntida	2500
color	2500
colorado	2500
colorante	2500
colorar	2500
colorear	2500
colorete	2500
colorid	2500
colorida	2500
coloridas	2500
colorido	2500
coloridos	2500
coloriendo	2500
coloriera	2500
colorierais	2500
colorieran	2500
colorieras	2500
coloriere	2500
coloriereis	2500
colorieren	2500
colorieres	2500
colorieron	2500
coloriese	2500
colorieseis	2500
coloriesen	2500
colorieses	2500
colorimos	2500
colorir	2500
coloriremos	2500
colorirse	2500
colorirá	2500
colorirán	2500
colorirás	2500
coloriré	2500
coloriréis	2500
coloriría	2500
coloriríais	2500
coloriríamos	2500
colorirían	2500
colorirías	2500
colorismo	2500
colorista	2500
coloriste	2500
coloristeis	2500
coloriéramos	2500
coloriéremos	2500
coloriésemos	2500
colorió	2500
colorí	2500
coloría	2500
coloríais	2500
coloríamos	2500
colorían	2500
colorías	2500
colorín	2500
colorís	2500
colosal	2500
colosense	2500
coloso	2500
colpar	2500
coludir	2500
columbario	2500
columbino	2500
columbrar	2500
columelar	2500
columnario	2500
columnata	2500
columnista	2500
columpiar	2500
columpio	2500
coluro	2500
colza	2500
colágeno	2500
colérico	2500
colín	2500
colón	2500
coma	2500
comadrazgo	2500
comadre	2500
comadrear	2500
comadreja	2500
comadrero	2500
comadrón	2500
comalecerse	2500
comanche	2500
comandancia	2500
comandante	2500
comandar	2500
comandita	2500
comanditar	2500
comanditario	2500
comando	2500
comarca	2500
comarcal	2500
comarcar	2500
comatoso	2500
comba	2500
combadura	2500
combalachar	2500
combar	2500
combate	2500
combatidor	2500
combatiente	2500
combatir	2500
combatividad	2500
combativo	2500
combeneficiado	2500
combi	2500
combinable	2500
combinacional	2500
combinada	2500
combinado	2500
combinar	2500
combinatoria	2500
combinatorio	2500
comburente	2500
combustibilidad	2500
combustible	2500
combustión	2500
combusto	2500
combés	2500
comedero	2500
comedia	2500
comediante	2500
comedida	2500
comedidamente	2500
comedido	2500
comedimiento	2500
comedio	2500
comedir	2500
comediógrafo	2500
comedor	2500
comején	2500
comemierda	2500
comendador	2500
comendadora	2500
comendamiento	2500
comendatario	2500
comendaticio	2500
comendatoria	2500
comendatorio	2500
comensal	2500
comentador	2500
comentar	2500
comentario	2500
comentarista	2500
comenzar	2500
comer	2500
comerciabilidad	2500
comerciable	2500
comercial	2500
comercialización	2500
comercializador	2500
comercializar	2500
comercialmente	2500
comerciante	2500
comerciar	2500
comercio	2500
comestible	2500
cometa	2500
cometer	2500
cometido	2500
comezón	2500
comible	2500
comichear	2500
comicial	2500
comicidad	2500
comicios	2500
comida	2500
comidilla	2500
comido	2500
comienzo	2500
comillas	2500
comilón	2500
cominear	2500
cominero	2500
comino	2500
comiquear	2500
comisariado	2500
comisario	2500
comisaría	2500
comiscar	2500
comisionado	2500
comisionar	2500
comisionista	2500
comisión	2500
comisquear	2500
comistrajo	2500
comisura	2500
comitente	2500
comitiva	2500
comité	2500
comiza	2500
commelinácea	2500
commelináceo	2500
comodante	2500
comodato	2500
comodidad	2500
comodoro	2500
comodín	2500
comodón	2500
comoquiera	2500
comorense	2500
compacidad	2500
compactación	2500
compactar	2500
compactibilidad	2500
compacto	2500
compadecer	2500
compadrar	2500
compadrazgo	2500
compadre	2500
compadrear	2500
compaginador	2500
compaginar	2500
comparable	2500
comparada	2500
comparado	2500
comparador	2500
comparanza	2500
comparar	2500
comparativamente	2500
comparativo	2500
comparecencia	2500
comparecer	2500
compareciente	2500
comparsa	2500
compartible	2500
compartido	2500
compartidor	2500
compartimentar	2500
compartimento	2500
compartimiento	2500
compartir	2500
compasadamente	2500
compasar	2500
compasear	2500
compasillo	2500
compasiva	2500
compasivo	2500
compasión	2500
compaternidad	2500
compatibilidad	2500
compatibilizar	2500
compatible	2500
compatriota	2500
compatronato	2500
compatrono	2500
compaña	2500
compañerismo	2500
compañero	2500
compañía	2500
compeler	2500
compendiador	2500
compendiar	2500
compendio	2500
compendiosamente	2500
compendioso	2500
compendista	2500
compendizar	2500
compenetrar	2500
compensable	2500
compensación	2500
compensador	2500
compensar	2500
compensativo	2500
compensatorio	2500
competencia	2500
competencial	2500
competente	2500
competentemente	2500
competer	2500
competición	2500
competidor	2500
competir	2500
competitividad	2500
competitivo	2500
compilador	2500
compilar	2500
compinche	2500
complacencia	2500
complacer	2500
complaciente	2500
complacimiento	2500
complanar	2500
complañir	2500
compleja	2500
complejidad	2500
complejo	2500
complementación	2500
complementar	2500
complementariamente	2500
complementariedad	2500
complementario	2500
complemento	2500
completa	2500
completamente	2500
completar	2500
completas	2500
completitud	2500
completivo	2500
completo	2500
completud	2500
completísimo	2500
complexa	2500
complexidad	2500
complexión	2500
complexo	2500
complicado	2500
complicar	2500
complicidad	2500
complot	2500
complotes	2500
complutense	2500
componedor	2500
componenda	2500
componente	2500
componer	2500
componible	2500
comporta	2500
comportamiento	2500
comportar	2500
composición	2500
compositivo	2500
compositor	2500
compost	2500
compostaje	2500
compostar	2500
compostelano	2500
compostura	2500
compota	2500
compra	2500
comprado	2500
comprador	2500
comprar	2500
compraventa	2500
comprehender	2500
comprehensivo	2500
comprender	2500
comprensibilidad	2500
comprensible	2500
comprensivo	2500
comprensión	2500
compresa	2500
compresibilidad	2500
compresible	2500
compresivo	2500
compresión	2500
compresor	2500
comprimido	2500
comprimir	2500
comprobante	2500
comprobar	2500
comprobatorio	2500
comprometedor	2500
comprometer	2500
comprometido	2500
comprometimiento	2500
compromisario	2500
compromiso	2500
compromisorio	2500
comprueba	2500
compuerta	2500
compuesta	2500
compuesto	2500
compulsar	2500
compulsivo	2500
compulsión	2500
compungid	2500
compungida	2500
compungidamente	2500
compungidas	2500
compungido	2500
compungidos	2500
compungiendo	2500
compungiera	2500
compungierais	2500
compungieran	2500
compungieras	2500
compungiere	2500
compungiereis	2500
compungieren	2500
compungieres	2500
compungieron	2500
compungiese	2500
compungieseis	2500
compungiesen	2500
compungieses	2500
compungimos	2500
compungir	2500
compungiremos	2500
compungirse	2500
compungirá	2500
compungirán	2500
compungirás	2500
compungiré	2500
compungiréis	2500
compungiría	2500
compungiríais	2500
compungiríamos	2500
compungirían	2500
compungirías	2500
compungiste	2500
compungisteis	2500
compungiéramos	2500
compungiéremos	2500
compungiésemos	2500
compungió	2500
compungí	2500
compungía	2500
compungíais	2500
compungíamos	2500
compungían	2500
compungías	2500
compungís	2500
computacional	2500
computación	2500
computador	2500
computadorizar	2500
computar	2500
computarizar	2500
compás	2500
compón	2500
comulación	2500
comulgante	2500
comulgar	2500
comulgatorio	2500
comuna	2500
comunal	2500
comunalmente	2500
comunero	2500
comunicabilidad	2500
comunicable	2500
comunicacional	2500
comunicación	2500
comunicado	2500
comunicador	2500
comunicante	2500
comunicar	2500
comunicativo	2500
comunicatorias	2500
comunidad	2500
comunismo	2500
comunista	2500
comunitario	2500
comunión	2500
común	2500
comúnmente	2500
conato	2500
concadenadamente	2500
concadenar	2500
concatenadamente	2500
concatenante	2500
concatenar	2500
concebible	2500
concebimiento	2500
concebir	2500
conceder	2500
concejal	2500
concejil	2500
concejo	2500
concelebrar	2500
concentrado	2500
concentrador	2500
concentrar	2500
concepcionista	2500
conceptismo	2500
conceptista	2500
conceptivo	2500
concepto	2500
conceptual	2500
conceptualismo	2500
conceptualista	2500
conceptualizante	2500
conceptualmente	2500
conceptuar	2500
conceptuoso	2500
concernencia	2500
concernido	2500
concerniendo	2500
concerniente	2500
concerniera	2500
concernieran	2500
concerniere	2500
concernieren	2500
concernieron	2500
concerniese	2500
concerniesen	2500
concernir	2500
concernirá	2500
concernirán	2500
concerniría	2500
concernirían	2500
concernió	2500
concernía	2500
concernían	2500
concertada	2500
concertadamente	2500
concertador	2500
concertante	2500
concertar	2500
concertina	2500
concertino	2500
concertista	2500
concesible	2500
concesivo	2500
concha	2500
conchabamiento	2500
conchabanza	2500
conchabar	2500
conchero	2500
concho	2500
conchudo	2500
conchuela	2500
conciencia	2500
concienciar	2500
concienzudamente	2500
concienzudo	2500
concierna	2500
conciernan	2500
concierne	2500
conciernen	2500
concierto	2500
conciliable	2500
conciliador	2500
conciliar	2500
conciliatorio	2500
concionar	2500
concipiente	2500
concisión	2500
conciso	2500
concitar	2500
conclavista	2500
concluir	2500
conclusa	2500
conclusión	2500
concluso	2500
concluyente	2500
concoide	2500
concoideo	2500
concomer	2500
concomitancia	2500
concomitante	2500
concomitantemente	2500
concordador	2500
concordancia	2500
concordante	2500
concordar	2500
concordatario	2500
concordativo	2500
concordato	2500
concorde	2500
concordia	2500
concreado	2500
concrecionar	2500
concreción	2500
concrescencia	2500
concretamente	2500
concretar	2500
concretizar	2500
concreto	2500
concubina	2500
concubinato	2500
concuerda	2500
conculcador	2500
conculcar	2500
concupiscencia	2500
concupiscente	2500
concupiscible	2500
concurrencia	2500
concurrente	2500
concurrido	2500
concurrir	2500
concursante	2500
concursar	2500
concéntricamente	2500
concéntrico	2500
concúbito	2500
condal	2500
conde	2500
condecir	2500
condecorar	2500
condena	2500
condenadamente	2500
condenado	2500
condenador	2500
condenar	2500
condenatorio	2500
condensabilidad	2500
condensación	2500
condensador	2500
condensar	2500
condensativo	2500
condesar	2500
condescender	2500
condescendiente	2500
condestable	2500
condestablesa	2500
condicho	2500
condicionada	2500
condicionado	2500
condicional	2500
condicionalmente	2500
condicionamiento	2500
condicionante	2500
condicionar	2500
condición	2500
condimentar	2500
condimento	2500
condolecer	2500
condoler	2500
condonar	2500
condotiero	2500
condrila	2500
condritis	2500
condroma	2500
conducción	2500
conducencia	2500
conducente	2500
conducho	2500
conducir	2500
conducta	2500
conductible	2500
conducticio	2500
conductividad	2500
conducto	2500
conductor	2500
condumio	2500
condurar	2500
condón	2500
conectar	2500
conectividad	2500
conectivo	2500
conector	2500
coneja	2500
conejar	2500
conejero	2500
conejillo	2500
conejito	2500
conejo	2500
conejuna	2500
conejuno	2500
conexa	2500
conexionar	2500
conexión	2500
conexo	2500
confabular	2500
confalonier	2500
confaloniero	2500
confeccionador	2500
confeccionar	2500
confección	2500
confederado	2500
confederar	2500
conferencia	2500
conferenciante	2500
conferenciar	2500
conferir	2500
confesa	2500
confesable	2500
confesado	2500
confesante	2500
confesar	2500
confesional	2500
confesionalidad	2500
confesionario	2500
confesionista	2500
confesión	2500
confeso	2500
confesonario	2500
confesor	2500
confesorio	2500
confeti	2500
confiabilidad	2500
confiada	2500
confiadamente	2500
confiado	2500
confianza	2500
confianzudo	2500
confiar	2500
conficionar	2500
confidencia	2500
confidencial	2500
confidencialidad	2500
confidencialmente	2500
confidente	2500
configurador	2500
configurar	2500
confinante	2500
confinar	2500
confirmación	2500
confirmador	2500
confirmar	2500
confirmativo	2500
confirmatorio	2500
confiscación	2500
confiscar	2500
confiscatorio	2500
confitado	2500
confitar	2500
confite	2500
confitero	2500
confitería	2500
confitico	2500
confitura	2500
conflagración	2500
conflagrar	2500
conflictividad	2500
conflictivo	2500
conflicto	2500
confluir	2500
conformado	2500
conformador	2500
conformar	2500
conforme	2500
conformemente	2500
conformidad	2500
conformismo	2500
conformista	2500
confort	2500
confortable	2500
confortablemente	2500
confortación	2500
confortador	2500
confortamiento	2500
confortante	2500
confortar	2500
confortativo	2500
confraternar	2500
confraternizar	2500
confricar	2500
confrontación	2500
confrontamiento	2500
confrontar	2500
confucianismo	2500
confuciano	2500
confucionismo	2500
confucionista	2500
confuir	2500
confulgencia	2500
confundible	2500
confundidor	2500
confundimiento	2500
confundir	2500
confusamente	2500
confusionismo	2500
confusionista	2500
confuso	2500
confutar	2500
confín	2500
conga	2500
congelación	2500
congelado	2500
congelador	2500
congelamiento	2500
congelar	2500
congeniar	2500
congerie	2500
congestionar	2500
congestivo	2500
congio	2500
conglobar	2500
conglomeración	2500
conglomeradas	2500
conglomerado	2500
conglomerante	2500
conglomerar	2500
congloriar	2500
conglutinar	2500
congoja	2500
congojar	2500
congojoso	2500
congoleño	2500
congolés	2500
congosto	2500
congraciador	2500
congraciamiento	2500
congraciar	2500
congratulación	2500
congratular	2500
congregación	2500
congregante	2500
congregar	2500
congresista	2500
congreso	2500
congrio	2500
congrua	2500
congruencia	2500
congruente	2500
congruo	2500
congénere	2500
congénito	2500
conhortar	2500
conicidad	2500
coniforme	2500
conimbricense	2500
conirrostro	2500
conivalvo	2500
coniza	2500
conjetura	2500
conjetural	2500
conjeturar	2500
conjugación	2500
conjugado	2500
conjugar	2500
conjunción	2500
conjuntamente	2500
conjuntar	2500
conjuntiva	2500
conjuntivitis	2500
conjuntivo	2500
conjunto	2500
conjuración	2500
conjuramentar	2500
conjurar	2500
conllevar	2500
conllorar	2500
conloar	2500
conmemoración	2500
conmemorar	2500
conmemoratorio	2500
conmensurabilidad	2500
conmensurable	2500
conmensurar	2500
conmensurativo	2500
conminar	2500
conminativo	2500
conminatorio	2500
conmiserativo	2500
conmocionar	2500
conmover	2500
conmutabilidad	2500
conmutable	2500
conmutador	2500
conmutar	2500
conmutativo	2500
connaturalizar	2500
connaturalmente	2500
connivencia	2500
connivente	2500
connotar	2500
connotativo	2500
connumerar	2500
cono	2500
conocedor	2500
conocible	2500
conocida	2500
conocidamente	2500
conocido	2500
conocimiento	2500
conoidal	2500
conoide	2500
conoideo	2500
conque	2500
conquense	2500
conquerir	2500
conquiforme	2500
conquista	2500
conquistable	2500
conquistador	2500
conquistar	2500
conrear	2500
consaburense	2500
consagración	2500
consagrar	2500
consagratorio	2500
consanguinidad	2500
consciencia	2500
consciente	2500
conscientemente	2500
consecución	2500
consecuencia	2500
consecuente	2500
consecuentemente	2500
consecutivamente	2500
consecutivo	2500
conseja	2500
consejar	2500
consejero	2500
consejería	2500
consejo	2500
consenso	2500
consensuar	2500
consentidor	2500
consentir	2500
conserje	2500
conserjería	2500
conserva	2500
conservación	2500
conservador	2500
conservadurismo	2500
conservante	2500
conservar	2500
conservativo	2500
conservatorio	2500
conservero	2500
considerablemente	2500
consideración	2500
considerada	2500
considerado	2500
considerando	2500
considerar	2500
consiervo	2500
consigna	2500
consignación	2500
consignador	2500
consignar	2500
consignatario	2500
consignativo	2500
consiguiente	2500
consiguientemente	2500
consiliario	2500
consistencia	2500
consistente	2500
consistentemente	2500
consistir	2500
consistorial	2500
consistorialmente	2500
consistorio	2500
consograr	2500
consola	2500
consolable	2500
consolación	2500
consolador	2500
consolar	2500
consolativo	2500
consolatorio	2500
consoldar	2500
consolidación	2500
consolidada	2500
consolidar	2500
consomé	2500
consonancia	2500
consonante	2500
consonantismo	2500
consonantizar	2500
consonar	2500
consorcio	2500
consorte	2500
conspicuo	2500
conspiración	2500
conspirador	2500
conspirar	2500
conspirativo	2500
conspiratorio	2500
constancia	2500
constanciense	2500
constante	2500
constantemente	2500
constantinopolitano	2500
constar	2500
constatación	2500
constatar	2500
constelación	2500
constelar	2500
consternación	2500
consternar	2500
constipar	2500
constitucional	2500
constitucionalidad	2500
constitucionalismo	2500
constitucionalista	2500
constitucionalmente	2500
constitución	2500
constituidor	2500
constituir	2500
constitutivo	2500
constituyente	2500
constreñir	2500
constricción	2500
constrictivo	2500
constrictor	2500
constringente	2500
constringir	2500
constriñir	2500
constructiva	2500
constructivismo	2500
constructivo	2500
constructo	2500
constructor	2500
construir	2500
consubstancialidad	2500
consuelo	2500
consuetudinario	2500
consulado	2500
consular	2500
consulesa	2500
consulta	2500
consultante	2500
consultar	2500
consultivo	2500
consultor	2500
consultorio	2500
consultoría	2500
consumación	2500
consumadamente	2500
consumado	2500
consumar	2500
consumativo	2500
consumido	2500
consumidor	2500
consumimiento	2500
consumir	2500
consumismo	2500
consumista	2500
consunción	2500
consuno	2500
consustancialidad	2500
contabilidad	2500
contabilizar	2500
contable	2500
contactar	2500
contadero	2500
contado	2500
contador	2500
contaduría	2500
contagiar	2500
contagio	2500
contagiosidad	2500
contagioso	2500
contaminación	2500
contaminador	2500
contaminante	2500
contaminar	2500
contante	2500
contar	2500
contecer	2500
contemperar	2500
contemplación	2500
contemplar	2500
contemplativo	2500
contemporaneidad	2500
contemporización	2500
contemporizador	2500
contemporizar	2500
contemporáneamente	2500
contemporáneo	2500
contencioso	2500
contención	2500
contendedor	2500
contender	2500
contenedor	2500
contener	2500
contenido	2500
contenta	2500
contentadamente	2500
contentadiza	2500
contentadizo	2500
contentamente	2500
contentamiento	2500
contentar	2500
contentivo	2500
contento	2500
contentísimo	2500
conteo	2500
contera	2500
contero	2500
contestable	2500
contestación	2500
contestador	2500
contestar	2500
contestatario	2500
contextual	2500
contextualizado	2500
contextualizar	2500
contextuar	2500
contiguamente	2500
contiguo	2500
contigüidad	2500
continencia	2500
continental	2500
continente	2500
contingencia	2500
contingentar	2500
contingente	2500
continua	2500
continuación	2500
continuadamente	2500
continuado	2500
continuador	2500
continuamente	2500
continuar	2500
continuativo	2500
continuidad	2500
continuista	2500
continuo	2500
contonear	2500
contorcer	2500
contornar	2500
contornear	2500
contorsionar	2500
contorsionista	2500
contraalmirante	2500
contraatacar	2500
contraataque	2500
contrabajista	2500
contrabajo	2500
contrabalancear	2500
contrabalanza	2500
contrabandear	2500
contrabandista	2500
contrabando	2500
contrabarrera	2500
contrabatir	2500
contrabolina	2500
contrabranque	2500
contrabraza	2500
contracambio	2500
contracancha	2500
contracarta	2500
contrachapado	2500
contracifra	2500
contraclave	2500
contracodaste	2500
contracorriente	2500
contracosta	2500
contractivo	2500
contractual	2500
contractura	2500
contracultura	2500
contradanza	2500
contradecir	2500
contradicción	2500
contradicho	2500
contradictor	2500
contradictoria	2500
contradictorio	2500
contradique	2500
contradriza	2500
contradurmiente	2500
contraelectromotriz	2500
contraemboscada	2500
contraembozo	2500
contraenvite	2500
contraer	2500
contraescarpa	2500
contraescota	2500
contraescritura	2500
contrafacer	2500
contrafallar	2500
contrafigura	2500
contrafilo	2500
contrafuerte	2500
contragolpe	2500
contraguardia	2500
contraguerrilla	2500
contraguía	2500
contrahacer	2500
contrahaz	2500
contrahecho	2500
contrahechura	2500
contrahierba	2500
contrahilera	2500
contrahuella	2500
contraindicante	2500
contraindicar	2500
contrallar	2500
contralmirante	2500
contralor	2500
contralorear	2500
contralto	2500
contraluz	2500
contramaestre	2500
contramalla	2500
contramalladura	2500
contramallar	2500
contramandar	2500
contramandato	2500
contramangas	2500
contramano	2500
contramarca	2500
contramarcar	2500
contramarchar	2500
contramarea	2500
contramatar	2500
contramesana	2500
contraminar	2500
contramuelle	2500
contramuralla	2500
contramuro	2500
contranatural	2500
contranota	2500
contraofensiva	2500
contraorden	2500
contrapartida	2500
contrapasamiento	2500
contrapasar	2500
contrapear	2500
contrapechar	2500
contrapelear	2500
contrapelo	2500
contrapesar	2500
contrapeso	2500
contrapeste	2500
contrapilastra	2500
contraponedor	2500
contraponer	2500
contraportada	2500
contraposición	2500
contrapotenzado	2500
contrapozo	2500
contraprestación	2500
contraprincipio	2500
contraproducente	2500
contraprueba	2500
contrapuerta	2500
contrapuesto	2500
contrapugnar	2500
contrapuntante	2500
contrapuntar	2500
contrapuntear	2500
contrapunteo	2500
contrapuntista	2500
contrapunto	2500
contrapunzar	2500
contrapón	2500
contraquilla	2500
contrariamente	2500
contrariar	2500
contrariedad	2500
contrario	2500
contrarregistro	2500
contrarreguera	2500
contrarreloj	2500
contrarrelojista	2500
contrarrestar	2500
contrarresto	2500
contrarrevolucionario	2500
contrarrevolución	2500
contrarroda	2500
contrarronda	2500
contrarrotura	2500
contraseguro	2500
contrasellar	2500
contrasentido	2500
contraseña	2500
contraseñar	2500
contrastable	2500
contrastante	2500
contrastar	2500
contraste	2500
contratación	2500
contratapa	2500
contratar	2500
contratela	2500
contratiempo	2500
contratista	2500
contratorpedero	2500
contratrinchera	2500
contravalación	2500
contravalar	2500
contravalor	2500
contravapor	2500
contravención	2500
contraveneno	2500
contravenir	2500
contraventana	2500
contraventura	2500
contravidriera	2500
contravoluta	2500
contravén	2500
contray	2500
contrayente	2500
contraír	2500
contremecer	2500
contribución	2500
contribuidor	2500
contribuir	2500
contribular	2500
contributivo	2500
contribuyente	2500
contrición	2500
contrincante	2500
contristar	2500
contrita	2500
contrito	2500
control	2500
controlable	2500
controlador	2500
controlar	2500
controversia	2500
controversista	2500
controvertible	2500
controvertido	2500
controvertir	2500
contráctil	2500
contráis	2500
contubernio	2500
contumacia	2500
contumaz	2500
contumazmente	2500
contumelia	2500
contumelioso	2500
contundencia	2500
contundir	2500
conturbar	2500
contusionar	2500
contusión	2500
contuso	2500
conurbación	2500
convalecencia	2500
convalecer	2500
convaleciente	2500
convalidar	2500
convección	2500
convencer	2500
convencional	2500
convencionalismo	2500
convencionalmente	2500
convención	2500
convenible	2500
convenido	2500
conveniencia	2500
conveniente	2500
convenientemente	2500
convenio	2500
convenir	2500
conventico	2500
convento	2500
conventual	2500
conventualidad	2500
convergencia	2500
convergente	2500
converger	2500
convergir	2500
conversable	2500
conversacional	2500
conversación	2500
conversador	2500
conversar	2500
converso	2500
convertible	2500
convertidor	2500
convertir	2500
convexa	2500
convexidad	2500
convexo	2500
convicción	2500
convicto	2500
convictor	2500
convictorio	2500
convidado	2500
convidador	2500
convidar	2500
convincente	2500
convincentemente	2500
convite	2500
conviviente	2500
convivio	2500
convivir	2500
convocador	2500
convocante	2500
convocar	2500
convocatoria	2500
convocatorio	2500
convolar	2500
convolución	2500
convolvulácea	2500
convolvuláceo	2500
convoy	2500
convoyar	2500
convulsionante	2500
convulsionar	2500
convulsivamente	2500
convulsivo	2500
convulsión	2500
convulso	2500
convén	2500
conyugal	2500
conífera	2500
conífero	2500
cooperante	2500
cooperar	2500
cooperario	2500
cooperativa	2500
cooperativamente	2500
cooperativismo	2500
cooperativista	2500
cooperativo	2500
cooptar	2500
coord	2500
coordinación	2500
coordinadamente	2500
coordinado	2500
coordinador	2500
coordinamiento	2500
coordinante	2500
coordinar	2500
copa	2500
copaiba	2500
copar	2500
coparentalidad	2500
copartidario	2500
copartícipe	2500
copayero	2500
copear	2500
copela	2500
copelación	2500
copelar	2500
copero	2500
copete	2500
copia	2500
copiador	2500
copiar	2500
copilador	2500
copilar	2500
copiloto	2500
copiosamente	2500
copiosidad	2500
copioso	2500
copista	2500
copla	2500
coplear	2500
coplero	2500
coplista	2500
coplona	2500
copo	2500
coposesor	2500
coproducir	2500
coproductor	2500
coprolito	2500
coprológico	2500
copropiedad	2500
copropietario	2500
copto	2500
copudo	2500
copular	2500
copulativo	2500
copyright	2500
copón	2500
coque	2500
coquetear	2500
coquetería	2500
coquetismo	2500
coqueto	2500
coquilla	2500
coquina	2500
coquinero	2500
coquizar	2500
coracero	2500
coraje	2500
corajina	2500
corajudo	2500
coral	2500
coralario	2500
coralillo	2500
coralina	2500
coralino	2500
corambre	2500
coraza	2500
corazonada	2500
corazoncillo	2500
corazón	2500
corbata	2500
corbatero	2500
corbato	2500
corbatín	2500
corbeta	2500
corcar	2500
corcel	2500
corchar	2500
corchea	2500
corchero	2500
corcheta	2500
corchetada	2500
corchete	2500
corcho	2500
corchoso	2500
corcino	2500
corcova	2500
corcovado	2500
corcovar	2500
corcovear	2500
corcusir	2500
corda	2500
cordada	2500
cordaje	2500
cordal	2500
cordel	2500
cordelar	2500
cordelejo	2500
cordelero	2500
cordelería	2500
cordellate	2500
cordera	2500
corderina	2500
corderino	2500
cordero	2500
cordería	2500
cordial	2500
cordialidad	2500
cordialmente	2500
cordiforme	2500
cordillera	2500
cordillerano	2500
cordilo	2500
cordobán	2500
cordobés	2500
cordoncillo	2500
cordonero	2500
cordubense	2500
cordula	2500
cordura	2500
cordón	2500
coreano	2500
corear	2500
coreografiar	2500
coreográfico	2500
corezuelo	2500
corimbo	2500
corindón	2500
corintio	2500
corinto	2500
corion	2500
corista	2500
coriza	2500
coriáceo	2500
corlar	2500
corlear	2500
cornada	2500
cornadura	2500
cornalina	2500
cornamenta	2500
cornamusa	2500
cornatillo	2500
corneador	2500
cornear	2500
corneja	2500
cornejo	2500
cornero	2500
corneta	2500
cornete	2500
cornetilla	2500
cornetín	2500
cornezuelo	2500
cornicabra	2500
cornisa	2500
cornisamento	2500
cornisamiento	2500
cornista	2500
corniveleto	2500
cornizo	2500
corno	2500
cornucopia	2500
cornudilla	2500
cornudo	2500
cornuto	2500
cornígero	2500
coro	2500
coroides	2500
corojo	2500
corola	2500
corolario	2500
coroliflora	2500
corona	2500
coronación	2500
coronada	2500
coronado	2500
coronador	2500
coronal	2500
coronamiento	2500
coronar	2500
coronaria	2500
coronario	2500
coronavirus	2500
corondel	2500
coroneja	2500
coronel	2500
coronela	2500
coronio	2500
coroza	2500
corozo	2500
corpachón	2500
corpiño	2500
corporación	2500
corporal	2500
corporalidad	2500
corporalmente	2500
corporativamente	2500
corporativismo	2500
corporativo	2500
corporeidad	2500
corporeizar	2500
corporificar	2500
corporizar	2500
corps	2500
corpulencia	2500
corpulento	2500
corpus	2500
corpuscular	2500
corpusculista	2500
corpórea	2500
corpóreo	2500
corpúsculo	2500
corra	2500
corral	2500
corraliza	2500
correar	2500
correccional	2500
correccionalismo	2500
correccionalista	2500
correccionalmente	2500
correcta	2500
correctamente	2500
correctivo	2500
corredero	2500
corredizo	2500
corredor	2500
corredura	2500
correduría	2500
corregibilidad	2500
corregible	2500
corregidor	2500
correhuela	2500
correlativamente	2500
correlato	2500
correligionario	2500
correndilla	2500
correntiar	2500
correntino	2500
correoso	2500
correr	2500
correría	2500
correspondencia	2500
corresponder	2500
correspondiente	2500
correspondientemente	2500
corresponsabilidad	2500
corresponsable	2500
corresponsal	2500
corretaje	2500
corretear	2500
correveidile	2500
correón	2500
corrida	2500
corrido	2500
corriente	2500
corrientemente	2500
corrigendo	2500
corrillero	2500
corrimiento	2500
corrincho	2500
corro	2500
corroborar	2500
corroer	2500
corromper	2500
corrompidamente	2500
corrosible	2500
corrosiva	2500
corrosivo	2500
corrosión	2500
corrozar	2500
corruco	2500
corrugar	2500
corrupción	2500
corrupia	2500
corrupta	2500
corruptamente	2500
corruptela	2500
corruptibilidad	2500
corruptible	2500
corruptivo	2500
corrupto	2500
corruptor	2500
corsario	2500
corsear	2500
corselete	2500
corsetero	2500
corso	2500
corsé	2500
cortacallos	2500
cortacigarros	2500
cortacircuitos	2500
cortacorriente	2500
cortada	2500
cortadamente	2500
cortadillo	2500
cortado	2500
cortador	2500
cortadura	2500
cortafrío	2500
cortafuego	2500
cortamente	2500
cortante	2500
cortapapeles	2500
cortapicos	2500
cortapisa	2500
cortaplumas	2500
cortapuros	2500
cortar	2500
cortaviento	2500
cortaúñas	2500
corte	2500
cortedad	2500
cortejador	2500
cortejar	2500
cortejo	2500
cortes	2500
cortesana	2500
cortesano	2500
cortesanía	2500
cortesía	2500
cortesísimamente	2500
corteza	2500
cortical	2500
corticoide	2500
cortijada	2500
cortijero	2500
cortijo	2500
cortina	2500
cortinado	2500
cortinaje	2500
cortinal	2500
cortinón	2500
cortisona	2500
cortisquear	2500
corto	2500
cortocircuitar	2500
cortocircuito	2500
cortometraje	2500
cortoplacismo	2500
cortoplacista	2500
cortés	2500
cortésmente	2500
coruscar	2500
corva	2500
corvadura	2500
corval	2500
corvaza	2500
corvejos	2500
corvejón	2500
corveta	2500
corvetear	2500
corvillo	2500
corvina	2500
corvinera	2500
corvino	2500
corvo	2500
corza	2500
corzo	2500
corzuelo	2500
cosa	2500
cosaco	2500
cosario	2500
coscar	2500
coscoja	2500
coscojal	2500
coscojar	2500
coscorrón	2500
cosecante	2500
cosecha	2500
cosechador	2500
cosechar	2500
cosechero	2500
cosedura	2500
coselete	2500
coseno	2500
coser	2500
cosetada	2500
cosetano	2500
cosetear	2500
cosido	2500
cosidura	2500
cosificar	2500
cosilla	2500
cosmogonía	2500
cosmografía	2500
cosmología	2500
cosmológico	2500
cosmopolita	2500
cosmopolitismo	2500
cosmorama	2500
cosmos	2500
cosmovisión	2500
cosmético	2500
coso	2500
cospel	2500
cosquillar	2500
cosquillas	2500
cosquillear	2500
cosquilloso	2500
costa	2500
costado	2500
costal	2500
costalada	2500
costalero	2500
costana	2500
costanera	2500
costanero	2500
costar	2500
costarricense	2500
costear	2500
costero	2500
costezuela	2500
costeño	2500
costillar	2500
costiller	2500
costo	2500
costosamente	2500
costoso	2500
costra	2500
costreñir	2500
costribar	2500
costringir	2500
costriñir	2500
costroso	2500
costumbre	2500
costumbrismo	2500
costumbrista	2500
costura	2500
costurera	2500
costurero	2500
cota	2500
cotana	2500
cotangente	2500
cotanza	2500
cotarrera	2500
cotear	2500
cotejar	2500
cotejo	2500
cotidianamente	2500
cotidianidad	2500
cotidiano	2500
cotila	2500
cotilla	2500
cotillear	2500
cotilleo	2500
cotillo	2500
cotillón	2500
cotilo	2500
cotización	2500
cotizado	2500
cotizar	2500
coto	2500
cotorra	2500
cotorrear	2500
cotorrera	2500
coturno	2500
coulomb	2500
covacha	2500
covalente	2500
coxa	2500
coxal	2500
coxis	2500
coxquear	2500
coy	2500
coyote	2500
coyunda	2500
coyuntero	2500
coyuntura	2500
coyuntural	2500
coz	2500
coágulo	2500
coñac	2500
coñear	2500
coño	2500
crac	2500
crack	2500
cracoviano	2500
craneal	2500
craneano	2500
crapuloso	2500
craquear	2500
crasamente	2500
crascitar	2500
crasitud	2500
craso	2500
crasulácea	2500
crasuláceo	2500
cratera	2500
crateriforme	2500
crea	2500
creable	2500
creacionismo	2500
creacionista	2500
creación	2500
creador	2500
creados	2500
crear	2500
creativa	2500
creatividad	2500
creativo	2500
crecedero	2500
crecentar	2500
crecer	2500
crecida	2500
crecido	2500
crecidos	2500
creciente	2500
crecimiento	2500
credencia	2500
credencial	2500
credenciero	2500
credibilidad	2500
crediticio	2500
credo	2500
credulidad	2500
creencia	2500
creer	2500
crehuela	2500
crema	2500
cremación	2500
cremallera	2500
crematorio	2500
cremoso	2500
crencha	2500
crenchar	2500
creosotar	2500
crepitación	2500
crepitante	2500
crepitar	2500
crepuscular	2500
crepúsculo	2500
cresa	2500
crespilla	2500
crespina	2500
crespo	2500
crespón	2500
cresta	2500
crestado	2500
crestudo	2500
crestón	2500
creta	2500
cretense	2500
cretinismo	2500
cretino	2500
cretona	2500
cretáceo	2500
creyente	2500
creyer	2500
creíble	2500
creído	2500
criada	2500
criadero	2500
criado	2500
criador	2500
criais	2500
criamiento	2500
crianza	2500
criar	2500
criatura	2500
criba	2500
cribado	2500
cribador	2500
cribar	2500
cribo	2500
criboso	2500
cric	2500
cricket	2500
cricoides	2500
cridar	2500
crie	2500
crieis	2500
crimen	2500
criminal	2500
criminalidad	2500
criminalizar	2500
criminalmente	2500
criminar	2500
criminoso	2500
crin	2500
crinar	2500
crio	2500
criogénesis	2500
criolita	2500
criollo	2500
cripta	2500
criptodivisa	2500
criptografía	2500
criptograma	2500
criptográficamente	2500
criptográfico	2500
criptomoneda	2500
criptógama	2500
criptógamo	2500
criptón	2500
crisantema	2500
crisantemo	2500
crisis	2500
crisma	2500
crismar	2500
crismera	2500
crisocola	2500
crisol	2500
crisolar	2500
crisopacio	2500
crisopeya	2500
crisoprasa	2500
crispación	2500
crispamiento	2500
crispar	2500
crispatura	2500
crispir	2500
crista	2500
cristal	2500
cristalero	2500
cristalería	2500
cristalinamente	2500
cristalino	2500
cristalizable	2500
cristalización	2500
cristalizado	2500
cristalizar	2500
cristalografía	2500
cristalográfico	2500
cristaloide	2500
cristaloideo	2500
cristiana	2500
cristianamente	2500
cristianar	2500
cristiandad	2500
cristianismo	2500
cristianización	2500
cristianizar	2500
cristiano	2500
cristino	2500
cristo	2500
crisálida	2500
crisólito	2500
criterio	2500
criticador	2500
criticar	2500
criticastro	2500
criticidad	2500
criticismo	2500
criticón	2500
critiquizar	2500
croar	2500
croata	2500
crocante	2500
crocitar	2500
crocodilo	2500
crol	2500
cromar	2500
cromatina	2500
cromatismo	2500
cromatografía	2500
cromita	2500
cromo	2500
cromodinámica	2500
cromodinámico	2500
cromolitografiar	2500
cromosfera	2500
cromosoma	2500
cromosómico	2500
cromotipia	2500
cromática	2500
cromático	2500
cromóforo	2500
cron	2500
cronicidad	2500
cronicismo	2500
cronista	2500
crono	2500
cronograma	2500
cronologista	2500
cronología	2500
cronológicamente	2500
cronológico	2500
cronometrador	2500
cronometraje	2500
cronometrar	2500
cronólogo	2500
cronómetro	2500
croqueta	2500
croquis	2500
croscitar	2500
cross	2500
crotorar	2500
cruasán	2500
cruce	2500
crucera	2500
crucero	2500
cruces	2500
cruceta	2500
crucial	2500
cruciata	2500
crucificado	2500
crucificar	2500
crucifijo	2500
crucifixión	2500
crucifixor	2500
cruciforme	2500
crucigrama	2500
crucífero	2500
cruda	2500
crudamente	2500
crudelísimo	2500
crudeza	2500
crudillo	2500
crudo	2500
cruel	2500
crueldad	2500
cruelmente	2500
cruenta	2500
cruentamente	2500
cruentar	2500
cruento	2500
crujidero	2500
crujiente	2500
crujir	2500
crujía	2500
crup	2500
crupier	2500
crustáceo	2500
cruzada	2500
cruzado	2500
cruzamiento	2500
cruzar	2500
cráneo	2500
crápula	2500
cráter	2500
crátera	2500
crédito	2500
crédula	2500
crédulo	2500
cría	2500
crío	2500
crítica	2500
críticamente	2500
crítico	2500
crómico	2500
crónica	2500
crónico	2500
crótalo	2500
cta	2500
cte	2500
ctvo	2500
cu	2500
cuaderna	2500
cuadernal	2500
cuaderno	2500
cuadra	2500
cuadrada	2500
cuadradillo	2500
cuadrado	2500
cuadragenario	2500
cuadragesimal	2500
cuadragesimoctavo	2500
cuadragesimocuarto	2500
cuadragesimonono	2500
cuadragesimonoveno	2500
cuadragesimoprimero	2500
cuadragesimoquinto	2500
cuadragesimosegundo	2500
cuadragesimosexto	2500
cuadragesimoséptimo	2500
cuadragesimotercero	2500
cuadragésimo	2500
cuadral	2500
cuadrangular	2500
cuadrantal	2500
cuadrante	2500
cuadranura	2500
cuadrar	2500
cuadratura	2500
cuadricular	2500
cuadriforme	2500
cuadriga	2500
cuadrigato	2500
cuadriguero	2500
cuadril	2500
cuadriliteral	2500
cuadrillero	2500
cuadrillo	2500
cuadrilongo	2500
cuadrilátero	2500
cuadrilítero	2500
cuadrimestre	2500
cuadringentésimo	2500
cuadrinieto	2500
cuadrinomio	2500
cuadriplicar	2500
cuadrivio	2500
cuadro	2500
cuadropea	2500
cuadros	2500
cuadrumano	2500
cuadrupedal	2500
cuadrupedante	2500
cuadruplicar	2500
cuadrángulo	2500
cuadrático	2500
cuadrícula	2500
cuadrúpedo	2500
cuajada	2500
cuajadillo	2500
cuajado	2500
cuajadura	2500
cuajaleche	2500
cuajamiento	2500
cuajar	2500
cuajo	2500
cualesquier	2500
cualesquiera	2500
cualidad	2500
cualificación	2500
cualificado	2500
cualificar	2500
cualitativamente	2500
cualitativo	2500
cualquiera	2500
cuan	2500
cuantiar	2500
cuantificable	2500
cuantificación	2500
cuantificador	2500
cuantificadora	2500
cuantificar	2500
cuantioso	2500
cuantitativo	2500
cuantización	2500
cuantizar	2500
cuantía	2500
cuaquerismo	2500
cuarcita	2500
cuarenta	2500
cuarentavo	2500
cuarenteno	2500
cuarentón	2500
cuaresma	2500
cuaresmal	2500
cuaresmar	2500
cuaresmario	2500
cuark	2500
cuarta	2500
cuartago	2500
cuartal	2500
cuartana	2500
cuartar	2500
cuarteador	2500
cuartear	2500
cuartel	2500
cuartelada	2500
cuartelar	2500
cuartelero	2500
cuartera	2500
cuarterada	2500
cuartero	2500
cuarterón	2500
cuarteta	2500
cuarteto	2500
cuartillo	2500
cuarto	2500
cuartucho	2500
cuartón	2500
cuarzo	2500
cuarzoso	2500
cuasi	2500
cuasicontrato	2500
cuasidelito	2500
cuasimodo	2500
cuaterna	2500
cuaternario	2500
cuaternidad	2500
cuaterno	2500
cuatralbo	2500
cuatrero	2500
cuatrienal	2500
cuatrienio	2500
cuatrimestral	2500
cuatrimestre	2500
cuatrimotor	2500
cuatrocentista	2500
cuatrocientas	2500
cuatrocientos	2500
cuatrodoblar	2500
cuatropea	2500
cubalibre	2500
cubano	2500
cubata	2500
cubero	2500
cubertería	2500
cubertura	2500
cubeta	2500
cubeto	2500
cubicar	2500
cubierto	2500
cubijar	2500
cubil	2500
cubilar	2500
cubilete	2500
cubiletear	2500
cubiletero	2500
cubilote	2500
cubismo	2500
cubista	2500
cubital	2500
cubitera	2500
cubito	2500
cubo	2500
cuboides	2500
cubrecadena	2500
cubrecama	2500
cubrenuca	2500
cubreobjeto	2500
cubrimiento	2500
cubrir	2500
cubículo	2500
cuca	2500
cucamonas	2500
cucar	2500
cucaracha	2500
cucarachera	2500
cucaña	2500
cuchar	2500
cuchara	2500
cucharada	2500
cucharadita	2500
cucharear	2500
cucharero	2500
cuchareta	2500
cucharetear	2500
cucharetero	2500
cucharrena	2500
cucharro	2500
cucharón	2500
cucheta	2500
cuchichear	2500
cuchichiar	2500
cuchilla	2500
cuchillada	2500
cuchillar	2500
cuchillero	2500
cuchillo	2500
cuchipanda	2500
cuchitril	2500
cuchuchear	2500
cuchufleta	2500
cuchufletero	2500
cuché	2500
cuclillas	2500
cuclillo	2500
cuco	2500
cuculla	2500
cucurbitácea	2500
cucurbitáceo	2500
cucurucho	2500
cueca	2500
cuelga	2500
cuelgacapas	2500
cuelgue	2500
cuellicorto	2500
cuello	2500
cuenco	2500
cuenda	2500
cuentacuentos	2500
cuentagotas	2500
cuentakilómetros	2500
cuentapasos	2500
cuentero	2500
cuentista	2500
cuento	2500
cuera	2500
cuerda	2500
cuerdamente	2500
cuerdo	2500
cuerezuelo	2500
cuerna	2500
cuerno	2500
cuero	2500
cuerpo	2500
cuerva	2500
cuervera	2500
cuervo	2500
cuesco	2500
cuesta	2500
cuestionable	2500
cuestionablemente	2500
cuestionamiento	2500
cuestionar	2500
cuestionario	2500
cuestión	2500
cuestor	2500
cueva	2500
cuevero	2500
cueza	2500
cuezo	2500
cuida	2500
cuidadamente	2500
cuidado	2500
cuidador	2500
cuidadosamente	2500
cuidadoso	2500
cuidar	2500
cuis	2500
cuita	2500
cuitada	2500
cuitado	2500
cuja	2500
culada	2500
culata	2500
culatazo	2500
culebra	2500
culebrazo	2500
culebrear	2500
culebrera	2500
culebrina	2500
culebrón	2500
culero	2500
culinaria	2500
culinario	2500
culinegro	2500
culmen	2500
culminación	2500
culminante	2500
culminar	2500
culo	2500
culombio	2500
culote	2500
culpa	2500
culpabilidad	2500
culpabilizar	2500
culpable	2500
culpablemente	2500
culpada	2500
culpado	2500
culpar	2500
culposo	2500
culta	2500
cultamente	2500
culteranismo	2500
culterano	2500
cultero	2500
cultiparlar	2500
cultiparlista	2500
cultismo	2500
cultivable	2500
cultivado	2500
cultivador	2500
cultivar	2500
cultivo	2500
culto	2500
cultor	2500
cultual	2500
cultura	2500
cultural	2500
culturalmente	2500
culturar	2500
cultureta	2500
culturismo	2500
culturizar	2500
cumanagoto	2500
cumbia	2500
cumbre	2500
cumpleañero	2500
cumpleaños	2500
cumplida	2500
cumplidamente	2500
cumplidero	2500
cumplido	2500
cumplidor	2500
cumplimentación	2500
cumplimentar	2500
cumplimentero	2500
cumplimiento	2500
cumplir	2500
cuna	2500
cunar	2500
cunchus	2500
cundido	2500
cundir	2500
cunear	2500
cuneiforme	2500
cunero	2500
cuneta	2500
cunicultor	2500
cunicultura	2500
cunita	2500
cuota	2500
cupido	2500
cupo	2500
cupresino	2500
cuproso	2500
cuprífero	2500
cupulino	2500
cupé	2500
cupón	2500
cuquera	2500
cuquero	2500
cura	2500
curable	2500
curación	2500
curadillo	2500
curado	2500
curador	2500
cural	2500
curalotodo	2500
curandero	2500
curar	2500
curasao	2500
curativa	2500
curativo	2500
curato	2500
curazao	2500
curbaril	2500
curda	2500
curdo	2500
cureña	2500
curia	2500
curial	2500
curialesco	2500
curiana	2500
curiar	2500
curie	2500
curio	2500
curiosa	2500
curiosamente	2500
curiosear	2500
curiosidad	2500
curioso	2500
currar	2500
curricular	2500
curro	2500
curruca	2500
currutaco	2500
curry	2500
currículo	2500
currículum	2500
cursado	2500
cursar	2500
cursi	2500
cursilada	2500
cursillista	2500
cursillo	2500
cursiva	2500
curso	2500
cursor	2500
curtidamente	2500
curtido	2500
curtidor	2500
curtiente	2500
curtimiento	2500
curtir	2500
curva	2500
curvado	2500
curvar	2500
curvatura	2500
curvidad	2500
curvilíneo	2500
curvo	2500
cuscurro	2500
cuscuta	2500
cusir	2500
custodia	2500
custodiar	2500
custodio	2500
custrir	2500
cuticular	2500
cutidero	2500
cutir	2500
cutis	2500
cutral	2500
cutre	2500
cutrez	2500
cutánea	2500
cutáneo	2500
cutícula	2500
cuyaes	2500
cuyo	2500
cuz	2500
cuzco	2500
cuádriceps	2500
cuádruple	2500
cuán	2500
cuánticamente	2500
cuántico	2500
cuáquero	2500
cuásar	2500
cuévano	2500
cuña	2500
cuñado	2500
cuñar	2500
cuño	2500
cábala	2500
cáfila	2500
cálamo	2500
cálcico	2500
cálido	2500
cáliz	2500
cámara	2500
cámaro	2500
cámbaro	2500
cámbrica	2500
cámbrico	2500
cáncamo	2500
cáncer	2500
cándidamente	2500
cándido	2500
cánido	2500
cánones	2500
cántabro	2500
cántara	2500
cántaro	2500
cántico	2500
cántiga	2500
cánula	2500
cápita	2500
cápsula	2500
cárabo	2500
cárcamo	2500
cárcava	2500
cárcavo	2500
cárcel	2500
cárcola	2500
cárdeno	2500
cárnico	2500
cártel	2500
cárter	2500
cáscara	2500
cáspita	2500
cátedra	2500
cátodo	2500
cáustica	2500
cáustico	2500
cáñamo	2500
cédride	2500
cédula	2500
céfiro	2500
célebre	2500
célebremente	2500
célibe	2500
céltico	2500
célula	2500
cént	2500
céntimo	2500
céntrico	2500
céreo	2500
cérvido	2500
césar	2500
césped	2500
céspede	2500
cíborg	2500
cícero	2500
cíclico	2500
cíclope	2500
címbalo	2500
címbrico	2500
cíngulo	2500
cínicamente	2500
cínico	2500
cínife	2500
círculo	2500
cístico	2500
cítara	2500
cítola	2500
cítrico	2500
cívicamente	2500
cívico	2500
cóccix	2500
cóctel	2500
cód	2500
códice	2500
código	2500
cólera	2500
cólica	2500
cólico	2500
cólquico	2500
cómic	2500
cómicamente	2500
cómico	2500
cómitre	2500
cómoda	2500
cómodamente	2500
cómodo	2500
cómplice	2500
cómputo	2500
cóncava	2500
cóncavo	2500
cónclave	2500
cóndor	2500
cónica	2500
cónico	2500
cónsul	2500
cónyuge	2500
cópula	2500
córcholis	2500
córnea	2500
córneo	2500
córtale	2500
córtex	2500
cósmico	2500
cúbica	2500
cúbico	2500
cúes	2500
cúmulo	2500
cúprico	2500
cúpula	2500
cúrcuma	2500
cúspide	2500
daba	2500
dabais	2500
daban	2500
dabas	2500
dable	2500
daca	2500
dacio	2500
dactilar	2500
dactilarmente	2500
dactiloscopia	2500
dad	2500
dada	2500
dadas	2500
dadivar	2500
dadivosidad	2500
dadivoso	2500
dadle	2500
dadles	2500
dadme	2500
dador	2500
dados	2500
daga	2500
daguerrotipar	2500
daguerrotipia	2500
dais	2500
dala	2500
dalas	2500
dale	2500
dales	2500
dalia	2500
dalla	2500
dallador	2500
dallar	2500
dalle	2500
dalo	2500
dalos	2500
daltoniano	2500
daltonismo	2500
daltónico	2500
dama	2500
damaceno	2500
damajuana	2500
damasceno	2500
damasco	2500
damasina	2500
damasquinar	2500
dame	2500
damisela	2500
damnificador	2500
damnificar	2500
damos	2500
dance	2500
dandi	2500
dando	2500
danes	2500
danos	2500
dante	2500
dantescamente	2500
dantesco	2500
danza	2500
danzado	2500
danzador	2500
danzante	2500
danzar	2500
danzarín	2500
danés	2500
daos	2500
dardanio	2500
dardo	2500
daremos	2500
dares	2500
darla	2500
darlas	2500
darle	2500
darles	2500
darlo	2500
darlos	2500
darme	2500
darnos	2500
daros	2500
darse	2500
darte	2500
darwiniano	2500
darwinismo	2500
dará	2500
darán	2500
darás	2500
daré	2500
daréis	2500
daría	2500
daríais	2500
daríamos	2500
darían	2500
darías	2500
das	2500
dasocracia	2500
data	2500
datación	2500
datar	2500
datario	2500
dataría	2500
date	2500
datilera	2500
dativa	2500
dativo	2500
dato	2500
datáfono	2500
davalar	2500
dañado	2500
dañar	2500
dañino	2500
daño	2500
dañoso	2500
dcho	2500
deambular	2500
deambulatorio	2500
deanato	2500
debacle	2500
debandar	2500
debatir	2500
debelar	2500
deber	2500
debidamente	2500
debilidad	2500
debilitación	2500
debilitamiento	2500
debilitante	2500
debilitar	2500
debla	2500
debrocar	2500
debruzar	2500
debut	2500
debutante	2500
debutar	2500
debutes	2500
decadencia	2500
decadentismo	2500
decadentista	2500
decaer	2500
decagramo	2500
decalcificar	2500
decalitro	2500
decalvar	2500
decampar	2500
decanato	2500
decano	2500
decantador	2500
decantar	2500
decapar	2500
decapitación	2500
decapitar	2500
decasílaba	2500
decasílabo	2500
decebir	2500
decena	2500
decencia	2500
decender	2500
decenio	2500
decentar	2500
decente	2500
decentemente	2500
decepar	2500
decepcionante	2500
decepcionar	2500
decepción	2500
decercar	2500
decernir	2500
deceso	2500
dechado	2500
decibelio	2500
decible	2500
decididamente	2500
decidido	2500
decidir	2500
decidle	2500
decidles	2500
decidme	2500
decidnos	2500
decidor	2500
decigramo	2500
decilitro	2500
decimal	2500
decimalmente	2500
decimoctavo	2500
decimocuarto	2500
decimonono	2500
decimonoveno	2500
decimonónico	2500
decimoprimero	2500
decimoquinto	2500
decimosegundo	2500
decimosexto	2500
decimoséptimo	2500
decimotercero	2500
decimotercio	2500
decisivamente	2500
decisivo	2500
decisión	2500
decisorio	2500
declamación	2500
declamador	2500
declamar	2500
declamatorio	2500
declarable	2500
declaración	2500
declaradamente	2500
declarado	2500
declarador	2500
declarante	2500
declarar	2500
declarativo	2500
declaratorio	2500
declinable	2500
declinación	2500
declinante	2500
declinar	2500
declinatoria	2500
declinatorio	2500
declive	2500
declividad	2500
decodificación	2500
decodificar	2500
decolgar	2500
decomisar	2500
deconstruir	2500
decoración	2500
decorado	2500
decorador	2500
decorar	2500
decorativamente	2500
decorativo	2500
decoro	2500
decorosamente	2500
decoroso	2500
decorrerse	2500
decorticar	2500
decrecer	2500
decremento	2500
decrepitar	2500
decrepitud	2500
decretar	2500
decretista	2500
decreto	2500
decretorio	2500
decrépito	2500
decumbente	2500
decuplar	2500
decuplicar	2500
decuriato	2500
decurionato	2500
decurión	2500
decusata	2500
decálogo	2500
decápodo	2500
decímetro	2500
decíos	2500
dedal	2500
dedalera	2500
dedicación	2500
dedicadamente	2500
dedicar	2500
dedicativo	2500
dedicatoria	2500
dedicatorio	2500
dedignar	2500
dedil	2500
dedillo	2500
dedolar	2500
deducción	2500
deducir	2500
deductivamente	2500
defamar	2500
defecación	2500
defecador	2500
defecar	2500
defección	2500
defectibilidad	2500
defectible	2500
defectivo	2500
defectuoso	2500
defendedor	2500
defender	2500
defendible	2500
defendido	2500
defenestrar	2500
defensa	2500
defensar	2500
defensivo	2500
defensor	2500
defensorio	2500
deferencia	2500
defiar	2500
deficitario	2500
definible	2500
definición	2500
definido	2500
definidor	2500
definir	2500
definitiva	2500
definitivamente	2500
definitivo	2500
definitorio	2500
deflación	2500
deflagración	2500
deflagrador	2500
deflagrante	2500
deflagrar	2500
deflegmar	2500
deflexión	2500
defoliación	2500
defondonar	2500
deforestación	2500
deforestar	2500
deformable	2500
deformar	2500
deformatorio	2500
deforme	2500
deformidad	2500
defraudación	2500
defraudador	2500
defraudar	2500
defuir	2500
degenerante	2500
degenerar	2500
deglución	2500
deglutir	2500
degollación	2500
degolladero	2500
degollado	2500
degollador	2500
degolladura	2500
degollar	2500
degradada	2500
degradante	2500
degradar	2500
degustar	2500
degüella	2500
degüello	2500
dehender	2500
dehesa	2500
dehesar	2500
dehiscencia	2500
dehiscente	2500
dehortar	2500
deicida	2500
deicidio	2500
deidad	2500
deificación	2500
deificar	2500
deiforme	2500
deis	2500
deitano	2500
deixis	2500
deja	2500
dejación	2500
dejada	2500
dejado	2500
dejamiento	2500
dejar	2500
dejarretar	2500
dejemplar	2500
dejo	2500
dejugar	2500
dela	2500
delación	2500
delantal	2500
delantero	2500
delas	2500
delatador	2500
delatar	2500
delator	2500
delaxar	2500
dele	2500
deleble	2500
delectación	2500
delegación	2500
delegado	2500
delegar	2500
delegatorio	2500
deleitamiento	2500
deleitar	2500
deleite	2500
deleitoso	2500
delejar	2500
deles	2500
deletreador	2500
deletrear	2500
deletreo	2500
deletéreo	2500
deleznable	2500
delfina	2500
delfín	2500
delga	2500
delgadamente	2500
delgadez	2500
delgado	2500
delgaducho	2500
delgazar	2500
deliberada	2500
deliberadamente	2500
deliberado	2500
deliberante	2500
deliberar	2500
deliberativo	2500
delibrar	2500
delicada	2500
delicadamente	2500
delicadez	2500
delicado	2500
delicaducho	2500
delicatessen	2500
delicia	2500
deliciarse	2500
deliciosamente	2500
delicioso	2500
delictivo	2500
delicuescente	2500
delimitador	2500
delimitar	2500
delincuencia	2500
delincuente	2500
delineación	2500
delineador	2500
delineante	2500
delinear	2500
delinquimiento	2500
delinquir	2500
delio	2500
delirante	2500
delirar	2500
delirio	2500
delito	2500
deliñar	2500
delo	2500
delongar	2500
delos	2500
delta	2500
deltoides	2500
deludir	2500
demacrar	2500
demagogia	2500
demagogo	2500
demagógico	2500
demandador	2500
demandar	2500
demanial	2500
demarcación	2500
demarcar	2500
demarrar	2500
demasiadamente	2500
deme	2500
demencia	2500
demencial	2500
dementar	2500
demente	2500
demigar	2500
demiurgo	2500
demo	2500
democracia	2500
democratización	2500
democratizar	2500
democristiano	2500
democráticamente	2500
democrático	2500
demografía	2500
demográfico	2500
demoler	2500
demolición	2500
demonche	2500
demonio	2500
demonización	2500
demonizar	2500
demonología	2500
demonológico	2500
demonomancia	2500
demonstrar	2500
demontre	2500
demoníaco	2500
demora	2500
demorar	2500
demos	2500
demosofía	2500
demostrable	2500
demostración	2500
demostrar	2500
demostrativo	2500
demudación	2500
demudamiento	2500
demudar	2500
demulcir	2500
demócrata	2500
demóstenes	2500
den	2500
denario	2500
dendriforme	2500
dendrita	2500
dendroide	2500
dendroideo	2500
denegar	2500
denegatorio	2500
denegrido	2500
denegrir	2500
dengue	2500
denigrante	2500
denigrar	2500
denigrativo	2500
denigratorio	2500
denla	2500
denlas	2500
denle	2500
denles	2500
denlo	2500
denlos	2500
denme	2500
dennos	2500
denodado	2500
denodar	2500
denominación	2500
denominador	2500
denominar	2500
denos	2500
denostador	2500
denostar	2500
denostoso	2500
denotar	2500
denotativo	2500
densa	2500
densamente	2500
densar	2500
dense	2500
densidad	2500
densificar	2500
denso	2500
densímetro	2500
dentada	2500
dentado	2500
dentadura	2500
dental	2500
dentar	2500
dentario	2500
dente	2500
dentecer	2500
dentellada	2500
dentellado	2500
dentellar	2500
dentellear	2500
dentezuelo	2500
denticina	2500
dentición	2500
denticonejuno	2500
denticulado	2500
denticular	2500
dentina	2500
dentirrostro	2500
dentista	2500
dentivano	2500
dentoalveolar	2500
dentrambos	2500
dentrotraer	2500
dentudo	2500
dentículo	2500
dentífrico	2500
dentón	2500
denudar	2500
denuedo	2500
denuesto	2500
denuncia	2500
denunciador	2500
denunciante	2500
denunciar	2500
denunciatorio	2500
deodara	2500
deontología	2500
deparar	2500
departamental	2500
departamento	2500
departidor	2500
departir	2500
depauperar	2500
dependencia	2500
depender	2500
dependienta	2500
dependiente	2500
dependientes	2500
depilación	2500
depilar	2500
depilatorio	2500
deplorar	2500
deponente	2500
deponer	2500
depopulador	2500
deportación	2500
deportar	2500
deportista	2500
deportiva	2500
deportivamente	2500
deportividad	2500
deportivo	2500
deposar	2500
depositador	2500
depositar	2500
depositario	2500
depositaría	2500
depravación	2500
depravado	2500
depravador	2500
depravar	2500
deprecación	2500
deprecante	2500
deprecar	2500
deprecativo	2500
deprecatorio	2500
depreciación	2500
depreciar	2500
depredación	2500
depredar	2500
deprehender	2500
depresivo	2500
depresor	2500
deprimente	2500
deprimido	2500
deprimir	2500
depto	2500
depuesto	2500
depuración	2500
depurador	2500
depurar	2500
depurativo	2500
depuratorio	2500
depón	2500
der	2500
derechamente	2500
derechero	2500
derechista	2500
derechito	2500
derecho	2500
derechuelo	2500
derechura	2500
derelinquir	2500
derezar	2500
deriva	2500
derivación	2500
derivado	2500
derivar	2500
derivativo	2500
dermalgia	2500
dermatitis	2500
dermatoesqueleto	2500
dermatología	2500
dermatosis	2500
dermatólogo	2500
dermesto	2500
dermis	2500
dermitis	2500
derogador	2500
derogar	2500
derogatorio	2500
derrabadura	2500
derrabar	2500
derraigar	2500
derrama	2500
derramado	2500
derramador	2500
derramamiento	2500
derramar	2500
derrame	2500
derrancar	2500
derranchar	2500
derrapar	2500
derrape	2500
derraspado	2500
derrelicto	2500
derrelinquir	2500
derrenegar	2500
derrengado	2500
derrengadura	2500
derrengar	2500
derretido	2500
derretimiento	2500
derretir	2500
derribado	2500
derribador	2500
derribar	2500
derribo	2500
derriscar	2500
derrocamiento	2500
derrocar	2500
derrochador	2500
derrochar	2500
derromper	2500
derronchar	2500
derrostrarse	2500
derrota	2500
derrotado	2500
derrotar	2500
derrotero	2500
derrotismo	2500
derrotista	2500
derrubiar	2500
derruir	2500
derrumbadero	2500
derrumbamiento	2500
derrumbar	2500
derviche	2500
des	2500
desabarrancar	2500
desabastecer	2500
desabatir	2500
desabejar	2500
desabollador	2500
desabollar	2500
desabonar	2500
desaborar	2500
desabordar	2500
desaboridamente	2500
desaborido	2500
desabotonar	2500
desabrid	2500
desabrida	2500
desabridamente	2500
desabridas	2500
desabrido	2500
desabridos	2500
desabriendo	2500
desabriera	2500
desabrierais	2500
desabrieran	2500
desabrieras	2500
desabriere	2500
desabriereis	2500
desabrieren	2500
desabrieres	2500
desabrieron	2500
desabriese	2500
desabrieseis	2500
desabriesen	2500
desabrieses	2500
desabrigar	2500
desabrimos	2500
desabrir	2500
desabriremos	2500
desabrirse	2500
desabrirá	2500
desabrirán	2500
desabrirás	2500
desabriré	2500
desabriréis	2500
desabriría	2500
desabriríais	2500
desabriríamos	2500
desabrirían	2500
desabrirías	2500
desabriste	2500
desabristeis	2500
desabriéramos	2500
desabriéremos	2500
desabriésemos	2500
desabrió	2500
desabrochar	2500
desabrí	2500
desabría	2500
desabríais	2500
desabríamos	2500
desabrían	2500
desabrías	2500
desabrís	2500
desacalorar	2500
desacantonar	2500
desacatador	2500
desacatar	2500
desacato	2500
desacedar	2500
desaceitar	2500
desaceleración	2500
desacelerar	2500
desacerar	2500
desacerbar	2500
desacertadamente	2500
desacertar	2500
desacobardar	2500
desacollar	2500
desacomodar	2500
desacompañar	2500
desaconsejadamente	2500
desaconsejar	2500
desacoplar	2500
desacordadamente	2500
desacordar	2500
desacorralar	2500
desacostumbradamente	2500
desacostumbrar	2500
desacotar	2500
desacralizar	2500
desacreditador	2500
desacreditar	2500
desacuartelar	2500
desaderezar	2500
desadeudar	2500
desadorar	2500
desadormecer	2500
desadornar	2500
desafear	2500
desafeitar	2500
desaferrar	2500
desafiadero	2500
desafiador	2500
desafiante	2500
desafiar	2500
desafijar	2500
desafilar	2500
desafinar	2500
desafiuciar	2500
desafiuzar	2500
desaforadamente	2500
desaforado	2500
desaforar	2500
desaforrar	2500
desafortunadamente	2500
desafuciar	2500
desafuero	2500
desafío	2500
desagarrar	2500
desagotar	2500
desagradablemente	2500
desagradar	2500
desagradecer	2500
desagraviar	2500
desagregar	2500
desaguadero	2500
desaguador	2500
desaguar	2500
desaguazar	2500
desaguisado	2500
desagüe	2500
desahijar	2500
desahitar	2500
desahogadamente	2500
desahogar	2500
desahuciar	2500
desahucio	2500
desahumar	2500
desainadura	2500
desainar	2500
desairadamente	2500
desairado	2500
desairar	2500
desaislar	2500
desajacarse	2500
desajustar	2500
desalabear	2500
desalagar	2500
desalar	2500
desalbardar	2500
desalentar	2500
desalfombrar	2500
desalforjar	2500
desalhajar	2500
desalinear	2500
desaliñar	2500
desalmadamente	2500
desalmado	2500
desalmamiento	2500
desalmar	2500
desalmenar	2500
desalmidonar	2500
desalojar	2500
desalquilar	2500
desalterar	2500
desalumbradamente	2500
desamarrar	2500
desamartelar	2500
desamasado	2500
desambiguar	2500
desamistar	2500
desamoblar	2500
desamontonar	2500
desamor	2500
desamorar	2500
desamorrar	2500
desamortizador	2500
desamortizar	2500
desamotinar	2500
desamparado	2500
desamparar	2500
desamueblar	2500
desamurar	2500
desanclar	2500
desancorar	2500
desanda	2500
desandaba	2500
desandabais	2500
desandaban	2500
desandabas	2500
desandad	2500
desandada	2500
desandadas	2500
desandado	2500
desandados	2500
desandamos	2500
desandan	2500
desandando	2500
desandar	2500
desandara	2500
desandarais	2500
desandaran	2500
desandaras	2500
desandare	2500
desandareis	2500
desandaremos	2500
desandaren	2500
desandares	2500
desandarse	2500
desandará	2500
desandarán	2500
desandarás	2500
desandaré	2500
desandaréis	2500
desandaría	2500
desandaríais	2500
desandaríamos	2500
desandarían	2500
desandarías	2500
desandas	2500
desandase	2500
desandaseis	2500
desandasen	2500
desandases	2500
desande	2500
desandemos	2500
desanden	2500
desandes	2500
desando	2500
desanduve	2500
desanduvieron	2500
desanduvimos	2500
desanduviste	2500
desanduvisteis	2500
desanduvo	2500
desandábamos	2500
desandáis	2500
desandáramos	2500
desandáremos	2500
desandásemos	2500
desangelado	2500
desangramiento	2500
desangrar	2500
desanidar	2500
desanimadamente	2500
desanimar	2500
desanudar	2500
desaojar	2500
desapaciblemente	2500
desaparear	2500
desaparecer	2500
desaparecido	2500
desaparejar	2500
desaparroquiar	2500
desapartar	2500
desapasionadamente	2500
desapasionar	2500
desapañar	2500
desapegar	2500
desapercibido	2500
desapiadado	2500
desapiolar	2500
desaplicar	2500
desaplomar	2500
desapoderar	2500
desapolillar	2500
desaporcar	2500
desaposentar	2500
desaposesionar	2500
desapoyar	2500
desapreciar	2500
desapretar	2500
desaprir	2500
desaprisionar	2500
desapropiamiento	2500
desapropiar	2500
desaprovechar	2500
desapuntalar	2500
desapuntar	2500
desarbolar	2500
desarenar	2500
desarmar	2500
desarraigar	2500
desarrancar	2500
desarrapado	2500
desarrebozar	2500
desarrebujar	2500
desarreglar	2500
desarrendar	2500
desarrevolver	2500
desarrimar	2500
desarrollador	2500
desarrollar	2500
desarrollo	2500
desarropar	2500
desarrugadura	2500
desarrugar	2500
desarrumar	2500
desarticular	2500
desartillar	2500
desarzonar	2500
desasear	2500
desasegurar	2500
desasir	2500
desasistir	2500
desasnar	2500
desasosegar	2500
desasosiego	2500
desastillar	2500
desastradamente	2500
desastrado	2500
desastre	2500
desatacar	2500
desatancar	2500
desatapar	2500
desatar	2500
desatascar	2500
desataviar	2500
desatemplarse	2500
desatender	2500
desatentadamente	2500
desatesorar	2500
desatibar	2500
desatinadamente	2500
desatinado	2500
desatinar	2500
desatino	2500
desatollar	2500
desatolondrar	2500
desatontar	2500
desatorar	2500
desatornillar	2500
desatracar	2500
desatraillar	2500
desatrampar	2500
desatrancar	2500
desatravesar	2500
desatufar	2500
desaturdir	2500
desautorizar	2500
desavahamiento	2500
desavahar	2500
desavenido	2500
desavenir	2500
desavezar	2500
desaviar	2500
desavisar	2500
desavén	2500
desayudar	2500
desayunar	2500
desayuntar	2500
desazogar	2500
desazonar	2500
desañudar	2500
desbabar	2500
desbagar	2500
desbalagar	2500
desballestar	2500
desbancar	2500
desbandar	2500
desbarahustar	2500
desbarajustadamente	2500
desbarajustar	2500
desbaratadamente	2500
desbaratado	2500
desbaratador	2500
desbaratamiento	2500
desbaratar	2500
desbarate	2500
desbarato	2500
desbarbar	2500
desbarbillar	2500
desbardar	2500
desbarrar	2500
desbarretar	2500
desbarrigar	2500
desbastador	2500
desbastadura	2500
desbastar	2500
desbastecido	2500
desbautizar	2500
desbazadero	2500
desbañado	2500
desbeber	2500
desbecerrar	2500
desbinzar	2500
desbloquear	2500
desbocamiento	2500
desbocar	2500
desbonetar	2500
desboquillar	2500
desbordamiento	2500
desbordante	2500
desbordar	2500
desbornizar	2500
desboronar	2500
desborradora	2500
desborrar	2500
desbotonar	2500
desbragar	2500
desbraguetado	2500
desbravador	2500
desbravar	2500
desbravecer	2500
desbrazar	2500
desbridamiento	2500
desbridar	2500
desbriznar	2500
desbrozar	2500
desbruar	2500
desbrujar	2500
desbuchar	2500
desbullar	2500
descabalamiento	2500
descabalar	2500
descabalgar	2500
descabelladamente	2500
descabellamiento	2500
descabellar	2500
descabestrar	2500
descabezamiento	2500
descabezar	2500
descabeñarse	2500
descabritar	2500
descabullir	2500
descacharrante	2500
descacharrar	2500
descacilar	2500
descaderar	2500
descadillar	2500
descaecer	2500
descaer	2500
descafeinado	2500
descafeinar	2500
descafilar	2500
descalabazar	2500
descalabradura	2500
descalabrar	2500
descalcador	2500
descalcar	2500
descalcez	2500
descalcificar	2500
descalichar	2500
descalificación	2500
descalificar	2500
descalostrado	2500
descalzadero	2500
descalzar	2500
descalzo	2500
descamación	2500
descamar	2500
descambiar	2500
descaminar	2500
descamisar	2500
descampar	2500
descangallar	2500
descansadamente	2500
descansadero	2500
descansar	2500
descanso	2500
descantar	2500
descantear	2500
descanterar	2500
descantillar	2500
descantonar	2500
descaperuzar	2500
descapillar	2500
descapirotar	2500
descapitalizar	2500
descapotar	2500
descapullar	2500
descaradamente	2500
descarado	2500
descaramiento	2500
descarar	2500
descarbonatar	2500
descarburar	2500
descarcañalar	2500
descargadura	2500
descargamiento	2500
descargar	2500
descargue	2500
descarnador	2500
descarnar	2500
descarriamiento	2500
descarriar	2500
descarriladura	2500
descarrilamiento	2500
descarrilar	2500
descarrilladura	2500
descarrillar	2500
descarrío	2500
descartar	2500
descasar	2500
descascar	2500
descascarar	2500
descascarillado	2500
descascarillar	2500
descaspar	2500
descastar	2500
descatolizar	2500
descaudalado	2500
descaudillar	2500
descañar	2500
descañonar	2500
descebar	2500
descendencia	2500
descendente	2500
descender	2500
descendiente	2500
descendimiento	2500
descendir	2500
descentralizar	2500
descentrar	2500
descepar	2500
descerar	2500
descercar	2500
descerebrar	2500
descerezar	2500
descerrajadura	2500
descerrajar	2500
descerrar	2500
descerrumar	2500
descervigamiento	2500
descervigar	2500
desceñir	2500
deschuponar	2500
descifrable	2500
descifrador	2500
descifrar	2500
descimbramiento	2500
descimbrar	2500
descimentar	2500
descinchar	2500
desclasificar	2500
desclavador	2500
desclavar	2500
descoagular	2500
descobajar	2500
descobijar	2500
descocado	2500
descocar	2500
descodar	2500
descodificación	2500
descodificador	2500
descodificar	2500
descogollar	2500
descogotar	2500
descolar	2500
descolchar	2500
descolgar	2500
descoligado	2500
descollamiento	2500
descollante	2500
descollar	2500
descolmar	2500
descolmillar	2500
descolocar	2500
descoloramiento	2500
descolorar	2500
descolorid	2500
descolorierais	2500
descoloriereis	2500
descolorieseis	2500
descolorimiento	2500
descoloriréis	2500
descoloriríais	2500
descoloristeis	2500
descoloríais	2500
descombrar	2500
descomedidamente	2500
descomedir	2500
descomer	2500
descompadrar	2500
descompaginar	2500
descompasado	2500
descompasar	2500
descompensar	2500
descompletar	2500
descomponer	2500
descomprimir	2500
descompuestamente	2500
descompuesto	2500
descompón	2500
descomulgado	2500
descomulgador	2500
descomulgar	2500
descomunalmente	2500
desconceptuar	2500
desconcertado	2500
desconcertadura	2500
desconcertantemente	2500
desconchabar	2500
desconchadura	2500
desconchar	2500
desconectado	2500
desconectar	2500
desconferencia	2500
desconfiadamente	2500
desconfiar	2500
desconformar	2500
descongelar	2500
descongestionar	2500
descongojar	2500
desconhortar	2500
desconocer	2500
desconsejar	2500
desconsentir	2500
desconsideradamente	2500
desconsiderar	2500
desconsoladamente	2500
desconsolar	2500
descontado	2500
descontagiar	2500
descontaminar	2500
descontar	2500
descontentar	2500
descontento	2500
descontinuar	2500
descontrolar	2500
desconvenir	2500
desconversar	2500
desconvidar	2500
desconvocar	2500
desconvén	2500
descorazonador	2500
descorazonamiento	2500
descorazonar	2500
descorchador	2500
descorchar	2500
descordar	2500
descorderar	2500
descoritar	2500
descornar	2500
descoronar	2500
descorrear	2500
descorrer	2500
descortezadura	2500
descortezamiento	2500
descortezar	2500
descortinar	2500
descoser	2500
descosido	2500
descostillar	2500
descostrar	2500
descotar	2500
descoyuntamiento	2500
descoyuntar	2500
descreer	2500
descreimiento	2500
descremar	2500
descrestar	2500
descriar	2500
describir	2500
descrinar	2500
descripción	2500
descriptible	2500
descriptivo	2500
descriptor	2500
descrismar	2500
descristianar	2500
descristianizar	2500
descrito	2500
descrucificar	2500
descruzar	2500
descuadernar	2500
descuadrar	2500
descuadrilar	2500
descuadrillar	2500
descuajar	2500
descuajaringar	2500
descuartizamiento	2500
descuartizar	2500
descubiertamente	2500
descubierto	2500
descubridero	2500
descubridor	2500
descubrir	2500
descuerar	2500
descuernacabras	2500
descuidadamente	2500
descuidado	2500
descuidar	2500
descuidero	2500
descuido	2500
descular	2500
descumbrado	2500
desdaba	2500
desdabais	2500
desdaban	2500
desdabas	2500
desdad	2500
desdada	2500
desdadas	2500
desdado	2500
desdados	2500
desdamos	2500
desdando	2500
desdar	2500
desdaremos	2500
desdarse	2500
desdará	2500
desdarán	2500
desdarás	2500
desdaré	2500
desdaréis	2500
desdaría	2500
desdaríais	2500
desdaríamos	2500
desdarían	2500
desdarías	2500
desdecir	2500
desdemos	2500
desdentado	2500
desdevanar	2500
desdeñablemente	2500
desdeñar	2500
desdeñosamente	2500
desdeñoso	2500
desdibujar	2500
desdichadamente	2500
desdichado	2500
desdicho	2500
desdiera	2500
desdierais	2500
desdieran	2500
desdieras	2500
desdiere	2500
desdiereis	2500
desdieren	2500
desdieres	2500
desdieron	2500
desdiese	2500
desdieseis	2500
desdiesen	2500
desdieses	2500
desdimos	2500
desdiste	2500
desdisteis	2500
desdiéramos	2500
desdiéremos	2500
desdiésemos	2500
desdió	2500
desdoblar	2500
desdonar	2500
desdorar	2500
desdoro	2500
desdoy	2500
desdá	2500
desdábamos	2500
desdáis	2500
desdán	2500
desdás	2500
desdé	2500
desdén	2500
desdés	2500
desdí	2500
dese	2500
deseable	2500
deseador	2500
desear	2500
desecación	2500
desecar	2500
desecativo	2500
desechar	2500
desedificar	2500
deseducar	2500
deselectrizar	2500
desellar	2500
desembalar	2500
desembaldosar	2500
desemballestar	2500
desembalsar	2500
desembanastar	2500
desembarazadamente	2500
desembarazar	2500
desembarcar	2500
desembargar	2500
desembarrancar	2500
desembarrar	2500
desembaular	2500
desembebecer	2500
desembelesar	2500
desembocar	2500
desembojadera	2500
desembojar	2500
desembolsar	2500
desemborrachar	2500
desemboscar	2500
desembotar	2500
desembozar	2500
desembragar	2500
desembravecer	2500
desembrazar	2500
desembriagar	2500
desembridar	2500
desembrollar	2500
desembrozar	2500
desembrujar	2500
desembuchar	2500
desemejar	2500
desempacar	2500
desempachar	2500
desempalagar	2500
desempapelar	2500
desempaquetar	2500
desemparejar	2500
desemparentado	2500
desemparvar	2500
desempastelar	2500
desempatar	2500
desempavonar	2500
desempañar	2500
desempedrar	2500
desempegar	2500
desemperezar	2500
desempernar	2500
desempeñar	2500
desempleado	2500
desempolvadura	2500
desempolvar	2500
desempolvoradura	2500
desempolvorar	2500
desemponzoñar	2500
desempotrar	2500
desempozar	2500
desempulgar	2500
desempuñar	2500
desenalbardar	2500
desenamorar	2500
desenastar	2500
desencabalgar	2500
desencabestrar	2500
desencadenante	2500
desencadenar	2500
desencajamiento	2500
desencajar	2500
desencajonar	2500
desencalabrinar	2500
desencalcar	2500
desencallar	2500
desencaminar	2500
desencantar	2500
desencapar	2500
desencapillar	2500
desencapotar	2500
desencaprichar	2500
desencarcelar	2500
desencargar	2500
desencarnar	2500
desencasar	2500
desencastillar	2500
desencentrar	2500
desencerrar	2500
desenchufar	2500
desencintar	2500
desenclavar	2500
desenclavijar	2500
desencofrar	2500
desencoger	2500
desencolar	2500
desencolerizar	2500
desenconar	2500
desencordar	2500
desencordelar	2500
desencorvar	2500
desencovar	2500
desencrespar	2500
desencuadernar	2500
desendemoniar	2500
desendiablar	2500
desendiosar	2500
desenfadadamente	2500
desenfadaderas	2500
desenfadado	2500
desenfadar	2500
desenfaldar	2500
desenfardar	2500
desenfardelar	2500
desenfilar	2500
desenfocar	2500
desenfrailar	2500
desenfrenadamente	2500
desenfrenado	2500
desenfrenar	2500
desenfreno	2500
desenfundar	2500
desenfurecer	2500
desenfurruñar	2500
desenganchar	2500
desengarrafar	2500
desengarzar	2500
desengastar	2500
desengañado	2500
desengañar	2500
desengañilar	2500
desengomar	2500
desengoznar	2500
desengranar	2500
desengrasar	2500
desengrilletar	2500
desengrosar	2500
desengrudar	2500
desenguantar	2500
desenhadar	2500
desenhastiar	2500
desenhebrar	2500
desenhetrar	2500
desenhornar	2500
desenjaezar	2500
desenjalmar	2500
desenjaular	2500
desenlabonar	2500
desenladrillar	2500
desenlazar	2500
desenlodar	2500
desenlosar	2500
desenlutar	2500
desenmallar	2500
desenmarañar	2500
desenmascarar	2500
desenmohecer	2500
desenmudecer	2500
desenojar	2500
desenredar	2500
desenrizar	2500
desenrollar	2500
desenronar	2500
desenrudecer	2500
desensamblar	2500
desensartar	2500
desensañar	2500
desensebar	2500
desenseñar	2500
desensillar	2500
desensoberbecer	2500
desensortijado	2500
desentablar	2500
desentalingar	2500
desentarimar	2500
desenterrar	2500
desentierramuertos	2500
desentoldar	2500
desentollecer	2500
desentonar	2500
desentono	2500
desentornillar	2500
desentorpecer	2500
desentrampar	2500
desentrañar	2500
desentrenar	2500
desentronizar	2500
desentropezar	2500
desentumecer	2500
desentumir	2500
desenvainar	2500
desenvelejar	2500
desenvergar	2500
desenviolar	2500
desenvolver	2500
desenvueltamente	2500
desenvuelto	2500
desenzarzar	2500
deseo	2500
deseoso	2500
desequilibrar	2500
desequipar	2500
deserción	2500
desertar	2500
desertizar	2500
desertor	2500
deservir	2500
deses	2500
desescombrar	2500
deseslabonar	2500
desespaldar	2500
desespañolizar	2500
desesperación	2500
desesperadamente	2500
desesperado	2500
desesperante	2500
desesperanzar	2500
desesperar	2500
desestabilización	2500
desestabilizante	2500
desestabilizar	2500
desestancar	2500
desestañar	2500
desesterar	2500
desestibar	2500
desestimar	2500
desestructurar	2500
deseñar	2500
desfachatado	2500
desfachatez	2500
desfajar	2500
desfalcador	2500
desfalcar	2500
desfalco	2500
desfallecer	2500
desfamar	2500
desfasar	2500
desfavorablemente	2500
desfavorecer	2500
desfaz	2500
desfear	2500
desfecho	2500
desferrar	2500
desfibrar	2500
desfiguramiento	2500
desfigurar	2500
desfilachar	2500
desfiladero	2500
desfilar	2500
desfile	2500
desfiuzar	2500
desflaquecer	2500
desflecar	2500
desflemar	2500
desflocar	2500
desfloramiento	2500
desflorar	2500
desfogar	2500
desfogonar	2500
desfollar	2500
desfollonar	2500
desfondar	2500
desforestar	2500
desformar	2500
desfortalecer	2500
desfruncir	2500
desfundar	2500
desga	2500
desgaire	2500
desgajadura	2500
desgajar	2500
desgalgadero	2500
desgalgar	2500
desgalichado	2500
desganadamente	2500
desganar	2500
desganchar	2500
desgarbado	2500
desgarbilado	2500
desgargantar	2500
desgargolar	2500
desgaritar	2500
desgarrado	2500
desgarrador	2500
desgarradura	2500
desgarramiento	2500
desgarrar	2500
desgarro	2500
desgastadamente	2500
desgastamiento	2500
desgastar	2500
desgaste	2500
desgatar	2500
desgaznatar	2500
desgañifar	2500
desgañitar	2500
desglosar	2500
desgobernadura	2500
desgobernar	2500
desgolletar	2500
desgomar	2500
desgonzar	2500
desgorrar	2500
desgotar	2500
desgoznar	2500
desgraciadamente	2500
desgraciado	2500
desgraciar	2500
desgraduar	2500
desgramar	2500
desgranador	2500
desgranamiento	2500
desgranar	2500
desgranzar	2500
desgrasar	2500
desgravación	2500
desgravar	2500
desgreñar	2500
desgualdrajar	2500
desguarnecer	2500
desguarnir	2500
desguazar	2500
desguindar	2500
desguinzar	2500
deshabilitar	2500
deshabitar	2500
deshabituar	2500
deshacer	2500
deshaldo	2500
deshambrido	2500
desharrapado	2500
desharrapamiento	2500
deshaz	2500
deshebillar	2500
deshebrar	2500
deshechizar	2500
deshecho	2500
deshelar	2500
desherbar	2500
desheredación	2500
desheredar	2500
deshermanar	2500
desherrar	2500
desherrumbramiento	2500
desherrumbrar	2500
deshidratado	2500
deshijar	2500
deshilachar	2500
deshilado	2500
deshiladura	2500
deshilar	2500
deshilvanar	2500
deshincar	2500
deshinchadura	2500
deshinchar	2500
deshipotecar	2500
deshojador	2500
deshojadura	2500
deshojar	2500
deshollejar	2500
deshollinadera	2500
deshollinador	2500
deshollinar	2500
deshonestamente	2500
deshonestar	2500
deshonor	2500
deshonorar	2500
deshonrador	2500
deshonrar	2500
deshornar	2500
deshuesador	2500
deshuesar	2500
deshumanizador	2500
deshumanizar	2500
deshumedecer	2500
desiderable	2500
desiderativo	2500
desidia	2500
desidioso	2500
desierto	2500
designación	2500
designar	2500
designativo	2500
designio	2500
desigualar	2500
desilusionar	2500
desimaginar	2500
desimanar	2500
desimantar	2500
desimponer	2500
desimpresionar	2500
desimpuesto	2500
desimpón	2500
desincentivar	2500
desinclinar	2500
desincorporar	2500
desinencia	2500
desinfartar	2500
desinfectante	2500
desinfectar	2500
desinficionar	2500
desinflamar	2500
desinflar	2500
desinformación	2500
desinformar	2500
desinhibir	2500
desinsacular	2500
desinsectar	2500
desintegrar	2500
desinteresar	2500
desintestinar	2500
desintoxicar	2500
desinvernar	2500
desistencia	2500
desistimiento	2500
desistir	2500
desjarretadera	2500
desjarretar	2500
desjugar	2500
desjuiciado	2500
desjuntamiento	2500
desjuntar	2500
deslabonar	2500
desladrillar	2500
deslaidar	2500
deslamar	2500
deslardarse	2500
deslastrar	2500
deslatar	2500
deslateralizar	2500
deslavar	2500
deslavazar	2500
deslazamiento	2500
deslazar	2500
deslechugador	2500
deslechugar	2500
deslechuguillar	2500
deslegalizar	2500
desleidura	2500
desleimiento	2500
deslendrar	2500
deslenguado	2500
deslenguar	2500
desleír	2500
desliar	2500
desligar	2500
deslinajar	2500
deslinar	2500
deslindador	2500
deslindar	2500
deslinde	2500
desliz	2500
deslizadero	2500
deslizamiento	2500
deslizante	2500
deslizar	2500
desliñar	2500
desloar	2500
deslomadura	2500
deslomar	2500
deslucir	2500
deslumbrador	2500
deslumbramiento	2500
deslumbrante	2500
deslumbrar	2500
deslustrador	2500
deslustrar	2500
desmadejado	2500
desmadejamiento	2500
desmadejar	2500
desmadrar	2500
desmajolar	2500
desmalazado	2500
desmalingrar	2500
desmallador	2500
desmalladura	2500
desmallar	2500
desmamar	2500
desmamonar	2500
desmamparar	2500
desmanar	2500
desmanchar	2500
desmandar	2500
desmanear	2500
desmangar	2500
desmanotado	2500
desmantecar	2500
desmantelamiento	2500
desmantelar	2500
desmaquillar	2500
desmarcar	2500
desmaridar	2500
desmarojador	2500
desmarojar	2500
desmatar	2500
desmayado	2500
desmayar	2500
desmazalado	2500
desmañado	2500
desmañar	2500
desmedidamente	2500
desmedido	2500
desmedir	2500
desmedrado	2500
desmedrar	2500
desmejorar	2500
desmelancolizar	2500
desmelar	2500
desmelenar	2500
desmembración	2500
desmembrador	2500
desmembramiento	2500
desmembrar	2500
desmemoriar	2500
desmenguar	2500
desmentidor	2500
desmentir	2500
desmenuzador	2500
desmenuzamiento	2500
desmenuzar	2500
desmeollamiento	2500
desmeollar	2500
desmerecer	2500
desmesuradamente	2500
desmesurado	2500
desmesurar	2500
desmigajar	2500
desmigar	2500
desmilitarizar	2500
desmirlado	2500
desmitificar	2500
desmocar	2500
desmochadura	2500
desmochar	2500
desmoche	2500
desmogar	2500
desmolado	2500
desmolde	2500
desmoldeo	2500
desmoler	2500
desmonetizar	2500
desmontable	2500
desmontado	2500
desmontar	2500
desmoralización	2500
desmoralizar	2500
desmoronadizo	2500
desmoronamiento	2500
desmoronar	2500
desmostar	2500
desmotadera	2500
desmotador	2500
desmotar	2500
desmotivar	2500
desmovilizar	2500
desmoñar	2500
desmugrar	2500
desmullir	2500
desmultiplicar	2500
desmurar	2500
desmán	2500
desnacionalizar	2500
desnarigar	2500
desnatadora	2500
desnatar	2500
desnaturalizar	2500
desnaturar	2500
desnieve	2500
desnivelar	2500
desnoblecer	2500
desnortar	2500
desnucar	2500
desnudador	2500
desnudamente	2500
desnudamiento	2500
desnudar	2500
desnudez	2500
desnudo	2500
desnutrir	2500
desobedecer	2500
desobstruir	2500
desocupado	2500
desocupar	2500
desodorante	2500
desodorizante	2500
desodorizar	2500
desojar	2500
desolación	2500
desoladamente	2500
desolador	2500
desoladoramente	2500
desolar	2500
desolazar	2500
desoldar	2500
desolladero	2500
desollado	2500
desollador	2500
desolladura	2500
desollar	2500
desonzar	2500
desopilante	2500
desopilar	2500
desopilativo	2500
desopinar	2500
desoprimir	2500
desorbitar	2500
desorden	2500
desordenadamente	2500
desordenar	2500
desorejado	2500
desorejamiento	2500
desorejar	2500
desorganizar	2500
desorientar	2500
desorillar	2500
desornamentado	2500
desortijar	2500
desosar	2500
desosegar	2500
desovar	2500
desove	2500
desovillar	2500
desoxidar	2500
desoxigenar	2500
desoxirribonucleico	2500
desoxirribonucleótido	2500
desoxirribosa	2500
desoír	2500
despabilador	2500
despabiladura	2500
despabilar	2500
despachaderas	2500
despachado	2500
despachador	2500
despachar	2500
despacho	2500
despachurramiento	2500
despachurrar	2500
despaciosamente	2500
despacito	2500
despagar	2500
despajador	2500
despajadura	2500
despajar	2500
despaladinar	2500
despaldar	2500
despaldilladura	2500
despaldillar	2500
despaletillar	2500
despalillador	2500
despalillar	2500
despalmar	2500
despampanador	2500
despampanadura	2500
despampanante	2500
despampanar	2500
despampanillar	2500
despamplonar	2500
despanchurrar	2500
despancijar	2500
despanzurrar	2500
despapar	2500
desparar	2500
desparcir	2500
desparear	2500
desparecer	2500
desparedar	2500
desparejar	2500
desparpajar	2500
desparpajo	2500
desparramado	2500
desparramador	2500
desparramamiento	2500
desparramar	2500
desparrancar	2500
despartidero	2500
despartir	2500
desparvar	2500
despasar	2500
despasmarse	2500
despatarrar	2500
despatillar	2500
despavesaderas	2500
despavesadura	2500
despavesar	2500
despavonar	2500
despeadura	2500
despeamiento	2500
despear	2500
despechar	2500
despechugadura	2500
despechugar	2500
despectivamente	2500
despectivo	2500
despedazador	2500
despedazamiento	2500
despedazar	2500
despedida	2500
despedimiento	2500
despedir	2500
despedrar	2500
despedregar	2500
despegador	2500
despegar	2500
despegue	2500
despeinar	2500
despejado	2500
despejar	2500
despellejadura	2500
despellejar	2500
despelotar	2500
despelucar	2500
despeluchar	2500
despeluzamiento	2500
despeluzar	2500
despeluznar	2500
despenalizar	2500
despenar	2500
despender	2500
despendolar	2500
despenolar	2500
despensa	2500
despensero	2500
despepitar	2500
desperar	2500
desperdiciado	2500
desperdiciador	2500
desperdiciar	2500
desperdicio	2500
desperdigamiento	2500
desperdigar	2500
desperecer	2500
desperezar	2500
desperfecto	2500
desperfilar	2500
desperfollar	2500
despernancar	2500
despernar	2500
despersonalizar	2500
despertador	2500
despertamiento	2500
despertar	2500
despesar	2500
despescar	2500
despestañar	2500
despezar	2500
despezo	2500
despezonar	2500
despezuñar	2500
despeñadero	2500
despeñar	2500
despeño	2500
despiadadamente	2500
despiadado	2500
despicar	2500
despichar	2500
despidida	2500
despidiente	2500
despido	2500
despiertamente	2500
despierto	2500
despiezar	2500
despiezo	2500
despilfarrador	2500
despilfarradoramente	2500
despilfarrar	2500
despimpollar	2500
despinochar	2500
despintar	2500
despinzador	2500
despinzar	2500
despiojador	2500
despiojar	2500
despistado	2500
despistar	2500
despitorrado	2500
desplacer	2500
desplanar	2500
desplanchar	2500
desplantador	2500
desplantar	2500
desplante	2500
desplatar	2500
desplayar	2500
desplazamiento	2500
desplazar	2500
desplegable	2500
desplegar	2500
despleguetear	2500
desplomar	2500
desplome	2500
desplumadura	2500
desplumar	2500
despoblar	2500
despoetizar	2500
despojador	2500
despojamiento	2500
despojar	2500
despojo	2500
despolarizador	2500
despolarizar	2500
despolitizar	2500
despolvar	2500
despolvorear	2500
desponer	2500
desportilladura	2500
desportillar	2500
desposando	2500
desposar	2500
desposeimiento	2500
desposorio	2500
despotismo	2500
despotricar	2500
despreciar	2500
despreciativo	2500
desprender	2500
desprendido	2500
despreocupadamente	2500
despreocupado	2500
despreocupar	2500
desprestigiar	2500
despresurizar	2500
desprevenidamente	2500
desprivar	2500
desprivatizar	2500
despropiar	2500
desproporcionadamente	2500
desproporcionar	2500
despropositado	2500
desprotegido	2500
desproveer	2500
desprovisto	2500
despullar	2500
despulpador	2500
despulpar	2500
despulsamiento	2500
despulsar	2500
despumar	2500
despuntar	2500
despóticamente	2500
despótico	2500
desquebrajar	2500
desquejar	2500
desquerer	2500
desquiciador	2500
desquiciamiento	2500
desquiciar	2500
desquijarar	2500
desquijerar	2500
desquilar	2500
desquitar	2500
desquite	2500
desrabar	2500
desrabotar	2500
desraigar	2500
desraizar	2500
desramar	2500
desraspado	2500
desraspar	2500
desratizar	2500
desreglar	2500
desrelingar	2500
desriscar	2500
desrizar	2500
desriñonar	2500
desroblar	2500
desrostrar	2500
desroñar	2500
destacado	2500
destacamento	2500
destacar	2500
destachonar	2500
destaconar	2500
destajador	2500
destajar	2500
destajero	2500
destajista	2500
destallar	2500
destalonar	2500
destapar	2500
destapiar	2500
destaponar	2500
destarar	2500
destartalado	2500
destartalo	2500
destazador	2500
destazar	2500
destechadura	2500
destechar	2500
destejar	2500
destejer	2500
destellante	2500
destellar	2500
destello	2500
destemplar	2500
destensar	2500
destentar	2500
desterminar	2500
desternillante	2500
desternillar	2500
desterrado	2500
desterrar	2500
desterronamiento	2500
desterronar	2500
destetadera	2500
destetar	2500
desteñir	2500
destiempo	2500
destierro	2500
destilación	2500
destiladera	2500
destilador	2500
destilar	2500
destilatorio	2500
destilería	2500
destinación	2500
destinado	2500
destinar	2500
destinatario	2500
destino	2500
destiranizado	2500
destirpar	2500
destitución	2500
destituidor	2500
destituir	2500
destitulado	2500
destiñar	2500
destocar	2500
destorcer	2500
destorgar	2500
destormar	2500
destornillador	2500
destornillamiento	2500
destornillar	2500
destorpar	2500
destoser	2500
destrabar	2500
destral	2500
destraleja	2500
destralero	2500
destramar	2500
destrenzar	2500
destreza	2500
destributar	2500
destrincar	2500
destripacuentos	2500
destripador	2500
destripamiento	2500
destripar	2500
destripaterrones	2500
destriunfar	2500
destrizar	2500
destrocar	2500
destronamiento	2500
destronar	2500
destroncamiento	2500
destroncar	2500
destronchar	2500
destropar	2500
destrozador	2500
destrozar	2500
destrucción	2500
destructibilidad	2500
destructible	2500
destructivamente	2500
destructividad	2500
destructivo	2500
destructor	2500
destruir	2500
destullecer	2500
destupir	2500
desturbar	2500
desubicar	2500
desubstanciar	2500
desucar	2500
desudar	2500
desuncir	2500
desunir	2500
desurcar	2500
desurdir	2500
desusadamente	2500
desusar	2500
desuso	2500
desustanciar	2500
desuñar	2500
desuñir	2500
desvahar	2500
desvainadura	2500
desvainar	2500
desvairemos	2500
desvairá	2500
desvairán	2500
desvairás	2500
desvairé	2500
desvairéis	2500
desvairía	2500
desvairíais	2500
desvairíamos	2500
desvairían	2500
desvairías	2500
desvalido	2500
desvalijador	2500
desvalijamiento	2500
desvalijar	2500
desvalorar	2500
desvalorizar	2500
desvanecedor	2500
desvanecer	2500
desvaneciente	2500
desvanecimiento	2500
desvaporizadero	2500
desvarar	2500
desvaretar	2500
desvariar	2500
desvarío	2500
desvastigar	2500
desvaí	2500
desvaía	2500
desvaíais	2500
desvaíamos	2500
desvaían	2500
desvaías	2500
desvaíd	2500
desvaída	2500
desvaídas	2500
desvaído	2500
desvaídos	2500
desvaímos	2500
desvaís	2500
desvaíste	2500
desvaísteis	2500
desvedar	2500
desvelamiento	2500
desvelar	2500
desvelo	2500
desvenar	2500
desvencijar	2500
desvendar	2500
desveno	2500
desventar	2500
desventurado	2500
desvergonzadamente	2500
desvergonzado	2500
desvestir	2500
desvezar	2500
desviacionismo	2500
desviacionista	2500
desviación	2500
desviador	2500
desviamiento	2500
desviar	2500
desviejar	2500
desvincular	2500
desvirar	2500
desvirgar	2500
desvirtuar	2500
desvitrificar	2500
desvivir	2500
desvolvedor	2500
desvolver	2500
desvuelto	2500
desván	2500
desvío	2500
desyemar	2500
desyerbador	2500
desyerbar	2500
desyugar	2500
desyuncir	2500
deszafrar	2500
deszocar	2500
deszulacar	2500
deszumar	2500
desértico	2500
detalladamente	2500
detallado	2500
detallar	2500
detalle	2500
detallismo	2500
detallista	2500
detardar	2500
detección	2500
detectar	2500
detective	2500
detectivesco	2500
detector	2500
detención	2500
detenedor	2500
detener	2500
detenidamente	2500
detenido	2500
detenimiento	2500
detentar	2500
detergente	2500
deterger	2500
deteriorar	2500
deterioro	2500
determinabilidad	2500
determinable	2500
determinación	2500
determinada	2500
determinado	2500
determinante	2500
determinar	2500
determinismo	2500
determinista	2500
detersorio	2500
detestar	2500
detienebuey	2500
detonación	2500
detonador	2500
detonante	2500
detonar	2500
detornar	2500
detractar	2500
detractor	2500
detraer	2500
detrimento	2500
detrito	2500
deturpar	2500
detén	2500
deuda	2500
deudo	2500
deudor	2500
deuterio	2500
devalar	2500
devaluar	2500
devanadera	2500
devanador	2500
devanagari	2500
devanar	2500
devaneador	2500
devanear	2500
devastación	2500
devastador	2500
devastar	2500
develar	2500
devengar	2500
devenir	2500
devisa	2500
devisar	2500
devisero	2500
devocionario	2500
devoción	2500
devodar	2500
devolver	2500
devoniano	2500
devorador	2500
devorar	2500
devota	2500
devotamente	2500
devoto	2500
devover	2500
devuelto	2500
devén	2500
devónico	2500
dexiocardia	2500
dextrina	2500
dextro	2500
dextrorso	2500
dextrosa	2500
dey	2500
dezmar	2500
dezmero	2500
deán	2500
deíctico	2500
deñar	2500
di	2500
diabasa	2500
diabetes	2500
diabeto	2500
diabla	2500
diablear	2500
diablesa	2500
diablesco	2500
diablo	2500
diablura	2500
diabólicamente	2500
diabólico	2500
diaconado	2500
diaconal	2500
diaconar	2500
diaconato	2500
diaconisa	2500
diadelfos	2500
diadema	2500
diademado	2500
diado	2500
diafanidad	2500
diafanizar	2500
diaforesis	2500
diaforético	2500
diafragma	2500
diafragmar	2500
diag	2500
diagnosis	2500
diagnosticar	2500
diagnóstico	2500
diagonal	2500
diagonalmente	2500
diagrama	2500
diagramar	2500
diaguita	2500
dial	2500
dialectal	2500
dialectalismo	2500
dialecto	2500
dializador	2500
dializar	2500
dialogal	2500
dialogar	2500
dialogismo	2500
dialogizar	2500
dialoguista	2500
dialogístico	2500
dialtea	2500
dialéctica	2500
dialéctico	2500
diamagnético	2500
diamantar	2500
diamante	2500
diamantino	2500
diamantista	2500
diamela	2500
diametral	2500
diametralmente	2500
diana	2500
dianche	2500
diandro	2500
dianense	2500
diantre	2500
diapalma	2500
diapasón	2500
diapente	2500
diapositiva	2500
diaprea	2500
diapreado	2500
diaquenio	2500
diariamente	2500
diario	2500
diarrea	2500
diarreico	2500
diartrosis	2500
diaspro	2500
diastasa	2500
diastrofia	2500
diatermia	2500
diatomea	2500
diatriba	2500
diatónicamente	2500
diatónico	2500
diatópico	2500
diazoar	2500
dibranquial	2500
dibujante	2500
dibujar	2500
dicacidad	2500
dicarboxílico	2500
dicc	2500
diccionarista	2500
dicción	2500
dicente	2500
dicha	2500
dicharachero	2500
dicharacho	2500
dichero	2500
dichosamente	2500
dichoso	2500
diciente	2500
diciplinante	2500
diciplinar	2500
diclino	2500
dicoreo	2500
dicotiledóneas	2500
dicotiledóneo	2500
dicotomía	2500
dicroico	2500
dicroísmo	2500
dictado	2500
dictador	2500
dictadura	2500
dictamen	2500
dictaminador	2500
dictaminar	2500
dictar	2500
dictatorial	2500
dictatorio	2500
dicterio	2500
dicótomo	2500
didelfo	2500
didimio	2500
didracma	2500
didácticamente	2500
didáctico	2500
diecinueve	2500
diecinueveavo	2500
dieciochavo	2500
dieciocheno	2500
dieciochesco	2500
dieciochismo	2500
dieciochista	2500
dieciocho	2500
dieciochoavo	2500
dieciseisavo	2500
dieciseiseno	2500
diecisiete	2500
diecisieteavo	2500
dieciséis	2500
diedro	2500
diego	2500
dieléctrico	2500
diente	2500
dientimellado	2500
dientudo	2500
diera	2500
dierais	2500
dieran	2500
dieras	2500
diere	2500
diereis	2500
dieren	2500
dieres	2500
diese	2500
dieseis	2500
diesen	2500
dieses	2500
diestra	2500
diestramente	2500
diestro	2500
dieta	2500
dietar	2500
dietario	2500
dietético	2500
diezma	2500
diezmar	2500
diezmero	2500
diezmesino	2500
diezmillonésimo	2500
diezmilésimo	2500
diezmo	2500
difamación	2500
difamador	2500
difamar	2500
difamatorio	2500
diferecer	2500
diferencia	2500
diferenciable	2500
diferenciación	2500
diferenciador	2500
diferencial	2500
diferenciar	2500
diferentemente	2500
diferido	2500
diferir	2500
dificultad	2500
dificultador	2500
dificultar	2500
dificultosamente	2500
dificultoso	2500
difidencia	2500
difinecer	2500
difinir	2500
difiuciar	2500
difluencia	2500
difluente	2500
difluir	2500
difracción	2500
difractar	2500
difrangente	2500
difteria	2500
difteritis	2500
diftérico	2500
difuminar	2500
difumino	2500
difundidor	2500
difundir	2500
difunta	2500
difunto	2500
difusamente	2500
difusivo	2500
difusión	2500
difuso	2500
difusor	2500
difícil	2500
difícilmente	2500
digamma	2500
digerible	2500
digerir	2500
digestibilidad	2500
digestible	2500
digestir	2500
digestivo	2500
digestión	2500
digesto	2500
digestor	2500
digitado	2500
digitalina	2500
digitalizar	2500
digitalmente	2500
digitiforme	2500
digitígrado	2500
digladiar	2500
digna	2500
dignamente	2500
dignar	2500
dignatario	2500
dignidad	2500
dignificante	2500
dignificar	2500
digno	2500
digresión	2500
dije	2500
dijes	2500
dila	2500
dilacerar	2500
dilación	2500
dilapidación	2500
dilapidador	2500
dilapidar	2500
dilas	2500
dilatabilidad	2500
dilatación	2500
dilatadamente	2500
dilatado	2500
dilatador	2500
dilatar	2500
dilatativo	2500
dilatoria	2500
dilatorio	2500
dile	2500
dilección	2500
dilecta	2500
dilecto	2500
dilema	2500
diles	2500
diligencia	2500
diligenciar	2500
diligenciero	2500
diligente	2500
diligentemente	2500
dilo	2500
dilos	2500
dilucidador	2500
dilucidar	2500
dilucidario	2500
dilución	2500
diluente	2500
diluir	2500
dilusivo	2500
diluvial	2500
diluviana	2500
diluviano	2500
diluviar	2500
diluvio	2500
diluyente	2500
dimanar	2500
dime	2500
dimensional	2500
dimensionamiento	2500
dimensionar	2500
dimensión	2500
dimiario	2500
dimidiar	2500
dimidor	2500
diminuecer	2500
diminuir	2500
diminutamente	2500
diminutivamente	2500
diminutivo	2500
diminuto	2500
dimir	2500
dimisionario	2500
dimisión	2500
dimisorias	2500
dimitente	2500
dimitir	2500
dimorfismo	2500
dimorfo	2500
dimos	2500
din	2500
dina	2500
dinamarqués	2500
dinamia	2500
dinamismo	2500
dinamista	2500
dinamita	2500
dinamitar	2500
dinamitazo	2500
dinamitero	2500
dinamización	2500
dinamizador	2500
dinamizar	2500
dinamo	2500
dinamómetro	2500
dinar	2500
dinarada	2500
dinasta	2500
dinastismo	2500
dinastía	2500
dinerada	2500
dineral	2500
dineralada	2500
dinerario	2500
dinero	2500
dineroso	2500
dingolondango	2500
dino	2500
dinornis	2500
dinos	2500
dinosaurio	2500
dinoterio	2500
dintel	2500
dintelar	2500
dintorno	2500
dinámica	2500
dinámico	2500
dinástico	2500
diocesano	2500
diodo	2500
diofántica	2500
dioico	2500
dionea	2500
dionisia	2500
dionisíaco	2500
dioptra	2500
diorama	2500
diorita	2500
dios	2500
diosa	2500
dioses	2500
diosma	2500
dioso	2500
diplococo	2500
diplodoco	2500
diploide	2500
diploma	2500
diplomacia	2500
diplomar	2500
diplomatura	2500
diplomático	2500
dipneo	2500
dipodia	2500
dipolo	2500
diptongar	2500
diptongo	2500
diputación	2500
diputado	2500
diputador	2500
diputar	2500
dique	2500
diquelar	2500
dir	2500
dirceo	2500
direccional	2500
direccionalidad	2500
direccionamiento	2500
directa	2500
directamente	2500
directivo	2500
directo	2500
director	2500
directorio	2500
directriz	2500
diremos	2500
dirigencia	2500
dirigente	2500
dirigible	2500
dirigida	2500
dirigir	2500
dirimente	2500
dirimir	2500
dirá	2500
dirán	2500
dirás	2500
diré	2500
diréis	2500
diría	2500
diríais	2500
diríamos	2500
dirían	2500
dirías	2500
disacárido	2500
disanto	2500
disartria	2500
discantar	2500
discapacidad	2500
discapacitado	2500
disceptar	2500
discerner	2500
discernidor	2500
discernimiento	2500
discernir	2500
disciplina	2500
disciplinable	2500
disciplinada	2500
disciplinado	2500
disciplinal	2500
disciplinante	2500
disciplinar	2500
disciplinario	2500
disciplinazo	2500
discipulado	2500
discipular	2500
disco	2500
discografía	2500
discográfico	2500
discoidal	2500
discolora	2500
disconforme	2500
disconformidad	2500
discontinuación	2500
discontinuar	2500
discontinuidad	2500
discontinuo	2500
disconveniencia	2500
disconvenir	2500
disconvén	2500
discordancia	2500
discordante	2500
discordar	2500
discorde	2500
discordia	2500
discoteca	2500
discrasia	2500
discrecional	2500
discrecionalmente	2500
discreción	2500
discrepancia	2500
discrepar	2500
discreta	2500
discretamente	2500
discretear	2500
discretización	2500
discretizar	2500
discreto	2500
discretorio	2500
discriminación	2500
discriminador	2500
discriminar	2500
discriminatorio	2500
disculpa	2500
disculpable	2500
disculpar	2500
discurrir	2500
discursar	2500
discursear	2500
discursible	2500
discursista	2500
discursivamente	2500
discursivo	2500
discurso	2500
discusivo	2500
discusión	2500
discutible	2500
discutidor	2500
discutir	2500
discípulo	2500
disecador	2500
disecar	2500
diseccionar	2500
disección	2500
disector	2500
diseminador	2500
diseminar	2500
disensión	2500
disenso	2500
disentería	2500
disentimiento	2500
disentir	2500
disertación	2500
disertador	2500
disertante	2500
disertar	2500
diserto	2500
disestesia	2500
diseñador	2500
diseñar	2500
disfagia	2500
disfamar	2500
disfavor	2500
disformar	2500
disforme	2500
disformidad	2500
disfraz	2500
disfrazar	2500
disfrezarse	2500
disfrutar	2500
disfrute	2500
disfumar	2500
disfumino	2500
disfunción	2500
disgregación	2500
disgregador	2500
disgregante	2500
disgregar	2500
disgregativo	2500
disgustado	2500
disgustar	2500
disgusto	2500
disgustoso	2500
disidencia	2500
disidente	2500
disidir	2500
disimilación	2500
disimilar	2500
disimilitud	2500
disimulación	2500
disimuladamente	2500
disimulado	2500
disimulador	2500
disimular	2500
disimulo	2500
disimétrico	2500
disipación	2500
disipador	2500
disipar	2500
disjuntos	2500
dislalia	2500
dislate	2500
dislocación	2500
dislocadura	2500
dislocar	2500
disléxico	2500
dismenorrea	2500
disminución	2500
disminuido	2500
disminuir	2500
disnea	2500
disociación	2500
disociador	2500
disociar	2500
disolubilidad	2500
disoluble	2500
disolución	2500
disolutivo	2500
disoluto	2500
disolvente	2500
disolver	2500
disonancia	2500
disonante	2500
disonar	2500
dispar	2500
disparadero	2500
disparado	2500
disparador	2500
disparar	2500
disparatadamente	2500
disparatado	2500
disparatador	2500
disparatar	2500
disparate	2500
disparato	2500
disparatorio	2500
disparcialidad	2500
disparejo	2500
disparidad	2500
disparo	2500
dispendio	2500
dispendioso	2500
dispensa	2500
dispensable	2500
dispensación	2500
dispensador	2500
dispensar	2500
dispensario	2500
dispepsia	2500
dispersamente	2500
dispersar	2500
dispersión	2500
disperso	2500
dispersor	2500
dispertar	2500
displacer	2500
display	2500
displicencia	2500
displicente	2500
displáis	2500
dispondeo	2500
disponedor	2500
disponer	2500
disponibilidad	2500
disposición	2500
dispositiva	2500
dispositivo	2500
dispuesta	2500
dispuesto	2500
disputa	2500
disputable	2500
disputador	2500
disputar	2500
dispón	2500
disquete	2500
disquetera	2500
disrumpir	2500
disrupción	2500
disruptivo	2500
distal	2500
distancia	2500
distanciamiento	2500
distanciar	2500
distante	2500
distantemente	2500
distar	2500
diste	2500
disteis	2500
distender	2500
distendidamente	2500
distensible	2500
distensión	2500
disterminar	2500
distilar	2500
distinción	2500
distinguible	2500
distinguido	2500
distinguir	2500
distinta	2500
distintamente	2500
distintivo	2500
distinto	2500
distocia	2500
distorsionador	2500
distorsionar	2500
distorsión	2500
distracción	2500
distraer	2500
distraimiento	2500
distraídamente	2500
distraído	2500
distribución	2500
distribuidor	2500
distribuir	2500
distributivo	2500
distrito	2500
distrofia	2500
disturbar	2500
disturbio	2500
disuadir	2500
disuasivo	2500
disuasión	2500
disuasorio	2500
disuelto	2500
disuria	2500
disyunción	2500
disyuntiva	2500
disyuntivamente	2500
disyuntivo	2500
disyunto	2500
disyuntor	2500
disímil	2500
dita	2500
ditero	2500
ditirambo	2500
diuca	2500
diuresis	2500
diurno	2500
diurético	2500
diuturnidad	2500
diva	2500
divagación	2500
divagador	2500
divagar	2500
divergencia	2500
divergente	2500
divergir	2500
diversamente	2500
diversidad	2500
diversificación	2500
diversificar	2500
diversiforme	2500
diversión	2500
diverso	2500
divertido	2500
divertimento	2500
divertimiento	2500
divertir	2500
dividendo	2500
divididero	2500
dividir	2500
dividivi	2500
divieso	2500
divinal	2500
divinamente	2500
divinar	2500
divinatoria	2500
divinatorio	2500
divinidad	2500
divinización	2500
divinizar	2500
divino	2500
divisa	2500
divisar	2500
divisibilidad	2500
divisible	2500
divisional	2500
divisionario	2500
divisionista	2500
divisivo	2500
división	2500
divisor	2500
divisoria	2500
divisorio	2500
divo	2500
divorciar	2500
divorcio	2500
divulgación	2500
divulgador	2500
divulgar	2500
divulgativo	2500
diván	2500
dix	2500
diyambo	2500
dizque	2500
diácono	2500
diáfano	2500
diálisis	2500
diálogo	2500
diámetro	2500
diáspora	2500
diátesis	2500
diédrico	2500
diéramos	2500
diéremos	2500
diéresis	2500
diésel	2500
diésemos	2500
diñar	2500
diócesis	2500
dióxido	2500
do	2500
dobla	2500
doblada	2500
dobladillar	2500
dobladillo	2500
doblado	2500
doblador	2500
dobladura	2500
doblaje	2500
doblamiento	2500
doblar	2500
doble	2500
doblegadamente	2500
doblegadizo	2500
doblegar	2500
doblemente	2500
doblero	2500
dobles	2500
doblescudo	2500
doblete	2500
doblez	2500
doblonada	2500
doblón	2500
doca	2500
doceavo	2500
docemesino	2500
docena	2500
docenal	2500
docenario	2500
docencia	2500
doceno	2500
docente	2500
doceta	2500
docetismo	2500
docible	2500
docientos	2500
docilidad	2500
docilitar	2500
docimasia	2500
docta	2500
doctamente	2500
docto	2500
doctor	2500
doctorado	2500
doctoral	2500
doctoramiento	2500
doctorando	2500
doctorar	2500
doctrina	2500
doctrinador	2500
doctrinal	2500
doctrinar	2500
doctrinario	2500
doctrinarismo	2500
doctrinero	2500
documentación	2500
documentada	2500
documentado	2500
documental	2500
documentalista	2500
documentalmente	2500
documentar	2500
dodecaedro	2500
dodecafonía	2500
dodrante	2500
doga	2500
dogal	2500
dogaresa	2500
dogma	2500
dogmatismo	2500
dogmatista	2500
dogmatizador	2500
dogmatizante	2500
dogmatizar	2500
dogmáticamente	2500
dogmático	2500
dogo	2500
dogre	2500
doladera	2500
dolador	2500
doladura	2500
dolama	2500
dolame	2500
dolencia	2500
doler	2500
dolicocefalia	2500
dolicocéfalo	2500
doliente	2500
dolmen	2500
dolmán	2500
dolo	2500
dolobre	2500
dolomita	2500
dolomía	2500
dolomítico	2500
dolor	2500
dolora	2500
dolorida	2500
dolorido	2500
dolorioso	2500
dolorosa	2500
dolorosamente	2500
doloroso	2500
doloso	2500
dom	2500
doma	2500
domable	2500
domador	2500
domadura	2500
domar	2500
dombenitense	2500
dombo	2500
domesticable	2500
domesticación	2500
domesticado	2500
domesticar	2500
domesticidad	2500
domestiquez	2500
domeñar	2500
domiciliar	2500
domiciliario	2500
domicilio	2500
dominación	2500
dominador	2500
dominancia	2500
dominante	2500
dominar	2500
dominativo	2500
dominatriz	2500
domingada	2500
dominguejo	2500
dominguero	2500
dominical	2500
dominicano	2500
dominico	2500
dominio	2500
dominiqués	2500
dominó	2500
domo	2500
dompedro	2500
doméstico	2500
domínica	2500
domínico	2500
dona	2500
donación	2500
donado	2500
donador	2500
donaire	2500
donante	2500
donar	2500
donatario	2500
donatismo	2500
donatista	2500
donativo	2500
doncel	2500
doncella	2500
doncellil	2500
dondequiera	2500
dondiego	2500
donear	2500
dones	2500
donguindo	2500
donillero	2500
donjuanear	2500
donjuanesco	2500
donjuanismo	2500
donjuán	2500
donosidad	2500
donosilla	2500
donoso	2500
donostiarra	2500
donosura	2500
dopaje	2500
dopamina	2500
dopar	2500
doquier	2500
doquiera	2500
dorada	2500
dorado	2500
dorador	2500
doradura	2500
doral	2500
dorar	2500
dorio	2500
dormida	2500
dormidero	2500
dormido	2500
dormidor	2500
dormiente	2500
dormijoso	2500
dormilón	2500
dormir	2500
dormitar	2500
dormitivo	2500
dormitorio	2500
dormivela	2500
dormán	2500
dorna	2500
dornajo	2500
dornillero	2500
dornillo	2500
dorsal	2500
dorsalmente	2500
dorso	2500
dosalbo	2500
doscientas	2500
doscientos	2500
dosel	2500
doselera	2500
doselete	2500
doses	2500
dosificación	2500
dosificador	2500
dosificar	2500
dosis	2500
dossier	2500
dotacional	2500
dotación	2500
dotada	2500
dotado	2500
dotador	2500
dotal	2500
dotar	2500
dote	2500
dotrinar	2500
dovela	2500
dovelaje	2500
dovelar	2500
doxología	2500
doy	2500
doña	2500
doñear	2500
doñegal	2500
doñigal	2500
dpto	2500
draba	2500
dracma	2500
draconiano	2500
dragado	2500
dragaminas	2500
dragante	2500
dragar	2500
dragea	2500
drago	2500
dragona	2500
dragoncillo	2500
dragonete	2500
dragonites	2500
dragontea	2500
dragontino	2500
dragón	2500
drama	2500
dramatismo	2500
dramatizar	2500
dramaturgia	2500
dramaturgo	2500
dramáticamente	2500
dramático	2500
drapear	2500
dravídico	2500
drenar	2500
drepanocitosis	2500
driblar	2500
dril	2500
drino	2500
driza	2500
droga	2500
drogadicción	2500
drogadicto	2500
drogar	2500
drogodependencia	2500
drogodependiente	2500
droguero	2500
droguería	2500
droguete	2500
droguista	2500
dromedario	2500
dromomaniaco	2500
dromomanía	2500
dromomaníaco	2500
dron	2500
dropacismo	2500
drope	2500
drosera	2500
druida	2500
druidismo	2500
drupa	2500
drupáceo	2500
drusa	2500
druso	2500
drásticamente	2500
drástico	2500
dríade	2500
dto	2500
dual	2500
dualidad	2500
dualismo	2500
dualista	2500
duba	2500
dubio	2500
dubitable	2500
dubitación	2500
dubitativo	2500
dubitosamente	2500
ducado	2500
ducal	2500
ducalmente	2500
ducentésimo	2500
ducha	2500
duchar	2500
ducho	2500
ductilidad	2500
ductiva	2500
ductivo	2500
ductor	2500
ductriz	2500
duda	2500
dudable	2500
dudar	2500
dudosamente	2500
dudoso	2500
duela	2500
duelista	2500
duelo	2500
duenario	2500
duende	2500
duendo	2500
duermevela	2500
duerna	2500
duerno	2500
dueto	2500
dueña	2500
dueño	2500
dujo	2500
dula	2500
dular	2500
dulcamara	2500
dulce	2500
dulcedumbre	2500
dulcemente	2500
dulcera	2500
dulcero	2500
dulcería	2500
dulceza	2500
dulcificar	2500
dulcinea	2500
dulero	2500
dulzaina	2500
dulzainero	2500
dulzaino	2500
dulzal	2500
dulzamara	2500
dulzor	2500
dulzorar	2500
dulzura	2500
dulzurar	2500
dulzón	2500
dulía	2500
duma	2500
dumidor	2500
duna	2500
duodecimal	2500
duodenal	2500
duodenario	2500
duodenitis	2500
duodeno	2500
duodécimo	2500
duomesino	2500
dupdo	2500
dupla	2500
duplado	2500
duplicación	2500
duplicado	2500
duplicar	2500
duplicativo	2500
duplicatura	2500
duplicidad	2500
duplo	2500
duque	2500
duquesa	2500
dura	2500
durabilidad	2500
duración	2500
duraderamente	2500
duradero	2500
duraluminio	2500
duramadre	2500
duramen	2500
duramente	2500
duramáter	2500
durar	2500
durativo	2500
duraznero	2500
duraznilla	2500
durazno	2500
dureza	2500
durina	2500
durito	2500
durlines	2500
durmiente	2500
duro	2500
duunvir	2500
duunviral	2500
duunvirato	2500
duunviro	2500
dux	2500
duz	2500
dábamos	2500
dádiva	2500
dámela	2500
dámelas	2500
dámelo	2500
dámelos	2500
dándola	2500
dándolas	2500
dándole	2500
dándoles	2500
dándolo	2500
dándolos	2500
dándome	2500
dándomela	2500
dándomelas	2500
dándomelo	2500
dándomelos	2500
dándonos	2500
dándonosla	2500
dándonoslas	2500
dándonoslo	2500
dándonoslos	2500
dándoos	2500
dándoosla	2500
dándooslas	2500
dándooslo	2500
dándooslos	2500
dándose	2500
dándosela	2500
dándoselas	2500
dándoselo	2500
dándoselos	2500
dándote	2500
dándotela	2500
dándotelas	2500
dándotelo	2500
dándotelos	2500
dánico	2500
dánosla	2500
dánoslas	2500
dánoslo	2500
dánoslos	2500
dárdano	2500
dármela	2500
dármelas	2500
dármelo	2500
dármelos	2500
dárnosla	2500
dárnoslas	2500
dárnoslo	2500
dárnoslos	2500
dárosla	2500
dároslas	2500
dároslo	2500
dároslos	2500
dársela	2500
dárselas	2500
dárselo	2500
dárselos	2500
dársena	2500
dártela	2500
dártelas	2500
dártelo	2500
dártelos	2500
dásela	2500
dáselas	2500
dáselo	2500
dáselos	2500
dátil	2500
dé	2500
débil	2500
débilmente	2500
débito	2500
década	2500
décima	2500
décimo	2500
dédalo	2500
déficit	2500
délfico	2500
démela	2500
démelas	2500
démelo	2500
démelos	2500
démoselo	2500
dénmela	2500
dénmelas	2500
dénmelo	2500
dénmelos	2500
dénnosla	2500
dénnoslas	2500
dénnoslo	2500
dénnoslos	2500
dénosla	2500
dénoslas	2500
dénoslo	2500
dénoslos	2500
dérmico	2500
désela	2500
déselas	2500
déselo	2500
déselos	2500
déspota	2500
dí	2500
díada	2500
díctamo	2500
dídimo	2500
dígito	2500
dígrafo	2500
dímela	2500
dímelas	2500
dímelo	2500
dímelos	2500
dínamo	2500
dínosla	2500
dínoslas	2500
dínoslo	2500
dínoslos	2500
díptero	2500
díptico	2500
díscolo	2500
dísela	2500
díselas	2500
díselo	2500
díselos	2500
dístico	2500
dítono	2500
dócil	2500
dócilmente	2500
dólar	2500
dólope	2500
dórico	2500
dúctil	2500
dúo	2500
dúplice	2500
ea	2500
easonense	2500
ebanista	2500
ebanistería	2500
ebionita	2500
ebonita	2500
ebriamente	2500
ebriedad	2500
ebrio	2500
ebrioso	2500
ebullición	2500
eccehomo	2500
eccema	2500
eccematoso	2500
ecdótica	2500
ecdótico	2500
eceptuar	2500
echacantos	2500
echacorvear	2500
echacuervos	2500
echada	2500
echadera	2500
echadero	2500
echadizo	2500
echadle	2500
echadles	2500
echadme	2500
echadnos	2500
echado	2500
echador	2500
echadura	2500
echamiento	2500
echaos	2500
echapellas	2500
echaperros	2500
echar	2500
echazón	2500
echo	2500
echémonos	2500
ecijano	2500
eclampsia	2500
eclecticismo	2500
eclesial	2500
eclesiástico	2500
eclipsar	2500
eclipse	2500
eclosionar	2500
eclosión	2500
ecléctico	2500
eclíptica	2500
eclíptico	2500
eco	2500
ecografía	2500
ecoico	2500
ecolalia	2500
ecolocación	2500
ecologismo	2500
ecologista	2500
ecología	2500
ecológico	2500
economato	2500
economista	2500
economizar	2500
economía	2500
económicamente	2500
económico	2500
ecoparque	2500
ecorregión	2500
ecosistema	2500
ecosonda	2500
ecotado	2500
ectasia	2500
ectodermo	2500
ectodérmico	2500
ectoparásito	2500
ectopia	2500
ecuable	2500
ecuación	2500
ecualización	2500
ecualizar	2500
ecuanimidad	2500
ecuante	2500
ecuatoguineano	2500
ecuatorial	2500
ecuatorianismo	2500
ecuatoriano	2500
ecuestre	2500
ecuménico	2500
ecuo	2500
ecuánime	2500
ecónomo	2500
ed	2500
edad	2500
edecán	2500
edema	2500
edematoso	2500
edetano	2500
edición	2500
edicto	2500
edificación	2500
edificador	2500
edificar	2500
edificativo	2500
edificatorio	2500
edil	2500
edilicio	2500
edilidad	2500
edit	2500
editor	2500
editorial	2500
editorializar	2500
edrar	2500
edredón	2500
educacional	2500
educación	2500
educada	2500
educadamente	2500
educado	2500
educador	2500
educando	2500
educar	2500
educativo	2500
educir	2500
edulcoradamente	2500
edulcorante	2500
edulcorar	2500
edén	2500
ef	2500
efe	2500
efebo	2500
efectismo	2500
efectista	2500
efectivamente	2500
efectividad	2500
efectivo	2500
efecto	2500
efector	2500
efectuar	2500
efeminar	2500
efemérides	2500
eferente	2500
efervescencia	2500
efervescente	2500
efesino	2500
efesio	2500
eficacia	2500
eficaz	2500
eficazmente	2500
eficiencia	2500
eficientemente	2500
efigiar	2500
efigie	2500
eflorecer	2500
eflorescencia	2500
eflorescente	2500
efluente	2500
efluir	2500
efluvio	2500
efod	2500
efraimita	2500
efrateo	2500
efugio	2500
efundir	2500
efusivamente	2500
efusivo	2500
efusión	2500
efímera	2500
efímero	2500
egabrense	2500
egarense	2500
egetano	2500
egilope	2500
egineta	2500
egipciano	2500
egipcio	2500
egiptano	2500
egiptólogo	2500
ego	2500
egocentrismo	2500
egocéntrico	2500
egolatría	2500
egotismo	2500
egoísmo	2500
egoísta	2500
egoístamente	2500
egregiamente	2500
egregio	2500
egresar	2500
eguar	2500
eh	2500
eidético	2500
ej	2500
ejabrir	2500
ejarbe	2500
eje	2500
ejecución	2500
ejecutante	2500
ejecutar	2500
ejecutiva	2500
ejecutivamente	2500
ejecutivo	2500
ejecutor	2500
ejecutoria	2500
ejecutoriar	2500
ejem	2500
ejemplar	2500
ejemplaridad	2500
ejemplario	2500
ejemplarizar	2500
ejemplarmente	2500
ejemplificación	2500
ejemplificar	2500
ejemplo	2500
ejercer	2500
ejercicio	2500
ejercido	2500
ejercitador	2500
ejercitante	2500
ejercitar	2500
ejército	2500
elaboración	2500
elaboradamente	2500
elaborado	2500
elaborador	2500
elaborar	2500
elamita	2500
elasticidad	2500
elaterio	2500
elato	2500
ele	2500
elección	2500
electivo	2500
electo	2500
elector	2500
electorado	2500
electoral	2500
electoralismo	2500
electoralista	2500
electorero	2500
electricidad	2500
electricista	2500
electrificar	2500
electrizador	2500
electrizante	2500
electrizar	2500
electro	2500
electroacústica	2500
electroacústico	2500
electrocardiograma	2500
electrocardiógrafo	2500
electrochoque	2500
electrocutar	2500
electrodinámica	2500
electrodinámico	2500
electrodo	2500
electrodoméstico	2500
electroencefalograma	2500
electroencefalógrafo	2500
electroforesis	2500
electrolisis	2500
electrolito	2500
electrolizador	2500
electrolizar	2500
electrolítico	2500
electromagnetismo	2500
electromagnético	2500
electromecánico	2500
electromotor	2500
electromotriz	2500
electronegativo	2500
electropositivo	2500
electroquímica	2500
electroscopio	2500
electrostática	2500
electrostático	2500
electrotecnia	2500
electroterapia	2500
electrotipia	2500
electrógeno	2500
electrólisis	2500
electrón	2500
electrónicamente	2500
electrónico	2500
electuario	2500
elefancia	2500
elefancíaco	2500
elefanta	2500
elefante	2500
elefantiasis	2500
elefantino	2500
elegancia	2500
elegante	2500
elegantemente	2500
elegantizar	2500
elegibilidad	2500
elegido	2500
elegía	2500
elegíaco	2500
elementado	2500
elemental	2500
elementalmente	2500
elemento	2500
elenco	2500
eleusino	2500
elevación	2500
elevadamente	2500
elevado	2500
elevador	2500
elevalunas	2500
elevamiento	2500
elevar	2500
eleático	2500
elfo	2500
elidir	2500
eligible	2500
eligir	2500
elijar	2500
eliminación	2500
eliminador	2500
eliminar	2500
eliminatoria	2500
eliminatorio	2500
elipse	2500
elipsis	2500
elipsoidal	2500
elipsoide	2500
elisano	2500
elisio	2500
elite	2500
elitismo	2500
elitista	2500
elixir	2500
elle	2500
elocución	2500
elocuencia	2500
elocuente	2500
elocuentemente	2500
elogiador	2500
elogiar	2500
elogio	2500
elogioso	2500
elongación	2500
elongadamente	2500
elongar	2500
elote	2500
elucidación	2500
elucidar	2500
elucidario	2500
eluctable	2500
elucubración	2500
elucubrar	2500
eludible	2500
eludir	2500
elusivo	2500
elzeviriano	2500
elzevirio	2500
elástica	2500
elásticamente	2500
elástico	2500
eléboro	2500
eléctricamente	2500
eléctrico	2500
elíptico	2500
elíseo	2500
emanación	2500
emanantismo	2500
emanantista	2500
emanar	2500
emancipación	2500
emancipador	2500
emancipar	2500
emascular	2500
embabiamiento	2500
embabucar	2500
embachar	2500
embadurnador	2500
embadurnar	2500
embaidor	2500
embaimiento	2500
embairemos	2500
embairá	2500
embairán	2500
embairás	2500
embairé	2500
embairéis	2500
embairía	2500
embairíais	2500
embairíamos	2500
embairían	2500
embairías	2500
embajada	2500
embajador	2500
embajatorio	2500
embalador	2500
embalaje	2500
embalar	2500
embaldosado	2500
embaldosadura	2500
embaldosar	2500
emballenador	2500
emballenar	2500
emballestar	2500
embalsadero	2500
embalsamador	2500
embalsamamiento	2500
embalsamar	2500
embalsar	2500
embalse	2500
embalumar	2500
embanastar	2500
embancar	2500
embanderar	2500
embarazada	2500
embarazado	2500
embarazador	2500
embarazar	2500
embarazo	2500
embarazosamente	2500
embarazoso	2500
embarbascar	2500
embarbecer	2500
embarbillar	2500
embarcación	2500
embarcadero	2500
embarcador	2500
embarcar	2500
embarco	2500
embardar	2500
embargable	2500
embargado	2500
embargador	2500
embargante	2500
embargar	2500
embarnecer	2500
embarnecimiento	2500
embarnizadura	2500
embarnizar	2500
embarque	2500
embarrador	2500
embarradura	2500
embarrancar	2500
embarrar	2500
embarriar	2500
embarrilador	2500
embarrilar	2500
embarrotar	2500
embarullador	2500
embarullar	2500
embasamiento	2500
embastar	2500
embastecer	2500
embatirse	2500
embaucador	2500
embaucamiento	2500
embaucar	2500
embaular	2500
embausamiento	2500
embazador	2500
embazadura	2500
embazar	2500
embaí	2500
embaía	2500
embaíais	2500
embaíamos	2500
embaían	2500
embaías	2500
embaíd	2500
embaída	2500
embaídas	2500
embaído	2500
embaídos	2500
embaímos	2500
embaír	2500
embaírse	2500
embaís	2500
embaíste	2500
embaísteis	2500
embebecer	2500
embebecimiento	2500
embeber	2500
embebida	2500
embecadura	2500
embelecador	2500
embelecamiento	2500
embelecar	2500
embelequero	2500
embelesamiento	2500
embelesar	2500
embeleso	2500
embeleñar	2500
embelga	2500
embellaquecer	2500
embellecedor	2500
embellecer	2500
embellecimiento	2500
embeodar	2500
embermejar	2500
embermejecer	2500
emberrenchinar	2500
emberrinchar	2500
embestida	2500
embestidor	2500
embestidura	2500
embestir	2500
embetunado	2500
embetunar	2500
embicadura	2500
embicar	2500
embijar	2500
embizcar	2500
emblandecer	2500
emblanquear	2500
emblanquecer	2500
emblema	2500
emblemático	2500
embobamiento	2500
embobar	2500
embobecer	2500
embobecimiento	2500
embobinar	2500
embocadero	2500
embocadura	2500
embocar	2500
embocinado	2500
embodegar	2500
embojar	2500
embojo	2500
embolado	2500
embolar	2500
embolia	2500
embolicar	2500
embolismador	2500
embolismal	2500
embolismar	2500
embolsar	2500
embonar	2500
emboquera	2500
emboquillar	2500
embornal	2500
emborrachacabras	2500
emborrachador	2500
emborrachamiento	2500
emborrachar	2500
emborrar	2500
emborrascar	2500
emborrazamiento	2500
emborrazar	2500
emborricar	2500
emborrizar	2500
emborronador	2500
emborronar	2500
emborrullar	2500
emboscada	2500
emboscadura	2500
emboscar	2500
embosquecer	2500
embostar	2500
embotamiento	2500
embotar	2500
embotellador	2500
embotellamiento	2500
embotellar	2500
emboticar	2500
embotijar	2500
embotir	2500
embovedar	2500
embozadamente	2500
embozalar	2500
embozar	2500
emboñigar	2500
embracilar	2500
embragar	2500
embravecer	2500
embravecimiento	2500
embrazadura	2500
embrazar	2500
embreada	2500
embreado	2500
embreadura	2500
embrear	2500
embregar	2500
embreñar	2500
embriagador	2500
embriagante	2500
embriagar	2500
embriago	2500
embriaguez	2500
embribar	2500
embridar	2500
embriogenia	2500
embriología	2500
embrionario	2500
embrisar	2500
embrión	2500
embrocar	2500
embrochalar	2500
embrolla	2500
embrollador	2500
embrollar	2500
embrollo	2500
embrolloso	2500
embrollón	2500
embromador	2500
embromar	2500
embroquelar	2500
embroquetar	2500
embrosquilar	2500
embrujador	2500
embrujamiento	2500
embrujar	2500
embrutecedor	2500
embrutecer	2500
embrutecimiento	2500
embuchado	2500
embuchar	2500
embudador	2500
embudar	2500
embudo	2500
embullador	2500
embullar	2500
emburriar	2500
emburujar	2500
embuste	2500
embustear	2500
embustero	2500
embustidor	2500
embustir	2500
embutar	2500
embutición	2500
embutida	2500
embutidera	2500
embutido	2500
embutir	2500
embuñegar	2500
eme	2500
emelga	2500
emenagogo	2500
emendar	2500
emergencia	2500
emergente	2500
emerger	2500
emeritense	2500
emidosaurio	2500
emigración	2500
emigrante	2500
emigrar	2500
emigratorio	2500
eminencia	2500
eminencial	2500
eminencialmente	2500
eminente	2500
eminentemente	2500
emir	2500
emirato	2500
emiratí	2500
emisario	2500
emisión	2500
emisor	2500
emitir	2500
emocional	2500
emocionalmente	2500
emocionante	2500
emocionar	2500
emoción	2500
emoliente	2500
emolumento	2500
emoticono	2500
emotividad	2500
emotivo	2500
empacador	2500
empacar	2500
empachar	2500
empacho	2500
empachoso	2500
empadrar	2500
empadronador	2500
empadronamiento	2500
empadronar	2500
empajar	2500
empajolar	2500
empalagamiento	2500
empalagar	2500
empalago	2500
empalagoso	2500
empalamiento	2500
empalar	2500
empaliar	2500
empalidecer	2500
empalizar	2500
empalletado	2500
empalmadura	2500
empalmar	2500
empalme	2500
empalomar	2500
empampirolado	2500
empanadilla	2500
empanado	2500
empanar	2500
empandar	2500
empandillar	2500
empantanar	2500
empanzar	2500
empapamiento	2500
empapar	2500
empapelador	2500
empapelar	2500
empapirotar	2500
empapizar	2500
empapuciar	2500
empapujar	2500
empapuzar	2500
empaque	2500
empaquetador	2500
empaquetadura	2500
empaquetar	2500
emparamentar	2500
emparchar	2500
emparedado	2500
emparedamiento	2500
emparedar	2500
emparejadamente	2500
emparejador	2500
emparejadura	2500
emparejamiento	2500
emparejar	2500
emparentar	2500
emparrado	2500
emparrar	2500
emparrillado	2500
emparrillar	2500
emparvar	2500
empastador	2500
empastar	2500
empaste	2500
empastelamiento	2500
empastelar	2500
empatadera	2500
empatar	2500
empate	2500
empatizar	2500
empatía	2500
empavesado	2500
empavesar	2500
empavonar	2500
empavorecer	2500
empañadura	2500
empañar	2500
empañicar	2500
empecatado	2500
empece	2500
empecedero	2500
empecedor	2500
empecen	2500
empecer	2500
empecerán	2500
empeceré	2500
empecería	2500
empecerían	2500
empechar	2500
empecible	2500
empeciente	2500
empeciera	2500
empecieran	2500
empeciere	2500
empecieren	2500
empecieron	2500
empeciese	2500
empeciesen	2500
empecimiento	2500
empecinadamente	2500
empecinado	2500
empecinamiento	2500
empecinar	2500
empeció	2500
empecía	2500
empecían	2500
empedecer	2500
empedernecer	2500
empedernida	2500
empedernidas	2500
empedernido	2500
empedernidos	2500
empedernir	2500
empedernirse	2500
empedrado	2500
empedrador	2500
empedramiento	2500
empedrar	2500
empegar	2500
empeguntar	2500
empeine	2500
empeinoso	2500
empelar	2500
empelazgar	2500
empelechar	2500
empellar	2500
empellejar	2500
empeller	2500
empellicar	2500
empelotar	2500
empenachado	2500
empenachar	2500
empendolar	2500
empentar	2500
empeoramiento	2500
empeorar	2500
empequeñecer	2500
emperador	2500
emperatriz	2500
emperchar	2500
empercudir	2500
emperdigar	2500
emperejilar	2500
emperezar	2500
empergaminar	2500
emperifollar	2500
empernar	2500
empero	2500
emperramiento	2500
emperrar	2500
empersonar	2500
empesador	2500
empesgar	2500
empestar	2500
empestillar	2500
empetro	2500
empezar	2500
empezca	2500
empezcan	2500
empeñadamente	2500
empeñado	2500
empeñar	2500
empeño	2500
empeñosamente	2500
empicar	2500
empicotadura	2500
empicotar	2500
empiece	2500
empiema	2500
empigüelar	2500
empilar	2500
empinadura	2500
empinamiento	2500
empinar	2500
empingorotar	2500
empiolar	2500
empipar	2500
empireuma	2500
empirismo	2500
empirista	2500
empitonar	2500
empizarrar	2500
empizcar	2500
emplantillar	2500
emplastadura	2500
emplastamiento	2500
emplastar	2500
emplastecer	2500
emplasto	2500
emplatado	2500
emplatar	2500
emplazador	2500
emplazamiento	2500
emplazar	2500
emplea	2500
empleado	2500
empleador	2500
emplear	2500
emplebeyecer	2500
empleitero	2500
empleo	2500
emplomado	2500
emplomadura	2500
emplomar	2500
emplumajar	2500
emplumar	2500
emplumecer	2500
empobrecedor	2500
empobrecer	2500
empobrecimiento	2500
empoderar	2500
empodrecer	2500
empolla	2500
empolladura	2500
empollar	2500
empollón	2500
empoltronecer	2500
empolvar	2500
empolvoramiento	2500
empolvorar	2500
empolvorizar	2500
emponzoñamiento	2500
emponzoñar	2500
empopar	2500
emporcar	2500
emporio	2500
empotrado	2500
empotramiento	2500
empotrar	2500
empozar	2500
empradizar	2500
emprar	2500
emprendedor	2500
emprendedoramente	2500
emprender	2500
emprendimiento	2500
emprensar	2500
emprenta	2500
emprentar	2500
empresarial	2500
empresario	2500
empresentar	2500
emprestar	2500
emprestillar	2500
empreñar	2500
emprimar	2500
emprimir	2500
empringar	2500
empréstito	2500
empuchar	2500
empuesta	2500
empujador	2500
empujar	2500
empuje	2500
empujón	2500
empulgadura	2500
empulgar	2500
empuntar	2500
empurpurado	2500
empurrar	2500
emputecer	2500
empuyarse	2500
empuñadura	2500
empuñar	2500
empuñidura	2500
empáticamente	2500
empático	2500
empíreo	2500
empíricamente	2500
empírico	2500
emulación	2500
emulador	2500
emular	2500
emulgente	2500
emulsionar	2500
emulsivo	2500
emulsión	2500
emulsor	2500
emuntorio	2500
emérito	2500
emético	2500
enaceitar	2500
enacerar	2500
enaciyar	2500
enagua	2500
enaguachar	2500
enaguar	2500
enaguazar	2500
enajenación	2500
enajenado	2500
enajenador	2500
enajenamiento	2500
enajenante	2500
enajenar	2500
enalbar	2500
enalbardar	2500
enalmagrar	2500
enaltecedor	2500
enaltecer	2500
enaltecimiento	2500
enamarillecer	2500
enamoradamente	2500
enamoradizo	2500
enamorado	2500
enamorador	2500
enamoramiento	2500
enamorar	2500
enamoricar	2500
enamoriscar	2500
enanarse	2500
enanchar	2500
enangostar	2500
enanismo	2500
enano	2500
enante	2500
enanzar	2500
enarbolar	2500
enarcar	2500
enardecedor	2500
enardecer	2500
enardecimiento	2500
enarenar	2500
enarmonar	2500
enarrar	2500
enartar	2500
enaspar	2500
enastar	2500
enastilar	2500
enatieza	2500
enatío	2500
encabalgar	2500
encaballar	2500
encabar	2500
encabellar	2500
encabellecer	2500
encabestradura	2500
encabestrar	2500
encabezamiento	2500
encabezar	2500
encabezonar	2500
encabrahigar	2500
encabriar	2500
encabrillar	2500
encabritar	2500
encabronar	2500
encabruñar	2500
encachar	2500
encadar	2500
encadenado	2500
encadenadura	2500
encadenamiento	2500
encadenar	2500
encaecer	2500
encajadas	2500
encajador	2500
encajadura	2500
encajar	2500
encaje	2500
encajerar	2500
encajetillar	2500
encajonamiento	2500
encajonar	2500
encalabozar	2500
encalabriar	2500
encalabrinamiento	2500
encalabrinar	2500
encalador	2500
encalar	2500
encalcar	2500
encalladero	2500
encalladura	2500
encallar	2500
encallecer	2500
encallejonar	2500
encalletrar	2500
encalmadura	2500
encalmar	2500
encalostrar	2500
encalvar	2500
encalvecer	2500
encalzar	2500
encamar	2500
encamarar	2500
encambijar	2500
encambrar	2500
encambronar	2500
encaminadura	2500
encaminamiento	2500
encaminar	2500
encamisar	2500
encamonado	2500
encampanar	2500
encanalar	2500
encanalizar	2500
encanallamiento	2500
encanallar	2500
encanar	2500
encanastar	2500
encancerar	2500
encandecer	2500
encandelar	2500
encandiladamente	2500
encandiladera	2500
encandilado	2500
encandilador	2500
encandilar	2500
encanecer	2500
encanecimiento	2500
encanijamiento	2500
encanijar	2500
encanillar	2500
encantado	2500
encantadoramente	2500
encantamento	2500
encantamiento	2500
encantar	2500
encantarar	2500
encanto	2500
encantorio	2500
encantusar	2500
encanutar	2500
encapacetado	2500
encapachadura	2500
encapachar	2500
encapado	2500
encapar	2500
encapazar	2500
encaperuzar	2500
encapilladura	2500
encapillar	2500
encapirotar	2500
encapotadura	2500
encapotamiento	2500
encapotar	2500
encaprichar	2500
encapsular	2500
encapuchar	2500
encapuzar	2500
encarado	2500
encaramar	2500
encaramiento	2500
encarar	2500
encaratular	2500
encarcavinar	2500
encarcelación	2500
encarcelada	2500
encarcelador	2500
encarcelamiento	2500
encarcelar	2500
encarcerar	2500
encarecedor	2500
encarecer	2500
encarecidamente	2500
encargado	2500
encargamiento	2500
encargar	2500
encargue	2500
encariñar	2500
encarnación	2500
encarnadino	2500
encarnado	2500
encarnamiento	2500
encarnar	2500
encarnativo	2500
encarnecer	2500
encarnizadamente	2500
encarnizamiento	2500
encarnizar	2500
encarpetar	2500
encarriladera	2500
encarrilar	2500
encarrillar	2500
encarroñar	2500
encarrujado	2500
encarrujar	2500
encartación	2500
encartamiento	2500
encartar	2500
encartonador	2500
encartonar	2500
encartuchar	2500
encartujado	2500
encasamento	2500
encasar	2500
encascabelar	2500
encascar	2500
encascotar	2500
encasilladamente	2500
encasillar	2500
encasquetar	2500
encasquillar	2500
encastar	2500
encastillador	2500
encastillamiento	2500
encastillar	2500
encastrar	2500
encatalejar	2500
encatusar	2500
encauchar	2500
encausar	2500
encauste	2500
encausto	2500
encauzamiento	2500
encauzar	2500
encavar	2500
encañado	2500
encañamar	2500
encañar	2500
encañizar	2500
encañonado	2500
encañonar	2500
encañutar	2500
encebadamiento	2500
encebadar	2500
encebollar	2500
enceguecedor	2500
enceguecer	2500
encelajar	2500
encelamiento	2500
encelar	2500
enceldamiento	2500
enceldar	2500
encella	2500
encellar	2500
encenagamiento	2500
encenagar	2500
encencerrado	2500
encendaja	2500
encendedor	2500
encender	2500
encendido	2500
encendimiento	2500
encendrar	2500
encenizar	2500
encensuar	2500
encentamiento	2500
encentar	2500
encentrar	2500
encepador	2500
encepadura	2500
encepar	2500
encerado	2500
encerador	2500
enceramiento	2500
encerar	2500
encernadar	2500
encerotar	2500
encerradero	2500
encerrar	2500
encerrizar	2500
encerrona	2500
encespedar	2500
encestar	2500
enceste	2500
encetadura	2500
encetar	2500
enchancletar	2500
enchapar	2500
enchapinado	2500
encharcamiento	2500
encharcar	2500
enchavetar	2500
enchicar	2500
enchinar	2500
enchinarrar	2500
enchiqueramiento	2500
enchiquerar	2500
enchironar	2500
enchispar	2500
enchufar	2500
enchufe	2500
enchular	2500
enchuletar	2500
enchumbar	2500
enciclopedia	2500
enciclopedismo	2500
enciclopedista	2500
enciclopédico	2500
encierro	2500
encimar	2500
encimera	2500
encina	2500
encinal	2500
encinar	2500
encino	2500
encintar	2500
encismar	2500
enciso	2500
encitar	2500
encizañar	2500
enclaustrar	2500
enclavar	2500
enclavijar	2500
enclenque	2500
enclocar	2500
encloquecer	2500
encluecar	2500
enclítico	2500
encobar	2500
encobertado	2500
encobijar	2500
encobilar	2500
encobrar	2500
encochado	2500
encoclar	2500
encocorar	2500
encodillar	2500
encofinar	2500
encofrado	2500
encofrar	2500
encoger	2500
encogido	2500
encogimiento	2500
encogollar	2500
encohetar	2500
encojar	2500
encoladura	2500
encolamiento	2500
encolar	2500
encolerizado	2500
encolerizar	2500
encomendado	2500
encomendar	2500
encomendero	2500
encomenzar	2500
encomiador	2500
encomiar	2500
encomiasta	2500
encomienda	2500
encomio	2500
encomiástico	2500
encompadrar	2500
enconado	2500
enconadura	2500
enconamiento	2500
enconar	2500
enconchar	2500
enconfitar	2500
encono	2500
enconoso	2500
enconrear	2500
encontradizo	2500
encontrado	2500
encontrar	2500
encontrón	2500
encopetar	2500
encorachar	2500
encorajar	2500
encorajinar	2500
encorar	2500
encorchador	2500
encorchar	2500
encorchetar	2500
encordadura	2500
encordar	2500
encordelar	2500
encordonar	2500
encorecer	2500
encornado	2500
encornudar	2500
encorozar	2500
encorralar	2500
encorrear	2500
encorselar	2500
encorsetar	2500
encortar	2500
encortinar	2500
encorujar	2500
encorvada	2500
encorvamiento	2500
encorvar	2500
encosadura	2500
encostalar	2500
encostar	2500
encostillado	2500
encostradura	2500
encostrar	2500
encovadura	2500
encovar	2500
encrasar	2500
encrespado	2500
encrespador	2500
encrespadura	2500
encrespamiento	2500
encrespar	2500
encrestar	2500
encriptado	2500
encriptar	2500
encristalar	2500
encrucijada	2500
encrudecer	2500
encrudelecer	2500
encruelecer	2500
encuadernación	2500
encuadernador	2500
encuadernar	2500
encuadramiento	2500
encuadrar	2500
encuartar	2500
encuarte	2500
encuartero	2500
encubar	2500
encubertar	2500
encubiertamente	2500
encubierto	2500
encubridizo	2500
encubridor	2500
encubrir	2500
encuentro	2500
encuerar	2500
encuestador	2500
encuestar	2500
encuevar	2500
encuitar	2500
enculatar	2500
enculpar	2500
encumbramiento	2500
encumbrar	2500
encunar	2500
encurdar	2500
encureñar	2500
encurtir	2500
encéfalo	2500
encía	2500
encíclica	2500
ende	2500
endeble	2500
endeblez	2500
endeblucho	2500
endechadera	2500
endechar	2500
endehesar	2500
endeliñar	2500
endemia	2500
endemismo	2500
endemoniadamente	2500
endemoniado	2500
endemoniar	2500
endentar	2500
endentecer	2500
enderechar	2500
endereza	2500
enderezado	2500
enderezamiento	2500
enderezar	2500
endeudamiento	2500
endeudar	2500
endevotado	2500
endeñar	2500
endiabladamente	2500
endiablar	2500
endibia	2500
endilgador	2500
endilgar	2500
endiosamiento	2500
endiosar	2500
endivia	2500
endiñar	2500
endoblado	2500
endoblar	2500
endocardio	2500
endocarditis	2500
endocarpio	2500
endocrino	2500
endocrinólogo	2500
endodermo	2500
endoesqueleto	2500
endogamia	2500
endogénesis	2500
endolinfa	2500
endomingar	2500
endonar	2500
endorreico	2500
endorsar	2500
endosar	2500
endosatario	2500
endoscopia	2500
endoscopio	2500
endoselar	2500
endoso	2500
endospermo	2500
endotelial	2500
endotelio	2500
endovenoso	2500
endrezar	2500
endriago	2500
endrina	2500
endrinal	2500
endrino	2500
endrogar	2500
endulcecer	2500
endulzadura	2500
endulzar	2500
endulzorar	2500
endulzurar	2500
endurador	2500
endurar	2500
endurecedor	2500
endurecer	2500
endurecimiento	2500
endémico	2500
ene	2500
enea	2500
eneal	2500
eneasílabo	2500
enebral	2500
enebrina	2500
enebro	2500
enechar	2500
enejar	2500
eneldo	2500
enema	2500
enemiga	2500
enemigar	2500
enemigo	2500
enemistad	2500
enemistar	2500
energizante	2500
energizar	2500
energética	2500
energético	2500
energía	2500
energúmeno	2500
enerizar	2500
enertarse	2500
enervador	2500
enervamiento	2500
enervante	2500
enervantemente	2500
enervar	2500
enescar	2500
enfadadamente	2500
enfadadizo	2500
enfadadísimo	2500
enfadamiento	2500
enfadar	2500
enfado	2500
enfadosamente	2500
enfadoso	2500
enfaenado	2500
enfajar	2500
enfaldador	2500
enfaldar	2500
enfaldo	2500
enfangar	2500
enfardador	2500
enfardar	2500
enfardelador	2500
enfardeladura	2500
enfardelar	2500
enfastiar	2500
enfatizar	2500
enferma	2500
enfermar	2500
enfermedad	2500
enfermero	2500
enfermería	2500
enfermizar	2500
enfermizo	2500
enfermo	2500
enfermucho	2500
enferozar	2500
enfervorecer	2500
enfervorizador	2500
enfervorizar	2500
enfestar	2500
enfeudar	2500
enfiar	2500
enficionar	2500
enfielar	2500
enfierecer	2500
enfiestar	2500
enfilar	2500
enfingir	2500
enfisema	2500
enfistolar	2500
enfiteuta	2500
enfiteuticario	2500
enfitéutico	2500
enfiuzar	2500
enflacar	2500
enflaquecer	2500
enflaquecimiento	2500
enflautar	2500
enflechado	2500
enflorar	2500
enflorecer	2500
enfocar	2500
enfogar	2500
enforcar	2500
enfornar	2500
enforrar	2500
enfortalecer	2500
enfortecer	2500
enfortir	2500
enfoscadero	2500
enfoscar	2500
enfotarse	2500
enfrailar	2500
enfranque	2500
enfranquecer	2500
enfrascamiento	2500
enfrascar	2500
enfrenamiento	2500
enfrenar	2500
enfrentamiento	2500
enfrentar	2500
enfriadera	2500
enfriadero	2500
enfriador	2500
enfriamiento	2500
enfriar	2500
enfrontar	2500
enfrontilar	2500
enfroscar	2500
enfullar	2500
enfundadura	2500
enfundar	2500
enfurecer	2500
enfurecimiento	2500
enfuriar	2500
enfurruscar	2500
enfurruñamiento	2500
enfurruñar	2500
enfurtido	2500
enfurtir	2500
enfusar	2500
enfusir	2500
enfuñar	2500
enfáticamente	2500
enfático	2500
engafar	2500
engafecer	2500
engafetar	2500
engaitador	2500
engaitar	2500
engalabernar	2500
engalanar	2500
engalgar	2500
engaliar	2500
engallador	2500
engallar	2500
engalle	2500
enganchador	2500
enganchamiento	2500
enganchar	2500
enganche	2500
engandujar	2500
engarabatar	2500
engarabitar	2500
engarbar	2500
engarberar	2500
engarbullar	2500
engarce	2500
engarfiar	2500
engargantadura	2500
engargantar	2500
engargante	2500
engargolar	2500
engaritar	2500
engarmar	2500
engarnio	2500
engarrafador	2500
engarrafar	2500
engarrar	2500
engarro	2500
engarronar	2500
engarrotar	2500
engarzador	2500
engarzadura	2500
engarzar	2500
engasgar	2500
engastador	2500
engastadura	2500
engastar	2500
engaste	2500
engastonar	2500
engatar	2500
engatillar	2500
engatusador	2500
engatusamiento	2500
engatusar	2500
engaviar	2500
engavillar	2500
engazador	2500
engazamiento	2500
engazar	2500
engañabobos	2500
engañador	2500
engañar	2500
engañifa	2500
engaño	2500
engañosamente	2500
engañoso	2500
engendrador	2500
engendramiento	2500
engendrar	2500
engendro	2500
engeridor	2500
engerir	2500
engestado	2500
engeñar	2500
engibar	2500
englandado	2500
englantado	2500
englobar	2500
englutir	2500
engocetar	2500
engolar	2500
engolfar	2500
engolillado	2500
engollamiento	2500
engolletado	2500
engolletar	2500
engollipar	2500
engolondrinar	2500
engolosinador	2500
engolosinar	2500
engomado	2500
engomadura	2500
engomar	2500
engominar	2500
engonzar	2500
engorar	2500
engordadero	2500
engordador	2500
engordar	2500
engordecer	2500
engorgoritar	2500
engorrar	2500
engorronar	2500
engorroso	2500
engoznar	2500
engraciar	2500
engramear	2500
engranaje	2500
engranar	2500
engrandar	2500
engrandecer	2500
engrandecimiento	2500
engranerar	2500
engranujar	2500
engrapar	2500
engrasador	2500
engrasar	2500
engravecer	2500
engredar	2500
engreimiento	2500
engrescar	2500
engreído	2500
engreír	2500
engrifar	2500
engrillar	2500
engrilletar	2500
engringar	2500
engrosamiento	2500
engrosar	2500
engrosecer	2500
engrudador	2500
engrudamiento	2500
engrudar	2500
engrudo	2500
engruesar	2500
engrumecer	2500
engruñar	2500
enguachinar	2500
engualdrapar	2500
enguantar	2500
enguatar	2500
enguedejado	2500
enguerar	2500
enguichado	2500
enguijarrar	2500
enguillotar	2500
enguirnaldar	2500
enguizgar	2500
engullidor	2500
engullir	2500
engurrar	2500
engurrio	2500
engurruminar	2500
engurrumir	2500
engurruñar	2500
engurruñir	2500
engusgar	2500
engüerar	2500
enhacinar	2500
enhadar	2500
enharinar	2500
enhastiar	2500
enhastillar	2500
enhatijar	2500
enhebillar	2500
enhebrar	2500
enhechizar	2500
enhenar	2500
enherbolar	2500
enhestador	2500
enhestadura	2500
enhestamiento	2500
enhestar	2500
enhetrar	2500
enhielar	2500
enhiesto	2500
enhilar	2500
enhollinar	2500
enhorabuena	2500
enhoramala	2500
enhorcar	2500
enhornar	2500
enhotar	2500
enhuecar	2500
enhuerar	2500
enhumedecer	2500
enigma	2500
enigmatista	2500
enigmáticamente	2500
enigmático	2500
enjabonar	2500
enjaezar	2500
enjaguadura	2500
enjaguar	2500
enjalbegador	2500
enjalbegadura	2500
enjalbegar	2500
enjalbiego	2500
enjalmar	2500
enjambradera	2500
enjambradero	2500
enjambrar	2500
enjambre	2500
enjaquimar	2500
enjarciar	2500
enjardar	2500
enjardinar	2500
enjaretado	2500
enjaretar	2500
enjaular	2500
enjebar	2500
enjergar	2500
enjerir	2500
enjero	2500
enjertal	2500
enjertar	2500
enjordanar	2500
enjorguinar	2500
enjoyar	2500
enjoyelado	2500
enjoyelador	2500
enjuagadientes	2500
enjuagadura	2500
enjuagar	2500
enjuagatorio	2500
enjuague	2500
enjugador	2500
enjugar	2500
enjuiciamiento	2500
enjuiciar	2500
enjullo	2500
enjuncar	2500
enjundia	2500
enjundioso	2500
enjurar	2500
enjuta	2500
enjutar	2500
enjuto	2500
enlabiador	2500
enlabiar	2500
enlace	2500
enlaciar	2500
enladrillado	2500
enladrilladura	2500
enladrillar	2500
enlagunar	2500
enlamar	2500
enlaminar	2500
enlanchar	2500
enlardar	2500
enlatar	2500
enlazador	2500
enlazadura	2500
enlazamiento	2500
enlazar	2500
enlechar	2500
enlechuguillado	2500
enlegajar	2500
enlegamar	2500
enlejiar	2500
enlenzar	2500
enlerdar	2500
enligar	2500
enlijar	2500
enlistonar	2500
enlizar	2500
enllantar	2500
enllenar	2500
enllentecer	2500
enllocar	2500
enlobreguecer	2500
enlodadura	2500
enlodamiento	2500
enlodar	2500
enlodazar	2500
enlomar	2500
enloquecedor	2500
enloquecer	2500
enloquecimiento	2500
enlosado	2500
enlosador	2500
enlosar	2500
enlozanar	2500
enlucernar	2500
enlucido	2500
enlucidor	2500
enlucir	2500
enlustrecer	2500
enlutar	2500
enmaderar	2500
enmadrar	2500
enmagrecer	2500
enmalecer	2500
enmallar	2500
enmangar	2500
enmantar	2500
enmarar	2500
enmarañar	2500
enmarcar	2500
enmarchitar	2500
enmaridar	2500
enmarillecer	2500
enmaromar	2500
enmascarado	2500
enmascaramiento	2500
enmascarar	2500
enmasillar	2500
enmatar	2500
enmechar	2500
enmelar	2500
enmendador	2500
enmendadura	2500
enmendar	2500
enmienda	2500
enmocecer	2500
enmohecer	2500
enmohecimiento	2500
enmollecer	2500
enmondar	2500
enmontar	2500
enmoquetar	2500
enmordazar	2500
enmostar	2500
enmotar	2500
enmudecer	2500
enmudecimiento	2500
enmugrecer	2500
enmustiar	2500
enneciar	2500
ennegrecer	2500
ennegrecimiento	2500
ennoblecedor	2500
ennoblecer	2500
ennoblecimiento	2500
ennudecer	2500
enojadizo	2500
enojar	2500
enojosa	2500
enojosamente	2500
enojoso	2500
enorgullecedor	2500
enorgullecer	2500
enorgullecimiento	2500
enorme	2500
enormemente	2500
enormidad	2500
enotecnia	2500
enoyar	2500
enquiciar	2500
enquillotrar	2500
enquistar	2500
enrabar	2500
enrabiar	2500
enrabietar	2500
enracimar	2500
enrafar	2500
enraigonar	2500
enraizar	2500
enralecer	2500
enramada	2500
enramado	2500
enramar	2500
enramblar	2500
enranciar	2500
enrarecer	2500
enrarecimiento	2500
enrasamiento	2500
enrasar	2500
enrase	2500
enrasillar	2500
enratonar	2500
enrayar	2500
enreciar	2500
enredadera	2500
enredador	2500
enredar	2500
enredijo	2500
enredo	2500
enredoso	2500
enrehojar	2500
enrejadura	2500
enrejalar	2500
enrejar	2500
enresmar	2500
enrevesado	2500
enriado	2500
enriador	2500
enriamiento	2500
enriar	2500
enridar	2500
enrielar	2500
enrigidecer	2500
enriostrar	2500
enripiar	2500
enrique	2500
enriquecedor	2500
enriquecer	2500
enriquecimiento	2500
enriscamiento	2500
enriscar	2500
enristrar	2500
enrizamiento	2500
enrizar	2500
enrobinar	2500
enrobrescido	2500
enrocar	2500
enrodar	2500
enrodelado	2500
enrodrigar	2500
enrodrigonar	2500
enrojar	2500
enrojecer	2500
enrojecimiento	2500
enrolamiento	2500
enrolar	2500
enrollado	2500
enrollamiento	2500
enrollar	2500
enromar	2500
enronar	2500
enronquecer	2500
enronquecimiento	2500
enroscadura	2500
enroscamiento	2500
enroscar	2500
enroñar	2500
enrredosamente	2500
enrubescer	2500
enrubiador	2500
enrubiar	2500
enrudecer	2500
enrugar	2500
enruinecer	2500
enrunar	2500
ensabanar	2500
ensaimada	2500
ensaladera	2500
ensalivar	2500
ensalmador	2500
ensalmar	2500
ensalobrar	2500
ensalzador	2500
ensalzamiento	2500
ensalzar	2500
ensambenitar	2500
ensamblado	2500
ensamblador	2500
ensambladura	2500
ensamblar	2500
ensamble	2500
ensancha	2500
ensanchador	2500
ensanchamiento	2500
ensanchar	2500
ensanche	2500
ensandecer	2500
ensangostar	2500
ensangrentamiento	2500
ensangrentar	2500
ensarmentar	2500
ensarnecer	2500
ensartar	2500
ensay	2500
ensayador	2500
ensayalar	2500
ensayar	2500
ensaye	2500
ensayismo	2500
ensayista	2500
ensañado	2500
ensañamiento	2500
ensañar	2500
ensebar	2500
ensecar	2500
enselvar	2500
ensenada	2500
ensenar	2500
enserar	2500
enseriar	2500
enserir	2500
enseñado	2500
enseñanza	2500
enseñar	2500
enseñorear	2500
ensiforme	2500
ensilado	2500
ensilaje	2500
ensilar	2500
ensilladura	2500
ensillar	2500
ensilvecer	2500
ensimismamiento	2500
ensimismar	2500
ensobear	2500
ensoberbecer	2500
ensoberbecimiento	2500
ensobinar	2500
ensobrar	2500
ensogar	2500
ensolerar	2500
ensolver	2500
ensombrecer	2500
ensombrerado	2500
ensopar	2500
ensordar	2500
ensordecedor	2500
ensordecer	2500
ensordecimiento	2500
ensortijamiento	2500
ensortijar	2500
ensotar	2500
ensoñación	2500
ensoñar	2500
ensuciador	2500
ensuciamiento	2500
ensuciar	2500
ensugar	2500
ensullo	2500
ensáis	2500
entabacar	2500
entablada	2500
entabladura	2500
entablamento	2500
entablar	2500
entablerar	2500
entablillar	2500
entada	2500
entado	2500
entalamadura	2500
entalamar	2500
entalegar	2500
entalingar	2500
entallamiento	2500
entallar	2500
entallecer	2500
entalonar	2500
entalpía	2500
entamar	2500
entandar	2500
entapecer	2500
entapizar	2500
entapujar	2500
entarascar	2500
entarimado	2500
entarimador	2500
entarimar	2500
entarquinamiento	2500
entarquinar	2500
entarugar	2500
ente	2500
entecar	2500
entecarse	2500
enteco	2500
entejar	2500
entelar	2500
entelequia	2500
entelerido	2500
entenciar	2500
entendedor	2500
entender	2500
entendida	2500
entendido	2500
entendimiento	2500
entenebrar	2500
entenebrecer	2500
entenga	2500
entente	2500
entera	2500
enterado	2500
enteralgia	2500
enteramente	2500
enterar	2500
entercar	2500
entereza	2500
enteritis	2500
enterizo	2500
enternecedor	2500
enternecedoramente	2500
enternecer	2500
enternecidamente	2500
enternecimiento	2500
entero	2500
enterocolitis	2500
enterrador	2500
enterramiento	2500
enterrar	2500
enterísima	2500
entesar	2500
entestar	2500
entestecer	2500
entibación	2500
entibar	2500
entibiar	2500
entibiecer	2500
entidad	2500
entierro	2500
entiesar	2500
entigrecer	2500
entimema	2500
entinar	2500
entintado	2500
entintar	2500
entirriarse	2500
entitativo	2500
entizar	2500
entiznar	2500
entlo	2500
entolar	2500
entoldado	2500
entoldar	2500
entomecer	2500
entomizar	2500
entomología	2500
entomólogo	2500
entonación	2500
entonamiento	2500
entonar	2500
entonce	2500
entonelar	2500
entongar	2500
entontecer	2500
entontecimiento	2500
entorcar	2500
entorchada	2500
entorchado	2500
entorchar	2500
entorilar	2500
entornar	2500
entornillar	2500
entorpecedor	2500
entorpecer	2500
entorpecimiento	2500
entortar	2500
entortijar	2500
entosicar	2500
entosigar	2500
entoñar	2500
entrabar	2500
entrada	2500
entradla	2500
entradlas	2500
entradle	2500
entradles	2500
entradlo	2500
entradlos	2500
entradme	2500
entradnos	2500
entrado	2500
entrador	2500
entramado	2500
entramar	2500
entrambos	2500
entrampar	2500
entrampillar	2500
entrante	2500
entraos	2500
entrapajar	2500
entrapar	2500
entrapazar	2500
entrar	2500
entraña	2500
entrañable	2500
entrañablemente	2500
entrañar	2500
entrañizar	2500
entraño	2500
entreabierto	2500
entreabrir	2500
entrecanal	2500
entrecasco	2500
entrecavar	2500
entrecejo	2500
entrecerrar	2500
entrechocar	2500
entrecoger	2500
entrecomar	2500
entrecomillado	2500
entrecomillar	2500
entrecortar	2500
entrecriar	2500
entrecruzar	2500
entrecuesto	2500
entredecir	2500
entrederramar	2500
entredicho	2500
entredoble	2500
entredí	2500
entredós	2500
entreforro	2500
entrega	2500
entregada	2500
entregador	2500
entregar	2500
entregerir	2500
entreguerras	2500
entrejuntar	2500
entrelazado	2500
entrelazamiento	2500
entrelazar	2500
entrelinear	2500
entrellevar	2500
entrelucir	2500
entremediar	2500
entremesar	2500
entremesear	2500
entremesista	2500
entremeter	2500
entremezclar	2500
entremiche	2500
entremijo	2500
entremiso	2500
entremorir	2500
entremostrar	2500
entremés	2500
entrenador	2500
entrenamiento	2500
entrenar	2500
entrencar	2500
entrenudo	2500
entrenzar	2500
entreoír	2500
entrepalmadura	2500
entreparecer	2500
entrepelar	2500
entrepernar	2500
entreponer	2500
entrepretado	2500
entrepuente	2500
entrepunzar	2500
entrerrenglonar	2500
entrerriano	2500
entresijo	2500
entretallar	2500
entretanto	2500
entretejer	2500
entretela	2500
entretelar	2500
entretenedor	2500
entretener	2500
entretenidamente	2500
entretenido	2500
entretenimiento	2500
entretomar	2500
entretén	2500
entreuntar	2500
entrevar	2500
entrevenar	2500
entrevenir	2500
entrever	2500
entreverado	2500
entreverar	2500
entrevigar	2500
entrevistador	2500
entrevistar	2500
entrevisto	2500
entrevolver	2500
entrevé	2500
entreyacer	2500
entricar	2500
entriega	2500
entrillar	2500
entripado	2500
entristecedor	2500
entristecer	2500
entristecimiento	2500
entrizar	2500
entro	2500
entrojar	2500
entrometer	2500
entrometido	2500
entrometimiento	2500
entronar	2500
entroncamiento	2500
entroncar	2500
entronecer	2500
entronerar	2500
entronización	2500
entronizar	2500
entropezar	2500
entropía	2500
entruchar	2500
entruejo	2500
entrujar	2500
entrémonos	2500
entubajar	2500
entubar	2500
entuerto	2500
entullecer	2500
entumecer	2500
entumecimiento	2500
entumir	2500
entunicar	2500
entupir	2500
enturar	2500
enturbiamiento	2500
enturbiar	2500
entusiasmar	2500
entusiasmo	2500
entusiasta	2500
entusiastamente	2500
entusiástico	2500
entuñar	2500
enumeración	2500
enumerar	2500
enumerativo	2500
enunciación	2500
enunciado	2500
enunciar	2500
enunciativo	2500
envacar	2500
envaguecer	2500
envainador	2500
envainar	2500
envalentonamiento	2500
envalentonar	2500
envalijar	2500
envanecer	2500
envanecimiento	2500
envaramiento	2500
envarar	2500
envarbascar	2500
envarescer	2500
envaronar	2500
envasador	2500
envasar	2500
envase	2500
envedijar	2500
envejecer	2500
envejecido	2500
envejecimiento	2500
envelar	2500
envenenador	2500
envenenamiento	2500
envenenar	2500
enverar	2500
enverdecer	2500
enverdir	2500
envergadura	2500
envergar	2500
envergonzar	2500
enverjado	2500
envernar	2500
envesar	2500
envestir	2500
enviado	2500
enviajado	2500
enviciamiento	2500
enviciar	2500
enviciosarse	2500
envidador	2500
envidar	2500
envidia	2500
envidiar	2500
envidioso	2500
enviejar	2500
envigar	2500
envilecedor	2500
envilecer	2500
envilecimiento	2500
envilortar	2500
envinagrar	2500
envinar	2500
envirar	2500
envirotado	2500
enviscamiento	2500
enviscar	2500
envite	2500
enviudar	2500
envión	2500
envoltorio	2500
envoltura	2500
envolvedero	2500
envolvedor	2500
envolvente	2500
envolver	2500
envolvimiento	2500
envueltas	2500
envuelto	2500
envés	2500
envío	2500
enyerbar	2500
enyertar	2500
enyesado	2500
enyesadura	2500
enyesar	2500
enyescarse	2500
enyugar	2500
enyuntar	2500
enza	2500
enzainar	2500
enzalamar	2500
enzamarrado	2500
enzarzar	2500
enzima	2500
enzimático	2500
enzootia	2500
enzoquetar	2500
enzunchar	2500
enzurdecer	2500
enzurizar	2500
enzurronar	2500
enérgicamente	2500
enérgico	2500
enésimo	2500
eoceno	2500
eolio	2500
eolito	2500
epacta	2500
epanadiplosis	2500
epanalepsis	2500
epanortosis	2500
epazote	2500
eperlano	2500
epicarpio	2500
epicedio	2500
epiceno	2500
epicentro	2500
epiceyo	2500
epiciclo	2500
epicicloide	2500
epidemia	2500
epidemial	2500
epidemicidad	2500
epidemiología	2500
epidemiólogo	2500
epidermis	2500
epidiascopio	2500
epidémico	2500
epidérmico	2500
epifanía	2500
epifito	2500
epifonema	2500
epigastrio	2500
epigeo	2500
epiglosis	2500
epiglotis	2500
epigrafista	2500
epigrafía	2500
epigrama	2500
epigramatario	2500
epigramatista	2500
epigramista	2500
epigramático	2500
epigástrico	2500
epilense	2500
epilepsia	2500
epilogal	2500
epilogar	2500
epilogismo	2500
epiléptico	2500
epinicio	2500
epiquerema	2500
epiqueya	2500
epirota	2500
episcopado	2500
episcopal	2500
episcopalismo	2500
episcopio	2500
episcopologio	2500
episodio	2500
epistaxis	2500
epistemología	2500
epistemológico	2500
epistemólogo	2500
epistolar	2500
epistolario	2500
epistolero	2500
epistolio	2500
episódicamente	2500
episódico	2500
epitafio	2500
epitalamio	2500
epitelial	2500
epitelio	2500
epitelioma	2500
epitimar	2500
epitomar	2500
epizootia	2500
epizoótico	2500
epopeya	2500
epsomita	2500
epífito	2500
epígrafe	2500
epílogo	2500
epístola	2500
epíteto	2500
epítome	2500
epónimo	2500
equidad	2500
equidiferencia	2500
equidistancia	2500
equidistante	2500
equidistar	2500
equidna	2500
equilibrada	2500
equilibrado	2500
equilibrar	2500
equilibrio	2500
equilibrismo	2500
equilibrista	2500
equilicuá	2500
equilátero	2500
equimosis	2500
equino	2500
equinoccial	2500
equinoccio	2500
equinococo	2500
equinodermo	2500
equipación	2500
equipamiento	2500
equipar	2500
equiparar	2500
equipolado	2500
equipolencia	2500
equipolente	2500
equiponderancia	2500
equiponderar	2500
equipotencial	2500
equis	2500
equiseto	2500
equisetínea	2500
equisetíneo	2500
equitación	2500
equitativamente	2500
equitativo	2500
equivalencia	2500
equivalente	2500
equivalentemente	2500
equivaler	2500
equivocación	2500
equivocadamente	2500
equivocar	2500
equivoquista	2500
equívoca	2500
equívoco	2500
eradicativo	2500
erais	2500
eraje	2500
eral	2500
erala	2500
erar	2500
erario	2500
erasmiano	2500
erasmismo	2500
erasmista	2500
erbio	2500
ercavicense	2500
ercer	2500
ere	2500
erebo	2500
erección	2500
erectilidad	2500
erecto	2500
erector	2500
eremita	2500
eremitorio	2500
eretismo	2500
erg	2500
ergio	2500
ergo	2500
ergonomía	2500
ergonómicamente	2500
ergonómico	2500
ergotina	2500
ergotismo	2500
ergotista	2500
ergotizar	2500
erguid	2500
erguida	2500
erguidas	2500
erguido	2500
erguidos	2500
erguimiento	2500
erguimos	2500
erguir	2500
erguiremos	2500
erguirse	2500
erguirá	2500
erguiráis	2500
erguirán	2500
erguirás	2500
erguiré	2500
erguiría	2500
erguiríais	2500
erguiríamos	2500
erguirían	2500
erguirías	2500
erguiste	2500
erguisteis	2500
erguí	2500
erguía	2500
erguíais	2500
erguíamos	2500
erguían	2500
erguías	2500
erguís	2500
erial	2500
ericácea	2500
ericáceo	2500
erigir	2500
erina	2500
eringe	2500
eriotecnia	2500
erisipela	2500
erisipelar	2500
erisipelatoso	2500
eritema	2500
eritreo	2500
eritroblastosis	2500
eritrocito	2500
erizado	2500
erizamiento	2500
erizar	2500
erizo	2500
ermar	2500
ermita	2500
ermitaño	2500
ermitorio	2500
ermunio	2500
ero	2500
erogar	2500
erosionar	2500
erosivo	2500
erosión	2500
erotema	2500
erotismo	2500
erotizante	2500
errabundo	2500
errada	2500
erradamente	2500
erradicación	2500
erradicar	2500
erradizo	2500
errado	2500
erraj	2500
errante	2500
errar	2500
errata	2500
erre	2500
error	2500
erráticamente	2500
errático	2500
erróneamente	2500
erróneo	2500
erubescencia	2500
erubescente	2500
eructar	2500
eructo	2500
erudición	2500
eruditamente	2500
erudito	2500
eruginoso	2500
erupción	2500
eruptivo	2500
erutar	2500
ervato	2500
ervilla	2500
eréctil	2500
ería	2500
erógeno	2500
erótica	2500
erótico	2500
esbarar	2500
esbardo	2500
esbarizar	2500
esbatimentar	2500
esbatimento	2500
esbeltez	2500
esbelto	2500
esbirro	2500
esblandecer	2500
esblencar	2500
esborregar	2500
esbozar	2500
esbozo	2500
esbrencar	2500
esbronce	2500
esca	2500
escabechar	2500
escabechina	2500
escabel	2500
escabiosa	2500
escabioso	2500
escabro	2500
escabrosamente	2500
escabrosear	2500
escabrosidad	2500
escabroso	2500
escabuchar	2500
escabullar	2500
escabullimiento	2500
escabullir	2500
escacado	2500
escachar	2500
escacharrar	2500
escachifollar	2500
escaecer	2500
escafandra	2500
escafandro	2500
escafilar	2500
escafoides	2500
escagarruzar	2500
escajo	2500
escajocote	2500
escala	2500
escalaborne	2500
escalabrar	2500
escalada	2500
escalado	2500
escalador	2500
escalafón	2500
escalamiento	2500
escalar	2500
escaldadura	2500
escaldar	2500
escaldufar	2500
escalecer	2500
escaleno	2500
escalentar	2500
escalera	2500
escaleta	2500
escalfador	2500
escalfar	2500
escalfarote	2500
escalfecer	2500
escalfeta	2500
escaliar	2500
escalinata	2500
escalla	2500
escalmo	2500
escalo	2500
escalofriante	2500
escalofriar	2500
escalofrío	2500
escalonamiento	2500
escalonar	2500
escalonia	2500
escalope	2500
escalpelo	2500
escalplo	2500
escalón	2500
escama	2500
escamado	2500
escamadura	2500
escamar	2500
escamel	2500
escamochar	2500
escamochear	2500
escamondadura	2500
escamondar	2500
escamonea	2500
escamonear	2500
escamoso	2500
escamotar	2500
escamoteador	2500
escamotear	2500
escampar	2500
escampilla	2500
escamudo	2500
escamujar	2500
escanciador	2500
escanciar	2500
escanda	2500
escandalar	2500
escandalera	2500
escandalizador	2500
escandalizar	2500
escandalizativo	2500
escandallar	2500
escandallo	2500
escandalosamente	2500
escandaloso	2500
escandelar	2500
escandia	2500
escandinavo	2500
escandir	2500
escanear	2500
escanilla	2500
escantar	2500
escantillar	2500
escantillón	2500
escapado	2500
escapar	2500
escaparate	2500
escapatoria	2500
escape	2500
escapo	2500
escapular	2500
escapulario	2500
escaque	2500
escaqueado	2500
escaquear	2500
escara	2500
escarabaja	2500
escarabajear	2500
escarabajo	2500
escarabajuelo	2500
escaramucear	2500
escaramujo	2500
escaramuza	2500
escaramuzador	2500
escaramuzar	2500
escarapelar	2500
escarbadero	2500
escarbadientes	2500
escarbador	2500
escarbadura	2500
escarbaorejas	2500
escarbar	2500
escarbillos	2500
escarcear	2500
escarcela	2500
escarchado	2500
escarchar	2500
escarcina	2500
escarcinazo	2500
escarcuñar	2500
escarda	2500
escardadera	2500
escardador	2500
escardadura	2500
escardar	2500
escardillar	2500
escardillo	2500
escarear	2500
escariador	2500
escariar	2500
escarificada	2500
escarificador	2500
escarificar	2500
escarioso	2500
escarizar	2500
escarlador	2500
escarlata	2500
escarlatina	2500
escarmenador	2500
escarmenar	2500
escarmentar	2500
escarmiento	2500
escarnar	2500
escarnecedor	2500
escarnecer	2500
escarnecimiento	2500
escarnio	2500
escaro	2500
escarola	2500
escarolado	2500
escarolar	2500
escarpa	2500
escarpado	2500
escarpadura	2500
escarpar	2500
escarpelo	2500
escarpia	2500
escarpiador	2500
escarpiar	2500
escarpidor	2500
escarramanado	2500
escarramanchones	2500
escarramán	2500
escarranchar	2500
escarrio	2500
escartivana	2500
escarzador	2500
escarzano	2500
escarzar	2500
escasamente	2500
escasear	2500
escasez	2500
escaso	2500
escatima	2500
escatimar	2500
escatimosamente	2500
escatimoso	2500
escatofagia	2500
escatológicamente	2500
escavanar	2500
escavar	2500
escavillar	2500
escay	2500
escayola	2500
escayolar	2500
escañar	2500
escaño	2500
escena	2500
escenario	2500
escenificar	2500
escenografía	2500
escenográfico	2500
escenógrafo	2500
escepticismo	2500
escibar	2500
esciente	2500
escindir	2500
escintilar	2500
escirro	2500
escisión	2500
escita	2500
esclafar	2500
esclarea	2500
esclarecedor	2500
esclarecer	2500
esclarecidamente	2500
esclarecido	2500
esclarecimiento	2500
esclava	2500
esclavina	2500
esclavista	2500
esclavitud	2500
esclavización	2500
esclavizar	2500
esclavo	2500
esclavonio	2500
esclavón	2500
esclerodermia	2500
esclerosar	2500
esclerosis	2500
esclerótica	2500
esclerótico	2500
esclisiado	2500
esclusa	2500
escoa	2500
escoba	2500
escobajo	2500
escobar	2500
escobazar	2500
escobero	2500
escobeta	2500
escobillar	2500
escobina	2500
escobino	2500
escobio	2500
escobizo	2500
escobén	2500
escobón	2500
escocar	2500
escocedura	2500
escocer	2500
escocia	2500
escocimiento	2500
escocés	2500
escoda	2500
escodadero	2500
escodar	2500
escofia	2500
escofiar	2500
escofieta	2500
escofinar	2500
escogedor	2500
escoger	2500
escogida	2500
escogido	2500
escogimiento	2500
escolano	2500
escolapio	2500
escolar	2500
escolaridad	2500
escolariego	2500
escolarino	2500
escolarización	2500
escolarizar	2500
escolasticismo	2500
escoliador	2500
escoliar	2500
escoliasta	2500
escolimado	2500
escolimoso	2500
escoliosis	2500
escollar	2500
escollera	2500
escollo	2500
escolopendra	2500
escolta	2500
escoltar	2500
escolástico	2500
escomar	2500
escombrar	2500
escombrera	2500
escombro	2500
escomearse	2500
escomendrijo	2500
escomer	2500
esconce	2500
escondecucas	2500
escondedero	2500
esconder	2500
escondidamente	2500
escondidijo	2500
escondido	2500
escondimiento	2500
escondite	2500
escondrijo	2500
esconzar	2500
escopecina	2500
escopeta	2500
escopetazo	2500
escopetear	2500
escopetero	2500
escopladura	2500
escopleadura	2500
escoplear	2500
escoplo	2500
escorar	2500
escorbuto	2500
escorchado	2500
escorchar	2500
escordio	2500
escoria	2500
escoriación	2500
escorial	2500
escoriar	2500
escorpena	2500
escorpera	2500
escorpina	2500
escorpioide	2500
escorpión	2500
escorredero	2500
escorredor	2500
escorrentía	2500
escorrozo	2500
escorzar	2500
escorzonera	2500
escosar	2500
escoscar	2500
escota	2500
escotada	2500
escotado	2500
escotadura	2500
escotar	2500
escote	2500
escotera	2500
escotero	2500
escotillón	2500
escotismo	2500
escotista	2500
escoto	2500
escotoma	2500
escotorrar	2500
escoyo	2500
escozar	2500
escozor	2500
escribanil	2500
escribanillo	2500
escribano	2500
escribidor	2500
escribiente	2500
escribir	2500
escripia	2500
escrita	2500
escrito	2500
escritor	2500
escritorio	2500
escritura	2500
escriturar	2500
escrofularia	2500
escrofulariácea	2500
escrofulariáceo	2500
escrofulismo	2500
escrofuloso	2500
escrotal	2500
escroto	2500
escrudiñar	2500
escrupulear	2500
escrupulillo	2500
escrupulizar	2500
escrupulosa	2500
escrupulosamente	2500
escrupulosidad	2500
escrupuloso	2500
escrutador	2500
escrutar	2500
escrutinio	2500
escrófula	2500
escrúpulo	2500
escuadra	2500
escuadrar	2500
escuadreo	2500
escuadronar	2500
escuadría	2500
escuadrón	2500
escualidez	2500
escualo	2500
escualor	2500
escucha	2500
escuchador	2500
escuchar	2500
escuchimizado	2500
escudar	2500
escudella	2500
escuderear	2500
escuderil	2500
escuderilmente	2500
escudero	2500
escudería	2500
escudete	2500
escudilla	2500
escudillador	2500
escudillar	2500
escudo	2500
escudriñador	2500
escudriñar	2500
escuerzo	2500
escuetamente	2500
escueto	2500
esculcar	2500
escullador	2500
escullar	2500
escullir	2500
esculpidor	2500
esculpir	2500
escultista	2500
escultor	2500
escultura	2500
escultural	2500
escultórico	2500
escuna	2500
escupetina	2500
escupidera	2500
escupidero	2500
escupido	2500
escupidor	2500
escupidura	2500
escupir	2500
escupitajo	2500
escupitina	2500
escupitinajo	2500
escurar	2500
escurecer	2500
escureta	2500
escurialense	2500
escurra	2500
escurreplatos	2500
escurribanda	2500
escurridero	2500
escurridizo	2500
escurrido	2500
escurridor	2500
escurrilidad	2500
escurrimbres	2500
escurrimiento	2500
escurrir	2500
escusa	2500
escusabaraja	2500
escusado	2500
escusar	2500
escutiforme	2500
escuyer	2500
escuálido	2500
escáis	2500
escálamo	2500
escándalo	2500
escáner	2500
escápula	2500
escénico	2500
escéptico	2500
escúter	2500
esdrujulizar	2500
esdrújulo	2500
esecilla	2500
esencia	2500
esencial	2500
esencialidad	2500
esencialmente	2500
esenciarse	2500
esenciero	2500
esenio	2500
eser	2500
esfacelar	2500
esfenoides	2500
esfera	2500
esferal	2500
esfericidad	2500
esferoidal	2500
esferoide	2500
esfinge	2500
esfogar	2500
esfolar	2500
esfornecinar	2500
esforrocinar	2500
esforzadamente	2500
esforzado	2500
esforzador	2500
esforzar	2500
esfoyar	2500
esfoyaza	2500
esfriar	2500
esfumar	2500
esfuminar	2500
esférica	2500
esférico	2500
esgarrar	2500
esgonzar	2500
esgrafiar	2500
esgrima	2500
esgrimidor	2500
esgrimidura	2500
esgrimir	2500
esguardamillar	2500
esguardar	2500
esguarde	2500
esguazar	2500
esgucio	2500
esguilar	2500
esguince	2500
eslabonador	2500
eslabonamiento	2500
eslabonar	2500
eslabón	2500
eslavo	2500
esleer	2500
esleír	2500
eslinga	2500
eslizón	2500
eslogan	2500
eslora	2500
eslovaco	2500
esloveno	2500
eslóganes	2500
esmaltado	2500
esmaltador	2500
esmaltar	2500
esmalte	2500
esmaltina	2500
esmeradamente	2500
esmerado	2500
esmerador	2500
esmeralda	2500
esmeraldino	2500
esmerar	2500
esmerejón	2500
esmeril	2500
esmerilar	2500
esmero	2500
esmirnio	2500
esmirriada	2500
esmirriado	2500
esmog	2500
esmola	2500
esmoladera	2500
esmoquin	2500
esmorecer	2500
esmuir	2500
esmuñir	2500
esmóquines	2500
esnifar	2500
esoterismo	2500
esotro	2500
esotérico	2500
espabiladeras	2500
espabilar	2500
espachurrar	2500
espaciador	2500
espacial	2500
espaciamiento	2500
espaciar	2500
espacio	2500
espaciosa	2500
espaciosamente	2500
espaciosidad	2500
espacioso	2500
espadachín	2500
espadar	2500
espadarte	2500
espadaña	2500
espadañar	2500
espadero	2500
espadilla	2500
espadillar	2500
espadillazo	2500
espadrapo	2500
espadín	2500
espadón	2500
espagueti	2500
espaladinar	2500
espalar	2500
espalda	2500
espaldar	2500
espaldarcete	2500
espaldear	2500
espalder	2500
espaldera	2500
espalditendido	2500
espaldonar	2500
espaldudo	2500
espaldón	2500
espalera	2500
espalmador	2500
espalmadura	2500
espalmar	2500
espalto	2500
espantablemente	2500
espantadizo	2500
espantador	2500
espantagustos	2500
espantajo	2500
espantalobos	2500
espantamoscas	2500
espantanublados	2500
espantapájaros	2500
espantar	2500
espantavillanos	2500
espanto	2500
espantosamente	2500
espantoso	2500
esparadrapo	2500
esparajismo	2500
esparavel	2500
esparaván	2500
esparceta	2500
esparciata	2500
esparcido	2500
esparcidor	2500
esparcimiento	2500
esparcir	2500
esparragador	2500
esparragal	2500
esparragamiento	2500
esparragar	2500
esparraguero	2500
esparraguina	2500
esparramar	2500
esparrancar	2500
espartal	2500
espartanamente	2500
espartano	2500
espartar	2500
espartero	2500
espartilla	2500
espartillo	2500
espartizal	2500
esparto	2500
esparvar	2500
esparvel	2500
esparver	2500
espasmar	2500
espasmo	2500
espasmódica	2500
espasmódicamente	2500
espasmódico	2500
espata	2500
espatarrar	2500
espato	2500
espatulomancia	2500
espaviento	2500
espay	2500
españolar	2500
españolear	2500
españolizar	2500
especial	2500
especialidad	2500
especialista	2500
especialización	2500
especializar	2500
especialmente	2500
especie	2500
especiero	2500
especificación	2500
especificar	2500
especificativo	2500
especificidad	2500
especioso	2500
especiota	2500
espectable	2500
espectacular	2500
espectacularidad	2500
espectacularmente	2500
espectador	2500
espectral	2500
espectro	2500
espectrografía	2500
espectrograma	2500
espectrohelioscopio	2500
espectroscopia	2500
espectroscopio	2500
espectroscópico	2500
espectrógrafo	2500
espectrómetro	2500
espectáculo	2500
especulación	2500
especulador	2500
especular	2500
especulativa	2500
especulativamente	2500
especulativo	2500
específicamente	2500
específico	2500
especímenes	2500
espedazar	2500
espedirse	2500
espejar	2500
espejear	2500
espejero	2500
espejismo	2500
espejo	2500
espejuela	2500
espejuelo	2500
espelotar	2500
espelta	2500
espelunca	2500
espeluzar	2500
espeluznamiento	2500
espeluznante	2500
espeluznar	2500
espenjador	2500
espeque	2500
espera	2500
esperable	2500
esperantista	2500
esperanto	2500
esperanza	2500
esperanzador	2500
esperanzar	2500
esperar	2500
esperdecir	2500
esperezar	2500
espergurar	2500
esperiega	2500
esperiego	2500
esperma	2500
espermafito	2500
espermatorrea	2500
espermatozoario	2500
espermatozoide	2500
espermatozoo	2500
espermicida	2500
espermático	2500
espernada	2500
espernancar	2500
espernible	2500
esperpento	2500
esperriaca	2500
esperriar	2500
espesamente	2500
espesamiento	2500
espesante	2500
espesar	2500
espesativo	2500
espeso	2500
espesor	2500
espesura	2500
espetaperro	2500
espetar	2500
espetera	2500
espeto	2500
espetón	2500
espiar	2500
espibia	2500
espicanardo	2500
espichar	2500
espiciforme	2500
espiga	2500
espigadera	2500
espigadilla	2500
espigado	2500
espigador	2500
espigar	2500
espigoso	2500
espigueo	2500
espigón	2500
espina	2500
espinablo	2500
espinaca	2500
espinadura	2500
espinal	2500
espinapez	2500
espinar	2500
espinel	2500
espinela	2500
espinera	2500
espineta	2500
espingarda	2500
espingardada	2500
espingardero	2500
espinillera	2500
espino	2500
espinochar	2500
espinosamente	2500
espinosismo	2500
espinosista	2500
espinoso	2500
espiocha	2500
espionaje	2500
espira	2500
espiración	2500
espirador	2500
espiral	2500
espirar	2500
espirativo	2500
espiratorio	2500
espirilo	2500
espiritar	2500
espiritismo	2500
espiritista	2500
espiritosamente	2500
espiritoso	2500
espiritrompa	2500
espiritual	2500
espiritualidad	2500
espiritualismo	2500
espiritualista	2500
espiritualización	2500
espiritualizar	2500
espiritualmente	2500
espirituoso	2500
espirometría	2500
espirométrico	2500
espiroqueto	2500
espita	2500
espitar	2500
esplendente	2500
esplender	2500
esplendidez	2500
esplendor	2500
esplendorosamente	2500
esplendoroso	2500
esplenio	2500
esplenitis	2500
espliego	2500
esplique	2500
espléndidamente	2500
espléndido	2500
espolada	2500
espolazo	2500
espoleadura	2500
espolear	2500
espoleta	2500
espoliar	2500
espolinar	2500
espolique	2500
espolista	2500
espolonada	2500
espolonear	2500
espolvorar	2500
espolvorear	2500
espolvorizar	2500
espolón	2500
espondaico	2500
espondeo	2500
espondilosis	2500
espongiario	2500
esponja	2500
esponjado	2500
esponjadura	2500
esponjar	2500
esponjera	2500
esponjosidad	2500
esponjoso	2500
esponsales	2500
esponsalicio	2500
espontanear	2500
espontaneidad	2500
espontáneamente	2500
espontáneo	2500
espora	2500
esporangio	2500
esporidio	2500
esporofito	2500
esporozoario	2500
esporozoo	2500
esportear	2500
esportilla	2500
esportillero	2500
esportillo	2500
esportizo	2500
esportonada	2500
esportón	2500
esporular	2500
esporádicamente	2500
esporádico	2500
esporífero	2500
esposa	2500
esposar	2500
esposo	2500
espray	2500
esprint	2500
espráis	2500
espuela	2500
espuenda	2500
espuerta	2500
espulgadero	2500
espulgar	2500
espuma	2500
espumadera	2500
espumador	2500
espumaje	2500
espumajear	2500
espumajo	2500
espumajoso	2500
espumar	2500
espumarajo	2500
espumero	2500
espumoso	2500
espundia	2500
espurio	2500
espurrear	2500
espurriar	2500
espurrir	2500
esputar	2500
esputo	2500
espádice	2500
espáis	2500
espárrago	2500
espátula	2500
espécimen	2500
espía	2500
espícula	2500
espín	2500
espíritu	2500
espóndilo	2500
esquebrajar	2500
esquejar	2500
esqueje	2500
esquela	2500
esqueleto	2500
esquelético	2500
esquema	2500
esquematismo	2500
esquematizar	2500
esquemáticamente	2500
esquemático	2500
esquenanto	2500
esquero	2500
esquiador	2500
esquiar	2500
esquiciar	2500
esquifada	2500
esquifar	2500
esquife	2500
esquila	2500
esquilador	2500
esquilar	2500
esquileo	2500
esquilero	2500
esquilimoso	2500
esquilmar	2500
esquimal	2500
esquina	2500
esquinado	2500
esquinadura	2500
esquinante	2500
esquinanto	2500
esquinar	2500
esquinazo	2500
esquinco	2500
esquinela	2500
esquinero	2500
esquinzador	2500
esquinzar	2500
esquiraza	2500
esquirla	2500
esquirol	2500
esquisar	2500
esquisto	2500
esquistoso	2500
esquitar	2500
esquivar	2500
esquivez	2500
esquivo	2500
esquizado	2500
esquizofrenia	2500
esquí	2500
esrilanqués	2500
estabais	2500
estabas	2500
estabilidad	2500
estabilización	2500
estabilizador	2500
estabilizar	2500
estable	2500
establear	2500
establecedor	2500
establecer	2500
establecido	2500
establecimiento	2500
establemente	2500
establir	2500
establo	2500
estabular	2500
estaca	2500
estacada	2500
estacadura	2500
estacar	2500
estacazo	2500
estacha	2500
estache	2500
estacional	2500
estacionalidad	2500
estacionalmente	2500
estacionamiento	2500
estacionar	2500
estacionario	2500
estacionero	2500
estacte	2500
estad	2500
estada	2500
estadero	2500
estadificar	2500
estadio	2500
estadista	2500
estadiza	2500
estadizo	2500
estadojo	2500
estadounidense	2500
estadounidismo	2500
estadía	2500
estadística	2500
estadístico	2500
estafa	2500
estafador	2500
estafar	2500
estafermo	2500
estafeta	2500
estafetero	2500
estafilococia	2500
estafilococo	2500
estafiloma	2500
estafisagria	2500
estagirita	2500
estajar	2500
estajero	2500
estajista	2500
estala	2500
estalactita	2500
estalagmita	2500
estallar	2500
estallido	2500
estambrar	2500
estambre	2500
estamental	2500
estamento	2500
estameña	2500
estampa	2500
estampación	2500
estampado	2500
estampador	2500
estampar	2500
estampero	2500
estampida	2500
estampido	2500
estampillar	2500
estampía	2500
estancación	2500
estancada	2500
estancamiento	2500
estancar	2500
estancia	2500
estanciero	2500
estanco	2500
estandardizar	2500
estandarización	2500
estandarizar	2500
estandarte	2500
estando	2500
estandorio	2500
estangurria	2500
estanque	2500
estanqueidad	2500
estanquero	2500
estanquidad	2500
estanquillero	2500
estantalar	2500
estante	2500
estantería	2500
estantigua	2500
estaos	2500
estaquero	2500
estaquillador	2500
estaquillar	2500
estarcido	2500
estarcir	2500
estaremos	2500
estarla	2500
estarlas	2500
estarle	2500
estarles	2500
estarlo	2500
estarlos	2500
estarme	2500
estarna	2500
estarnos	2500
estaros	2500
estarse	2500
estarte	2500
estarán	2500
estarás	2500
estaré	2500
estaréis	2500
estaría	2500
estaríais	2500
estaríamos	2500
estarían	2500
estarías	2500
estatal	2500
estatalismo	2500
estate	2500
estatificar	2500
estatismo	2500
estatua	2500
estatuar	2500
estatuaria	2500
estatuario	2500
estatuderato	2500
estatuir	2500
estatura	2500
estatus	2500
estatutario	2500
estatuto	2500
estatúder	2500
estay	2500
estañar	2500
estaño	2500
estearina	2500
esteatita	2500
estebar	2500
estela	2500
estelar	2500
estelaria	2500
esteliforme	2500
estelo	2500
estema	2500
estemos	2500
estemple	2500
estendijarse	2500
estenocardia	2500
estenografiar	2500
estenografía	2500
estenordeste	2500
estenosis	2500
estenotipia	2500
estense	2500
estentóreo	2500
estenógrafo	2500
estepa	2500
estepar	2500
estepario	2500
estepero	2500
ester	2500
estera	2500
esterar	2500
estercar	2500
estercoladura	2500
estercolamiento	2500
estercolar	2500
estercolero	2500
estercolizo	2500
estercuelo	2500
estereofónico	2500
estereográfico	2500
estereorradián	2500
estereoscopio	2500
estereoscópicamente	2500
estereotipa	2500
estereotipado	2500
estereotipador	2500
estereotipar	2500
estereotipia	2500
estereotipo	2500
estereotomía	2500
esterero	2500
esterilidad	2500
esterilización	2500
esterilizador	2500
esterilizar	2500
esterlina	2500
esternocleidomastoideo	2500
esternón	2500
estero	2500
esteroide	2500
esterol	2500
esteroídico	2500
esterquero	2500
esterquilinio	2500
estertor	2500
estertoroso	2500
estese	2500
estesudeste	2500
esteta	2500
esteticismo	2500
esteticista	2500
estetoscopia	2500
estetoscopio	2500
esteva	2500
estevado	2500
estezar	2500
esteárico	2500
estiaje	2500
estiba	2500
estibador	2500
estibar	2500
estibia	2500
estibina	2500
estibio	2500
estigio	2500
estigma	2500
estigmatizador	2500
estigmatizar	2500
estilar	2500
estilete	2500
estilicidio	2500
estilismo	2500
estilista	2500
estilita	2500
estilizar	2500
estilo	2500
estilográfica	2500
estilográfico	2500
estiloso	2500
estilística	2500
estilísticamente	2500
estilístico	2500
estima	2500
estimabilidad	2500
estimable	2500
estimación	2500
estimador	2500
estimar	2500
estimativa	2500
estimativo	2500
estimatorio	2500
estimulador	2500
estimulante	2500
estimular	2500
estinco	2500
estiomenar	2500
estipendiar	2500
estipendiario	2500
estipendio	2500
estipticar	2500
estipticidad	2500
estipulación	2500
estipular	2500
estique	2500
estira	2500
estirable	2500
estirada	2500
estirado	2500
estirajar	2500
estiramiento	2500
estirar	2500
estirazar	2500
estirpe	2500
estirón	2500
estitiquez	2500
estivada	2500
estival	2500
estivo	2500
estiércol	2500
estocada	2500
estocar	2500
estocástica	2500
estocástico	2500
estofa	2500
estofador	2500
estofar	2500
estoicamente	2500
estoicismo	2500
estoico	2500
estola	2500
estolidez	2500
estolón	2500
estoma	2500
estomacal	2500
estomagar	2500
estomaguero	2500
estomatical	2500
estomatitis	2500
estomático	2500
estoniano	2500
estonio	2500
estopa	2500
estopada	2500
estopor	2500
estoposo	2500
estoque	2500
estoqueador	2500
estoquear	2500
estora	2500
estoraque	2500
estorbador	2500
estorbar	2500
estorbo	2500
estorboso	2500
estorcer	2500
estordir	2500
estornija	2500
estornino	2500
estornudar	2500
estornudo	2500
estornutatorio	2500
estotro	2500
estovar	2500
estozar	2500
estozolar	2500
estrabismo	2500
estradiota	2500
estradiote	2500
estrado	2500
estrafalariamente	2500
estrafalario	2500
estragador	2500
estragamiento	2500
estragar	2500
estrago	2500
estragón	2500
estrambote	2500
estrambóticamente	2500
estramonio	2500
estranguadera	2500
estrangulación	2500
estrangulador	2500
estrangulamiento	2500
estrangular	2500
estranguria	2500
estrapajar	2500
estrapalucio	2500
estraperlear	2500
estraperlista	2500
estraperlo	2500
estratagema	2500
estratega	2500
estrategia	2500
estratego	2500
estratificación	2500
estratificar	2500
estratigrafía	2500
estrato	2500
estratosfera	2500
estratosférico	2500
estratégicamente	2500
estratégico	2500
estrave	2500
estraza	2500
estrazar	2500
estrechamente	2500
estrechamiento	2500
estrechar	2500
estrechez	2500
estrecho	2500
estrechura	2500
estrechísimamente	2500
estrechón	2500
estregadera	2500
estregadero	2500
estregadura	2500
estregamiento	2500
estregar	2500
estrella	2500
estrellada	2500
estrelladera	2500
estrelladero	2500
estrellado	2500
estrellamar	2500
estrellamiento	2500
estrellar	2500
estrellera	2500
estrellero	2500
estrelluela	2500
estremecedor	2500
estremecer	2500
estremecimiento	2500
estrenar	2500
estreno	2500
estrenque	2500
estrenuidad	2500
estrenuo	2500
estrepada	2500
estrepitosamente	2500
estrepitoso	2500
estreptococia	2500
estreptococo	2500
estreptomicina	2500
estresante	2500
estresar	2500
estreñido	2500
estreñimiento	2500
estreñir	2500
estriado	2500
estriar	2500
estribación	2500
estribadero	2500
estribar	2500
estribera	2500
estribo	2500
estribor	2500
estribote	2500
estricnina	2500
estricote	2500
estrictamente	2500
estricto	2500
estridencia	2500
estridente	2500
estridor	2500
estridular	2500
estrillar	2500
estrinque	2500
estro	2500
estrobo	2500
estrofa	2500
estrofanto	2500
estroma	2500
estronciana	2500
estroncianita	2500
estroncio	2500
estropajear	2500
estropajo	2500
estropajosamente	2500
estropajoso	2500
estropear	2500
estropezar	2500
estropicio	2500
estructuración	2500
estructural	2500
estructuralismo	2500
estructuralmente	2500
estructurar	2500
estruendo	2500
estruendosamente	2500
estruendoso	2500
estrujador	2500
estrujadura	2500
estrujamiento	2500
estrujar	2500
estrumpir	2500
estrupar	2500
estrábico	2500
estrépito	2500
estrés	2500
estría	2500
estrófico	2500
estrógeno	2500
estuario	2500
estucado	2500
estucador	2500
estucar	2500
estuchar	2500
estuche	2500
estuchista	2500
estuco	2500
estudiado	2500
estudiador	2500
estudiante	2500
estudiantil	2500
estudiantina	2500
estudiantino	2500
estudiar	2500
estudiosamente	2500
estudiosidad	2500
estudioso	2500
estufa	2500
estufador	2500
estufar	2500
estufero	2500
estufido	2500
estufista	2500
estulticia	2500
estulto	2500
estuosidad	2500
estuoso	2500
estupa	2500
estupefacción	2500
estupefaciente	2500
estupefactivo	2500
estupefacto	2500
estupendamente	2500
estupendo	2500
estupidez	2500
estupor	2500
estuprador	2500
estuprar	2500
estuquista	2500
esturar	2500
esturdir	2500
esturgar	2500
esturión	2500
esturrear	2500
estuve	2500
estuviera	2500
estuvierais	2500
estuvieran	2500
estuvieras	2500
estuviere	2500
estuviereis	2500
estuvieren	2500
estuvieres	2500
estuvieron	2500
estuviese	2500
estuvieseis	2500
estuviesen	2500
estuvieses	2500
estuvimos	2500
estuviste	2500
estuvisteis	2500
estuviéramos	2500
estuviéremos	2500
estuviésemos	2500
estábamos	2500
estáis	2500
estándar	2500
estándola	2500
estándole	2500
estándoles	2500
estándolo	2500
estándome	2500
estándonos	2500
estándoos	2500
estándote	2500
estármela	2500
estármelas	2500
estármelo	2500
estármelos	2500
estárnosla	2500
estárnoslas	2500
estárnoslo	2500
estárnoslos	2500
estárosla	2500
estároslas	2500
estároslo	2500
estároslos	2500
estársela	2500
estárselas	2500
estárselo	2500
estárselos	2500
estártela	2500
estártelas	2500
estártelo	2500
estártelos	2500
estás	2500
estática	2500
estático	2500
estátor	2500
esté	2500
estéis	2500
estén	2500
estéreo	2500
estéril	2500
estés	2500
estética	2500
estéticamente	2500
estético	2500
estímulo	2500
estío	2500
estípite	2500
estíptico	2500
estípula	2500
estólido	2500
estómago	2500
estúpidamente	2500
estúpido	2500
esvarar	2500
esviaje	2500
esófago	2500
et	2500
eta	2500
etalaje	2500
etamina	2500
etano	2500
etanol	2500
etapa	2500
etario	2500
etc	2500
etcétera	2500
eterismo	2500
eterizar	2500
eternal	2500
eternamente	2500
eternidad	2500
eternizar	2500
eterno	2500
etesio	2500
etileno	2500
etilo	2500
etimologista	2500
etimologizar	2500
etimología	2500
etimológicamente	2500
etimológico	2500
etiología	2500
etiqueta	2500
etiquetar	2500
etites	2500
etmoides	2500
etnia	2500
etnografía	2500
etnográfico	2500
etnolingüística	2500
etnolingüístico	2500
etnología	2500
etnólogo	2500
etolio	2500
etología	2500
etológico	2500
etrusco	2500
etéreo	2500
etílico	2500
etíope	2500
eubeo	2500
eucalipto	2500
eucarionte	2500
eucariota	2500
eucaristía	2500
eucarístico	2500
euclidiano	2500
eufemismo	2500
eufonía	2500
euforbiácea	2500
euforbiáceo	2500
euforia	2500
eufórico	2500
eugenesia	2500
eunuco	2500
eupepsia	2500
eurasiático	2500
euritmia	2500
euro	2500
euroasiático	2500
eurocámara	2500
eurodiputado	2500
euroescepticismo	2500
europarlamentario	2500
europarlamento	2500
europeizar	2500
europeo	2500
eurozona	2500
euríbor	2500
euskera	2500
eusquera	2500
eutanasia	2500
eutiquianismo	2500
eutiquiano	2500
eutrofizar	2500
evacuación	2500
evacuado	2500
evacuante	2500
evacuar	2500
evacuativo	2500
evacuatorio	2500
evadir	2500
evaluación	2500
evaluador	2500
evaluar	2500
evaluativo	2500
evanecer	2500
evanescente	2500
evanescer	2500
evangeliario	2500
evangelio	2500
evangelista	2500
evangelistero	2500
evangelización	2500
evangelizador	2500
evangelizar	2500
evangélico	2500
evaporación	2500
evaporador	2500
evaporar	2500
evaporatorio	2500
evaporizar	2500
evasiva	2500
evasivamente	2500
evasivo	2500
evasión	2500
evasor	2500
evento	2500
eventual	2500
eventualidad	2500
eventualmente	2500
evidencia	2500
evidenciar	2500
evidente	2500
evidentemente	2500
eviscerar	2500
evitable	2500
evitar	2500
eviterno	2500
evo	2500
evocación	2500
evocador	2500
evocar	2500
evolucionar	2500
evolucionismo	2500
evolucionista	2500
evolución	2500
evolutiva	2500
evolutivo	2500
ex	2500
exabrupto	2500
exacción	2500
exacerbación	2500
exacerbamiento	2500
exacerbar	2500
exacta	2500
exactamente	2500
exactitud	2500
exacto	2500
exageración	2500
exageradamente	2500
exagerado	2500
exagerador	2500
exagerar	2500
exagerativamente	2500
exagerativo	2500
exaltación	2500
exaltado	2500
exaltador	2500
exaltamiento	2500
exaltar	2500
examinador	2500
examinando	2500
examinante	2500
examinar	2500
exangüe	2500
exantema	2500
exantemático	2500
exardecer	2500
exasperación	2500
exasperante	2500
exasperar	2500
exaudir	2500
excandecencia	2500
excandecer	2500
excarcelar	2500
excava	2500
excavador	2500
excavar	2500
excedencia	2500
excedente	2500
exceder	2500
excelencia	2500
excelente	2500
excelentemente	2500
excelentísimo	2500
excelsamente	2500
excelsitud	2500
excelso	2500
excentricidad	2500
excepcional	2500
excepcionalmente	2500
excepcionar	2500
excepción	2500
exceptar	2500
exceptuar	2500
excesivamente	2500
excesivo	2500
exceso	2500
excipiente	2500
excitabilidad	2500
excitación	2500
excitador	2500
excitante	2500
excitar	2500
excitativo	2500
exclamación	2500
exclamar	2500
exclamativo	2500
exclamatorio	2500
exclaustrar	2500
excluidor	2500
excluir	2500
exclusiva	2500
exclusivamente	2500
exclusive	2500
exclusividad	2500
exclusivismo	2500
exclusivista	2500
exclusivo	2500
exclusión	2500
excluso	2500
excluyente	2500
excogitar	2500
excomulgador	2500
excomulgar	2500
excomunión	2500
excoriación	2500
excoriar	2500
excrecencia	2500
excreción	2500
excrementar	2500
excrementicio	2500
excremento	2500
excrementoso	2500
excrescencia	2500
excretar	2500
excretor	2500
excretorio	2500
excullado	2500
exculpar	2500
exculpatorio	2500
excursionismo	2500
excursionista	2500
excursión	2500
excusa	2500
excusable	2500
excusada	2500
excusado	2500
excusador	2500
excusar	2500
excéntrico	2500
execrablemente	2500
execración	2500
execrador	2500
execrar	2500
execrativo	2500
exegeta	2500
exegético	2500
exención	2500
exentamente	2500
exentar	2500
exento	2500
exequias	2500
exfoliar	2500
exhalador	2500
exhalar	2500
exhausta	2500
exhaustivamente	2500
exhaustivo	2500
exhausto	2500
exhibicionismo	2500
exhibicionista	2500
exhibición	2500
exhibidor	2500
exhibir	2500
exhortación	2500
exhortador	2500
exhortar	2500
exhortativo	2500
exhortatorio	2500
exhuberantemente	2500
exhumador	2500
exhumar	2500
exigencia	2500
exigente	2500
exigir	2500
exiguo	2500
exiliar	2500
eximente	2500
eximio	2500
eximir	2500
exir	2500
existencia	2500
existencial	2500
existencialismo	2500
existencialista	2500
existente	2500
existimar	2500
existir	2500
exitosamente	2500
exitoso	2500
exjugador	2500
exocrino	2500
exoesqueleto	2500
exoftálmico	2500
exonerar	2500
exoplaneta	2500
exorable	2500
exorar	2500
exorbitancia	2500
exorbitante	2500
exorbitantemente	2500
exorcismo	2500
exorcista	2500
exorcizar	2500
exordiar	2500
exordio	2500
exordir	2500
exornación	2500
exornar	2500
exoticidad	2500
exotiquez	2500
exotismo	2500
expandir	2500
expansibilidad	2500
expansible	2500
expansionar	2500
expansionista	2500
expansivo	2500
expansión	2500
expatriar	2500
expavecer	2500
expectable	2500
expectación	2500
expectante	2500
expectantemente	2500
expectativa	2500
expectoración	2500
expectorante	2500
expectorar	2500
expedicionario	2500
expedicionero	2500
expedición	2500
expedido	2500
expedidor	2500
expedientar	2500
expediente	2500
expedientemente	2500
expedir	2500
expeditivo	2500
expedito	2500
expeler	2500
expendedor	2500
expender	2500
expensas	2500
experiencia	2500
experiencial	2500
experimentación	2500
experimentado	2500
experimentador	2500
experimental	2500
experimentalmente	2500
experimentar	2500
experimento	2500
experta	2500
expertamente	2500
experto	2500
expiación	2500
expiar	2500
expiatorio	2500
expilar	2500
expillo	2500
expirar	2500
explanación	2500
explanada	2500
explanar	2500
explayar	2500
expletivo	2500
explicable	2500
explicablemente	2500
explicación	2500
explicaderas	2500
explicador	2500
explicar	2500
explicativo	2500
explicitar	2500
explicotear	2500
explique	2500
exploración	2500
explorador	2500
explorar	2500
exploratorio	2500
explosionar	2500
explosivo	2500
explosión	2500
explotación	2500
explotador	2500
explotar	2500
exployada	2500
explícitamente	2500
explícito	2500
expoliación	2500
expoliador	2500
expoliar	2500
exponencial	2500
exponencialmente	2500
exponente	2500
exponer	2500
exportación	2500
exportador	2500
exportar	2500
exposición	2500
expositivo	2500
expositor	2500
expremijo	2500
expremir	2500
expresamente	2500
expresar	2500
expresionismo	2500
expresionista	2500
expresiva	2500
expresivamente	2500
expresividad	2500
expresivo	2500
expresión	2500
expreso	2500
exprimidera	2500
exprimidero	2500
exprimidor	2500
exprimir	2500
expropiación	2500
expropiador	2500
expropiar	2500
exprés	2500
expuesto	2500
expugnable	2500
expugnador	2500
expugnar	2500
expulsar	2500
expulsivo	2500
expulsión	2500
expulso	2500
expulsor	2500
expurgador	2500
expurgar	2500
expurgatorio	2500
expón	2500
expósito	2500
exquisitamente	2500
exquisitez	2500
exquisito	2500
extasiar	2500
extemporáneo	2500
extender	2500
extensa	2500
extensamente	2500
extensible	2500
extensivamente	2500
extensivo	2500
extensión	2500
extenso	2500
extensor	2500
extenuación	2500
extenuante	2500
extenuar	2500
extenuativo	2500
exterior	2500
exterioridad	2500
exteriorización	2500
exteriorizar	2500
exteriormente	2500
exterminador	2500
exterminar	2500
exterminio	2500
externado	2500
externalizar	2500
externamente	2500
externo	2500
extinción	2500
extinguible	2500
extinguir	2500
extintivo	2500
extinto	2500
extintor	2500
extirpación	2500
extirpador	2500
extirpar	2500
extornar	2500
extorsionar	2500
extorsionista	2500
extorsión	2500
extra	2500
extracción	2500
extractador	2500
extractar	2500
extracto	2500
extractor	2500
extracurricular	2500
extradición	2500
extradir	2500
extraditar	2500
extraembrionario	2500
extraer	2500
extraescolar	2500
extrajudicial	2500
extrajudicialmente	2500
extralimitar	2500
extralingüístico	2500
extramatrimonial	2500
extramuros	2500
extranjerismo	2500
extranjerizar	2500
extranjero	2500
extranjería	2500
extranjis	2500
extraoficial	2500
extraoficialmente	2500
extraordinaria	2500
extraordinariamente	2500
extraordinario	2500
extraparlamentario	2500
extraplano	2500
extrapolable	2500
extrapolar	2500
extrarradio	2500
extrasalarial	2500
extrasensoria	2500
extrasensorial	2500
extrasolar	2500
extraterrestre	2500
extraterritorial	2500
extrauterino	2500
extravagancia	2500
extravagante	2500
extravasación	2500
extravasar	2500
extravenar	2500
extraversión	2500
extravertido	2500
extraviado	2500
extraviar	2500
extravío	2500
extraña	2500
extrañamente	2500
extrañamiento	2500
extrañar	2500
extrañeza	2500
extraño	2500
extremadamente	2500
extremadas	2500
extremado	2500
extremamente	2500
extremar	2500
extremaunción	2500
extremeño	2500
extremidad	2500
extremismo	2500
extremista	2500
extremo	2500
extremoso	2500
extrovertido	2500
extrudir	2500
extrusión	2500
extrusor	2500
exturbar	2500
exuberancia	2500
exuberante	2500
exuberar	2500
exudación	2500
exudar	2500
exulcerar	2500
exultante	2500
exultantemente	2500
exultar	2500
exutorio	2500
exvoto	2500
exánime	2500
exótica	2500
exóticamente	2500
exótico	2500
eyaculación	2500
eyacular	2500
ezquerdear	2500
eñe	2500
eólico	2500
eón	2500
fa	2500
faba	2500
fabada	2500
fabla	2500
fablar	2500
fablistanear	2500
fabricación	2500
fabricador	2500
fabricante	2500
fabricar	2500
fabril	2500
fabriquero	2500
fabulación	2500
fabular	2500
fabulario	2500
fabulista	2500
fabulosamente	2500
fabulosidad	2500
fabuloso	2500
faca	2500
faccionar	2500
faccionario	2500
faccioso	2500
facción	2500
facer	2500
facería	2500
faceta	2500
facha	2500
fachada	2500
fachado	2500
fachear	2500
fachenda	2500
fachendear	2500
fachendista	2500
fachendoso	2500
fachoso	2500
fachudo	2500
facial	2500
facies	2500
facilidad	2500
facilillo	2500
facilitar	2500
facineroso	2500
facistol	2500
facsimilar	2500
facsímil	2500
facsímile	2500
factibilidad	2500
factible	2500
factiblemente	2500
factitivo	2500
facto	2500
factor	2500
factoraje	2500
factorial	2500
factorizar	2500
factoría	2500
facturación	2500
facturar	2500
facultad	2500
facultar	2500
facultativamente	2500
facultativo	2500
faculto	2500
facunda	2500
facundia	2500
facundo	2500
fado	2500
faena	2500
faenar	2500
faenero	2500
faetón	2500
fago	2500
fagocitar	2500
fagocitosis	2500
fagot	2500
faisana	2500
faisanero	2500
faisán	2500
faja	2500
fajado	2500
fajadura	2500
fajamiento	2500
fajar	2500
fajardo	2500
fajeado	2500
fajero	2500
fajina	2500
fajinada	2500
fajín	2500
fajón	2500
falacia	2500
falagar	2500
falange	2500
falangismo	2500
falangista	2500
falaz	2500
falazmente	2500
falcada	2500
falcado	2500
falcar	2500
falciforme	2500
falcirrostro	2500
falconete	2500
falcón	2500
falda	2500
faldar	2500
faldear	2500
faldellín	2500
faldero	2500
faldeta	2500
faldicorto	2500
faldillas	2500
faldinegro	2500
faldistorio	2500
faldriquera	2500
faldudo	2500
faldulario	2500
faldón	2500
falena	2500
falencia	2500
falerno	2500
falibilidad	2500
falible	2500
falisco	2500
falla	2500
fallar	2500
falleba	2500
fallecer	2500
fallecido	2500
fallecimiento	2500
fallero	2500
fallido	2500
fallo	2500
falo	2500
falsa	2500
falsabilidad	2500
falsable	2500
falsabraga	2500
falsamente	2500
falsar	2500
falsario	2500
falsarregla	2500
falseador	2500
falseamiento	2500
falsear	2500
falsedad	2500
falseo	2500
falseta	2500
falsete	2500
falsificación	2500
falsificador	2500
falsificar	2500
falso	2500
falsopeto	2500
falsía	2500
falta	2500
faltante	2500
faltar	2500
falto	2500
faltoso	2500
faltrero	2500
faltriquera	2500
faluca	2500
falucho	2500
falúa	2500
fama	2500
familiar	2500
familiaridad	2500
familiarizar	2500
familiarmente	2500
famosamente	2500
famoso	2500
famélico	2500
fan	2500
fanal	2500
fanatismo	2500
fanatizador	2500
fanatizar	2500
fandango	2500
fandanguero	2500
fandulario	2500
faneca	2500
fanega	2500
fanegada	2500
faneguero	2500
fanerógama	2500
fanerógamo	2500
fanfarrear	2500
fanfarria	2500
fanfarronada	2500
fanfarronamente	2500
fanfarronear	2500
fanfarronería	2500
fanfarronesca	2500
fanfarrón	2500
fangal	2500
fango	2500
fangoso	2500
fano	2500
fantaseador	2500
fantasear	2500
fantasioso	2500
fantasma	2500
fantasmagoría	2500
fantasmagórico	2500
fantasmal	2500
fantasía	2500
fantochada	2500
fantoche	2500
fantásticamente	2500
fantástico	2500
fanáticamente	2500
fanático	2500
faquir	2500
far	2500
fara	2500
farabustear	2500
farad	2500
faradio	2500
faralaes	2500
faralares	2500
farallón	2500
faralá	2500
faramalla	2500
faramallero	2500
farandola	2500
farandulear	2500
farandulero	2500
faranga	2500
faraute	2500
faraón	2500
farda	2500
fardacho	2500
fardar	2500
fardel	2500
fardo	2500
farero	2500
farfolla	2500
farfulla	2500
farfullador	2500
farfullar	2500
farfullero	2500
faringe	2500
faringitis	2500
fario	2500
farisaico	2500
fariseo	2500
farmacia	2500
farmacología	2500
farmacológico	2500
farmacopea	2500
farmacéutico	2500
faro	2500
farol	2500
farola	2500
farolear	2500
farolero	2500
farota	2500
farra	2500
farragoso	2500
farraguista	2500
farro	2500
farruco	2500
farsa	2500
farsanta	2500
farsante	2500
farsar	2500
fartar	2500
farándula	2500
faríngeo	2500
fas	2500
fasces	2500
fasciculado	2500
fascinación	2500
fascinador	2500
fascinante	2500
fascinantemente	2500
fascinar	2500
fascismo	2500
fascista	2500
fascículo	2500
fase	2500
fasquiar	2500
fastidiado	2500
fastidiar	2500
fastidio	2500
fastidiosamente	2500
fastidioso	2500
fasto	2500
fastuosamente	2500
fastuosidad	2500
fastuoso	2500
fatal	2500
fatalidad	2500
fatalismo	2500
fatalista	2500
fatalmente	2500
fatiga	2500
fatigador	2500
fatigar	2500
fatigosamente	2500
fatigoso	2500
fato	2500
fatuidad	2500
fatuo	2500
fatídico	2500
fauces	2500
fauna	2500
fauno	2500
fausta	2500
fausto	2500
faustoso	2500
fautor	2500
favor	2500
favorable	2500
favorablemente	2500
favorecedor	2500
favorecer	2500
favorecida	2500
favoritismo	2500
favorito	2500
fax	2500
faz	2500
fazferir	2500
fañar	2500
fca	2500
fe	2500
fea	2500
fealdad	2500
feamente	2500
feble	2500
feblemente	2500
febrerillo	2500
febril	2500
febrilmente	2500
febroniano	2500
febrífugo	2500
fecal	2500
fechador	2500
fechar	2500
fechoría	2500
feculento	2500
fecunda	2500
fecundación	2500
fecundador	2500
fecundamente	2500
fecundar	2500
fecundativo	2500
fecundidad	2500
fecundizador	2500
fecundizar	2500
fecundo	2500
fedatario	2500
fedegar	2500
federación	2500
federal	2500
federalismo	2500
federalista	2500
federar	2500
federativa	2500
federativo	2500
fehaciente	2500
fehacientemente	2500
feldespato	2500
felicidad	2500
felicitación	2500
felicitar	2500
felicísimamente	2500
feligresía	2500
feligrés	2500
felino	2500
feliz	2500
felizmente	2500
felonía	2500
felpa	2500
felpar	2500
felpudo	2500
felón	2500
femar	2500
femenil	2500
femeninamente	2500
femenino	2500
fementido	2500
femineidad	2500
feminela	2500
feminicidio	2500
feminidad	2500
feminismo	2500
feminista	2500
femoral	2500
femíneo	2500
fenecer	2500
fenecimiento	2500
fenestra	2500
fenicar	2500
fenice	2500
fenicio	2500
fenogreco	2500
fenomenal	2500
fenomenología	2500
fenomenológico	2500
fenoménico	2500
fenotipo	2500
fenólico	2500
fenómeno	2500
feo	2500
fer	2500
feracidad	2500
feraz	2500
feria	2500
feriado	2500
ferial	2500
feriante	2500
feriar	2500
ferino	2500
ferir	2500
fermata	2500
fermentación	2500
fermentado	2500
fermentador	2500
fermentar	2500
fermentativo	2500
fermento	2500
fermión	2500
ferocidad	2500
ferodo	2500
feromona	2500
feroz	2500
ferozmente	2500
feroés	2500
ferrador	2500
ferrar	2500
ferre	2500
ferrero	2500
ferrería	2500
ferrete	2500
ferretear	2500
ferretero	2500
ferretería	2500
ferreña	2500
ferrificar	2500
ferrimagnetismo	2500
ferrimagnético	2500
ferrita	2500
ferro	2500
ferroaleación	2500
ferrocianuro	2500
ferromagnético	2500
ferroso	2500
ferrovial	2500
ferrugiento	2500
ferruginoso	2500
ferry	2500
fertilidad	2500
fertilización	2500
fertilizador	2500
fertilizante	2500
fertilizar	2500
ferviente	2500
fervientemente	2500
fervor	2500
fervorar	2500
fervorizar	2500
fervorosamente	2500
fervoroso	2500
fes	2500
festa	2500
festear	2500
festejar	2500
festejo	2500
festival	2500
festivalero	2500
festivamente	2500
festividad	2500
festivo	2500
festonar	2500
festoneado	2500
festonear	2500
festín	2500
festón	2500
fetal	2500
fetiche	2500
fetichismo	2500
fetichista	2500
fetidez	2500
feto	2500
feudal	2500
feudalismo	2500
feudar	2500
feudatario	2500
feudo	2500
fiabilidad	2500
fiable	2500
fiada	2500
fiado	2500
fiador	2500
fiais	2500
fiambrar	2500
fiambre	2500
fiambrera	2500
fianza	2500
fiar	2500
fiasco	2500
fibra	2500
fibrilar	2500
fibrina	2500
fibroblasto	2500
fibroma	2500
fibroso	2500
ficar	2500
ficción	2500
ficha	2500
fichaje	2500
fichar	2500
fichero	2500
ficticio	2500
ficus	2500
fidalgo	2500
fidedigno	2500
fideicomisario	2500
fideicomiso	2500
fidelidad	2500
fideo	2500
fido	2500
fiduciario	2500
fie	2500
fiebre	2500
fieis	2500
fiel	2500
fielmente	2500
fieltrar	2500
fieltro	2500
fiera	2500
fieramente	2500
fiereza	2500
fiero	2500
fierro	2500
fiesta	2500
fiestero	2500
fig	2500
figle	2500
figo	2500
figonero	2500
figulina	2500
figulino	2500
figura	2500
figurable	2500
figuración	2500
figuradamente	2500
figurado	2500
figuranta	2500
figurante	2500
figurar	2500
figurativamente	2500
figurativo	2500
figurero	2500
figurón	2500
figón	2500
fija	2500
fijación	2500
fijado	2500
fijador	2500
fijamente	2500
fijante	2500
fijar	2500
fijativo	2500
fijeza	2500
fijo	2500
fil	2500
fila	2500
filacteria	2500
filadelfio	2500
filamento	2500
filamentoso	2500
filar	2500
filaria	2500
filatelia	2500
filatelista	2500
filelí	2500
filete	2500
filetear	2500
filfa	2500
filia	2500
filiación	2500
filial	2500
filialmente	2500
filiar	2500
filibote	2500
filibusterismo	2500
filibustero	2500
filicínea	2500
filicíneo	2500
filiforme	2500
filigrana	2500
fililí	2500
filipense	2500
filipinismo	2500
filipinista	2500
filipino	2500
filisteo	2500
filloa	2500
film	2500
filmación	2500
filmador	2500
filmar	2500
filme	2500
filmina	2500
filmografía	2500
filmoteca	2500
filo	2500
filogenia	2500
filogenético	2500
filología	2500
filológica	2500
filológico	2500
filosa	2500
filoso	2500
filosofador	2500
filosofal	2500
filosofalmente	2500
filosofar	2500
filosofismo	2500
filosofía	2500
filosóficamente	2500
filosófico	2500
filoxera	2500
filtración	2500
filtrado	2500
filtrador	2500
filtrante	2500
filtrar	2500
filtro	2500
filántropo	2500
filástica	2500
filólogo	2500
filón	2500
filósofo	2500
fimbria	2500
fimosis	2500
fina	2500
finado	2500
finalidad	2500
finalista	2500
finalización	2500
finalizar	2500
finalmente	2500
finamente	2500
finamiento	2500
financiación	2500
financiador	2500
financiamiento	2500
financiar	2500
financieramente	2500
financiero	2500
finanza	2500
finar	2500
finca	2500
fincar	2500
finchar	2500
fines	2500
fineta	2500
fineza	2500
fingidamente	2500
fingido	2500
fingidor	2500
fingimiento	2500
fingir	2500
finiquitar	2500
finiquito	2500
finir	2500
finisecular	2500
finita	2500
finito	2500
finitud	2500
finlandés	2500
fino	2500
finolis	2500
finta	2500
fintar	2500
finura	2500
finés	2500
finísimo	2500
fio	2500
fiordo	2500
firmamento	2500
firmante	2500
firmar	2500
firme	2500
firmemente	2500
firmeza	2500
fiscal	2500
fiscalear	2500
fiscalizador	2500
fiscalizar	2500
fiscalía	2500
fisco	2500
fisga	2500
fisgador	2500
fisgar	2500
fisgonamente	2500
fisgonear	2500
fisgoneo	2500
fisgón	2500
fisio	2500
fisiología	2500
fisiológico	2500
fisionar	2500
fisionomía	2500
fisiopatológico	2500
fisioterapeuta	2500
fisioterapia	2500
fisiólogo	2500
fisión	2500
fisonomista	2500
fisonomía	2500
fisostigmina	2500
fistolar	2500
fistular	2500
fistuloso	2500
fisura	2500
fisóstomo	2500
fito	2500
fitoplancton	2500
fitófago	2500
fiyiano	2500
fiyuela	2500
fizar	2500
flacamente	2500
flaccidez	2500
flacidez	2500
flaco	2500
flacucho	2500
flacura	2500
flagelado	2500
flagelador	2500
flagelante	2500
flagelar	2500
flagelo	2500
flagrancia	2500
flagrante	2500
flagrar	2500
flama	2500
flamante	2500
flamear	2500
flamenco	2500
flamenquilla	2500
flamígero	2500
flan	2500
flanco	2500
flanqueado	2500
flanqueador	2500
flanquear	2500
flaquear	2500
flaqueza	2500
flash	2500
flato	2500
flatoso	2500
flatulencia	2500
flatulento	2500
flatuoso	2500
flauta	2500
flautero	2500
flautillo	2500
flautista	2500
flautín	2500
flebitis	2500
flecha	2500
flechadura	2500
flechar	2500
flechaste	2500
flechazo	2500
flechera	2500
flechero	2500
fleco	2500
flegma	2500
flejar	2500
fleje	2500
flema	2500
flemoso	2500
flemático	2500
flemón	2500
fletador	2500
fletamento	2500
fletante	2500
fletar	2500
flete	2500
flexibilidad	2500
flexibilizar	2500
flexible	2500
flexionar	2500
flexiva	2500
flexivo	2500
flexión	2500
flexo	2500
flexuoso	2500
flexómetro	2500
flirtear	2500
flirteo	2500
flocular	2500
flogosis	2500
flojamente	2500
flojear	2500
flojedad	2500
flojel	2500
flojera	2500
flojo	2500
flojuelo	2500
floqueado	2500
flor	2500
flora	2500
floración	2500
floral	2500
floralmente	2500
florar	2500
flordelisar	2500
floreado	2500
florear	2500
florecedor	2500
florecer	2500
floreciente	2500
florecimiento	2500
florentino	2500
floreo	2500
florero	2500
florescencia	2500
florescer	2500
floresta	2500
florete	2500
floretear	2500
floretista	2500
floricultor	2500
floricultura	2500
floridamente	2500
floridez	2500
florido	2500
florilegio	2500
floripondio	2500
florista	2500
floristería	2500
floritura	2500
florlisar	2500
florín	2500
flota	2500
flotabilidad	2500
flotación	2500
flotador	2500
flotadura	2500
flotamiento	2500
flotante	2500
flotar	2500
flote	2500
fluctuación	2500
fluctuante	2500
fluctuar	2500
fluctuoso	2500
flueco	2500
fluencia	2500
fluente	2500
flui	2500
fluidamente	2500
fluidez	2500
fluidificar	2500
fluido	2500
fluir	2500
fluis	2500
flujo	2500
flujómetro	2500
fluminense	2500
fluorescencia	2500
fluorescente	2500
fluorhídrico	2500
fluorina	2500
fluorita	2500
fluoruro	2500
fluvial	2500
flux	2500
fluxión	2500
fluxímetro	2500
fluyente	2500
fláccido	2500
flácido	2500
flósculo	2500
flúor	2500
fo	2500
fobia	2500
foca	2500
focal	2500
focalizar	2500
focha	2500
foco	2500
fofo	2500
fogaje	2500
fogarada	2500
fogarata	2500
fogarear	2500
fogarizar	2500
fogata	2500
fogonadura	2500
fogonero	2500
fogosamente	2500
fogosidad	2500
fogoso	2500
foguear	2500
fogueo	2500
foguero	2500
fogón	2500
foja	2500
fol	2500
folclor	2500
folclore	2500
folclorista	2500
folclóricamente	2500
folclórico	2500
folgar	2500
folgo	2500
foliar	2500
folicular	2500
folio	2500
foliolo	2500
foliáceo	2500
folklórico	2500
follador	2500
follaje	2500
follar	2500
folletinesco	2500
folletista	2500
folleto	2500
folletín	2500
follonero	2500
follón	2500
folículo	2500
folíolo	2500
fomentador	2500
fomentar	2500
fomento	2500
fon	2500
fonación	2500
fonda	2500
fondac	2500
fondaques	2500
fondeadero	2500
fondear	2500
fondista	2500
fondo	2500
fondón	2500
fonema	2500
fonendoscopio	2500
fonetista	2500
fonio	2500
fonje	2500
fonocaptor	2500
fonograma	2500
fonográfico	2500
fonolita	2500
fonología	2500
fonológico	2500
fontana	2500
fontanal	2500
fontanar	2500
fontanela	2500
fontanero	2500
fontanería	2500
fontano	2500
fonética	2500
fonéticamente	2500
fonético	2500
foque	2500
forajido	2500
foral	2500
foralmente	2500
foramen	2500
foraminífero	2500
foraminíferos	2500
foras	2500
forastero	2500
forcatear	2500
force	2500
forcejar	2500
forcejear	2500
forcejeo	2500
forcejo	2500
forcejudo	2500
forcir	2500
forense	2500
forero	2500
forestación	2500
forestal	2500
forestar	2500
forigar	2500
forja	2500
forjado	2500
forjador	2500
forjadura	2500
forjar	2500
forma	2500
formación	2500
formador	2500
formaje	2500
formal	2500
formaleta	2500
formalete	2500
formalidad	2500
formalismo	2500
formalista	2500
formalización	2500
formalizar	2500
formalmente	2500
formante	2500
formar	2500
formatear	2500
formativa	2500
formativo	2500
formato	2500
formidable	2500
formidar	2500
formol	2500
formoseño	2500
formulación	2500
formular	2500
formulario	2500
formulismo	2500
formulista	2500
formón	2500
fornacina	2500
fornecer	2500
fornecino	2500
fornicación	2500
fornicador	2500
fornicar	2500
fornicario	2500
fornicio	2500
fornido	2500
fornir	2500
fornitura	2500
foro	2500
forofo	2500
forrajear	2500
forrajero	2500
forrar	2500
forro	2500
forros	2500
fortalecedor	2500
fortalecer	2500
fortalecimiento	2500
fortaleza	2500
fortificación	2500
fortificador	2500
fortificar	2500
fortuitamente	2500
fortuito	2500
fortuna	2500
fortuno	2500
fortunoso	2500
fortín	2500
fortísimamente	2500
fortísimo	2500
forzada	2500
forzadamente	2500
forzado	2500
forzamiento	2500
forzar	2500
forzosa	2500
forzosamente	2500
forzoso	2500
forzudamente	2500
forzudo	2500
foráneo	2500
fosa	2500
fosado	2500
fosadura	2500
fosar	2500
fosca	2500
fosco	2500
fosfatado	2500
fosfato	2500
fosforecer	2500
fosforero	2500
fosforescencia	2500
fosforescente	2500
fosforescer	2500
fosforilación	2500
fosforita	2500
fosfórico	2500
fosilizar	2500
foso	2500
fotobiología	2500
fotoconductor	2500
fotocopia	2500
fotocopiador	2500
fotocopiar	2500
fotoelectricidad	2500
fotoeléctrico	2500
fotofobia	2500
fotograbado	2500
fotograbar	2500
fotografiar	2500
fotografía	2500
fotograma	2500
fotográficamente	2500
fotográfico	2500
fotolisis	2500
fotolito	2500
fotolitografiar	2500
fotolitografía	2500
fotoluminiscencia	2500
fotométrico	2500
fotonovela	2500
fotosensible	2500
fotosfera	2500
fotosíntesis	2500
fototeca	2500
fototerapia	2500
fotovoltaico	2500
fotógrafo	2500
fotón	2500
fotónico	2500
fra	2500
frac	2500
fracasadamente	2500
fracasar	2500
fracaso	2500
fraccionamiento	2500
fraccionar	2500
fraccionariamente	2500
fraccionario	2500
fracción	2500
fractal	2500
fractura	2500
fracturar	2500
fradar	2500
fradear	2500
fraga	2500
fragancia	2500
fragante	2500
fragaria	2500
fragata	2500
fragilidad	2500
fragmentar	2500
fragmentario	2500
fragmento	2500
fragor	2500
fragoroso	2500
fragosidad	2500
fragoso	2500
fragua	2500
fraguador	2500
fraguar	2500
frailada	2500
frailar	2500
fraile	2500
frailear	2500
frailecito	2500
frailuco	2500
fraire	2500
frambuesa	2500
frambueso	2500
francachela	2500
francamente	2500
francesamente	2500
francesilla	2500
franchute	2500
francisca	2500
franciscano	2500
francisco	2500
francmasonería	2500
franco	2500
francolín	2500
francote	2500
francotirador	2500
francófono	2500
franela	2500
frangir	2500
frangollar	2500
frangollo	2500
franja	2500
franjar	2500
franklin	2500
franqueable	2500
franqueamiento	2500
franquear	2500
franqueo	2500
franqueza	2500
franquicia	2500
franquiciado	2500
franquismo	2500
franquista	2500
frasca	2500
frasco	2500
frasear	2500
fraseología	2500
frasquera	2500
frasqueta	2500
fratasar	2500
fraterna	2500
fraternal	2500
fraternalmente	2500
fraternidad	2500
fraternizar	2500
fraterno	2500
fratricida	2500
fratricidio	2500
fraudar	2500
fraude	2500
fraudulencia	2500
fraudulentamente	2500
fraudulento	2500
fray	2500
frazada	2500
frañer	2500
frecuencia	2500
frecuentación	2500
frecuentador	2500
frecuentar	2500
frecuentativo	2500
frecuente	2500
frecuentemente	2500
frecuentes	2500
fregadero	2500
fregado	2500
fregador	2500
fregadura	2500
fregajo	2500
fregamiento	2500
fregar	2500
fregata	2500
fregotear	2500
freidor	2500
freidora	2500
freidura	2500
freilar	2500
freile	2500
freiría	2500
frenar	2500
frenesí	2500
frenetizar	2500
frenillar	2500
freno	2500
frenología	2500
frente	2500
frentero	2500
frenéticamente	2500
frenético	2500
freo	2500
fresa	2500
fresador	2500
fresadora	2500
fresal	2500
fresar	2500
fresca	2500
frescachón	2500
frescal	2500
frescales	2500
frescamente	2500
fresco	2500
frescor	2500
frescote	2500
frescura	2500
fresero	2500
fresno	2500
fresquera	2500
fresquero	2500
fresquista	2500
fresquito	2500
fresón	2500
fretar	2500
freudiano	2500
frey	2500
freza	2500
frezador	2500
frezar	2500
freático	2500
freír	2500
friable	2500
friais	2500
frialdad	2500
fricación	2500
fricar	2500
fricativo	2500
friccionar	2500
fricción	2500
friega	2500
friera	2500
frigidez	2500
frigio	2500
frigoría	2500
frigorífico	2500
frijol	2500
friki	2500
frio	2500
friolento	2500
friolera	2500
friolero	2500
frior	2500
frisa	2500
frisador	2500
frisadura	2500
frisar	2500
frisio	2500
friso	2500
frisuelo	2500
frisón	2500
frita	2500
fritada	2500
fritanga	2500
fritar	2500
frito	2500
fritura	2500
friura	2500
frivolidad	2500
frivolizar	2500
frogar	2500
fronda	2500
fronde	2500
frondosidad	2500
frondoso	2500
frontal	2500
frontalera	2500
frontalero	2500
frontalmente	2500
fronte	2500
fronterizo	2500
frontero	2500
frontino	2500
frontis	2500
frontispicio	2500
frontón	2500
frotación	2500
frotador	2500
frotadura	2500
frotamiento	2500
frotar	2500
frote	2500
fructificar	2500
fructosa	2500
fructuosa	2500
fructuosamente	2500
fructuoso	2500
fructífera	2500
fructífero	2500
frufrú	2500
frugal	2500
frugalidad	2500
frugalmente	2500
frugívoro	2500
frui	2500
fruición	2500
fruir	2500
fruis	2500
frumentario	2500
frunce	2500
fruncido	2500
fruncidor	2500
fruncimiento	2500
fruncir	2500
fruslera	2500
frustración	2500
frustrante	2500
frustrar	2500
fruta	2500
frutal	2500
frutar	2500
frutecer	2500
frutero	2500
fruticoso	2500
fruticultura	2500
frutier	2500
frutificar	2500
fruto	2500
frágil	2500
fréjol	2500
fría	2500
fríamente	2500
frígidamente	2500
frígido	2500
fríjol	2500
frío	2500
frívolo	2500
fu	2500
fucilar	2500
fucilazo	2500
fuco	2500
fucsia	2500
fucsina	2500
fuego	2500
fueguino	2500
fuel	2500
fuellar	2500
fuelle	2500
fueloil	2500
fuelóleo	2500
fuente	2500
fuer	2500
fueraborda	2500
fuerais	2500
fueran	2500
fueras	2500
fuere	2500
fuereis	2500
fueren	2500
fueres	2500
fuero	2500
fuerte	2500
fuertemente	2500
fuerza	2500
fuese	2500
fueseis	2500
fuesen	2500
fueses	2500
fufar	2500
fuga	2500
fugacidad	2500
fugar	2500
fugaz	2500
fugazmente	2500
fugir	2500
fugitivo	2500
fuguillas	2500
fuina	2500
fuir	2500
fuiste	2500
fuisteis	2500
ful	2500
fulano	2500
fular	2500
fulastre	2500
fulcir	2500
fulcro	2500
fulero	2500
fulgente	2500
fulgir	2500
fulgor	2500
fulgurante	2500
fulgurar	2500
fulguroso	2500
fuliginoso	2500
fulla	2500
fulleresco	2500
fullero	2500
fullería	2500
fulminador	2500
fulminante	2500
fulminantemente	2500
fulminar	2500
fulmínico	2500
fumable	2500
fumadero	2500
fumador	2500
fumante	2500
fumar	2500
fumarada	2500
fumaria	2500
fumigador	2500
fumigar	2500
fumista	2500
fumo	2500
fumosidad	2500
fumoso	2500
funcional	2500
funcionalidad	2500
funcionalismo	2500
funcionalmente	2500
funcionamiento	2500
funcionar	2500
funcionarial	2500
funcionario	2500
función	2500
funda	2500
fundacional	2500
fundacionismo	2500
fundación	2500
fundador	2500
fundamentación	2500
fundamental	2500
fundamentalismo	2500
fundamentalista	2500
fundamentalmente	2500
fundamentar	2500
fundamento	2500
fundar	2500
fundente	2500
fundible	2500
fundición	2500
fundido	2500
fundidor	2500
fundir	2500
fundo	2500
funeral	2500
funerala	2500
funeraria	2500
funerario	2500
funestamente	2500
funestar	2500
funesto	2500
fungible	2500
fungicida	2500
fungir	2500
fungosidad	2500
fungoso	2500
funicular	2500
funículo	2500
furcia	2500
furgoneta	2500
furgón	2500
furia	2500
furibundo	2500
furiente	2500
furiosamente	2500
furioso	2500
furo	2500
furor	2500
furriel	2500
furrier	2500
furriera	2500
furtar	2500
furtivamente	2500
furtivo	2500
fusa	2500
fusado	2500
fuscar	2500
fusco	2500
fuselado	2500
fuselaje	2500
fusibilidad	2500
fusible	2500
fusiforme	2500
fusil	2500
fusilamiento	2500
fusilar	2500
fusilero	2500
fusilería	2500
fusionar	2500
fusión	2500
fusor	2500
fusta	2500
fustal	2500
fuste	2500
fustigador	2500
fustigar	2500
fustán	2500
futbol	2500
futbolista	2500
futbolísticamente	2500
futbolístico	2500
futesa	2500
futilidad	2500
futilmente	2500
futre	2500
futura	2500
futurismo	2500
futurista	2500
futuro	2500
fuéramos	2500
fuéremos	2500
fuésemos	2500
fuñar	2500
fuñicar	2500
fábrica	2500
fábula	2500
fácil	2500
fácilmente	2500
fácticamente	2500
fálico	2500
fárfara	2500
fármaco	2500
fárrago	2500
fático	2500
fécula	2500
félido	2500
fémina	2500
fémur	2500
fénico	2500
fénix	2500
féretro	2500
férreamente	2500
férreo	2500
férrico	2500
fértil	2500
férula	2500
fétido	2500
fía	2500
fílmico	2500
física	2500
físicamente	2500
físico	2500
fónica	2500
fónico	2500
fórmico	2500
fórmula	2500
fósforo	2500
fósil	2500
fóvea	2500
fúlgido	2500
fúlica	2500
fúnebre	2500
fútbol	2500
fútil	2500
gabachada	2500
gabacho	2500
gabarda	2500
gabardina	2500
gabarra	2500
gabarrero	2500
gabarro	2500
gabarse	2500
gabata	2500
gabela	2500
gabinete	2500
gablete	2500
gabonés	2500
gabrieles	2500
gabán	2500
gacel	2500
gacela	2500
gaceta	2500
gacetero	2500
gacetillero	2500
gacetista	2500
gacha	2500
gacheta	2500
gacho	2500
gachó	2500
gaditano	2500
gaetano	2500
gafar	2500
gafe	2500
gafedad	2500
gafete	2500
gafo	2500
gago	2500
gaguear	2500
gaguera	2500
gais	2500
gaita	2500
gaitero	2500
gaje	2500
gajo	2500
gajoso	2500
gal	2500
gala	2500
galactosa	2500
galafate	2500
galaico	2500
galana	2500
galancete	2500
galano	2500
galante	2500
galanteador	2500
galantear	2500
galantemente	2500
galanteo	2500
galantería	2500
galanura	2500
galardonador	2500
galardonar	2500
galardón	2500
galas	2500
galaxia	2500
galayo	2500
galbana	2500
galbanoso	2500
galdosiano	2500
galea	2500
galeaza	2500
galega	2500
galena	2500
galeno	2500
galeota	2500
galeote	2500
galera	2500
galerada	2500
galerita	2500
galerna	2500
galerno	2500
galero	2500
galeón	2500
galgo	2500
galguear	2500
galguero	2500
galianos	2500
galibar	2500
galicano	2500
galiciano	2500
galicismo	2500
galicista	2500
galicoso	2500
galileo	2500
galimar	2500
galio	2500
galla	2500
galladura	2500
gallar	2500
gallarda	2500
gallardamente	2500
gallardear	2500
gallardete	2500
gallardo	2500
gallardía	2500
gallareta	2500
gallear	2500
gallegada	2500
gallego	2500
galleguismo	2500
galleo	2500
gallera	2500
gallero	2500
galleta	2500
galletero	2500
galliforme	2500
gallina	2500
gallinaza	2500
gallinejas	2500
gallinero	2500
gallineta	2500
gallino	2500
gallinácea	2500
gallináceo	2500
gallipava	2500
gallipavo	2500
gallito	2500
gallo	2500
gallocresta	2500
gallofa	2500
gallofar	2500
gallofear	2500
gallofero	2500
gallofo	2500
gallonada	2500
gallonado	2500
gallundera	2500
gallón	2500
galo	2500
galocha	2500
galocho	2500
galonear	2500
galopa	2500
galopante	2500
galopar	2500
galope	2500
galopear	2500
galopo	2500
galota	2500
galpón	2500
galvanismo	2500
galvanizar	2500
galvano	2500
galvanoplastia	2500
galvánicamente	2500
galvánico	2500
galáctico	2500
galán	2500
galápago	2500
galés	2500
galón	2500
gama	2500
gamada	2500
gamarra	2500
gamba	2500
gamberrada	2500
gamberro	2500
gambeta	2500
gambetear	2500
gambeto	2500
gambiano	2500
gambito	2500
gamboa	2500
gambota	2500
gambuza	2500
gamella	2500
gamello	2500
gameto	2500
gametofito	2500
gamitar	2500
gamitido	2500
gamma	2500
gamo	2500
gamonal	2500
gamopétalo	2500
gamuno	2500
gamusino	2500
gamuza	2500
gana	2500
ganadero	2500
ganadería	2500
ganado	2500
ganador	2500
ganancia	2500
ganancial	2500
ganancioso	2500
ganapán	2500
ganar	2500
gancha	2500
ganchero	2500
ganchete	2500
gancho	2500
ganchoso	2500
ganchudo	2500
gandaya	2500
gandido	2500
gandinga	2500
gandir	2500
gandujar	2500
gandul	2500
gandulear	2500
ganeta	2500
ganga	2500
ganglio	2500
ganglionar	2500
gangosidad	2500
gangoso	2500
gangrena	2500
gangrenar	2500
gangrenoso	2500
ganguear	2500
ganoso	2500
gansa	2500
gansada	2500
gansear	2500
ganso	2500
gante	2500
ganzuar	2500
garabatada	2500
garabatear	2500
garabato	2500
garaje	2500
garambaina	2500
garante	2500
garantid	2500
garantida	2500
garantidas	2500
garantido	2500
garantidos	2500
garantiendo	2500
garantiera	2500
garantierais	2500
garantieran	2500
garantieras	2500
garantiere	2500
garantiereis	2500
garantieren	2500
garantieres	2500
garantieron	2500
garantiese	2500
garantieseis	2500
garantiesen	2500
garantieses	2500
garantimos	2500
garantir	2500
garantiremos	2500
garantirse	2500
garantirá	2500
garantirán	2500
garantirás	2500
garantiré	2500
garantiréis	2500
garantiría	2500
garantiríais	2500
garantiríamos	2500
garantirían	2500
garantirías	2500
garantiste	2500
garantisteis	2500
garantizador	2500
garantizar	2500
garantiéramos	2500
garantiéremos	2500
garantiésemos	2500
garantió	2500
garantí	2500
garantía	2500
garantíais	2500
garantíamos	2500
garantían	2500
garantías	2500
garantís	2500
garapiñar	2500
garapullo	2500
garatusa	2500
garañón	2500
garbancero	2500
garbanzal	2500
garbanzo	2500
garbanzuelo	2500
garbar	2500
garbear	2500
garbera	2500
garbillador	2500
garbillar	2500
garbo	2500
garbosamente	2500
garboso	2500
garceta	2500
garcía	2500
gardenia	2500
gardingo	2500
garduño	2500
garete	2500
garfa	2500
garfada	2500
garfear	2500
garfio	2500
gargajear	2500
gargajo	2500
gargajoso	2500
gargalizar	2500
garganta	2500
gargantear	2500
gargarear	2500
gargarismo	2500
gargarizar	2500
garguero	2500
garifo	2500
garita	2500
garitero	2500
garito	2500
garitón	2500
garla	2500
garlador	2500
garlar	2500
garlito	2500
garlocha	2500
garlopa	2500
garnacha	2500
garra	2500
garrafa	2500
garrafal	2500
garrafiñar	2500
garrafón	2500
garramar	2500
garrancha	2500
garrancho	2500
garrapata	2500
garrapatear	2500
garrapato	2500
garrapiñar	2500
garrar	2500
garrear	2500
garrido	2500
garrir	2500
garroba	2500
garrocha	2500
garrochar	2500
garrochear	2500
garrofal	2500
garrota	2500
garrote	2500
garrotear	2500
garrotera	2500
garrucha	2500
garrucho	2500
garrudo	2500
garrula	2500
garrulería	2500
garrulidad	2500
garrulo	2500
garrón	2500
garulla	2500
garullada	2500
garullo	2500
garza	2500
garzo	2500
garzonear	2500
garzota	2500
gas	2500
gasa	2500
gasajar	2500
gasajoso	2500
gascón	2500
gasear	2500
gaseosa	2500
gaseoso	2500
gases	2500
gasificación	2500
gasificar	2500
gasista	2500
gasolina	2500
gasolinera	2500
gasometría	2500
gastado	2500
gastador	2500
gastar	2500
gasterópodo	2500
gasto	2500
gastoso	2500
gastralgia	2500
gastritis	2500
gastroenteritis	2500
gastrointestinal	2500
gastronomía	2500
gastronómico	2500
gastrovascular	2500
gasístico	2500
gasógeno	2500
gasóleo	2500
gata	2500
gatada	2500
gatas	2500
gateamiento	2500
gatear	2500
gatera	2500
gatero	2500
gatesco	2500
gatillo	2500
gato	2500
gatos	2500
gatuna	2500
gatunamente	2500
gatunero	2500
gatuno	2500
gatuperio	2500
gatuña	2500
gauchesco	2500
gaucho	2500
gaudeamus	2500
gaussiano	2500
gaussímetro	2500
gavera	2500
gaveta	2500
gavia	2500
gaviero	2500
gavilancillo	2500
gavilla	2500
gavillar	2500
gavillero	2500
gavilán	2500
gavina	2500
gaviota	2500
gavota	2500
gay	2500
gaya	2500
gayar	2500
gayata	2500
gayola	2500
gayomba	2500
gayuba	2500
gayumbos	2500
gazapa	2500
gazapatón	2500
gazapera	2500
gazapo	2500
gazmiar	2500
gaznar	2500
gaznatada	2500
gaznate	2500
gazpachero	2500
gazpacho	2500
gazpachuelo	2500
gazuza	2500
gaélico	2500
gañido	2500
gañir	2500
gañán	2500
ge	2500
gel	2500
gelatina	2500
gelatinoso	2500
gema	2500
gemación	2500
gemela	2500
gemelar	2500
gemelo	2500
gemido	2500
gemidor	2500
geminar	2500
gemiquear	2500
gemir	2500
gemoso	2500
gen	2500
genciana	2500
gencianeo	2500
gencianáceo	2500
gendarme	2500
geneal	2500
genealogista	2500
genealogía	2500
genealógico	2500
generacional	2500
generación	2500
generador	2500
general	2500
generala	2500
generalato	2500
generalidad	2500
generalista	2500
generalización	2500
generalizador	2500
generalizar	2500
generalmente	2500
generalísimo	2500
generar	2500
generativa	2500
generativo	2500
generatriz	2500
generosamente	2500
generosidad	2500
generoso	2500
genetista	2500
genial	2500
genialidad	2500
genialmente	2500
geniazo	2500
genio	2500
genista	2500
genital	2500
genitivo	2500
genitor	2500
genitourinario	2500
genocidio	2500
genoma	2500
genotipo	2500
genovés	2500
gente	2500
gentecilla	2500
gentil	2500
gentileza	2500
gentilhombre	2500
gentilicio	2500
gentilidad	2500
gentilismo	2500
gentilizar	2500
gentilmente	2500
gentualla	2500
gentuza	2500
gentílico	2500
gentío	2500
genuinamente	2500
genuino	2500
genéricamente	2500
genérico	2500
genéticamente	2500
genético	2500
genízaro	2500
genómica	2500
genómico	2500
geocentrismo	2500
geocéntrico	2500
geoda	2500
geodesia	2500
geodésico	2500
geoestacionario	2500
geofísica	2500
geofísico	2500
geogr	2500
geografía	2500
geográficamente	2500
geográfico	2500
geología	2500
geológicamente	2500
geológico	2500
geom	2500
geometría	2500
geomorfología	2500
geométrico	2500
geopolítica	2500
geopolíticamente	2500
geopolítico	2500
georgiano	2500
geotermia	2500
geotérmico	2500
geranio	2500
geraniácea	2500
geraniáceo	2500
gerencia	2500
gerente	2500
geriatría	2500
gerifalte	2500
geriátrico	2500
germanesco	2500
germanio	2500
germanismo	2500
germanista	2500
germanización	2500
germanizar	2500
germano	2500
germanofilia	2500
germanía	2500
germanófobo	2500
germen	2500
germicida	2500
germinación	2500
germinal	2500
germinar	2500
germán	2500
germánico	2500
gerundense	2500
gerundiano	2500
gerundio	2500
gerundivo	2500
ges	2500
gesta	2500
gestación	2500
gestante	2500
gestar	2500
gestatorio	2500
gestear	2500
gestero	2500
gesticulación	2500
gesticulador	2500
gesticulante	2500
gesticulantemente	2500
gesticular	2500
gesticuloso	2500
gestionar	2500
gestión	2500
gesto	2500
gestor	2500
gestual	2500
geógrafo	2500
geólogo	2500
geómetra	2500
ghanés	2500
giba	2500
gibao	2500
gibar	2500
gibosidad	2500
giboso	2500
giennense	2500
giga	2500
giganta	2500
gigante	2500
gigantea	2500
giganteo	2500
gigantesco	2500
gigantismo	2500
gigantón	2500
gigote	2500
gil	2500
gilbert	2500
gilbertes	2500
gilipollas	2500
gilipollez	2500
gilito	2500
gillete	2500
gilí	2500
gimnasia	2500
gimnasio	2500
gimnasta	2500
gimnospermas	2500
gimnospermo	2500
gimnástica	2500
gimnástico	2500
gimotear	2500
gin	2500
ginebra	2500
gineceo	2500
ginecólogo	2500
ginesta	2500
giobertita	2500
gira	2500
girador	2500
giralda	2500
girante	2500
girar	2500
girasol	2500
giratoria	2500
giratorio	2500
girino	2500
giro	2500
girocompás	2500
girola	2500
giroscopio	2500
giroscópico	2500
girándula	2500
gis	2500
gitanada	2500
gitanamente	2500
gitanear	2500
gitanería	2500
gitanesco	2500
gitanismo	2500
gitano	2500
glabro	2500
glaciación	2500
glacial	2500
glacialmente	2500
glaciar	2500
gladiador	2500
gladio	2500
glamour	2500
glamours	2500
glande	2500
glandular	2500
glanduloso	2500
glas	2500
glasear	2500
glasto	2500
glasé	2500
glauco	2500
gleba	2500
glicerina	2500
glicina	2500
glicinia	2500
glifo	2500
global	2500
globalización	2500
globalizado	2500
globalizar	2500
globalmente	2500
globo	2500
globoso	2500
globular	2500
globuloso	2500
gloria	2500
gloriapatri	2500
gloriar	2500
glorieta	2500
glorificación	2500
glorificador	2500
glorificar	2500
gloriosamente	2500
glorioso	2500
glosa	2500
glosador	2500
glosar	2500
glosario	2500
glosopeda	2500
glotis	2500
glotonear	2500
glotonería	2500
glotón	2500
glucemia	2500
glucina	2500
glucosa	2500
glucógeno	2500
glucósido	2500
gluma	2500
gluon	2500
glutamato	2500
gluten	2500
glutinosidad	2500
glutinoso	2500
glándula	2500
glóbulo	2500
glúteo	2500
gneis	2500
gnomo	2500
gnomon	2500
gnomónica	2500
gnomónico	2500
gnosticismo	2500
gnómones	2500
gnóstica	2500
gnóstico	2500
gob	2500
gobernabilidad	2500
gobernable	2500
gobernación	2500
gobernador	2500
gobernadorcillo	2500
gobernalle	2500
gobernanta	2500
gobernante	2500
gobernanza	2500
gobernar	2500
gobernativo	2500
gobierna	2500
gobierno	2500
gobio	2500
goce	2500
gocha	2500
gocho	2500
godesco	2500
godo	2500
gofio	2500
gofrar	2500
gol	2500
gola	2500
goleador	2500
golear	2500
goleta	2500
golf	2500
golfa	2500
golfear	2500
golfista	2500
golfo	2500
golfín	2500
golfístico	2500
golilla	2500
golillero	2500
gollete	2500
golmajear	2500
golondrina	2500
golondrinera	2500
golondrino	2500
golondro	2500
golosamente	2500
golosear	2500
golosina	2500
golosinar	2500
golosinear	2500
golosmear	2500
goloso	2500
golpe	2500
golpeador	2500
golpeadura	2500
golpear	2500
golpeo	2500
golpete	2500
golpetear	2500
golpista	2500
goma	2500
gomaespuma	2500
gomar	2500
gomer	2500
gomera	2500
gomero	2500
gomina	2500
gomista	2500
gomorresina	2500
gomosidad	2500
gomoso	2500
gonce	2500
goncear	2500
gondolero	2500
gong	2500
gongorino	2500
gongorismo	2500
gongorizar	2500
goniómetro	2500
gonococia	2500
gonococo	2500
gonocócico	2500
gonorrea	2500
gorda	2500
gordal	2500
gordezuelo	2500
gordiano	2500
gordinflón	2500
gordo	2500
gordolobo	2500
gordura	2500
gorgojar	2500
gorgojo	2500
gorgojoso	2500
gorgona	2500
gorgor	2500
gorgorear	2500
gorgorita	2500
gorgoritear	2500
gorgorito	2500
gorgotear	2500
gorgoteo	2500
gorguera	2500
gorigori	2500
gorila	2500
gorja	2500
gorjal	2500
gorjear	2500
gorjeo	2500
gormar	2500
gorra	2500
gorrear	2500
gorrero	2500
gorrilla	2500
gorrina	2500
gorrinera	2500
gorrino	2500
gorriona	2500
gorrionera	2500
gorrista	2500
gorrito	2500
gorrión	2500
gorro	2500
gorronear	2500
gorrón	2500
gota	2500
gotear	2500
goteo	2500
gotera	2500
gotero	2500
gotoso	2500
goyesco	2500
gozar	2500
gozne	2500
gozo	2500
gozosamente	2500
gozoso	2500
gozque	2500
grabación	2500
grabado	2500
grabador	2500
grabadura	2500
grabar	2500
gracejar	2500
gracejo	2500
gracia	2500
graciable	2500
graciado	2500
graciano	2500
gracieta	2500
gracilidad	2500
graciosamente	2500
graciosidad	2500
gracioso	2500
grada	2500
gradación	2500
gradar	2500
gradecer	2500
gradecilla	2500
gradiente	2500
grado	2500
graduación	2500
graduado	2500
graduador	2500
gradual	2500
gradualmente	2500
graduando	2500
graduar	2500
grafeno	2500
grafitero	2500
grafiti	2500
grafito	2500
grafo	2500
grafía	2500
gragea	2500
grais	2500
graja	2500
grajear	2500
grajero	2500
grajo	2500
gral	2500
grama	2500
gramaje	2500
gramar	2500
gramatical	2500
gramaticalidad	2500
gramaticalmente	2500
gramatiquear	2500
gramil	2500
gramo	2500
gramola	2500
gramoso	2500
gramática	2500
gramático	2500
gramínea	2500
gramíneo	2500
gramófono	2500
grana	2500
granadera	2500
granadero	2500
granadino	2500
granado	2500
granallar	2500
granar	2500
granate	2500
grand	2500
grandemente	2500
grandeza	2500
grandilocuencia	2500
grandilocuente	2500
grandiosamente	2500
grandiosidad	2500
grandioso	2500
grandisonar	2500
grandor	2500
grandullón	2500
grandísimo	2500
graneado	2500
graneador	2500
granear	2500
granel	2500
granero	2500
granillera	2500
granillero	2500
granilloso	2500
granito	2500
granizado	2500
granizar	2500
granizo	2500
granja	2500
granjear	2500
granjero	2500
granjería	2500
grano	2500
granollerense	2500
granoso	2500
grant	2500
granuja	2500
granujada	2500
granujado	2500
granujiento	2500
granujo	2500
granulado	2500
granular	2500
granularidad	2500
granulometría	2500
granuloso	2500
granza	2500
granzoso	2500
granítico	2500
granívoro	2500
grao	2500
grapa	2500
grapadora	2500
grapar	2500
grasa	2500
grasera	2500
grasero	2500
graseza	2500
grasiento	2500
grasilla	2500
graso	2500
grasoso	2500
grata	2500
gratamente	2500
gratar	2500
gratificación	2500
gratificador	2500
gratificante	2500
gratificar	2500
gratil	2500
gratinar	2500
gratis	2500
gratitud	2500
grato	2500
gratuidad	2500
gratuitamente	2500
gratuito	2500
gratular	2500
gratulatoria	2500
gratulatorio	2500
grava	2500
gravable	2500
gravamen	2500
gravar	2500
gravativo	2500
grave	2500
gravear	2500
gravedad	2500
gravemente	2500
gravera	2500
gravidez	2500
gravimetría	2500
gravimétrico	2500
gravitacional	2500
gravitacionalmente	2500
gravitación	2500
gravitar	2500
gravitatorio	2500
gravitomagnetismo	2500
gravitomagnético	2500
gravoso	2500
gravímetro	2500
gray	2500
graznador	2500
graznar	2500
graznido	2500
greba	2500
greca	2500
greciano	2500
grecizar	2500
greco	2500
grecolatino	2500
grecorromano	2500
greda	2500
gredal	2500
gredoso	2500
green	2500
grefier	2500
gregal	2500
gregario	2500
gregoriano	2500
greguisco	2500
greguizar	2500
grelo	2500
gremial	2500
gremio	2500
gres	2500
gresca	2500
grey	2500
greña	2500
gridar	2500
griego	2500
grieta	2500
grietar	2500
grietear	2500
grietoso	2500
grifa	2500
grifar	2500
grifo	2500
grigallo	2500
grillar	2500
grillera	2500
grillero	2500
grillete	2500
grillo	2500
grima	2500
gringo	2500
gripal	2500
gripe	2500
gris	2500
grisear	2500
griseta	2500
grisáceo	2500
grisú	2500
grita	2500
gritador	2500
gritar	2500
griterío	2500
grito	2500
gritón	2500
gro	2500
groar	2500
groera	2500
grog	2500
grogui	2500
grosella	2500
grosellero	2500
groseramente	2500
grosero	2500
grosería	2500
grosezuelo	2500
groso	2500
grosor	2500
grosura	2500
grotescamente	2500
grotesco	2500
gruesa	2500
gruesamente	2500
grueso	2500
gruiforme	2500
gruir	2500
gruista	2500
grujir	2500
grulla	2500
grullada	2500
grullero	2500
grullo	2500
grumete	2500
grumo	2500
grumoso	2500
grupa	2500
grupal	2500
grupera	2500
grupo	2500
grupuscular	2500
grupúsculo	2500
gruta	2500
grutesco	2500
gruyer	2500
gruñido	2500
gruñir	2500
gruñón	2500
grácil	2500
gráfica	2500
gráficamente	2500
gráfico	2500
gránulo	2500
grátil	2500
grávida	2500
grávido	2500
gríseo	2500
grúa	2500
gta	2500
gua	2500
guaca	2500
guacal	2500
guacamayo	2500
guacamole	2500
guachapear	2500
guacho	2500
guaco	2500
guadalajareño	2500
guadamecí	2500
guadapero	2500
guadaña	2500
guadañar	2500
guadrapear	2500
guaicurú	2500
guaira	2500
guaitar	2500
guaje	2500
guajillo	2500
guajiro	2500
gualardonar	2500
gualardón	2500
gualda	2500
gualdo	2500
gualdrapa	2500
gualdrapazo	2500
gualdrapear	2500
gualdrapero	2500
guamo	2500
guanaco	2500
guanche	2500
guanera	2500
guanero	2500
guango	2500
guano	2500
guantada	2500
guantazo	2500
guante	2500
guantear	2500
guantelete	2500
guantera	2500
guantero	2500
guanábano	2500
guapamente	2500
guapear	2500
guapetón	2500
guapeza	2500
guapo	2500
guapote	2500
guapura	2500
guapísimo	2500
guaraca	2500
guaranga	2500
guaraní	2500
guaraníes	2500
guarda	2500
guardabarrera	2500
guardabarros	2500
guardabosque	2500
guardabrazo	2500
guardabrisa	2500
guardacabras	2500
guardacartuchos	2500
guardacostas	2500
guardadamas	2500
guardado	2500
guardador	2500
guardaespaldas	2500
guardafrenos	2500
guardafuego	2500
guardaguas	2500
guardagujas	2500
guardainfante	2500
guardajoyas	2500
guardalado	2500
guardalobo	2500
guardamano	2500
guardamateriales	2500
guardameta	2500
guardamonte	2500
guardamuebles	2500
guardamujer	2500
guardapelo	2500
guardapiés	2500
guardapolvo	2500
guardapuerta	2500
guardapuntas	2500
guardarraya	2500
guardarropa	2500
guardarropía	2500
guardarruedas	2500
guardasol	2500
guardería	2500
guardia	2500
guardiamarina	2500
guardilla	2500
guardián	2500
guardoso	2500
guardín	2500
guarecer	2500
guarida	2500
guarir	2500
guarismo	2500
guarnecedor	2500
guarnecer	2500
guarnecido	2500
guarnicionar	2500
guarnicionero	2500
guarnición	2500
guarnimiento	2500
guarnir	2500
guarra	2500
guarrada	2500
guarramente	2500
guarrazo	2500
guarrear	2500
guarrero	2500
guarrilla	2500
guarro	2500
guasa	2500
guasear	2500
guastar	2500
guata	2500
guatemalteco	2500
guateque	2500
guau	2500
guay	2500
guayaba	2500
guayabal	2500
guayabera	2500
guayabo	2500
guayaca	2500
guayaco	2500
guayacán	2500
guayar	2500
guayas	2500
guayasense	2500
gubernamental	2500
gubernar	2500
gubernativamente	2500
gubernativo	2500
gubia	2500
gubilete	2500
guedeja	2500
guedejoso	2500
guedejudo	2500
gueldo	2500
guerra	2500
guerrear	2500
guerrera	2500
guerreramente	2500
guerrero	2500
guerrilla	2500
guerrillear	2500
guerrillero	2500
gueto	2500
guiadera	2500
guiado	2500
guiador	2500
guiais	2500
guiar	2500
guido	2500
guie	2500
guieis	2500
guija	2500
guijarral	2500
guijarro	2500
guijarroso	2500
guijo	2500
guilla	2500
guillame	2500
guillar	2500
guillote	2500
guillotina	2500
guillotinar	2500
guimbalete	2500
guinchar	2500
guinda	2500
guindado	2500
guindal	2500
guindaleza	2500
guindar	2500
guindillo	2500
guindo	2500
guindola	2500
guineano	2500
guineo	2500
guio	2500
guion	2500
guionista	2500
guipar	2500
guipuzcoano	2500
guiri	2500
guirigay	2500
guirigáis	2500
guirlache	2500
guirlanda	2500
guirnalda	2500
guisa	2500
guisada	2500
guisado	2500
guisador	2500
guisandero	2500
guisantal	2500
guisante	2500
guisar	2500
guiso	2500
guisopillo	2500
guisote	2500
guitar	2500
guitarra	2500
guitarreo	2500
guitarrero	2500
guitarrista	2500
guitarro	2500
guitonear	2500
guizgar	2500
guiznar	2500
guizque	2500
guiñapo	2500
guiñar	2500
guiño	2500
gula	2500
gules	2500
guloso	2500
gulusmear	2500
gura	2500
gurapas	2500
gurbio	2500
gurbionado	2500
gurbión	2500
gurdo	2500
guro	2500
gurriato	2500
gurrufero	2500
gurrumino	2500
gurruñar	2500
gurullada	2500
gurullo	2500
gurumelo	2500
gurupa	2500
gurupera	2500
gurú	2500
gusanear	2500
gusanera	2500
gusaniento	2500
gusano	2500
gusanoso	2500
gusarapa	2500
gusarapiento	2500
gusarapo	2500
gustación	2500
gustadura	2500
gustar	2500
gustativo	2500
gusto	2500
gustos	2500
gustosamente	2500
gustoso	2500
gutagamba	2500
gutapercha	2500
gutural	2500
guturalmente	2500
gutífera	2500
gutífero	2500
guyanés	2500
guzla	2500
guzmán	2500
guzpatarra	2500
guácharo	2500
gálbano	2500
gálbula	2500
gálico	2500
gánster	2500
gárgara	2500
gárgola	2500
gárrulo	2500
gástrico	2500
géiser	2500
gélido	2500
géminis	2500
género	2500
génesis	2500
génico	2500
gímnico	2500
gónada	2500
góndola	2500
gótico	2500
güero	2500
güira	2500
güiro	2500
güisqui	2500
hab	2500
haba	2500
habado	2500
habanero	2500
habano	2500
habar	2500
haberla	2500
haberlas	2500
haberle	2500
haberles	2500
haberlo	2500
haberlos	2500
haberme	2500
habernos	2500
haberos	2500
haberse	2500
haberte	2500
haberío	2500
habichuela	2500
habida	2500
habidas	2500
habido	2500
habidos	2500
habiendo	2500
habiente	2500
habilidad	2500
habilidoso	2500
habilitación	2500
habilitado	2500
habilitador	2500
habilitante	2500
habilitar	2500
habillado	2500
habiloso	2500
habitabilidad	2500
habitable	2500
habitacional	2500
habitación	2500
habitador	2500
habitante	2500
habitar	2500
habitual	2500
habitualmente	2500
habituar	2500
habitud	2500
habitáculo	2500
habiz	2500
habiéndola	2500
habiéndolas	2500
habiéndole	2500
habiéndoles	2500
habiéndolo	2500
habiéndolos	2500
habiéndome	2500
habiéndomela	2500
habiéndomelas	2500
habiéndomelo	2500
habiéndomelos	2500
habiéndonos	2500
habiéndonosla	2500
habiéndonoslas	2500
habiéndonoslo	2500
habiéndonoslos	2500
habiéndoos	2500
habiéndoosla	2500
habiéndooslas	2500
habiéndooslo	2500
habiéndooslos	2500
habiéndose	2500
habiéndosela	2500
habiéndoselas	2500
habiéndoselo	2500
habiéndoselos	2500
habiéndote	2500
habiéndotela	2500
habiéndotelas	2500
habiéndotelo	2500
habiéndotelos	2500
hablado	2500
hablador	2500
habladuría	2500
hablante	2500
hablar	2500
hablista	2500
habremos	2500
habrán	2500
habrás	2500
habré	2500
habréis	2500
habría	2500
habríais	2500
habríamos	2500
habrían	2500
habrías	2500
habéis	2500
habérmela	2500
habérmelas	2500
habérmelo	2500
habérmelos	2500
habérnosla	2500
habérnoslas	2500
habérnoslo	2500
habérnoslos	2500
habérosla	2500
habéroslas	2500
habéroslo	2500
habéroslos	2500
habérsela	2500
habérselas	2500
habérselo	2500
habérselos	2500
habértela	2500
habértelas	2500
habértelo	2500
habértelos	2500
habíais	2500
habíamos	2500
habías	2500
habón	2500
haca	2500
hacanea	2500
haced	2500
hacedero	2500
hacedla	2500
hacedlas	2500
hacedlo	2500
hacedlos	2500
hacedme	2500
hacednos	2500
hacedor	2500
hacendado	2500
hacendar	2500
hacendera	2500
hacendero	2500
hacendista	2500
hacendoso	2500
hachar	2500
hache	2500
hachear	2500
hachero	2500
hacho	2500
hachote	2500
hachuela	2500
hachís	2500
hachón	2500
hacienda	2500
haciente	2500
hacimiento	2500
hacina	2500
hacinador	2500
hacinamiento	2500
hacinar	2500
hada	2500
hadada	2500
hadado	2500
hadador	2500
hadar	2500
hadario	2500
hado	2500
hadrón	2500
hafiz	2500
haitiano	2500
hala	2500
halacabuyas	2500
halacuerda	2500
halagador	2500
halagar	2500
halago	2500
halagüeño	2500
halar	2500
halconado	2500
halconear	2500
halconera	2500
halconero	2500
halcón	2500
halda	2500
haldada	2500
haldear	2500
haldinegro	2500
haldudo	2500
haleche	2500
halieto	2500
hall	2500
hallada	2500
hallado	2500
hallador	2500
hallar	2500
hallazgo	2500
halls	2500
hallulla	2500
hallullo	2500
halo	2500
haloideo	2500
haloque	2500
halotecnia	2500
haloza	2500
halógeno	2500
hamaca	2500
hamacar	2500
hamaquero	2500
hambre	2500
hambrear	2500
hambrientamente	2500
hambriento	2500
hambrina	2500
hambruna	2500
hambrón	2500
hamburguesa	2500
hamburguesería	2500
hamburgués	2500
hamez	2500
hampa	2500
hampesco	2500
hampo	2500
hanega	2500
hanegada	2500
hangar	2500
hannoveriano	2500
hanzo	2500
hao	2500
haplología	2500
haraganear	2500
haraganería	2500
haraganoso	2500
haragán	2500
harapiento	2500
harapo	2500
haraposo	2500
haraute	2500
harbar	2500
harbullar	2500
harbullista	2500
harca	2500
harem	2500
harense	2500
harija	2500
harina	2500
harinado	2500
harinea	2500
harineaba	2500
harineaban	2500
harineada	2500
harineadas	2500
harineado	2500
harineados	2500
harinean	2500
harineando	2500
harinear	2500
harineara	2500
harinearan	2500
harineare	2500
harinearen	2500
harinearon	2500
harinearse	2500
harineará	2500
harinearán	2500
harinearía	2500
harinearían	2500
harinease	2500
harineasen	2500
harinee	2500
harineen	2500
harinero	2500
harineó	2500
harinoso	2500
harma	2500
harmonioso	2500
harmonizar	2500
harnerero	2500
harnero	2500
harneruelo	2500
haronear	2500
harpa	2500
harpado	2500
harpillera	2500
harpía	2500
harrado	2500
harrapo	2500
harre	2500
harrear	2500
harria	2500
harriero	2500
hartar	2500
hartazgo	2500
hartera	2500
harto	2500
hartura	2500
harén	2500
has	2500
hastial	2500
hastiar	2500
hastiosa	2500
hastiosamente	2500
hastioso	2500
hastío	2500
hataca	2500
hatada	2500
hatajo	2500
hatear	2500
hatero	2500
hatería	2500
hatijo	2500
hatillo	2500
hato	2500
haute	2500
havar	2500
havo	2500
hawaiano	2500
hayal	2500
hayamos	2500
hayan	2500
hayas	2500
hayedo	2500
hayuco	2500
hayáis	2500
haz	2500
hazaleja	2500
hazana	2500
hazaña	2500
hazañar	2500
hazañero	2500
hazla	2500
hazlas	2500
hazle	2500
hazles	2500
hazlo	2500
hazlos	2500
hazme	2500
hazmerreír	2500
haznos	2500
hazte	2500
hebdomadario	2500
hebdómada	2500
hebetar	2500
hebilla	2500
hebillaje	2500
hebillar	2500
hebillero	2500
hebilleta	2500
hebra	2500
hebraico	2500
hebraizante	2500
hebraizar	2500
hebraísta	2500
hebreo	2500
hebrero	2500
hebroso	2500
hebrudo	2500
hebén	2500
hecatombe	2500
hecha	2500
hechiceresco	2500
hechicero	2500
hechicería	2500
hechizar	2500
hechizo	2500
hechor	2500
hechura	2500
hectiquez	2500
hectogramo	2500
hectolitro	2500
hectárea	2500
hectóreo	2500
hedentina	2500
hedentino	2500
heder	2500
hediento	2500
hediondamente	2500
hediondez	2500
hediondo	2500
hedonismo	2500
hedonista	2500
hedor	2500
hegelianismo	2500
hegeliano	2500
hegemonía	2500
hegemónico	2500
helada	2500
heladera	2500
heladero	2500
heladizo	2500
helado	2500
helador	2500
heladura	2500
helamiento	2500
helar	2500
helear	2500
helechal	2500
helecho	2500
helenio	2500
helenismo	2500
helenista	2500
helenizar	2500
heleno	2500
helenístico	2500
helera	2500
helero	2500
helgado	2500
helgadura	2500
heliaco	2500
helicoidal	2500
helicoide	2500
helicona	2500
heliconio	2500
helicón	2500
helicónides	2500
helicóptero	2500
helio	2500
heliocéntrico	2500
heliograbado	2500
heliograma	2500
helioscopio	2500
heliosis	2500
helioterapia	2500
heliotropio	2500
heliotropo	2500
heliógrafo	2500
helióstato	2500
helmintiasis	2500
helminto	2500
helor	2500
helvecio	2500
helvético	2500
helénico	2500
helíaco	2500
hemacrimo	2500
hematemesis	2500
hematermo	2500
hematites	2500
hematoma	2500
hematosis	2500
hematoxilina	2500
hematozoario	2500
hematuria	2500
hematíe	2500
hematófago	2500
hematólogo	2500
hembra	2500
hembrear	2500
hemenciar	2500
hemencioso	2500
hemeroteca	2500
hemiciclo	2500
hemina	2500
hemisferio	2500
hemistiquio	2500
hemocianina	2500
hemofilia	2500
hemoglobina	2500
hemolítico	2500
hemoptisis	2500
hemorragia	2500
hemorroidal	2500
hemorroide	2500
hemorroo	2500
hemorroísa	2500
hemostasia	2500
hemostasis	2500
hemostático	2500
hemíptero	2500
henal	2500
henar	2500
henasco	2500
henazo	2500
henchid	2500
henchida	2500
henchidas	2500
henchido	2500
henchidor	2500
henchidos	2500
henchidura	2500
henchimiento	2500
henchimos	2500
henchir	2500
henchiremos	2500
henchirse	2500
henchirá	2500
henchirán	2500
henchirás	2500
henchiré	2500
henchiréis	2500
henchiría	2500
henchiríais	2500
henchiríamos	2500
henchirían	2500
henchirías	2500
henchiste	2500
henchisteis	2500
henchí	2500
henchía	2500
henchíais	2500
henchíamos	2500
henchían	2500
henchías	2500
henchís	2500
hendedor	2500
hendedura	2500
hender	2500
hendido	2500
hendidura	2500
hendija	2500
hendimiento	2500
hendir	2500
henequén	2500
henificar	2500
henil	2500
heno	2500
henrio	2500
henry	2500
hepatitis	2500
heptacordo	2500
heptagonal	2500
heptasílabo	2500
heptágono	2500
hepática	2500
hepático	2500
her	2500
heraclida	2500
heraldista	2500
heraldo	2500
herbajar	2500
herbaje	2500
herbajear	2500
herbajero	2500
herbar	2500
herbario	2500
herbato	2500
herbazal	2500
herbecer	2500
herbera	2500
herbero	2500
herbicida	2500
herbolar	2500
herbolario	2500
herbolecer	2500
herbología	2500
herborista	2500
herboristería	2500
herborizador	2500
herborizar	2500
herboso	2500
herbáceo	2500
herbívoro	2500
herciano	2500
hercio	2500
hercúleo	2500
heredad	2500
heredada	2500
heredado	2500
heredamiento	2500
heredar	2500
heredero	2500
hereditariamente	2500
hereditario	2500
hereje	2500
herejía	2500
herencia	2500
heresiarca	2500
hereticar	2500
heria	2500
herida	2500
herido	2500
heridor	2500
heril	2500
herimiento	2500
herir	2500
herma	2500
hermafrodita	2500
hermafroditismo	2500
hermafrodito	2500
hermanablemente	2500
hermanamiento	2500
hermanar	2500
hermanastro	2500
hermanazgo	2500
hermandad	2500
hermandar	2500
hermandino	2500
hermanear	2500
hermanecer	2500
hermanito	2500
hermano	2500
hermanuco	2500
hermeneuta	2500
hermenéutica	2500
hermenéutico	2500
hermeticidad	2500
hermetismo	2500
hermetizar	2500
hermosamente	2500
hermoseador	2500
hermoseamiento	2500
hermosear	2500
hermoso	2500
hermosura	2500
herméticamente	2500
hermético	2500
hernia	2500
herniado	2500
herniar	2500
herniario	2500
hernioso	2500
hernista	2500
herodes	2500
herodiano	2500
heroicamente	2500
heroicidad	2500
heroico	2500
heroida	2500
heroína	2500
heroísmo	2500
herpe	2500
herpetismo	2500
herpil	2500
herrada	2500
herradero	2500
herrador	2500
herradora	2500
herradura	2500
herraj	2500
herraje	2500
herramental	2500
herrar	2500
herrenal	2500
herrenar	2500
herrera	2500
herrero	2500
herreruelo	2500
herrete	2500
herretear	2500
herrezuelo	2500
herrial	2500
herronada	2500
herropea	2500
herrumbrar	2500
herrumbre	2500
herrumbroso	2500
herrén	2500
herrón	2500
hertz	2500
hertziano	2500
hervencia	2500
herventar	2500
herver	2500
hervidero	2500
hervido	2500
hervidor	2500
hervir	2500
hervor	2500
hervorizarse	2500
hervoroso	2500
heráldica	2500
heráldico	2500
herético	2500
hes	2500
hesitación	2500
hesitar	2500
hesperidio	2500
hesperio	2500
hespir	2500
hetaira	2500
heteo	2500
hetera	2500
heterocerca	2500
heterodino	2500
heterodoxia	2500
heterodoxo	2500
heterogeneidad	2500
heterogéneo	2500
heterolisis	2500
heterolítico	2500
heteromancia	2500
heteroscio	2500
heterosexual	2500
heterosexualidad	2500
heterólisis	2500
hetiquez	2500
hevea	2500
hexacoralario	2500
hexacordo	2500
hexadecimal	2500
hexaedro	2500
hexagonal	2500
hexágono	2500
hez	2500
heñir	2500
hialino	2500
hiante	2500
hiato	2500
hibernar	2500
hibernizo	2500
hibierno	2500
hibisco	2500
hibleo	2500
hibridación	2500
hibridismo	2500
hibuero	2500
hicaco	2500
hice	2500
hicotea	2500
hicso	2500
hidalgamente	2500
hidalgo	2500
hidalguez	2500
hidalguía	2500
hidatídico	2500
hideputa	2500
hidra	2500
hidrante	2500
hidrargirio	2500
hidrargirismo	2500
hidrargiro	2500
hidratante	2500
hidratar	2500
hidrato	2500
hidria	2500
hidroavión	2500
hidrocarburo	2500
hidrocefalia	2500
hidrocele	2500
hidroclorato	2500
hidrocloruro	2500
hidrocéfalo	2500
hidroelectricidad	2500
hidroeléctrico	2500
hidrofilacio	2500
hidrofobia	2500
hidrofóbico	2500
hidrogenación	2500
hidrognosia	2500
hidrografía	2500
hidrográfico	2500
hidrología	2500
hidrológico	2500
hidromancia	2500
hidromasaje	2500
hidromel	2500
hidrometeoro	2500
hidromiel	2500
hidropesía	2500
hidroplano	2500
hidroscopia	2500
hidrosfera	2500
hidrosilicato	2500
hidrostático	2500
hidrotecnia	2500
hidroterapia	2500
hidrotermal	2500
hidrotérmico	2500
hidroxilo	2500
hidráulicamente	2500
hidráulico	2500
hidrógeno	2500
hidrólisis	2500
hidrópico	2500
hidróxido	2500
hiedra	2500
hiel	2500
hielo	2500
hiemal	2500
hiena	2500
hierarquía	2500
hieratismo	2500
hierba	2500
hierbabuena	2500
hierbajo	2500
hierbaluisa	2500
hierofante	2500
hieroscopia	2500
hierosolimitano	2500
hierro	2500
hierático	2500
higa	2500
higadilla	2500
higadillo	2500
higate	2500
higiene	2500
higienista	2500
higienizar	2500
higiénico	2500
higo	2500
higrometría	2500
higroscopia	2500
higroscopio	2500
higroscópico	2500
higrómetro	2500
higuana	2500
higuera	2500
higueral	2500
higuereta	2500
higuerote	2500
higueruela	2500
higuerón	2500
hijadalgo	2500
hijastro	2500
hijato	2500
hijito	2500
hijo	2500
hijodalgo	2500
hijuela	2500
hijuelero	2500
hila	2500
hilacha	2500
hilacho	2500
hilachoso	2500
hilada	2500
hiladillo	2500
hiladizo	2500
hilado	2500
hilador	2500
hilados	2500
hilandero	2500
hilandería	2500
hilanza	2500
hilar	2500
hilaracha	2500
hilarante	2500
hilaridad	2500
hilatura	2500
hilaza	2500
hilemorfismo	2500
hilera	2500
hilero	2500
hilo	2500
hilomorfismo	2500
hilvanar	2500
hilván	2500
himen	2500
himeneo	2500
himenóptero	2500
himnario	2500
himno	2500
himpar	2500
himplar	2500
hin	2500
hincadura	2500
hincapié	2500
hincar	2500
hincha	2500
hinchable	2500
hinchada	2500
hinchado	2500
hinchamiento	2500
hinchamos	2500
hinchan	2500
hinchar	2500
hinchas	2500
hinchazón	2500
hinche	2500
hinchen	2500
hinches	2500
hinchiendo	2500
hinchiera	2500
hinchierais	2500
hinchieran	2500
hinchieras	2500
hinchiere	2500
hinchiereis	2500
hinchieren	2500
hinchieres	2500
hinchieron	2500
hinchiese	2500
hinchieseis	2500
hinchiesen	2500
hinchieses	2500
hinchir	2500
hinchiéramos	2500
hinchiéremos	2500
hinchiésemos	2500
hinchió	2500
hincho	2500
hincháis	2500
hindi	2500
hinduismo	2500
hindú	2500
hindúes	2500
hiniestra	2500
hinnible	2500
hinojal	2500
hinojar	2500
hinojo	2500
hinque	2500
hintero	2500
hiogloso	2500
hioideo	2500
hioides	2500
hipar	2500
hiperactividad	2500
hiperbolizar	2500
hiperboloide	2500
hiperbólicamente	2500
hiperbólico	2500
hiperbóreo	2500
hiperclorhidria	2500
hipercrisis	2500
hiperdulía	2500
hiperemia	2500
hiperenlace	2500
hiperestesiar	2500
hipergeométrico	2500
hiperhidrosis	2500
hiperinflación	2500
hipermercado	2500
hipermetamorfosis	2500
hipermetría	2500
hipersensibilidad	2500
hipersensible	2500
hipertensión	2500
hipertermia	2500
hipertexto	2500
hipertrofia	2500
hipertrofiar	2500
hipervínculo	2500
hipido	2500
hipismo	2500
hipnal	2500
hipnosis	2500
hipnotismo	2500
hipnotizador	2500
hipnotizar	2500
hipnótico	2500
hipo	2500
hipoalergénico	2500
hipoalérgico	2500
hipocampo	2500
hipocausto	2500
hipocentauro	2500
hipocentro	2500
hipocicloide	2500
hipoclorhidria	2500
hipocondrio	2500
hipocondría	2500
hipocondríaco	2500
hipocorístico	2500
hipocresía	2500
hipodérmico	2500
hipogastrio	2500
hipogeo	2500
hipogloso	2500
hipoglucemia	2500
hipogrifo	2500
hipomoclio	2500
hipopótamo	2500
hiposo	2500
hiposulfito	2500
hiposulfuroso	2500
hipoteca	2500
hipotecar	2500
hipotecario	2500
hipotecnia	2500
hipotensión	2500
hipotenusa	2500
hipotermia	2500
hipotiposis	2500
hipotiroidismo	2500
hipotálamo	2500
hipotéticamente	2500
hipotético	2500
hipoxia	2500
hippie	2500
hippy	2500
hipérbola	2500
hipérbole	2500
hipócrita	2500
hipócritamente	2500
hipódromo	2500
hipófisis	2500
hipótesis	2500
hircano	2500
hirco	2500
hircocervo	2500
hiriente	2500
hirmar	2500
hirsutismo	2500
hirsuto	2500
hirundinaria	2500
hirviente	2500
hisca	2500
hiscal	2500
hisopadura	2500
hisopar	2500
hisopear	2500
hisopo	2500
hispalense	2500
hispalio	2500
hispanidad	2500
hispanismo	2500
hispanista	2500
hispanizar	2500
hispano	2500
hispanoamericanismo	2500
hispanoamericano	2500
hispanohablante	2500
hispanoparlante	2500
hispir	2500
hispánica	2500
hispánico	2500
histamina	2500
histeria	2500
histerismo	2500
histograma	2500
histología	2500
histona	2500
historia	2500
historiado	2500
historiador	2500
historial	2500
historialmente	2500
historiar	2500
historicidad	2500
historicismo	2500
historicista	2500
historieta	2500
historietista	2500
historificación	2500
historificar	2500
historiografía	2500
histrionisa	2500
histrionismo	2500
histrión	2500
histriónicamente	2500
histérico	2500
histórica	2500
históricamente	2500
histórico	2500
hitar	2500
hitita	2500
hitleriano	2500
hito	2500
hiyab	2500
hiñir	2500
hno	2500
hobby	2500
hobbys	2500
hobo	2500
hocete	2500
hocicar	2500
hocico	2500
hocicudo	2500
hocino	2500
hociquear	2500
hockey	2500
hockeys	2500
hogar	2500
hogareño	2500
hogaza	2500
hogaño	2500
hoguera	2500
hoja	2500
hojalata	2500
hojalatero	2500
hojalde	2500
hojaldrado	2500
hojaldrar	2500
hojaldre	2500
hojaldrero	2500
hojaldrista	2500
hojarasca	2500
hojear	2500
hojecer	2500
hojoso	2500
hojudo	2500
hojuela	2500
holanda	2500
holandeta	2500
holandés	2500
holco	2500
holding	2500
holear	2500
holgadamente	2500
holgadero	2500
holgado	2500
holganza	2500
holgar	2500
holgazanear	2500
holgazanería	2500
holgazán	2500
holgorio	2500
holgueta	2500
holgura	2500
holladero	2500
holladura	2500
hollar	2500
holleca	2500
hollejo	2500
hollejudo	2500
holliniento	2500
hollín	2500
holocausto	2500
holofonía	2500
holofónico	2500
holografía	2500
holograma	2500
holográfico	2500
holostérico	2500
holoturia	2500
holotúrido	2500
holístico	2500
homarrache	2500
hombracho	2500
hombrada	2500
hombradía	2500
hombre	2500
hombrear	2500
hombrecillo	2500
hombrera	2500
hombrillo	2500
hombro	2500
hombruno	2500
hombría	2500
home	2500
homenaje	2500
homenajear	2500
homeopatía	2500
homeotermo	2500
homeópata	2500
homiciarse	2500
homicida	2500
homicidio	2500
homicillo	2500
homiliario	2500
homilía	2500
hominal	2500
hominicaco	2500
homocerca	2500
homofobia	2500
homogeneidad	2500
homogeneización	2500
homogeneizar	2500
homogenización	2500
homogenizar	2500
homogéneamente	2500
homogéneo	2500
homolisis	2500
homologación	2500
homologar	2500
homología	2500
homolítico	2500
homonimia	2500
homoparental	2500
homosexual	2500
homosexualidad	2500
homérico	2500
homínido	2500
homínidos	2500
homólisis	2500
homólogo	2500
homónimo	2500
honcejo	2500
honda	2500
hondable	2500
hondada	2500
hondamente	2500
hondarras	2500
hondear	2500
hondero	2500
hondijo	2500
hondillos	2500
hondo	2500
hondonada	2500
hondonal	2500
hondura	2500
hondureño	2500
hondón	2500
honesta	2500
honestamente	2500
honestar	2500
honestidad	2500
honesto	2500
hongarina	2500
hongo	2500
hongoso	2500
honor	2500
honorabilidad	2500
honorable	2500
honorar	2500
honorario	2500
honorificar	2500
honoríficamente	2500
honorífico	2500
honra	2500
honradamente	2500
honradero	2500
honradez	2500
honrado	2500
honramiento	2500
honrar	2500
honras	2500
honrosa	2500
honrosamente	2500
honroso	2500
hontana	2500
hontanal	2500
hontanar	2500
hopalanda	2500
hopar	2500
hopear	2500
hoplita	2500
hoploteca	2500
hoque	2500
horacar	2500
horaciano	2500
horadador	2500
horadar	2500
horado	2500
horambre	2500
horario	2500
horca	2500
horcada	2500
horcado	2500
horcadura	2500
horcajadas	2500
horcajadillas	2500
horcajadura	2500
horcajo	2500
horcate	2500
horchata	2500
horchatero	2500
horco	2500
horconada	2500
horconadura	2500
horcón	2500
horda	2500
hordiate	2500
horizontal	2500
horizontalidad	2500
horizontalmente	2500
horizonte	2500
horma	2500
hormaza	2500
hormazo	2500
hormero	2500
hormiga	2500
hormigante	2500
hormigo	2500
hormigonera	2500
hormigoso	2500
hormigueamiento	2500
hormiguear	2500
hormigueo	2500
hormiguero	2500
hormiguesco	2500
hormona	2500
hormonal	2500
hornabeque	2500
hornablenda	2500
hornacero	2500
hornacho	2500
hornachuela	2500
hornacina	2500
hornada	2500
hornaguear	2500
hornaguera	2500
hornaguero	2500
hornaza	2500
hornear	2500
hornecino	2500
hornera	2500
hornero	2500
hornija	2500
hornijero	2500
hornilla	2500
horno	2500
horqueta	2500
horquillar	2500
horrendamente	2500
horrendo	2500
horrero	2500
horribilidad	2500
horrible	2500
horriblemente	2500
horridez	2500
horripilante	2500
horripilar	2500
horrisonante	2500
horror	2500
horrorizar	2500
horrorosamente	2500
horroroso	2500
horrura	2500
horrísono	2500
hortal	2500
hortaliza	2500
hortelano	2500
hortense	2500
hortensia	2500
hortera	2500
horticultor	2500
horticultura	2500
hortolano	2500
hortícola	2500
horuelo	2500
horóscopo	2500
hosanna	2500
hosco	2500
hoscoso	2500
hospa	2500
hospedable	2500
hospedador	2500
hospedaje	2500
hospedamiento	2500
hospedante	2500
hospedar	2500
hospedero	2500
hospedería	2500
hospiciano	2500
hospicio	2500
hospital	2500
hospitalaria	2500
hospitalariamente	2500
hospitalario	2500
hospitalero	2500
hospitalicio	2500
hospitalidad	2500
hospitalización	2500
hospitalizar	2500
hospodar	2500
hosquedad	2500
hostal	2500
hoste	2500
hostelero	2500
hostelería	2500
hostería	2500
hostia	2500
hostiario	2500
hostiero	2500
hostigador	2500
hostigamiento	2500
hostigar	2500
hostigoso	2500
hostil	2500
hostilidad	2500
hostilizar	2500
hostilmente	2500
hotel	2500
hotelero	2500
hotentota	2500
hotentote	2500
hoto	2500
hove	2500
hovero	2500
hoya	2500
hoyada	2500
hoyanca	2500
hoyitos	2500
hoyo	2500
hoyoso	2500
hoyuela	2500
hoyuelo	2500
hoz	2500
hozadero	2500
hozador	2500
hozadura	2500
hozar	2500
huacatay	2500
huacatáis	2500
huachache	2500
huairuro	2500
huango	2500
huasca	2500
hube	2500
hubiera	2500
hubierais	2500
hubieran	2500
hubieras	2500
hubiere	2500
hubiereis	2500
hubieren	2500
hubieres	2500
hubieron	2500
hubiese	2500
hubieseis	2500
hubiesen	2500
hubieses	2500
hubimos	2500
hubiste	2500
hubisteis	2500
hubiéramos	2500
hubiéremos	2500
hubiésemos	2500
hucha	2500
huchear	2500
hucho	2500
huebra	2500
huebrero	2500
hueca	2500
hueco	2500
huecograbado	2500
huela	2500
huelan	2500
huelas	2500
huele	2500
huelen	2500
hueles	2500
huelga	2500
huelgo	2500
huelguista	2500
huella	2500
huelo	2500
huemul	2500
huera	2500
huerco	2500
huero	2500
huerta	2500
huertano	2500
huerto	2500
huesa	2500
huesera	2500
hueso	2500
huesoso	2500
hueste	2500
huesudo	2500
huevar	2500
huevera	2500
huevero	2500
huevo	2500
hugonote	2500
hui	2500
huida	2500
huidero	2500
huidizo	2500
huidor	2500
huifa	2500
huir	2500
huiro	2500
huis	2500
hujier	2500
hulano	2500
hule	2500
hulla	2500
hullero	2500
hum	2500
humana	2500
humanamente	2500
humanar	2500
humanidad	2500
humanismo	2500
humanista	2500
humanitario	2500
humanitarismo	2500
humanización	2500
humanizar	2500
humano	2500
humanoide	2500
humanístico	2500
humar	2500
humarada	2500
humarazo	2500
humareda	2500
humaza	2500
humazga	2500
humeante	2500
humear	2500
humectar	2500
humectativo	2500
humedad	2500
humedal	2500
humedecer	2500
humera	2500
humeral	2500
humero	2500
humidificación	2500
humidificar	2500
humildad	2500
humilde	2500
humildemente	2500
humillación	2500
humilladero	2500
humillador	2500
humillante	2500
humillantemente	2500
humillar	2500
hummus	2500
humo	2500
humor	2500
humorada	2500
humorado	2500
humoral	2500
humoralismo	2500
humoralista	2500
humorismo	2500
humorista	2500
humorosidad	2500
humoroso	2500
humorístico	2500
humosidad	2500
humoso	2500
humus	2500
hundimiento	2500
hundir	2500
hungarina	2500
huno	2500
hupe	2500
hura	2500
huracanar	2500
huraco	2500
huracán	2500
huraño	2500
hurdano	2500
hurera	2500
hurgador	2500
hurgamandera	2500
hurgamiento	2500
hurgar	2500
hurgonada	2500
hurgonear	2500
hurgonero	2500
hurguillas	2500
hurgón	2500
hurona	2500
huronear	2500
huronera	2500
huronero	2500
hurra	2500
hurraco	2500
hurtadillas	2500
hurtadineros	2500
hurtador	2500
hurtagua	2500
hurtar	2500
hurto	2500
hurón	2500
husada	2500
husera	2500
husero	2500
husillero	2500
husita	2500
husmar	2500
husmeador	2500
husmear	2500
husmo	2500
huso	2500
huta	2500
hutía	2500
huy	2500
huélala	2500
huélalas	2500
huélale	2500
huélales	2500
huélalo	2500
huélalos	2500
huélame	2500
huélanlas	2500
huélanle	2500
huélanles	2500
huélanlo	2500
huélanlos	2500
huélanme	2500
huélannos	2500
huélanos	2500
huélanse	2500
huélase	2500
huélela	2500
huélelas	2500
huélele	2500
huéleles	2500
huélelo	2500
huélelos	2500
huéleme	2500
huélenos	2500
huélete	2500
huérfano	2500
huésped	2500
hábil	2500
hábilmente	2500
hábitat	2500
hábito	2500
hágala	2500
hágalas	2500
hágale	2500
hágales	2500
hágalo	2500
hágalos	2500
hágame	2500
háganla	2500
háganlas	2500
háganle	2500
háganles	2500
háganlo	2500
háganlos	2500
háganme	2500
hágannos	2500
háganos	2500
háganse	2500
hágase	2500
hálito	2500
hámster	2500
hándicap	2500
házmela	2500
házmelas	2500
házmelo	2500
házmelos	2500
háznosla	2500
háznoslas	2500
háznoslo	2500
háznoslos	2500
héctica	2500
héctico	2500
hélice	2500
hércules	2500
héroe	2500
hética	2500
hético	2500
híbrido	2500
hídrico	2500
hígado	2500
hípica	2500
hípico	2500
hórreo	2500
hórrido	2500
húelanla	2500
húmeda	2500
húmedo	2500
húmero	2500
húngaro	2500
ib	2500
iba	2500
ibais	2500
iban	2500
ibas	2500
iberio	2500
iberismo	2500
ibero	2500
iberoamericano	2500
ibicenco	2500
ibis	2500
ibérico	2500
ibíd	2500
icaco	2500
icario	2500
iceberg	2500
ichal	2500
icho	2500
ichu	2500
ichus	2500
icono	2500
iconoclasta	2500
iconografía	2500
iconográfico	2500
iconostasio	2500
icor	2500
icoroso	2500
icosaedro	2500
ictericia	2500
ictericiado	2500
icterodes	2500
ictiosauro	2500
ictiófago	2500
ictérico	2500
ictérido	2500
id	2500
ida	2500
idalio	2500
idas	2500
idea	2500
ideal	2500
idealidad	2500
idealismo	2500
idealista	2500
idealización	2500
idealizador	2500
idealizar	2500
idealmente	2500
idear	2500
ideario	2500
identidad	2500
identificación	2500
identificador	2500
identificar	2500
identificativamente	2500
identificativo	2500
ideograma	2500
ideología	2500
ideológicamente	2500
ideológico	2500
ideólogo	2500
idilio	2500
idiocia	2500
idiomático	2500
idiosincrasia	2500
idiota	2500
idiotez	2500
idiotismo	2500
idiotizar	2500
ido	2500
idolatradamente	2500
idolatrar	2500
idolatría	2500
idolopeya	2500
idoneidad	2500
idos	2500
idumeo	2500
idus	2500
idénticamente	2500
idéntico	2500
idílico	2500
idólatra	2500
idóneamente	2500
idóneo	2500
iglesia	2500
iglú	2500
ignaciano	2500
ignaro	2500
ignavia	2500
ignavo	2500
ignición	2500
ignipotente	2500
ignito	2500
ignominia	2500
ignominiosamente	2500
ignominioso	2500
ignorancia	2500
ignorante	2500
ignorantemente	2500
ignorar	2500
ignoto	2500
ignífugo	2500
iguala	2500
igualación	2500
igualadino	2500
igualado	2500
igualador	2500
igualamiento	2500
igualar	2500
igualdad	2500
igualitariamente	2500
igualitario	2500
igualito	2500
igualmente	2500
iguana	2500
iguanodonte	2500
iguar	2500
iguaria	2500
iguánido	2500
ijada	2500
ijadear	2500
ijar	2500
ijujú	2500
ilación	2500
ilativo	2500
ilegalización	2500
ilegalmente	2500
ilegitimar	2500
ileocecal	2500
ilerdense	2500
ilergete	2500
iliberitano	2500
iliberritano	2500
ilicitano	2500
iliense	2500
ilimitadamente	2500
ilion	2500
ilipulense	2500
ilirio	2500
iliturgitano	2500
ilota	2500
ilotismo	2500
iludir	2500
iluminación	2500
iluminado	2500
iluminador	2500
iluminar	2500
iluminativo	2500
iluminismo	2500
ilusamente	2500
ilusionar	2500
ilusionismo	2500
ilusionista	2500
ilusivo	2500
ilusión	2500
ilusorio	2500
ilustrado	2500
ilustrador	2500
ilustrar	2500
ilustrativo	2500
ilustre	2500
ilustremente	2500
ilícitamente	2500
imada	2500
imagen	2500
imaginable	2500
imaginación	2500
imaginar	2500
imaginaria	2500
imaginariamente	2500
imaginario	2500
imaginativa	2500
imaginativo	2500
imaginero	2500
imaginería	2500
imanación	2500
imanador	2500
imanar	2500
imantar	2500
imbatible	2500
imbecilidad	2500
imbele	2500
imberbe	2500
imbiar	2500
imbornal	2500
imborrable	2500
imbricar	2500
imbuir	2500
imbécil	2500
imela	2500
imitable	2500
imitación	2500
imitador	2500
imitar	2500
imitativo	2500
imitatorio	2500
imoscapo	2500
imp	2500
impacientar	2500
impaciente	2500
impacientemente	2500
impactante	2500
impactar	2500
impacto	2500
impala	2500
impar	2500
imparable	2500
imparablemente	2500
imparcialmente	2500
impartir	2500
impasiblemente	2500
impavidez	2500
impecabilidad	2500
impecablemente	2500
impedancia	2500
impedido	2500
impediente	2500
impedimenta	2500
impedir	2500
impeditivo	2500
impelente	2500
impeler	2500
impender	2500
impensa	2500
impensablemente	2500
impensadamente	2500
impensado	2500
imperante	2500
imperar	2500
imperativamente	2500
imperativo	2500
imperatoria	2500
imperatorio	2500
imperceptiblemente	2500
imperdible	2500
imperdonablemente	2500
imperfectamente	2500
imperfecto	2500
imperial	2500
imperialismo	2500
imperialista	2500
imperio	2500
imperiosamente	2500
imperioso	2500
impermeabilizante	2500
impermeabilizar	2500
impermeable	2500
impersonalizar	2500
impersonalmente	2500
impertinente	2500
impertinentemente	2500
impertir	2500
imperturbabilidad	2500
imperturbablemente	2500
impertérrito	2500
impetra	2500
impetrador	2500
impetrar	2500
impetratorio	2500
impetuosamente	2500
impetuosidad	2500
impetuoso	2500
impiedoso	2500
impingar	2500
implacablemente	2500
implantar	2500
implar	2500
implementación	2500
implementar	2500
implemento	2500
implicación	2500
implicar	2500
implicatorio	2500
implorador	2500
implorante	2500
implorar	2500
implosivo	2500
implume	2500
impluvio	2500
implícitamente	2500
implícito	2500
imponderable	2500
imponderablemente	2500
imponentemente	2500
imponer	2500
importación	2500
importancia	2500
importantísimo	2500
importar	2500
importunación	2500
importunadamente	2500
importunar	2500
importunidad	2500
importuno	2500
imposibilitado	2500
imposibilitar	2500
imposiblemente	2500
imposta	2500
impostar	2500
impostergable	2500
impostor	2500
impr	2500
impracticabilidad	2500
imprecación	2500
imprecar	2500
imprecatorio	2500
impregnación	2500
impregnar	2500
impremeditado	2500
impremir	2500
imprenta	2500
imprescriptibilidad	2500
impresionabilidad	2500
impresionante	2500
impresionar	2500
impresionismo	2500
impresionista	2500
impresión	2500
impreso	2500
impresor	2500
imprestable	2500
imprevisto	2500
imprimación	2500
imprimadera	2500
imprimador	2500
imprimar	2500
imprimir	2500
improbablemente	2500
improfanable	2500
impronta	2500
improperar	2500
improperio	2500
impropiamente	2500
impropiar	2500
improvisación	2500
improvisadamente	2500
improvisador	2500
improvisamente	2500
improvisar	2500
improviso	2500
improvisto	2500
imprudentemente	2500
impráctico	2500
impto	2500
impudencia	2500
impudente	2500
impuesto	2500
impugnación	2500
impugnador	2500
impugnar	2500
impugnativo	2500
impulsar	2500
impulsivamente	2500
impulsividad	2500
impulsivo	2500
impulsor	2500
impune	2500
impunemente	2500
impunidad	2500
impuramente	2500
impurificar	2500
imputabilidad	2500
imputación	2500
imputado	2500
imputador	2500
imputar	2500
impávido	2500
impíamente	2500
impío	2500
impón	2500
impúber	2500
impúdicamente	2500
imán	2500
in	2500
inaccesiblemente	2500
inacceso	2500
inacentuado	2500
inactivación	2500
inadaptado	2500
inadvertidamente	2500
inalienabilidad	2500
inalterablemente	2500
inalterado	2500
inalámbrico	2500
inane	2500
inanición	2500
inanidad	2500
inapeable	2500
inapetente	2500
inaprensible	2500
inapropiado	2500
inarrugable	2500
inarticulable	2500
inasible	2500
inasistente	2500
inastillable	2500
inaudito	2500
inauguración	2500
inaugural	2500
inaugurar	2500
incaico	2500
incaler	2500
incalmable	2500
incalumniable	2500
incandescencia	2500
incandescente	2500
incansable	2500
incansablemente	2500
incapacitado	2500
incapacitar	2500
incardinar	2500
incasable	2500
incausto	2500
incautación	2500
incautamente	2500
incautar	2500
incendaja	2500
incendiar	2500
incendiario	2500
incendio	2500
incensar	2500
incensario	2500
incentivación	2500
incentivador	2500
incentivar	2500
incentivo	2500
incesable	2500
incesablemente	2500
incesantemente	2500
incestar	2500
incesto	2500
incestuosamente	2500
incestuoso	2500
incidencia	2500
incidental	2500
incidentalmente	2500
incidente	2500
incidentemente	2500
incidir	2500
incienso	2500
inciertamente	2500
incineración	2500
incinerador	2500
incinerar	2500
incipiente	2500
incircunscripto	2500
incircunscrito	2500
incisivo	2500
incisión	2500
inciso	2500
incisorio	2500
incisura	2500
incitamento	2500
incitamiento	2500
incitante	2500
incitar	2500
incitativo	2500
incivilizado	2500
incivilmente	2500
incl	2500
inclasificable	2500
inclaustrar	2500
inclinación	2500
inclinado	2500
inclinador	2500
inclinar	2500
inclinativo	2500
incluir	2500
inclusa	2500
inclusero	2500
inclusivamente	2500
inclusive	2500
inclusivo	2500
inclusión	2500
incoar	2500
incoativo	2500
incoherentemente	2500
incoloro	2500
incolumidad	2500
incomodador	2500
incomodar	2500
incomparablemente	2500
incompartible	2500
incompasible	2500
incompletamente	2500
incompletitud	2500
incompletud	2500
incomportable	2500
incomposibilidad	2500
incomposible	2500
incomprehensibilidad	2500
incomprehensible	2500
incomprendido	2500
incomprensiblemente	2500
incomunicar	2500
inconcuso	2500
incondicional	2500
incondicionalmente	2500
incongruentemente	2500
incongruidad	2500
inconmovible	2500
inconsciente	2500
inconscientemente	2500
inconsideradamente	2500
inconsolablemente	2500
inconstantemente	2500
inconstitucionalidad	2500
inconstruible	2500
incontaminado	2500
incontenible	2500
incontestabilidad	2500
incontinente	2500
incontinentemente	2500
incontinenti	2500
incontrastablemente	2500
incontratable	2500
incontrolado	2500
inconvencible	2500
inconveniente	2500
incordiar	2500
incorporación	2500
incorporar	2500
incorrectamente	2500
incrasar	2500
increado	2500
incremental	2500
incrementar	2500
incremento	2500
increpación	2500
increpador	2500
increpar	2500
increíblemente	2500
incriminar	2500
incruentamente	2500
incrustante	2500
incrustar	2500
incubación	2500
incubadora	2500
incubar	2500
inculcador	2500
inculcar	2500
inculpar	2500
incultamente	2500
incumbencia	2500
incumbir	2500
incumplir	2500
incunable	2500
incurrimiento	2500
incurrir	2500
incursionar	2500
incursión	2500
incurvar	2500
incusar	2500
incógnito	2500
incólume	2500
incómodamente	2500
indagación	2500
indagador	2500
indagar	2500
indagatoria	2500
indagatorio	2500
indebidamente	2500
indebido	2500
indecentemente	2500
indeciblemente	2500
indeciso	2500
indecisorio	2500
indecorosamente	2500
indefectiblemente	2500
indefensable	2500
indefensible	2500
indefenso	2500
indefinidamente	2500
indefinido	2500
indeleblemente	2500
indeliberadamente	2500
indemne	2500
indemnidad	2500
indemnización	2500
indemnizar	2500
indemorable	2500
independentismo	2500
independentista	2500
independiente	2500
independientemente	2500
independizar	2500
inderogabilidad	2500
inderogable	2500
indeseado	2500
indesignable	2500
indeterminadamente	2500
indeterminismo	2500
indexar	2500
indezuelo	2500
indiada	2500
indianista	2500
indiano	2500
indicación	2500
indicador	2500
indicante	2500
indicar	2500
indicativo	2500
indiciador	2500
indiciar	2500
indiciario	2500
indicio	2500
indicioso	2500
indiferenciado	2500
indiferentemente	2500
indiferentismo	2500
indigencia	2500
indigenismo	2500
indigenista	2500
indigente	2500
indigerido	2500
indigestar	2500
indigesto	2500
indignación	2500
indignadísimo	2500
indignamente	2500
indignante	2500
indignar	2500
indignidad	2500
indilgar	2500
indinar	2500
indio	2500
indirecta	2500
indirectamente	2500
indisciplinar	2500
indiscretamente	2500
indiscriminadamente	2500
indiscriminado	2500
indiscutiblemente	2500
indiscutido	2500
indisolublemente	2500
indispensabilidad	2500
indispensablemente	2500
indisponer	2500
indispuesto	2500
indispón	2500
indistintamente	2500
individua	2500
individual	2500
individualidad	2500
individualismo	2500
individualista	2500
individualizar	2500
individualmente	2500
individuar	2500
individuo	2500
indivisiblemente	2500
indiviso	2500
indizar	2500
indo	2500
indochino	2500
indoctrinar	2500
indoeuropeo	2500
indolente	2500
indolentemente	2500
indoloro	2500
indomabilidad	2500
indomado	2500
indomesticado	2500
indonesio	2500
indostano	2500
indubitablemente	2500
indubitado	2500
inducción	2500
inducia	2500
inducido	2500
inducidor	2500
inducimiento	2500
inducir	2500
inductancia	2500
inductor	2500
indudablemente	2500
indulgencia	2500
indulgente	2500
indulgentemente	2500
indultar	2500
indultario	2500
indulto	2500
indumentaria	2500
indumentario	2500
indumento	2500
industria	2500
industrial	2500
industrialismo	2500
industrialista	2500
industrialización	2500
industrializar	2500
industriar	2500
industrioso	2500
indígena	2500
indómitamente	2500
indómito	2500
inebriar	2500
inedia	2500
inefabilidad	2500
inefable	2500
inefablemente	2500
ineficazmente	2500
ineludiblemente	2500
inenarrable	2500
inentendible	2500
inepcia	2500
ineptamente	2500
ineptitud	2500
inepto	2500
inequívocamente	2500
inercia	2500
inercial	2500
inerme	2500
inerrable	2500
inerrancia	2500
inerte	2500
inervación	2500
inervador	2500
inescrutable	2500
inesperadamente	2500
inesperado	2500
inestancable	2500
inestimado	2500
inevitablemente	2500
inexactamente	2500
inexcogitable	2500
inexcusablemente	2500
inexorabilidad	2500
inexorablemente	2500
inexpiable	2500
inexplicablemente	2500
inexplicado	2500
inexplorado	2500
inexpresable	2500
inextricable	2500
infaliblemente	2500
infalsificable	2500
infaltable	2500
infamador	2500
infamante	2500
infamar	2500
infamativo	2500
infamatorio	2500
infame	2500
infamia	2500
infancia	2500
infando	2500
infantado	2500
infante	2500
infantería	2500
infanticida	2500
infanticidio	2500
infantil	2500
infartar	2500
infarto	2500
infatigable	2500
infatigablemente	2500
infatuar	2500
infaustamente	2500
infeccionar	2500
infeccioso	2500
infección	2500
infecir	2500
infectar	2500
infecundarse	2500
infelizmente	2500
inferencia	2500
inferencial	2500
inferior	2500
inferioridad	2500
inferir	2500
infernal	2500
infernar	2500
infernáculo	2500
infestar	2500
infesto	2500
infeudar	2500
infibular	2500
inficionar	2500
infidencia	2500
infielmente	2500
infierno	2500
infiltrado	2500
infiltrar	2500
infinidad	2500
infinitamente	2500
infinitesimal	2500
infinitivo	2500
infinito	2500
infirmar	2500
inflacionario	2500
inflacionista	2500
inflación	2500
inflador	2500
inflamable	2500
inflamación	2500
inflamador	2500
inflamar	2500
inflamatorio	2500
inflar	2500
inflexiblemente	2500
infligir	2500
influenciar	2500
influenza	2500
influir	2500
informado	2500
informador	2500
informal	2500
informalmente	2500
informante	2500
informar	2500
informativo	2500
informatización	2500
informatizar	2500
informidad	2500
informática	2500
informático	2500
infortificable	2500
infortunadamente	2500
infortunado	2500
infortunio	2500
infosura	2500
infractor	2500
infraestructura	2500
infrahumano	2500
inframundo	2500
infrarrojo	2500
infrascrito	2500
infrasonido	2500
infrautilizar	2500
infravalorar	2500
infrecuente	2500
infringir	2500
infructuosamente	2500
infructuosidad	2500
infrutescencia	2500
infundadamente	2500
infundado	2500
infundio	2500
infundir	2500
infurtir	2500
infuscar	2500
infuso	2500
ing	2500
inga	2500
ingeniar	2500
ingenieril	2500
ingeniosamente	2500
ingeniosidad	2500
ingenioso	2500
ingente	2500
ingenua	2500
ingenuamente	2500
ingenuidad	2500
ingenuo	2500
ingerir	2500
ingesta	2500
ingle	2500
inglete	2500
ingletear	2500
ingratamente	2500
ingrediente	2500
ingresar	2500
ingreso	2500
inguinal	2500
inguinario	2500
ingurgitar	2500
ingénitamente	2500
inhabitado	2500
inhalación	2500
inhalador	2500
inhalar	2500
inherente	2500
inherentemente	2500
inhestar	2500
inhibición	2500
inhibidor	2500
inhibir	2500
inhibitorio	2500
inhiesto	2500
inhospitable	2500
inhumación	2500
inhumanamente	2500
inhumar	2500
inhóspito	2500
iniciación	2500
iniciado	2500
iniciador	2500
inicial	2500
inicializar	2500
inicialmente	2500
iniciar	2500
iniciativa	2500
iniciativo	2500
inicio	2500
inicuamente	2500
inicuo	2500
inigualable	2500
ininterrumpidamente	2500
ininterrumpido	2500
iniquidad	2500
injerencia	2500
injerir	2500
injerta	2500
injertador	2500
injertar	2500
injerto	2500
injundia	2500
injuria	2500
injuriador	2500
injuriar	2500
injuriosamente	2500
injurioso	2500
injustamente	2500
injusticia	2500
injustificadamente	2500
inllevable	2500
inmaculadamente	2500
inmaculado	2500
inmanencia	2500
inmanente	2500
inmarcesible	2500
inmaturo	2500
inmediatamente	2500
inmediatez	2500
inmejorablemente	2500
inmemorablemente	2500
inmemorial	2500
inmensamente	2500
inmensidad	2500
inmenso	2500
inmerecido	2500
inmersión	2500
inmerso	2500
inmigrante	2500
inmigrar	2500
inminencia	2500
inminente	2500
inmiscuir	2500
inmisericorde	2500
inmobiliaria	2500
inmoble	2500
inmoderadamente	2500
inmodestamente	2500
inmolación	2500
inmolador	2500
inmolar	2500
inmortalizar	2500
inmortalmente	2500
inmortificado	2500
inmotivadamente	2500
inmotivado	2500
inmovilizar	2500
inmueble	2500
inmundo	2500
inmune	2500
inmunidad	2500
inmunitario	2500
inmunizador	2500
inmunizar	2500
inmunodeficiencia	2500
inmunológico	2500
inmunoterapia	2500
inmutar	2500
inmutativo	2500
innatismo	2500
innecesariamente	2500
innegablemente	2500
innoblemente	2500
innocuo	2500
innombrable	2500
innominable	2500
innominado	2500
innovación	2500
innovador	2500
innovar	2500
innumerabilidad	2500
innumerablemente	2500
inocencia	2500
inocentada	2500
inocente	2500
inocentemente	2500
inocuidad	2500
inoculador	2500
inocular	2500
inocultable	2500
inocuo	2500
inodoro	2500
inolvidable	2500
inopia	2500
inopinadamente	2500
inopinado	2500
inoportunamente	2500
inordinado	2500
inquerir	2500
inquietador	2500
inquietamente	2500
inquietante	2500
inquietar	2500
inquilino	2500
inquinamento	2500
inquinar	2500
inquirir	2500
inquisición	2500
inquisidor	2500
inquisitivo	2500
inquisitorial	2500
inquisitorio	2500
inri	2500
insaciabilidad	2500
insaciablemente	2500
insacular	2500
insalivar	2500
insalubremente	2500
insatisfacción	2500
inscribir	2500
inscripción	2500
inscrito	2500
insculpir	2500
insecable	2500
insecticida	2500
insecto	2500
insectívoro	2500
inseguramente	2500
inseminación	2500
inseminar	2500
insensatamente	2500
insensibilizar	2500
insensiblemente	2500
inseparabilidad	2500
inseparablemente	2500
insepulto	2500
inserción	2500
inserir	2500
insertar	2500
inserto	2500
insidia	2500
insidiador	2500
insidiar	2500
insidiosamente	2500
insidioso	2500
insigne	2500
insignemente	2500
insignia	2500
insignificancia	2500
insimular	2500
insinuación	2500
insinuador	2500
insinuante	2500
insinuar	2500
insipidez	2500
insipiente	2500
insistencia	2500
insistente	2500
insistentemente	2500
insistir	2500
insolación	2500
insolar	2500
insoldable	2500
insolencia	2500
insolentar	2500
insolente	2500
insolentemente	2500
insoluto	2500
insolvente	2500
insomne	2500
insomnio	2500
insonorización	2500
insonorizar	2500
insoslayable	2500
insospechado	2500
insostenible	2500
inspeccionar	2500
inspector	2500
inspectorial	2500
inspectoría	2500
inspiración	2500
inspiradamente	2500
inspirado	2500
inspirador	2500
inspirar	2500
inspirativo	2500
inst	2500
instalación	2500
instalador	2500
instalar	2500
instancia	2500
instante	2500
instantánea	2500
instantáneamente	2500
instantáneo	2500
instar	2500
instauración	2500
instaurador	2500
instaurar	2500
instigación	2500
instigador	2500
instigar	2500
instilar	2500
instimular	2500
instintivamente	2500
instintivo	2500
instinto	2500
institucional	2500
institucionalización	2500
institucionalizar	2500
institucionalmente	2500
institución	2500
instituidor	2500
instituir	2500
instituto	2500
institutriz	2500
instrucción	2500
instructivamente	2500
instructivo	2500
instructor	2500
instruido	2500
instruir	2500
instrumentación	2500
instrumental	2500
instrumentalización	2500
instrumentalizar	2500
instrumentalmente	2500
instrumentar	2500
instrumentista	2500
instrumento	2500
insubordinación	2500
insubordinar	2500
insubstancialidad	2500
insubstancialmente	2500
insudar	2500
insuflar	2500
insufriblemente	2500
insular	2500
insulina	2500
insulsamente	2500
insulsez	2500
insulso	2500
insultador	2500
insultante	2500
insultar	2500
insulto	2500
insumable	2500
insumir	2500
insurgencia	2500
insurgente	2500
insurgir	2500
insurreccionar	2500
insurrección	2500
insurrecto	2500
insustancialidad	2500
insustancialmente	2500
insípido	2500
insólitamente	2500
intacto	2500
intangibilidad	2500
integrable	2500
integración	2500
integrado	2500
integrador	2500
integral	2500
integralmente	2500
integrante	2500
integrar	2500
integridad	2500
integrismo	2500
integrista	2500
intelección	2500
intelectiva	2500
intelectivo	2500
intelecto	2500
intelectual	2500
intelectualidad	2500
intelectualismo	2500
intelectualizar	2500
intelectualmente	2500
inteligencia	2500
inteligentemente	2500
inteligibilidad	2500
inteligible	2500
inteligiblemente	2500
inteligir	2500
intemperado	2500
intempestivamente	2500
intencionadamente	2500
intencionado	2500
intencional	2500
intencionalidad	2500
intencionalmente	2500
intención	2500
intendencia	2500
intendente	2500
intender	2500
intensamente	2500
intensar	2500
intensidad	2500
intensificación	2500
intensificadora	2500
intensificar	2500
intensivamente	2500
intensivo	2500
intentar	2500
intento	2500
intentona	2500
interaccionar	2500
interactividad	2500
interactuante	2500
interactuar	2500
interamericano	2500
interbancario	2500
intercalación	2500
intercalar	2500
intercambiador	2500
intercambiar	2500
intercar	2500
interceder	2500
interceptar	2500
interceptor	2500
intercesor	2500
interciso	2500
intercolumnio	2500
intercomunicador	2500
interconectado	2500
interconexión	2500
intercultural	2500
interdecir	2500
interdicción	2500
interdicho	2500
interdicto	2500
interdisciplinar	2500
interdisciplinario	2500
interesada	2500
interesadamente	2500
interesado	2500
interesante	2500
interesar	2500
interfase	2500
interfecto	2500
interferencia	2500
interferir	2500
interfoliar	2500
interfono	2500
intergeneracional	2500
interinamente	2500
interinar	2500
interinidad	2500
interino	2500
interinstitucional	2500
interior	2500
interioridad	2500
interiorizar	2500
interiormente	2500
interjección	2500
interjectivo	2500
interlinear	2500
interlocutorio	2500
interludio	2500
interlunio	2500
intermediar	2500
intermediario	2500
intermedio	2500
intermitencia	2500
intermitente	2500
intermitentemente	2500
intermitir	2500
internacional	2500
internacionalista	2500
internacionalizar	2500
internacionalmente	2500
internamente	2500
internamiento	2500
internar	2500
internauta	2500
internista	2500
interno	2500
interoperable	2500
interoperatividad	2500
interpaginar	2500
interpelar	2500
interpersonal	2500
interpolación	2500
interpolador	2500
interpolante	2500
interpolar	2500
interponer	2500
interprender	2500
interpretador	2500
interpretar	2500
interpretativamente	2500
interpretativo	2500
interpuesto	2500
interpón	2500
interrelacionado	2500
interrogación	2500
interrogante	2500
interrogar	2500
interrogativamente	2500
interrogatorio	2500
interromper	2500
interrumpir	2500
interrupción	2500
interruptor	2500
interserir	2500
intersticial	2500
intersticio	2500
intervalo	2500
intervencionismo	2500
intervencionista	2500
intervención	2500
intervenir	2500
interventor	2500
interviniente	2500
interviuvar	2500
intervén	2500
interés	2500
intestado	2500
intestar	2500
intestinal	2500
intestino	2500
intima	2500
intimación	2500
intimar	2500
intimidación	2500
intimidad	2500
intimidante	2500
intimidar	2500
intimidatorio	2500
intimismo	2500
intimista	2500
intitular	2500
intocable	2500
intonso	2500
intoxicación	2500
intoxicar	2500
intracelular	2500
intradós	2500
intramuros	2500
intramuscular	2500
intranet	2500
intransitividad	2500
intransitivo	2500
intransmutabilidad	2500
intraocular	2500
intrasmisible	2500
intratabilidad	2500
intrauterino	2500
intravenoso	2500
intrepidez	2500
intributar	2500
intricadamente	2500
intricar	2500
intrigante	2500
intrigar	2500
intrincación	2500
intrincadamente	2500
intrincado	2500
intrincar	2500
introducción	2500
introducir	2500
introductor	2500
introductorio	2500
introito	2500
intromisión	2500
introspección	2500
introspectivamente	2500
introspectivo	2500
introversión	2500
introverso	2500
introvertido	2500
intrusamente	2500
intrusar	2500
intrusismo	2500
intrusión	2500
intruso	2500
intrépidamente	2500
intrépido	2500
intríngulis	2500
intrínsecamente	2500
intrínseco	2500
intubar	2500
intuible	2500
intuición	2500
intuir	2500
intuitivamente	2500
intumescencia	2500
intumescente	2500
intérprete	2500
inundación	2500
inundado	2500
inundar	2500
inusitadamente	2500
inusitado	2500
inusualmente	2500
inutilizable	2500
inutilizado	2500
inutilizar	2500
invadir	2500
invaginar	2500
invalidación	2500
invalidar	2500
invaluable	2500
invar	2500
invariablemente	2500
invariante	2500
invasivo	2500
invasión	2500
invasor	2500
invectiva	2500
invehír	2500
invencibilidad	2500
invenciblemente	2500
invención	2500
invenir	2500
inventar	2500
inventariar	2500
inventario	2500
inventiva	2500
inventivo	2500
invento	2500
invernadero	2500
invernal	2500
invernar	2500
invernizo	2500
inverosímilmente	2500
inversamente	2500
inversionista	2500
inverso	2500
inversor	2500
invertido	2500
invertir	2500
investigación	2500
investigador	2500
investigar	2500
investir	2500
inveterado	2500
inveterar	2500
inviar	2500
invicto	2500
invidencia	2500
invidiar	2500
invierno	2500
invigilar	2500
inviolabilidad	2500
inviolable	2500
inviolablemente	2500
invisiblemente	2500
invitación	2500
invitado	2500
invitar	2500
invito	2500
invocador	2500
invocar	2500
invocatorio	2500
involucionar	2500
involucionista	2500
involución	2500
involucrar	2500
involucro	2500
involuntariamente	2500
inválidamente	2500
inyección	2500
inyectar	2500
inyectivo	2500
inyector	2500
inyungir	2500
inánime	2500
inédito	2500
inútilmente	2500
ion	2500
ionización	2500
ionizante	2500
ionizar	2500
ionosfera	2500
iota	2500
ira	2500
iracundia	2500
iracundo	2500
irakí	2500
iranio	2500
iraní	2500
iraquí	2500
irascibilidad	2500
irascible	2500
iremos	2500
irga	2500
irgamos	2500
irgan	2500
irgas	2500
irgo	2500
irgue	2500
irguen	2500
irgues	2500
irguiendo	2500
irguiera	2500
irguierais	2500
irguieran	2500
irguieras	2500
irguiere	2500
irguieren	2500
irguieres	2500
irguieron	2500
irguiese	2500
irguieseis	2500
irguiesen	2500
irguieses	2500
irguiéndola	2500
irguiéndolas	2500
irguiéndolo	2500
irguiéndolos	2500
irguiéndome	2500
irguiéndonos	2500
irguiéndoos	2500
irguiéndose	2500
irguiéndote	2500
irguiéramos	2500
irguiéreis	2500
irguiéremos	2500
irguiésemos	2500
irguió	2500
irgáis	2500
irgámonos	2500
iridio	2500
iridiscente	2500
iris	2500
irisado	2500
irisar	2500
irlandés	2500
irle	2500
irles	2500
irlo	2500
irme	2500
irnos	2500
ironizar	2500
ironía	2500
iroqués	2500
iros	2500
irracionable	2500
irracionalmente	2500
irradiar	2500
irreconciliable	2500
irredento	2500
irreductibilidad	2500
irreductiblemente	2500
irreflexivamente	2500
irreglamentable	2500
irregularmente	2500
irremediablemente	2500
irremisiblemente	2500
irremunerado	2500
irreparablemente	2500
irrepetible	2500
irreprensiblemente	2500
irreprimible	2500
irreprochabilidad	2500
irresistiblemente	2500
irrespetuosamente	2500
irrespetuosidad	2500
irreverenciar	2500
irreverentemente	2500
irrevocablemente	2500
irrigación	2500
irrigador	2500
irrigar	2500
irrisión	2500
irrisoriamente	2500
irrisorio	2500
irritabilidad	2500
irritación	2500
irritador	2500
irritamiento	2500
irritante	2500
irritar	2500
irrogar	2500
irruir	2500
irrumpir	2500
irrupción	2500
irse	2500
irte	2500
irá	2500
irás	2500
iré	2500
iréis	2500
iría	2500
iríais	2500
iríamos	2500
irían	2500
irías	2500
irídeo	2500
irónicamente	2500
irónico	2500
is	2500
isa	2500
isabelino	2500
isabelo	2500
isba	2500
isidoriano	2500
isidril	2500
islam	2500
islamismo	2500
islamita	2500
islamizar	2500
islandés	2500
islario	2500
isleño	2500
islote	2500
islámico	2500
islándico	2500
isobara	2500
isobaro	2500
isobárico	2500
isocronismo	2500
isomorfismo	2500
isomorfo	2500
isoterma	2500
isotermo	2500
isotropía	2500
isotérmico	2500
isotónico	2500
isquemia	2500
isquion	2500
isquiático	2500
israelita	2500
israelí	2500
istmo	2500
isóbara	2500
isócrono	2500
isómero	2500
isópodo	2500
isósceles	2500
isótopo	2500
isótropo	2500
italianismo	2500
italianizar	2500
italianófilo	2500
italicense	2500
italorrománico	2500
iterar	2500
iterativa	2500
iterativo	2500
iterbio	2500
itinerante	2500
itinerario	2500
itria	2500
itrio	2500
itálica	2500
itálico	2500
iusnaturalismo	2500
ivernar	2500
ivierno	2500
iza	2500
izar	2500
izgonzar	2500
izote	2500
izq	2500
izqdo	2500
izquierdear	2500
izquierdista	2500
izquierdo	2500
ión	2500
iónico	2500
ja	2500
jabalconar	2500
jabalina	2500
jabalinero	2500
jabalonar	2500
jabaluna	2500
jabalí	2500
jabalín	2500
jabardear	2500
jabardo	2500
jabato	2500
jabelgar	2500
jabeque	2500
jabillo	2500
jabino	2500
jabonado	2500
jabonador	2500
jabonadura	2500
jabonar	2500
jaboncillo	2500
jabonera	2500
jabonero	2500
jabonoso	2500
jabrir	2500
jabí	2500
jabón	2500
jaca	2500
jacarandaes	2500
jacarandina	2500
jacarandino	2500
jacarandá	2500
jacarear	2500
jacer	2500
jacinto	2500
jaco	2500
jacobeo	2500
jacobinismo	2500
jacobino	2500
jacobita	2500
jactancia	2500
jactanciosamente	2500
jactancioso	2500
jactar	2500
jaculatoria	2500
jaculatorio	2500
jacuzzi	2500
jade	2500
jadeante	2500
jadear	2500
jadeo	2500
jadiar	2500
jadraque	2500
jaecero	2500
jaenes	2500
jaenés	2500
jaezar	2500
jaguar	2500
jaguarzo	2500
jaharrar	2500
jaiba	2500
jaique	2500
jalapa	2500
jalapeño	2500
jalar	2500
jalbegar	2500
jalda	2500
jaldado	2500
jalde	2500
jaldeta	2500
jaldo	2500
jaldre	2500
jalea	2500
jaleador	2500
jalear	2500
jaleco	2500
jaleo	2500
jaletina	2500
jalifa	2500
jalifato	2500
jalifiano	2500
jalisciense	2500
jalma	2500
jalmero	2500
jalonar	2500
jaloque	2500
jalón	2500
jamaicano	2500
jamaiquino	2500
jamar	2500
jamba	2500
jambaje	2500
jambrar	2500
jamelgo	2500
jamerdana	2500
jamerdar	2500
jamete	2500
jamona	2500
jamuga	2500
jamurar	2500
jamuscar	2500
jamás	2500
jamón	2500
jane	2500
jangada	2500
jangua	2500
jansenismo	2500
jansenista	2500
japonense	2500
japones	2500
japonés	2500
japuta	2500
japónica	2500
jaque	2500
jaquear	2500
jaqueca	2500
jaquecoso	2500
jaquel	2500
jaquelado	2500
jaquero	2500
jaqueta	2500
jaquimazo	2500
jaquimero	2500
jaquir	2500
jara	2500
jarabe	2500
jarabear	2500
jaracalla	2500
jaral	2500
jaramago	2500
jaramugo	2500
jarana	2500
jarandina	2500
jaranear	2500
jaranero	2500
jarano	2500
jaraíz	2500
jarbar	2500
jarcia	2500
jarciar	2500
jardinera	2500
jardinero	2500
jardín	2500
jareta	2500
jaretera	2500
jaricar	2500
jarife	2500
jarifiano	2500
jarifo	2500
jaro	2500
jarocho	2500
jaropar	2500
jaropear	2500
jaroso	2500
jarra	2500
jarrar	2500
jarrear	2500
jarrer	2500
jarrero	2500
jarretar	2500
jarrete	2500
jarretera	2500
jarrita	2500
jarro	2500
jarropa	2500
jarrón	2500
jasadura	2500
jasar	2500
jaspe	2500
jaspeado	2500
jaspear	2500
jata	2500
jateo	2500
jatib	2500
jativés	2500
jato	2500
jau	2500
jaudo	2500
jauja	2500
jaula	2500
jaulero	2500
jauría	2500
jauto	2500
javanés	2500
javera	2500
javo	2500
jazarino	2500
jazminero	2500
jazmín	2500
jazz	2500
je	2500
jea	2500
jebe	2500
jebuseo	2500
jedar	2500
jedive	2500
jedrea	2500
jefa	2500
jefatura	2500
jefe	2500
jeito	2500
jeliz	2500
jemal	2500
jeme	2500
jemer	2500
jenabe	2500
jenable	2500
jengibre	2500
jenízaro	2500
jeque	2500
jera	2500
jerapellina	2500
jerarca	2500
jerarquizar	2500
jerarquía	2500
jerbo	2500
jeremiada	2500
jeremiquear	2500
jeremías	2500
jerezano	2500
jerga	2500
jergón	2500
jeribeque	2500
jerife	2500
jerifiano	2500
jerigonza	2500
jerigonzar	2500
jeringa	2500
jeringar	2500
jeringazo	2500
jeringuilla	2500
jeroglífico	2500
jeronimiano	2500
jerosolimitano	2500
jerpa	2500
jerricote	2500
jerséis	2500
jeruga	2500
jervilla	2500
jerárquico	2500
jerónimo	2500
jesnato	2500
jesuita	2500
jesusear	2500
jesuíticamente	2500
jeta	2500
jetar	2500
jetazo	2500
jetudo	2500
jhs	2500
ji	2500
jibia	2500
jicarazo	2500
jienense	2500
jiennense	2500
jifa	2500
jiferada	2500
jifero	2500
jifia	2500
jiga	2500
jigote	2500
jiguilete	2500
jijallar	2500
jijallo	2500
jijas	2500
jijear	2500
jijona	2500
jileco	2500
jilguera	2500
jilguero	2500
jilmaestre	2500
jimelga	2500
jimia	2500
jimio	2500
jimplar	2500
jimén	2500
jindama	2500
jinebro	2500
jinestada	2500
jineta	2500
jinetada	2500
jinete	2500
jinetear	2500
jinglar	2500
jinjolero	2500
jipiar	2500
jipijapa	2500
jipismo	2500
jiquilete	2500
jira	2500
jirafa	2500
jirapliega	2500
jirasal	2500
jirofina	2500
jironado	2500
jirpear	2500
jirón	2500
jisca	2500
jitar	2500
jo	2500
jobo	2500
jocosamente	2500
jocoserio	2500
jocosidad	2500
jocoso	2500
jocundidad	2500
jocundo	2500
joder	2500
jofaina	2500
jofor	2500
joglar	2500
joguer	2500
jolgorio	2500
jolines	2500
jolito	2500
joloano	2500
jolín	2500
jonio	2500
jonjabar	2500
jopar	2500
jopear	2500
jorco	2500
jordano	2500
jordán	2500
jorfe	2500
jorge	2500
jornada	2500
jornal	2500
jornalar	2500
jornalear	2500
jornalero	2500
joroba	2500
jorobado	2500
jorobadura	2500
jorobar	2500
jorobeta	2500
joropo	2500
jorrar	2500
jorro	2500
josa	2500
josefino	2500
jostra	2500
jostrado	2500
jota	2500
joule	2500
joven	2500
jovenado	2500
jovencito	2500
jovenete	2500
jovenzuelo	2500
jovial	2500
jovialidad	2500
jovialmente	2500
joya	2500
joyante	2500
joyel	2500
joyelero	2500
joyero	2500
joyo	2500
joyosa	2500
ju	2500
juanete	2500
juanetero	2500
juanetudo	2500
juarda	2500
juardoso	2500
juba	2500
jubada	2500
jubete	2500
jubetero	2500
jubilación	2500
jubilado	2500
jubilar	2500
jubileo	2500
jubilosamente	2500
jubiloso	2500
jubo	2500
jubonero	2500
jubón	2500
judaica	2500
judaico	2500
judaización	2500
judaizante	2500
judaizar	2500
judas	2500
judaísmo	2500
judeocristiano	2500
judería	2500
judgar	2500
judiada	2500
judiar	2500
judicante	2500
judicar	2500
judicativo	2500
judicatura	2500
judicial	2500
judicializar	2500
judicialmente	2500
judiciario	2500
judiego	2500
judía	2500
judío	2500
juega	2500
juegan	2500
juegas	2500
juego	2500
juegue	2500
jueguen	2500
juegues	2500
juera	2500
juerga	2500
juerguear	2500
juerguista	2500
juez	2500
jueza	2500
jugaba	2500
jugabais	2500
jugaban	2500
jugabas	2500
jugad	2500
jugada	2500
jugadas	2500
jugadera	2500
jugado	2500
jugador	2500
jugados	2500
jugamos	2500
jugando	2500
jugar	2500
jugara	2500
jugarais	2500
jugaran	2500
jugaras	2500
jugare	2500
jugareis	2500
jugaremos	2500
jugaren	2500
jugares	2500
jugarla	2500
jugarlas	2500
jugarle	2500
jugarles	2500
jugarlo	2500
jugarlos	2500
jugarme	2500
jugarnos	2500
jugaron	2500
jugaros	2500
jugarreta	2500
jugarse	2500
jugarte	2500
jugará	2500
jugarán	2500
jugarás	2500
jugaré	2500
jugaréis	2500
jugaría	2500
jugaríais	2500
jugaríamos	2500
jugarían	2500
jugarías	2500
jugase	2500
jugaseis	2500
jugasen	2500
jugases	2500
jugaste	2500
jugasteis	2500
juglar	2500
juglara	2500
juglaresa	2500
juglaresco	2500
jugo	2500
jugosidad	2500
jugoso	2500
juguemos	2500
juguete	2500
juguetear	2500
jugueteo	2500
juguetero	2500
juguetón	2500
jugué	2500
juguéis	2500
jugábamos	2500
jugáis	2500
jugáramos	2500
jugáremos	2500
jugármela	2500
jugármelas	2500
jugármelo	2500
jugármelos	2500
jugárnosla	2500
jugárnoslas	2500
jugárnoslo	2500
jugárnoslos	2500
jugárosla	2500
jugároslas	2500
jugároslo	2500
jugároslos	2500
jugársela	2500
jugárselas	2500
jugárselo	2500
jugárselos	2500
jugártela	2500
jugártelas	2500
jugártelo	2500
jugártelos	2500
jugásemos	2500
jugó	2500
juicio	2500
juiciosamente	2500
juicioso	2500
jujear	2500
jujeño	2500
julepe	2500
julepear	2500
juliano	2500
julo	2500
jumar	2500
jumenta	2500
jumento	2500
jumera	2500
juncada	2500
juncal	2500
juncar	2500
juncia	2500
juncial	2500
junciana	2500
juncino	2500
juncir	2500
junco	2500
juncácea	2500
juncáceo	2500
jungla	2500
junglada	2500
junior	2500
juniors	2500
junquera	2500
junqueral	2500
junta	2500
juntamente	2500
juntar	2500
juntera	2500
juntero	2500
juntorio	2500
juntura	2500
jupiterino	2500
jura	2500
juradera	2500
jurado	2500
jurador	2500
juramentar	2500
juramento	2500
jurar	2500
juratoria	2500
juratorio	2500
jurdano	2500
jurel	2500
jurero	2500
jurguina	2500
juridicidad	2500
jurisconsulto	2500
jurisdiccional	2500
jurisdicción	2500
jurispericia	2500
jurisperito	2500
jurisprudencia	2500
jurisprudente	2500
jurista	2500
juro	2500
jurásico	2500
jurídicamente	2500
jurídico	2500
jusbarba	2500
jusello	2500
jusi	2500
justa	2500
justamente	2500
justar	2500
justedad	2500
justeza	2500
justicia	2500
justiciable	2500
justiciar	2500
justiciazgo	2500
justicieramente	2500
justiciero	2500
justificable	2500
justificación	2500
justificada	2500
justificadamente	2500
justificado	2500
justificador	2500
justificante	2500
justificar	2500
justificativo	2500
justillo	2500
justinianeo	2500
justipreciar	2500
justo	2500
juta	2500
juvenal	2500
juvenecer	2500
juvenil	2500
juvenilmente	2500
juventud	2500
juvia	2500
juzgada	2500
juzgado	2500
juzgador	2500
juzgamundos	2500
juzgar	2500
juégala	2500
juégalas	2500
juégale	2500
juégales	2500
juégalo	2500
juégalos	2500
juñir	2500
jábega	2500
jácara	2500
jáquer	2500
jáquima	2500
jíbaro	2500
jícara	2500
jíes	2500
jínjol	2500
jónico	2500
júbilo	2500
júnior	2500
júpiter	2500
ka	2500
kaki	2500
kan	2500
kantiano	2500
kantismo	2500
kappa	2500
karaoke	2500
karma	2500
kas	2500
kazajo	2500
kazako	2500
kelvin	2500
keniano	2500
keniata	2500
kermes	2500
ketchup	2500
kg	2500
kiliárea	2500
kilo	2500
kilociclo	2500
kilogramo	2500
kilográmetro	2500
kilolitro	2500
kilométrico	2500
kilopondio	2500
kilovatio	2500
kiosco	2500
kirguiso	2500
kirguís	2500
kiribatiano	2500
kirie	2500
kit	2500
km	2500
krausismo	2500
krausista	2500
kurdo	2500
kuwaití	2500
káiser	2500
kárstico	2500
laberinto	2500
laberíntico	2500
labia	2500
labiada	2500
labiado	2500
labial	2500
labializar	2500
labihendido	2500
labilidad	2500
labio	2500
labiodental	2500
labiérnago	2500
labor	2500
laborable	2500
laboral	2500
laborante	2500
laborar	2500
laboratorio	2500
laborear	2500
laboreo	2500
laborera	2500
laboriosamente	2500
laboriosidad	2500
laborioso	2500
laborismo	2500
laborista	2500
labra	2500
labrada	2500
labradero	2500
labrado	2500
labrador	2500
labradoresco	2500
labradorita	2500
labrandera	2500
labrante	2500
labrantío	2500
labranza	2500
labrar	2500
labrero	2500
labriego	2500
labrusca	2500
laca	2500
lacado	2500
lacayo	2500
lacayuno	2500
lacear	2500
lacedemonio	2500
lacena	2500
laceradamente	2500
lacerado	2500
lacerante	2500
lacerar	2500
laceria	2500
lacerioso	2500
lacetano	2500
lacha	2500
lacinia	2500
laciniado	2500
lacio	2500
laconio	2500
laconismo	2500
lacrar	2500
lacre	2500
lacrimal	2500
lacrimar	2500
lacrimatorio	2500
lacrimosamente	2500
lacrimoso	2500
lacrimógeno	2500
lactancia	2500
lactante	2500
lactar	2500
lactario	2500
lactato	2500
lacteado	2500
lactescencia	2500
lactescente	2500
lacticinio	2500
lacticinoso	2500
lactosa	2500
lactucario	2500
lactumen	2500
lacunario	2500
lacustre	2500
lacón	2500
lacónicamente	2500
lacónico	2500
lada	2500
ladeado	2500
ladear	2500
ladera	2500
ladero	2500
ladierno	2500
ladilla	2500
ladinamente	2500
ladino	2500
lados	2500
ladra	2500
ladrador	2500
ladrar	2500
ladrido	2500
ladrillador	2500
ladrillar	2500
ladrillejo	2500
ladrillero	2500
ladrillo	2500
ladrilloso	2500
ladronamente	2500
ladronear	2500
ladronera	2500
ladronesca	2500
ladronesco	2500
ladronicio	2500
ladronzuelo	2500
ladrón	2500
lady	2500
ladys	2500
lagar	2500
lagarear	2500
lagarejo	2500
lagarero	2500
lagareta	2500
lagarta	2500
lagartado	2500
lagartera	2500
lagarterano	2500
lagartero	2500
lagartezna	2500
lagartija	2500
lagartijero	2500
lagarto	2500
lago	2500
lagopo	2500
lagosta	2500
lagotear	2500
lagotero	2500
lagrimable	2500
lagrimal	2500
lagrimar	2500
lagrimear	2500
lagrimoso	2500
lagunajo	2500
lagunar	2500
lagunazo	2500
lagunero	2500
lagunoso	2500
laicismo	2500
laicista	2500
laicizar	2500
laico	2500
laido	2500
lairén	2500
lais	2500
laja	2500
lama	2500
lambda	2500
lambel	2500
lambeo	2500
lamber	2500
lambicar	2500
lambiscar	2500
lambisquear	2500
lambrija	2500
lambrucear	2500
lambrucio	2500
lambucear	2500
lameculos	2500
lamedal	2500
lamedor	2500
lamedura	2500
lamelibranquio	2500
lamentablemente	2500
lamentación	2500
lamentador	2500
lamentar	2500
lamento	2500
lamentoso	2500
lameplatos	2500
lamer	2500
lamia	2500
laminación	2500
laminado	2500
laminador	2500
laminar	2500
laminero	2500
laminoso	2500
lamiscar	2500
lamoso	2500
lampacear	2500
lampante	2500
lampar	2500
lamparero	2500
lamparilla	2500
lamparista	2500
lampazo	2500
lampista	2500
lampiño	2500
lamprea	2500
lamprear	2500
lampreazo	2500
lamprehuela	2500
lampreílla	2500
lampuga	2500
lampuguera	2500
lamín	2500
lana	2500
lanada	2500
lanado	2500
lanar	2500
lanaria	2500
lance	2500
lancear	2500
lanceolado	2500
lancera	2500
lancero	2500
lanceta	2500
lancetada	2500
lancetazo	2500
lancetero	2500
lancha	2500
lanchada	2500
lanchar	2500
lanchero	2500
lancho	2500
lanchón	2500
lancilla	2500
lancinante	2500
lancinar	2500
lancurdia	2500
lande	2500
landgrave	2500
landgraviato	2500
landre	2500
landrecilla	2500
landrero	2500
landrilla	2500
lanero	2500
langa	2500
langaruto	2500
langosta	2500
langostero	2500
langostino	2500
languedociano	2500
languidecer	2500
languidez	2500
languor	2500
lanilla	2500
lanosidad	2500
lanoso	2500
lansquenete	2500
lantaca	2500
lantano	2500
lanteja	2500
lantejuela	2500
lanterna	2500
lanterno	2500
lantánido	2500
lanudo	2500
lanuginoso	2500
lanza	2500
lanzacabos	2500
lanzacohetes	2500
lanzada	2500
lanzadera	2500
lanzado	2500
lanzador	2500
lanzafuego	2500
lanzallamas	2500
lanzamiento	2500
lanzar	2500
lanzatorpedos	2500
lanzazo	2500
lanzuela	2500
laodicense	2500
laosiano	2500
lapa	2500
lapachar	2500
lapacho	2500
lapicero	2500
lapidar	2500
lapidario	2500
lapidificar	2500
lapidoso	2500
lapislázuli	2500
lapita	2500
lapizar	2500
lapo	2500
lapso	2500
lapsus	2500
lapídeo	2500
lapón	2500
laquear	2500
lar	2500
larario	2500
larda	2500
lardar	2500
lardear	2500
lardero	2500
lardo	2500
lardoso	2500
larga	2500
largamente	2500
largar	2500
largometraje	2500
largomira	2500
largor	2500
largueado	2500
larguero	2500
largueza	2500
larguirucho	2500
largura	2500
larguísimo	2500
laricino	2500
larije	2500
laringe	2500
laringitis	2500
laringoscopia	2500
laringoscopio	2500
larra	2500
larva	2500
larvado	2500
larval	2500
larvario	2500
laríngeo	2500
lasarse	2500
lasaña	2500
lasca	2500
lascar	2500
lascivamente	2500
lascivia	2500
lascivo	2500
laserpicio	2500
lasitud	2500
laso	2500
lastar	2500
lastimador	2500
lastimadura	2500
lastimar	2500
lastimeramente	2500
lastimero	2500
lastimosamente	2500
lastimoso	2500
lastrar	2500
lastre	2500
lastrear	2500
lata	2500
latamente	2500
latania	2500
latastro	2500
lataz	2500
latebra	2500
latebroso	2500
latencia	2500
latente	2500
lateral	2500
lateralizar	2500
lateralmente	2500
lateranense	2500
latero	2500
latido	2500
latifundio	2500
latifundismo	2500
latifundista	2500
latigadera	2500
latigazo	2500
latiguear	2500
latiguero	2500
latiguillo	2500
latinajo	2500
latinar	2500
latinear	2500
latinidad	2500
latiniparla	2500
latinismo	2500
latinista	2500
latinizador	2500
latinizar	2500
latino	2500
latinoamericano	2500
latir	2500
latirismo	2500
latitar	2500
latitud	2500
latitudinal	2500
latitudinario	2500
latitudinarismo	2500
lato	2500
latonero	2500
latoso	2500
latrocinar	2500
latrocinio	2500
latría	2500
latvio	2500
latín	2500
latón	2500
laudablemente	2500
laudar	2500
laudatoria	2500
laudatorio	2500
laudemio	2500
laudo	2500
launa	2500
laurear	2500
lauredal	2500
laurel	2500
laurente	2500
laureola	2500
lauretano	2500
laurino	2500
lauro	2500
lauroceraso	2500
laurácea	2500
lauráceo	2500
lava	2500
lavabo	2500
lavacaras	2500
lavada	2500
lavadero	2500
lavadientes	2500
lavado	2500
lavador	2500
lavadura	2500
lavafrutas	2500
lavajo	2500
lavamanos	2500
lavamiento	2500
lavanco	2500
lavanda	2500
lavandera	2500
lavandero	2500
lavaojos	2500
lavaplatos	2500
lavar	2500
lavativa	2500
lavativo	2500
lavatorio	2500
lavavajillas	2500
lavazas	2500
lave	2500
lavija	2500
lavotear	2500
lavándula	2500
laxación	2500
laxamiento	2500
laxante	2500
laxar	2500
laxativo	2500
laxidad	2500
laxismo	2500
laxista	2500
laxitud	2500
laxo	2500
lay	2500
layar	2500
layetano	2500
lazada	2500
lazar	2500
lazareto	2500
lazarillo	2500
lazarino	2500
lazarista	2500
lazaroso	2500
lazdrar	2500
lazo	2500
lazrar	2500
lazulita	2500
laísmo	2500
lañar	2500
laúd	2500
ldo	2500
leal	2500
lealmente	2500
lealtad	2500
leasing	2500
lebaniego	2500
lebeche	2500
leberquisa	2500
lebrada	2500
lebrato	2500
lebrel	2500
lebrero	2500
lebrijano	2500
lebrillo	2500
lebroncillo	2500
lebruno	2500
lebrón	2500
leccionario	2500
leccionista	2500
lección	2500
lechal	2500
lechar	2500
lechaza	2500
leche	2500
lechecillas	2500
lechera	2500
lechero	2500
lechetrezna	2500
lechiga	2500
lechigada	2500
lechigado	2500
lechino	2500
lecho	2500
lechona	2500
lechoso	2500
lechuga	2500
lechugado	2500
lechuguero	2500
lechuguina	2500
lechuguino	2500
lechuzo	2500
lechón	2500
lectisternio	2500
lectiva	2500
lectivo	2500
lector	2500
lectorado	2500
lectoría	2500
lectura	2500
led	2500
ledo	2500
leer	2500
lefa	2500
lega	2500
legado	2500
legador	2500
legadura	2500
legajo	2500
legal	2500
legalidad	2500
legalista	2500
legalización	2500
legalizar	2500
legalmente	2500
legar	2500
legatario	2500
legaña	2500
legenda	2500
legendario	2500
legibilidad	2500
legible	2500
legionario	2500
legionense	2500
legislable	2500
legislación	2500
legislador	2500
legislar	2500
legislativo	2500
legislatura	2500
legisperito	2500
legista	2500
legitimación	2500
legitimado	2500
legitimador	2500
legitimar	2500
legitimario	2500
legitimidad	2500
legitimista	2500
legión	2500
lego	2500
legradura	2500
legrar	2500
legua	2500
leguario	2500
leguleyo	2500
legumbre	2500
leguminosa	2500
leguminoso	2500
legítima	2500
legítimamente	2500
legítimo	2500
leila	2500
leima	2500
leja	2500
lejano	2500
lejanía	2500
lejas	2500
lejitos	2500
lejos	2500
lejía	2500
lelo	2500
lema	2500
lemanita	2500
lemario	2500
lembario	2500
lembo	2500
lembrar	2500
leme	2500
lemnio	2500
lemniscata	2500
lemnisco	2500
lemosín	2500
lempira	2500
lemurias	2500
len	2500
lena	2500
lenca	2500
lencero	2500
lencería	2500
lendakari	2500
lendrera	2500
lendrero	2500
lendroso	2500
lene	2500
leneas	2500
lengua	2500
lenguadeta	2500
lenguado	2500
lenguaje	2500
lenguarada	2500
lenguaraz	2500
lenguaz	2500
lenguaza	2500
lengudo	2500
lengüear	2500
lengüeta	2500
lenidad	2500
lenificar	2500
lenitivo	2500
lenizar	2500
lenocinio	2500
lentamente	2500
lente	2500
lentecer	2500
lenteja	2500
lentejar	2500
lentejuela	2500
lenticular	2500
lentificar	2500
lentigo	2500
lentilla	2500
lentiscal	2500
lentisco	2500
lentitud	2500
lento	2500
lentísimo	2500
lenzuelo	2500
leo	2500
leona	2500
leonado	2500
leonera	2500
leonero	2500
leonina	2500
leonino	2500
leontina	2500
leonés	2500
leopardo	2500
leopoldina	2500
leotardo	2500
lepidio	2500
lepidóptero	2500
lepisma	2500
leporino	2500
lepra	2500
leproso	2500
leptorrino	2500
leptón	2500
lera	2500
lercha	2500
lerda	2500
lerdo	2500
lerense	2500
leridano	2500
lerneo	2500
lesa	2500
lesbiana	2500
lesbianismo	2500
lesbiano	2500
lesbio	2500
lesionador	2500
lesionar	2500
lesivo	2500
lesión	2500
lesna	2500
lesnordeste	2500
leso	2500
lesotense	2500
leste	2500
letal	2500
letame	2500
letanía	2500
letargo	2500
letargoso	2500
leteo	2500
letificante	2500
letificar	2500
letra	2500
letrada	2500
letrado	2500
letrear	2500
letrero	2500
letrina	2500
letrista	2500
letuario	2500
letárgico	2500
letón	2500
leucemia	2500
leucocitaria	2500
leucocito	2500
leucoma	2500
leucopenia	2500
leucoplaquia	2500
leucorrea	2500
leudar	2500
leva	2500
levadero	2500
levadizo	2500
levador	2500
levadura	2500
levantada	2500
levantado	2500
levantador	2500
levantamiento	2500
levantar	2500
levante	2500
levantino	2500
levantisco	2500
levar	2500
leve	2500
levedad	2500
levemente	2500
levente	2500
leviatán	2500
levigar	2500
levirato	2500
levita	2500
levitación	2500
levitar	2500
levosa	2500
levítico	2500
levógiro	2500
lexema	2500
lexiarca	2500
lexicalizar	2500
lexicografía	2500
lexicográfico	2500
lexicógrafo	2500
ley	2500
leyenda	2500
leyendario	2500
lezda	2500
lezdero	2500
lezna	2500
lezne	2500
leída	2500
leído	2500
leísmo	2500
leña	2500
leñador	2500
leñar	2500
leño	2500
leñoso	2500
leónica	2500
liais	2500
liana	2500
liar	2500
liaza	2500
libación	2500
libamen	2500
libamiento	2500
libanés	2500
libar	2500
libatorio	2500
libela	2500
libelar	2500
libelista	2500
libelo	2500
liberación	2500
liberador	2500
liberal	2500
liberalidad	2500
liberalismo	2500
liberalizar	2500
liberalmente	2500
liberar	2500
liberatorio	2500
liberiano	2500
libertad	2500
libertador	2500
libertar	2500
libertario	2500
liberticida	2500
libertinaje	2500
libertino	2500
liberto	2500
libidinosamente	2500
libidinoso	2500
libido	2500
libio	2500
libra	2500
libracho	2500
libraco	2500
librado	2500
librador	2500
libramiento	2500
librancista	2500
libranza	2500
librar	2500
libratorio	2500
libre	2500
librea	2500
librear	2500
librecambio	2500
librecambismo	2500
librecambista	2500
librejo	2500
libremente	2500
librepensador	2500
librepensamiento	2500
librero	2500
libresco	2500
libreta	2500
librete	2500
libretista	2500
libreto	2500
libro	2500
libélula	2500
lic	2500
licantrópicamente	2500
licaón	2500
licencia	2500
licenciadillo	2500
licenciado	2500
licenciador	2500
licenciamiento	2500
licenciar	2500
licenciatura	2500
licenciosamente	2500
licencioso	2500
liceo	2500
lichera	2500
licio	2500
licitación	2500
licitador	2500
licitar	2500
licitud	2500
licnobio	2500
licopodio	2500
licor	2500
licorera	2500
licorista	2500
licoroso	2500
lictor	2500
licuación	2500
licuadora	2500
licuar	2500
licuecer	2500
licuefacción	2500
licuefacer	2500
licuefactible	2500
licuefactivo	2500
licurgo	2500
licántropamente	2500
lid	2500
liderar	2500
liderato	2500
liderazgo	2500
lidia	2500
lidiadero	2500
lidiador	2500
lidiar	2500
lie	2500
liebratico	2500
liebre	2500
liebrecilla	2500
liechtensteiniano	2500
liego	2500
lieis	2500
liendre	2500
lientera	2500
liento	2500
lienza	2500
lienzo	2500
lievar	2500
lifara	2500
liga	2500
ligada	2500
ligado	2500
ligadura	2500
ligamaza	2500
ligamen	2500
ligamento	2500
ligamentoso	2500
ligamiento	2500
ligar	2500
ligarza	2500
ligaterna	2500
ligazón	2500
ligeramente	2500
ligereza	2500
ligero	2500
ligeruela	2500
light	2500
ligio	2500
lignario	2500
lignificar	2500
lignito	2500
liguano	2500
ligur	2500
ligurino	2500
ligustre	2500
ligustrino	2500
ligustro	2500
ligítimamente	2500
lija	2500
lijadora	2500
lijadura	2500
lijar	2500
lila	2500
lilac	2500
lilaila	2500
lilao	2500
liliputiense	2500
liliácea	2500
liliáceo	2500
lima	2500
limaco	2500
limado	2500
limador	2500
limadura	2500
limalla	2500
limar	2500
limaza	2500
limbo	2500
limen	2500
limera	2500
limero	2500
limeta	2500
limiste	2500
limitación	2500
limitada	2500
limitadamente	2500
limitado	2500
limitador	2500
limitante	2500
limitar	2500
limitativo	2500
limo	2500
limonada	2500
limonado	2500
limonar	2500
limoncito	2500
limonero	2500
limonita	2500
limosidad	2500
limosna	2500
limosnear	2500
limosnero	2500
limoso	2500
limpia	2500
limpiabarros	2500
limpiabotas	2500
limpiachimeneas	2500
limpiadera	2500
limpiadientes	2500
limpiador	2500
limpiadura	2500
limpiamente	2500
limpiaparabrisas	2500
limpiaplumas	2500
limpiar	2500
limpidez	2500
limpieza	2500
limpio	2500
limusina	2500
limícola	2500
limítrofe	2500
limón	2500
linajista	2500
linajudo	2500
linamen	2500
linar	2500
linaria	2500
linaza	2500
lince	2500
lincear	2500
linchamiento	2500
linchar	2500
lincurio	2500
linda	2500
lindamente	2500
lindante	2500
lindar	2500
linde	2500
lindel	2500
lindera	2500
lindero	2500
lindeza	2500
lindo	2500
lindura	2500
lineal	2500
linealidad	2500
linealización	2500
linealmente	2500
lineamento	2500
lineamiento	2500
linear	2500
linero	2500
linfa	2500
linfatismo	2500
linfocito	2500
linfoide	2500
linfoma	2500
linfático	2500
lingote	2500
lingual	2500
lingue	2500
linguete	2500
lingüista	2500
lingüística	2500
lingüísticamente	2500
lingüístico	2500
linier	2500
linimento	2500
linimiento	2500
linio	2500
lino	2500
linotipia	2500
linotipista	2500
lintel	2500
linterna	2500
linternazo	2500
linternero	2500
linuezo	2500
linácea	2500
lináceo	2500
linóleo	2500
lio	2500
liofilizar	2500
lionés	2500
liorna	2500
liosa	2500
lioso	2500
lipemaniaco	2500
lipemanía	2500
lipes	2500
lipis	2500
lipoideo	2500
lipoma	2500
lipotimia	2500
lipídico	2500
liquen	2500
liquidación	2500
liquidador	2500
liquidar	2500
liquidez	2500
liquidámbar	2500
lira	2500
lirado	2500
lirio	2500
lirismo	2500
lironero	2500
lirón	2500
lis	2500
lisamente	2500
lisboeta	2500
lisbonense	2500
lisera	2500
lisiadura	2500
lisiar	2500
lisimaquia	2500
lisina	2500
lisis	2500
liso	2500
lisonja	2500
lisonjar	2500
lisonjeador	2500
lisonjear	2500
lisonjeramente	2500
lisonjero	2500
lista	2500
listada	2500
listado	2500
listamente	2500
listar	2500
listeado	2500
listel	2500
listero	2500
listeza	2500
listo	2500
listonar	2500
listonero	2500
listón	2500
lisura	2500
litar	2500
litarge	2500
litargirio	2500
litera	2500
literal	2500
literalidad	2500
literalmente	2500
literaria	2500
literariamente	2500
literario	2500
literata	2500
literato	2500
literatura	2500
literero	2500
litiasis	2500
litigante	2500
litigar	2500
litigio	2500
litigioso	2500
litina	2500
litio	2500
litis	2500
litisconsorte	2500
litisexpensas	2500
litispendencia	2500
litoclasa	2500
litocola	2500
litofotografiar	2500
litogenesia	2500
litografiar	2500
litográfico	2500
litoral	2500
litosfera	2500
litotricia	2500
litrarieo	2500
litre	2500
litro	2500
litrácea	2500
litráceo	2500
lituano	2500
lituo	2500
liturgia	2500
litógrafo	2500
litúrgico	2500
liudar	2500
liviana	2500
livianamente	2500
liviandad	2500
liviano	2500
lividecer	2500
lividez	2500
livonio	2500
livor	2500
lixiviar	2500
liza	2500
lizo	2500
liña	2500
llaca	2500
llaga	2500
llagar	2500
llama	2500
llamada	2500
llamadera	2500
llamado	2500
llamador	2500
llamamiento	2500
llamar	2500
llamarada	2500
llamativo	2500
llambria	2500
llameante	2500
llamear	2500
llana	2500
llanada	2500
llanamente	2500
llande	2500
llaneador	2500
llanear	2500
llanero	2500
llaneza	2500
llanisco	2500
llano	2500
llanta	2500
llantear	2500
llantera	2500
llantina	2500
llanto	2500
llantén	2500
llanura	2500
llar	2500
llareta	2500
llave	2500
llavero	2500
lle	2500
lleco	2500
llega	2500
llegada	2500
llegado	2500
llegar	2500
llena	2500
llenado	2500
llenamente	2500
llenar	2500
llenera	2500
llenero	2500
lleno	2500
llenura	2500
llera	2500
lleudar	2500
llevada	2500
llevadero	2500
llevador	2500
llevanza	2500
lloradera	2500
lloraduelos	2500
llorar	2500
lloredo	2500
llorera	2500
llorica	2500
lloriquear	2500
lloro	2500
llorosamente	2500
lloroso	2500
llorón	2500
llosa	2500
llotrar	2500
llovedizo	2500
llover	2500
llovido	2500
llovioso	2500
llovizna	2500
lloviznaba	2500
lloviznaban	2500
lloviznada	2500
lloviznadas	2500
lloviznado	2500
lloviznados	2500
lloviznan	2500
lloviznando	2500
lloviznar	2500
lloviznara	2500
lloviznaran	2500
lloviznare	2500
lloviznaren	2500
lloviznaron	2500
lloviznarse	2500
lloviznará	2500
lloviznarán	2500
lloviznaría	2500
lloviznarían	2500
lloviznase	2500
lloviznasen	2500
llovizne	2500
lloviznen	2500
lloviznó	2500
llubina	2500
llueca	2500
lluvia	2500
lluvioso	2500
loa	2500
loable	2500
loablemente	2500
loador	2500
loanda	2500
loar	2500
loba	2500
lobada	2500
lobado	2500
lobagante	2500
lobanillo	2500
lobarro	2500
lobato	2500
lobera	2500
lobero	2500
lobezno	2500
lobina	2500
lobo	2500
loboso	2500
lobreguecer	2500
lobreguez	2500
lobregura	2500
lobulado	2500
lobuno	2500
loc	2500
loca	2500
locación	2500
local	2500
localidad	2500
localismo	2500
localización	2500
localizador	2500
localizar	2500
localmente	2500
locamente	2500
locatario	2500
locativo	2500
locha	2500
loche	2500
loción	2500
loco	2500
locomoción	2500
locomotor	2500
locomotriz	2500
locomovible	2500
locomóvil	2500
locro	2500
locuacidad	2500
locuaz	2500
locuazmente	2500
locución	2500
locuela	2500
locuelo	2500
locura	2500
locutor	2500
locutorio	2500
lodachar	2500
lodazal	2500
lodazar	2500
lodo	2500
lodoso	2500
lofobranquio	2500
logadero	2500
logar	2500
logaritmo	2500
logarítmico	2500
logia	2500
logis	2500
logo	2500
logogrifo	2500
logomaquia	2500
logopeda	2500
logopedia	2500
logotipo	2500
logrado	2500
lograr	2500
logrear	2500
logrero	2500
logro	2500
logística	2500
logísticamente	2500
logístico	2500
loica	2500
loina	2500
lojano	2500
loma	2500
lomada	2500
lomba	2500
lombarda	2500
lombardada	2500
lombardear	2500
lombardero	2500
lombardo	2500
lombo	2500
lombriguera	2500
lombriz	2500
lomear	2500
lomera	2500
lometa	2500
lomienhiesto	2500
lominhiesto	2500
lomo	2500
lomudo	2500
lona	2500
loncha	2500
londinense	2500
londrina	2500
longa	2500
longanimidad	2500
longaniza	2500
longar	2500
longevidad	2500
longevo	2500
longincuo	2500
longitudinal	2500
longitudinalmente	2500
longo	2500
longobardo	2500
longuera	2500
longuetas	2500
lonja	2500
lonjear	2500
lonjeta	2500
lonjista	2500
lontananza	2500
loor	2500
lopigia	2500
lopista	2500
loquear	2500
loquera	2500
loquero	2500
loquesco	2500
loquios	2500
lora	2500
lorcha	2500
lord	2500
lordosis	2500
lorenzana	2500
lores	2500
loriga	2500
lorigado	2500
loriguero	2500
loriguillo	2500
loro	2500
lorquino	2500
lorza	2500
losange	2500
losar	2500
loseta	2500
losino	2500
lota	2500
lote	2500
lotear	2500
lotero	2500
lotería	2500
lotiforme	2500
loto	2500
lovaniense	2500
loxodromia	2500
loza	2500
lozanamente	2500
lozanear	2500
lozanecer	2500
lozano	2500
lozanía	2500
loísmo	2500
ltdo	2500
lubigante	2500
lubina	2500
lubricador	2500
lubricante	2500
lubricar	2500
lubricativo	2500
lubricidad	2500
lubrificante	2500
lubrificar	2500
lucano	2500
lucense	2500
lucentor	2500
lucera	2500
lucerna	2500
lucero	2500
lucha	2500
luchadero	2500
luchador	2500
luchar	2500
lucharniego	2500
lucianesco	2500
lucida	2500
lucidamente	2500
lucidez	2500
lucido	2500
lucidor	2500
lucidura	2500
luciente	2500
lucifer	2500
luciferino	2500
lucilina	2500
lucillo	2500
lucimiento	2500
lucio	2500
lucir	2500
luciérnaga	2500
lución	2500
lucrar	2500
lucrativo	2500
lucro	2500
lucroniense	2500
lucroso	2500
luctuosa	2500
luctuoso	2500
lucubrar	2500
ludada	2500
ludiar	2500
ludibrio	2500
ludificación	2500
ludimiento	2500
ludir	2500
ludria	2500
luello	2500
luenga	2500
luengo	2500
lugano	2500
lugar	2500
lugareño	2500
lugartenencia	2500
lugarteniente	2500
lugdunense	2500
lugre	2500
luir	2500
luis	2500
luisa	2500
luismo	2500
lujar	2500
lujo	2500
lujosamente	2500
lujoso	2500
lujuria	2500
lujuriante	2500
lujuriar	2500
lujuriosamente	2500
lujurioso	2500
luliano	2500
lulismo	2500
lulista	2500
lulú	2500
luma	2500
lumaquela	2500
lumbago	2500
lumbar	2500
lumbo	2500
lumbrada	2500
lumbral	2500
lumbrarada	2500
lumbraria	2500
lumbre	2500
lumbrera	2500
lumbrerada	2500
lumbrical	2500
lumbrosa	2500
lumbroso	2500
lumen	2500
lumia	2500
lumiaco	2500
luminancia	2500
luminar	2500
luminaria	2500
luminiscencia	2500
luminiscente	2500
luminosa	2500
luminosamente	2500
luminosidad	2500
luminoso	2500
luminotecnia	2500
lumínico	2500
luna	2500
lunación	2500
lunanco	2500
lunar	2500
lunario	2500
lunecilla	2500
luneta	2500
luneto	2500
lunfardismo	2500
lunfardo	2500
lunático	2500
lupa	2500
lupanar	2500
lupanario	2500
lupercales	2500
lupia	2500
lupicia	2500
lupino	2500
lupulino	2500
lupus	2500
luquete	2500
luqués	2500
lurte	2500
lusa	2500
lusetano	2500
lusitanismo	2500
lusitano	2500
luso	2500
lustración	2500
lustral	2500
lustrar	2500
lustre	2500
lustrina	2500
lustrosa	2500
lustrosamente	2500
lustroso	2500
lutada	2500
lutado	2500
lutecio	2500
luteranismo	2500
luterano	2500
luto	2500
lutoso	2500
lutria	2500
luvia	2500
lux	2500
luxación	2500
luxar	2500
luxemburgués	2500
luz	2500
lábil	2500
lácteo	2500
láctico	2500
ládano	2500
lágrima	2500
lámina	2500
lámpada	2500
lámpara	2500
lánguidamente	2500
lánguido	2500
lápida	2500
lápiz	2500
lárice	2500
láser	2500
lástima	2500
látex	2500
látigo	2500
láudano	2500
lázaro	2500
légamo	2500
lésbico	2500
léxico	2500
lía	2500
líber	2500
líbico	2500
lícita	2500
lícitamente	2500
lícito	2500
líder	2500
lígula	2500
límite	2500
límpido	2500
líneo	2500
lío	2500
lípido	2500
líquenes	2500
líquidamente	2500
líquido	2500
lírica	2500
lírico	2500
lítico	2500
lívido	2500
lóbrego	2500
lóbulo	2500
lógica	2500
lógicamente	2500
lógico	2500
lúbrico	2500
lúcida	2500
lúcidamente	2500
lúcido	2500
lúdico	2500
lúe	2500
lúgubre	2500
lúgubremente	2500
lúnula	2500
lúpulo	2500
lútea	2500
lúteo	2500
mabolo	2500
macabeo	2500
macabro	2500
macaca	2500
macaco	2500
macadam	2500
macadamizar	2500
macadán	2500
macagua	2500
macana	2500
macanazo	2500
macanche	2500
macar	2500
macarelo	2500
macareno	2500
macareo	2500
macarro	2500
macarronea	2500
macarrón	2500
macarrónico	2500
macasar	2500
macear	2500
macedonio	2500
macelo	2500
maceración	2500
maceramiento	2500
macerar	2500
macerina	2500
maceta	2500
macetero	2500
macha	2500
machaca	2500
machacadera	2500
machacado	2500
machacador	2500
machacante	2500
machacar	2500
machaqueo	2500
machar	2500
machear	2500
machera	2500
machero	2500
macheta	2500
machete	2500
machetear	2500
machetero	2500
machiega	2500
machihembrar	2500
machina	2500
machismo	2500
machista	2500
macho	2500
machorra	2500
machorro	2500
machota	2500
machote	2500
machucadura	2500
machucamiento	2500
machucar	2500
machucho	2500
machuelo	2500
machuno	2500
maché	2500
machón	2500
macia	2500
macicez	2500
macilento	2500
macis	2500
macizar	2500
macizo	2500
macoca	2500
macollar	2500
macona	2500
macro	2500
macrocefalia	2500
macrocosmo	2500
macrocéfalo	2500
macromolécula	2500
macroscópico	2500
macruro	2500
macsura	2500
macuache	2500
macuba	2500
macuca	2500
macular	2500
maculatura	2500
macuquero	2500
macuquino	2500
macuto	2500
madama	2500
madamisela	2500
madapolán	2500
madeja	2500
maderable	2500
maderada	2500
maderamen	2500
maderamiento	2500
maderar	2500
maderero	2500
maderista	2500
madero	2500
madianita	2500
mador	2500
madoroso	2500
madrastra	2500
madraza	2500
madre	2500
madrear	2500
madrecilla	2500
madreclavo	2500
madreperla	2500
madrero	2500
madreselva	2500
madrigado	2500
madrigal	2500
madrigalesco	2500
madrigalizar	2500
madriguera	2500
madrileño	2500
madrilla	2500
madrillera	2500
madrina	2500
madrinazgo	2500
madrona	2500
madroncillo	2500
madroño	2500
madrugada	2500
madrugador	2500
madrugar	2500
madrugón	2500
madrépora	2500
madura	2500
maduración	2500
maduradero	2500
madurador	2500
maduramente	2500
madurar	2500
madurativo	2500
madurez	2500
maduro	2500
maesa	2500
maese	2500
maestra	2500
maestral	2500
maestralizar	2500
maestramente	2500
maestrante	2500
maestranza	2500
maestrar	2500
maestrazgo	2500
maestre	2500
maestrear	2500
maestreescuela	2500
maestresala	2500
maestrescuela	2500
maestril	2500
maestro	2500
maestría	2500
mafia	2500
mafiosamente	2500
mafioso	2500
maganel	2500
maganto	2500
magarza	2500
magarzuela	2500
magdalena	2500
magenta	2500
magia	2500
magiar	2500
maginar	2500
magisterial	2500
magisterio	2500
magistrado	2500
magistral	2500
magistralmente	2500
magistralía	2500
magistratura	2500
magma	2500
magnanimidad	2500
magnate	2500
magnesia	2500
magnesiano	2500
magnesio	2500
magnesita	2500
magnetismo	2500
magnetita	2500
magnetización	2500
magnetizador	2500
magnetizar	2500
magneto	2500
magnetofónico	2500
magnetomotriz	2500
magnetoscopio	2500
magnetosfera	2500
magnetrón	2500
magnetófono	2500
magnetómetro	2500
magnetósfera	2500
magnicidio	2500
magnificación	2500
magnificador	2500
magnificar	2500
magnificencia	2500
magnificente	2500
magnitud	2500
magno	2500
magnolia	2500
magnánimamente	2500
magnánimo	2500
magnético	2500
magníficamente	2500
magníficat	2500
magnífico	2500
mago	2500
magos	2500
magostar	2500
magra	2500
magrear	2500
magrecer	2500
magro	2500
magrura	2500
magueis	2500
magujo	2500
magular	2500
magulladura	2500
magullamiento	2500
magullar	2500
maguntino	2500
magüeto	2500
maharrana	2500
maherir	2500
mahometano	2500
mahometismo	2500
mahometista	2500
mahometizar	2500
mahona	2500
maicera	2500
maicero	2500
maicillo	2500
maimonismo	2500
maimón	2500
mainel	2500
maitinada	2500
maitinante	2500
maitines	2500
maizal	2500
majada	2500
majadal	2500
majadear	2500
majaderico	2500
majaderito	2500
majadero	2500
majadura	2500
majagranzas	2500
majagua	2500
majagual	2500
majal	2500
majamente	2500
majamiento	2500
majano	2500
majar	2500
majareta	2500
majencia	2500
majestad	2500
majestoso	2500
majestuosamente	2500
majestuosidad	2500
majestuoso	2500
majeza	2500
majo	2500
majolar	2500
majoleta	2500
majoleto	2500
majorca	2500
majuela	2500
majuelo	2500
majzén	2500
mala	2500
malabar	2500
malabarismo	2500
malabarista	2500
malacate	2500
malacia	2500
malacitano	2500
malaconsejado	2500
malacopterigio	2500
malacostumbrado	2500
malacuenda	2500
malafa	2500
malagana	2500
malagradecido	2500
malagueta	2500
malagueño	2500
malamente	2500
malandante	2500
malandanza	2500
malandar	2500
malandrín	2500
malaquita	2500
malar	2500
malaria	2500
malasangre	2500
malasio	2500
malato	2500
malauí	2500
malavenido	2500
malaventura	2500
malaventurado	2500
malaventuranza	2500
malavez	2500
malaya	2500
malayo	2500
malbaratar	2500
malbaratillo	2500
malcarado	2500
malcasado	2500
malcasar	2500
malcocinado	2500
malcomer	2500
malconsiderado	2500
malcontentadizo	2500
malcontento	2500
malcoraje	2500
malcorte	2500
malcreer	2500
malcriado	2500
malcriar	2500
maldad	2500
maldecidor	2500
maldecir	2500
maldicho	2500
maldiciente	2500
maldición	2500
maldispuesto	2500
malditamente	2500
maldito	2500
maldivo	2500
maleabilidad	2500
maleante	2500
malear	2500
malecón	2500
maledicencia	2500
maleducar	2500
maleficencia	2500
maleficiar	2500
maleficio	2500
malentender	2500
malentrada	2500
maleolar	2500
malestar	2500
maleta	2500
maletero	2500
maletín	2500
malevolencia	2500
maleza	2500
malfacer	2500
malfadado	2500
malformación	2500
malgache	2500
malgastador	2500
malgastar	2500
malhabladamente	2500
malhablado	2500
malhadado	2500
malhechor	2500
malherir	2500
malhojo	2500
malhumor	2500
malhumorado	2500
malhumorar	2500
malicia	2500
maliciable	2500
maliciar	2500
maliciosamente	2500
malicioso	2500
maliense	2500
malignamente	2500
malignar	2500
malignidad	2500
malignizar	2500
maligno	2500
malina	2500
malingrar	2500
malino	2500
malintencionado	2500
malinterpretar	2500
malla	2500
malladar	2500
mallar	2500
mallero	2500
mallete	2500
malleto	2500
mallo	2500
mallorquín	2500
malmandado	2500
malmaridada	2500
malmarriento	2500
malmeter	2500
malmirado	2500
malnacido	2500
malnutrición	2500
malnutrido	2500
malo	2500
malogramiento	2500
malograr	2500
maloliente	2500
maloquear	2500
malpagadamente	2500
malparado	2500
malparar	2500
malparir	2500
malparto	2500
malpensado	2500
malpigiácea	2500
malpigiáceo	2500
malquerencia	2500
malquerer	2500
malqueriente	2500
malquistar	2500
malquisto	2500
malrotar	2500
malsano	2500
malsinar	2500
malsindad	2500
malsinería	2500
malsonante	2500
malsonantemente	2500
malsonar	2500
malsufrido	2500
malsín	2500
maltear	2500
maltosa	2500
maltrabaja	2500
maltraer	2500
maltrapillo	2500
maltratamiento	2500
maltratar	2500
maltrato	2500
maltrecho	2500
maltusianismo	2500
maltusiano	2500
maltés	2500
malucho	2500
maluco	2500
malva	2500
malvadamente	2500
malvado	2500
malvar	2500
malvarrosa	2500
malvasía	2500
malvavisco	2500
malvender	2500
malversación	2500
malversador	2500
malversar	2500
malvezar	2500
malvivir	2500
malviz	2500
malvácea	2500
malváceo	2500
malvís	2500
maléfico	2500
maléolo	2500
malévolo	2500
malí	2500
malísimamente	2500
mama	2500
mamacallos	2500
mamacona	2500
mamadera	2500
mamador	2500
mamandurria	2500
mamante	2500
mamar	2500
mamario	2500
mamarrachada	2500
mamarrachista	2500
mamarracho	2500
mambla	2500
mambo	2500
mameis	2500
mamella	2500
mamellado	2500
mamelonado	2500
mameluco	2500
mamey	2500
mamiforme	2500
mamila	2500
mamola	2500
mamoso	2500
mamotreto	2500
mampara	2500
mamparar	2500
mamparo	2500
mamperlán	2500
mamporro	2500
mampostear	2500
mampostero	2500
mampostería	2500
mampresar	2500
mampuesto	2500
mamujar	2500
mamullar	2500
mamut	2500
mamuts	2500
mamá	2500
mamífero	2500
mamón	2500
manada	2500
manadero	2500
manantial	2500
manar	2500
manato	2500
manatí	2500
manazas	2500
mancamiento	2500
mancar	2500
manceba	2500
mancebo	2500
mancebía	2500
mancera	2500
mancerina	2500
manchadizo	2500
manchado	2500
manchador	2500
manchar	2500
manchego	2500
manchoso	2500
manchú	2500
mancillado	2500
mancillar	2500
mancipar	2500
manco	2500
mancomunada	2500
mancomunadamente	2500
mancomunar	2500
mancomunidad	2500
mancomún	2500
mancorna	2500
mancornar	2500
mancuerda	2500
manda	2500
mandadero	2500
mandado	2500
mandamiento	2500
mandanga	2500
mandante	2500
mandar	2500
mandarria	2500
mandarín	2500
mandatario	2500
mandato	2500
manderecha	2500
mandibular	2500
mandil	2500
mandilandinga	2500
mandilar	2500
mandilete	2500
mandilón	2500
mandinga	2500
mandioca	2500
mando	2500
mandoble	2500
mandolina	2500
mandra	2500
mandrache	2500
mandrachero	2500
mandracho	2500
mandria	2500
mandril	2500
mandrilar	2500
mandrágora	2500
manducar	2500
manducatoria	2500
mandurria	2500
mandíbula	2500
manea	2500
manear	2500
manecilla	2500
manejable	2500
manejar	2500
manejo	2500
maneota	2500
manero	2500
manes	2500
maneta	2500
maneto	2500
manezuela	2500
manferir	2500
manfla	2500
manflota	2500
manga	2500
mangajarro	2500
mangana	2500
manganear	2500
manganesa	2500
manganeso	2500
manganeta	2500
mangante	2500
mangar	2500
mangla	2500
manglar	2500
mangle	2500
mango	2500
mangonada	2500
mangoneador	2500
mangonear	2500
mangonero	2500
mangorrero	2500
mangorrillo	2500
mangosta	2500
mangote	2500
manguardia	2500
manguera	2500
manguero	2500
mangueta	2500
manguita	2500
manguitero	2500
manguito	2500
mangánico	2500
manialbo	2500
maniatadamente	2500
maniatar	2500
maniblaj	2500
maniblanco	2500
manicomio	2500
manicordio	2500
manicorto	2500
manicura	2500
manicuro	2500
manid	2500
manida	2500
manidas	2500
manido	2500
manidos	2500
maniego	2500
maniendo	2500
maniera	2500
manierais	2500
manieran	2500
manieras	2500
maniere	2500
maniereis	2500
manieren	2500
manieres	2500
manierismo	2500
manieron	2500
maniese	2500
manieseis	2500
maniesen	2500
manieses	2500
manifactura	2500
manifestación	2500
manifestador	2500
manifestante	2500
manifestar	2500
manifestativo	2500
manifiestamente	2500
manifiesto	2500
manigero	2500
manigua	2500
manigueta	2500
manija	2500
manijero	2500
manilargo	2500
manilense	2500
manileño	2500
manilla	2500
manillar	2500
maniluvio	2500
manimos	2500
maniobra	2500
maniobrabilidad	2500
maniobrar	2500
maniobrero	2500
maniobrista	2500
maniota	2500
manipulación	2500
manipulador	2500
manipular	2500
manipuleo	2500
maniqueo	2500
maniquete	2500
maniqueísmo	2500
maniquí	2500
manir	2500
maniremos	2500
manirroto	2500
manirrotura	2500
manirse	2500
manirá	2500
manirán	2500
manirás	2500
maniré	2500
maniréis	2500
maniría	2500
maniríais	2500
maniríamos	2500
manirían	2500
manirías	2500
maniste	2500
manisteis	2500
manita	2500
manitas	2500
manito	2500
manivela	2500
maniático	2500
maniéramos	2500
maniéremos	2500
maniésemos	2500
manió	2500
manjar	2500
manjolar	2500
manjorrada	2500
manlevar	2500
manlieva	2500
mano	2500
manobre	2500
manobrero	2500
manojera	2500
manojo	2500
manola	2500
manolo	2500
manométrico	2500
manopla	2500
manoseador	2500
manosear	2500
manoseo	2500
manotada	2500
manotazo	2500
manotear	2500
manquear	2500
manquedad	2500
manquera	2500
manresano	2500
mansalva	2500
mansamente	2500
mansedumbre	2500
manseque	2500
mansionario	2500
mansito	2500
mansión	2500
manso	2500
mansuefacto	2500
mansurrón	2500
manta	2500
mantaterilla	2500
manteador	2500
manteamiento	2500
mantear	2500
manteca	2500
mantecado	2500
mantecoso	2500
mantel	2500
mantelado	2500
manteleta	2500
mantelete	2500
mantellina	2500
mantelo	2500
mantenedor	2500
mantenencia	2500
mantener	2500
mantenida	2500
manteniente	2500
manteo	2500
mantequera	2500
mantequero	2500
mantequillero	2500
mantero	2500
mantis	2500
mantisa	2500
manto	2500
mantornar	2500
mantuano	2500
mantudo	2500
mantén	2500
mantón	2500
manuable	2500
manual	2500
manualidad	2500
manualmente	2500
manubrio	2500
manucodiata	2500
manuela	2500
manuelino	2500
manuella	2500
manufactura	2500
manufacturar	2500
manufacturero	2500
manumiso	2500
manumisor	2500
manumitir	2500
manuscribir	2500
manuscrito	2500
manutención	2500
manutenencia	2500
manutener	2500
manutigio	2500
manutisa	2500
manutén	2500
manzana	2500
manzanar	2500
manzanero	2500
manzaneta	2500
manzanil	2500
manzanillero	2500
manzanita	2500
manzano	2500
maná	2500
maní	2500
manía	2500
maníaco	2500
maníais	2500
maníamos	2500
manían	2500
manías	2500
manís	2500
manómetro	2500
maorí	2500
mapa	2500
mapache	2500
mapamundi	2500
mapanare	2500
mapear	2500
mapuche	2500
mapurite	2500
maquear	2500
maqueta	2500
maquetación	2500
maquetar	2500
maqueto	2500
maqui	2500
maquiavelismo	2500
maquiavelista	2500
maquila	2500
maquilar	2500
maquilero	2500
maquillaje	2500
maquillar	2500
maquinación	2500
maquinador	2500
maquinal	2500
maquinalmente	2500
maquinar	2500
maquinaria	2500
maquinilla	2500
maquinismo	2500
maquinista	2500
maquinizar	2500
marabuto	2500
maraca	2500
maracaibero	2500
maracucho	2500
maragatería	2500
maragato	2500
marasmo	2500
maratón	2500
maravedinada	2500
maravedí	2500
maravedís	2500
maravilla	2500
maravillar	2500
maravillosamente	2500
maravilloso	2500
maraña	2500
marañar	2500
marañón	2500
marbete	2500
marca	2500
marcación	2500
marcadamente	2500
marcado	2500
marcador	2500
marcapaso	2500
marcapasos	2500
marcar	2500
marcasita	2500
marcear	2500
marcelianista	2500
marcenar	2500
marceo	2500
marcero	2500
marcescente	2500
marcha	2500
marchamar	2500
marchamero	2500
marchante	2500
marchapié	2500
marchar	2500
marchitable	2500
marchitamiento	2500
marchitar	2500
marchitez	2500
marchito	2500
marchoso	2500
marcial	2500
marcialidad	2500
marciano	2500
marcio	2500
marcionista	2500
marcir	2500
marco	2500
marcomano	2500
marconigrama	2500
mardal	2500
mardano	2500
marea	2500
mareado	2500
mareador	2500
mareamiento	2500
mareante	2500
marear	2500
marejada	2500
marejadilla	2500
maremagno	2500
maremoto	2500
maremotriz	2500
maremágnum	2500
marengo	2500
mareo	2500
mareomotriz	2500
mareoso	2500
marero	2500
mareta	2500
maretazo	2500
marfil	2500
marfileño	2500
marga	2500
margajita	2500
margal	2500
margar	2500
margarina	2500
margarita	2500
margen	2500
margenar	2500
marginado	2500
marginal	2500
marginalidad	2500
marginar	2500
margomar	2500
margosa	2500
margoso	2500
margrave	2500
margraviato	2500
marguera	2500
mariano	2500
marica	2500
maricangalla	2500
mariconera	2500
maricón	2500
maridal	2500
maridar	2500
marido	2500
mariguana	2500
marihuana	2500
marimacho	2500
marimandona	2500
marimanta	2500
marimarica	2500
marimba	2500
marimorena	2500
marina	2500
marinaje	2500
marinar	2500
marinear	2500
marinera	2500
marinerado	2500
marinerazo	2500
marinero	2500
marinesco	2500
marinismo	2500
marinista	2500
mariona	2500
marioneta	2500
marioso	2500
mariposa	2500
mariposado	2500
mariposear	2500
mariquita	2500
marisabidilla	2500
mariscador	2500
mariscal	2500
mariscala	2500
mariscalato	2500
mariscar	2500
marisco	2500
marisma	2500
marismo	2500
marisqueo	2500
marisquero	2500
marisquería	2500
marista	2500
marital	2500
maritornes	2500
marizar	2500
marjal	2500
marjoleta	2500
marjoleto	2500
marketing	2500
marlotar	2500
marmella	2500
marmellado	2500
marmita	2500
marmolillo	2500
marmolista	2500
marmoroso	2500
marmosa	2500
marmosete	2500
marmota	2500
marmotear	2500
marmullar	2500
marmóreo	2500
maro	2500
marojal	2500
marojo	2500
marola	2500
maroma	2500
maronita	2500
marquesado	2500
marquesina	2500
marquesita	2500
marquesota	2500
marqueta	2500
marquilla	2500
marquista	2500
marqués	2500
marra	2500
marraguero	2500
marrajo	2500
marramao	2500
marramizar	2500
marrana	2500
marranada	2500
marranear	2500
marrano	2500
marrar	2500
marrasquino	2500
marrear	2500
marrida	2500
marrido	2500
marro	2500
marroquí	2500
marroquíes	2500
marrubial	2500
marrubio	2500
marrueco	2500
marrullar	2500
marrullero	2500
marrullería	2500
marrón	2500
marshalés	2500
marso	2500
marsopa	2500
marsopla	2500
marsupial	2500
marsupio	2500
marta	2500
marte	2500
martellina	2500
martelo	2500
martillador	2500
martillar	2500
martillear	2500
martillo	2500
martina	2500
martinenco	2500
martinete	2500
martingala	2500
martinico	2500
martiniega	2500
martirial	2500
martiriar	2500
martirio	2500
martirizador	2500
martirizar	2500
martirologio	2500
marueco	2500
maruja	2500
marullo	2500
marxismo	2500
marxista	2500
marzadga	2500
marzal	2500
marzante	2500
marzas	2500
marzoleta	2500
marzoleto	2500
marítimamente	2500
marítimo	2500
marón	2500
masa	2500
masacrar	2500
masada	2500
masageta	2500
masaje	2500
masajista	2500
masamuda	2500
masar	2500
mascabado	2500
mascada	2500
mascadijo	2500
mascador	2500
mascadura	2500
mascar	2500
mascarada	2500
mascarar	2500
mascarero	2500
mascarilla	2500
mascarón	2500
mascota	2500
mascujar	2500
masculillo	2500
masculinidad	2500
masculino	2500
mascullar	2500
masecoral	2500
masejicomar	2500
masera	2500
masetero	2500
masicoral	2500
masicote	2500
masieno	2500
masificar	2500
masiliense	2500
masilio	2500
masilo	2500
masita	2500
masivamente	2500
masivo	2500
maslo	2500
masonería	2500
masoquismo	2500
masoquista	2500
masoquísticamente	2500
masora	2500
masoreta	2500
masovero	2500
masteleo	2500
mastelero	2500
masticación	2500
masticador	2500
masticar	2500
masticatorio	2500
mastieno	2500
mastigar	2500
masto	2500
mastodonte	2500
mastoides	2500
mastología	2500
mastranto	2500
mastranzo	2500
mastuerzo	2500
masturbación	2500
masturbar	2500
mastín	2500
masvale	2500
masía	2500
masón	2500
mata	2500
matabuey	2500
matacabras	2500
matacallos	2500
matacandelas	2500
matacandil	2500
matacán	2500
matadero	2500
matador	2500
matadura	2500
matafuego	2500
matagallegos	2500
matagallina	2500
matagallos	2500
matalobos	2500
matalote	2500
matalón	2500
matamoros	2500
matamoscas	2500
matancera	2500
matancero	2500
matanza	2500
matapalo	2500
mataperrada	2500
mataperros	2500
matapiojos	2500
matapollo	2500
matapolvo	2500
matapulgas	2500
matar	2500
matarife	2500
matarrubia	2500
matasellos	2500
matasiete	2500
matasuegras	2500
mate	2500
matear	2500
matematismo	2500
matemática	2500
matemáticamente	2500
matemático	2500
materia	2500
materialidad	2500
materialismo	2500
materialista	2500
materialización	2500
materializar	2500
materialmente	2500
maternal	2500
maternidad	2500
maternizar	2500
materno	2500
matico	2500
matidez	2500
matihuelo	2500
matinal	2500
matinalmente	2500
matiné	2500
matiz	2500
matizar	2500
matojo	2500
matonismo	2500
matorral	2500
matorro	2500
matraca	2500
matracalada	2500
matraco	2500
matraquear	2500
matraquista	2500
matraz	2500
matriarca	2500
matriarcado	2500
matriarcal	2500
matricaria	2500
matricial	2500
matricida	2500
matricidio	2500
matriculación	2500
matriculado	2500
matriculador	2500
matricular	2500
matrimonial	2500
matrimonialmente	2500
matrimoniar	2500
matrimonio	2500
matritense	2500
matriz	2500
matrona	2500
matronaza	2500
matrícula	2500
matula	2500
maturrango	2500
matusalén	2500
matute	2500
matutear	2500
matutero	2500
matutino	2500
matón	2500
maula	2500
maular	2500
maulero	2500
maullador	2500
maullar	2500
maullido	2500
maure	2500
mauriciano	2500
mauritano	2500
mauro	2500
mauseolo	2500
mausoleo	2500
mavorcio	2500
maxilar	2500
maximizar	2500
maxwell	2500
maxwells	2500
maya	2500
mayador	2500
mayal	2500
mayar	2500
mayear	2500
mayestático	2500
mayeto	2500
mayido	2500
mayonesa	2500
mayoradgo	2500
mayoral	2500
mayorala	2500
mayorana	2500
mayorar	2500
mayorazga	2500
mayorazgo	2500
mayorazguista	2500
mayorcito	2500
mayordoma	2500
mayordombre	2500
mayordomear	2500
mayordomo	2500
mayordomía	2500
mayorista	2500
mayoritariamente	2500
mayoritario	2500
mayormente	2500
mayoría	2500
mayueta	2500
mayúscula	2500
mayúsculo	2500
maza	2500
mazacote	2500
mazamorra	2500
mazana	2500
mazaneta	2500
mazapán	2500
mazar	2500
mazarota	2500
mazdeísmo	2500
mazmodina	2500
mazmorra	2500
maznar	2500
mazo	2500
mazonado	2500
mazonar	2500
mazonear	2500
mazonero	2500
mazorca	2500
mazorgano	2500
mazorral	2500
mazurca	2500
maíz	2500
maña	2500
mañanear	2500
mañanero	2500
mañanita	2500
mañear	2500
mañera	2500
mañero	2500
maño	2500
mañosamente	2500
mañoso	2500
mea	2500
meadero	2500
meado	2500
meaja	2500
meajuela	2500
meandro	2500
mear	2500
meato	2500
meauca	2500
meca	2500
mecanicismo	2500
mecanicista	2500
mecanismo	2500
mecanización	2500
mecanizar	2500
mecano	2500
mecanografiar	2500
mecanográfico	2500
mecanoterapia	2500
mecanógrafo	2500
mecedero	2500
mecedor	2500
mecedura	2500
mecenas	2500
mecenazgo	2500
mecer	2500
mecha	2500
mechar	2500
mechazo	2500
mechera	2500
mechero	2500
mechoacán	2500
mechoso	2500
mechón	2500
meco	2500
meconio	2500
mecánica	2500
mecánicamente	2500
mecánico	2500
medalla	2500
medallista	2500
medanoso	2500
medellinense	2500
media	2500
mediacaña	2500
mediación	2500
mediado	2500
mediador	2500
medial	2500
medialuna	2500
mediana	2500
medianamente	2500
medianejo	2500
medianero	2500
medianería	2500
medianidad	2500
medianil	2500
medianista	2500
mediano	2500
medianoche	2500
medianía	2500
mediar	2500
mediastino	2500
mediata	2500
mediatamente	2500
mediateca	2500
mediatizar	2500
mediato	2500
mediator	2500
medible	2500
medicación	2500
medicalización	2500
medicalizar	2500
medicalmente	2500
medicamento	2500
medicamentoso	2500
medicar	2500
medicastro	2500
medicina	2500
medicinal	2500
medicinalmente	2500
medicinamiento	2500
medicinante	2500
medicinar	2500
medicucho	2500
medida	2500
medidor	2500
mediero	2500
medieval	2500
medievalidad	2500
medievalista	2500
medievo	2500
medioambiental	2500
medioambiente	2500
mediocampista	2500
mediocre	2500
mediocremente	2500
mediocridad	2500
mediodía	2500
medioevo	2500
mediomundo	2500
mediquillo	2500
medir	2500
meditabundo	2500
meditación	2500
meditador	2500
meditar	2500
meditativo	2500
mediterráneo	2500
mediático	2500
medo	2500
medra	2500
medrana	2500
medrar	2500
medro	2500
medrosamente	2500
medroso	2500
medular	2500
meduloso	2500
medusa	2500
meduseo	2500
megafonía	2500
megalitismo	2500
megalito	2500
megalítico	2500
megalómano	2500
megarense	2500
megaterio	2500
megavatio	2500
mego	2500
meguez	2500
megáfono	2500
mehala	2500
meigo	2500
meitad	2500
mejer	2500
mejicanismo	2500
mejicano	2500
mejido	2500
mejilla	2500
mejillón	2500
mejora	2500
mejorable	2500
mejoramiento	2500
mejorana	2500
mejoría	2500
mejunje	2500
mela	2500
melado	2500
meladucha	2500
meladura	2500
melamina	2500
melampo	2500
melamínico	2500
melancolizar	2500
melancolía	2500
melancólicamente	2500
melancólico	2500
melandro	2500
melanina	2500
melanita	2500
melanosis	2500
melanuria	2500
melapia	2500
melar	2500
melaza	2500
melca	2500
melcocha	2500
melcochero	2500
meldar	2500
meldense	2500
melena	2500
melenera	2500
meleno	2500
melenudo	2500
melero	2500
melgacho	2500
melgar	2500
melificar	2500
melifluamente	2500
melifluo	2500
melillense	2500
meliloto	2500
melindre	2500
melindrear	2500
melindrero	2500
melindrizar	2500
melindrosamente	2500
melindroso	2500
melinita	2500
melino	2500
melis	2500
melisma	2500
melito	2500
meliácea	2500
meliáceo	2500
mella	2500
mellada	2500
mellado	2500
melladura	2500
mellar	2500
mellitus	2500
melliza	2500
mellizo	2500
melloco	2500
melocotonar	2500
melocotonero	2500
melocotón	2500
melodiosamente	2500
melodioso	2500
melodrama	2500
melodramático	2500
melodreña	2500
melodía	2500
meloja	2500
melojar	2500
melojo	2500
melolonta	2500
melonar	2500
meloncete	2500
meloncillo	2500
melonero	2500
melopea	2500
melopeya	2500
melosidad	2500
melosilla	2500
meloso	2500
melote	2500
melquisedeciano	2500
melsa	2500
melva	2500
melífero	2500
melódico	2500
melón	2500
membrado	2500
membrana	2500
membranoso	2500
membrar	2500
membrecía	2500
membresía	2500
membrete	2500
membrilla	2500
membrillar	2500
membrillate	2500
membrillero	2500
membrillo	2500
membrudo	2500
meme	2500
memento	2500
memez	2500
memnónida	2500
memo	2500
memorable	2500
memorando	2500
memorar	2500
memorativa	2500
memorativo	2500
memoria	2500
memorial	2500
memorialista	2500
memorioso	2500
memorismo	2500
memorista	2500
memorización	2500
memorizar	2500
memorándum	2500
mena	2500
menaje	2500
menar	2500
menazar	2500
menchevique	2500
mencionar	2500
mención	2500
menda	2500
mendacidad	2500
mendaz	2500
mendeliano	2500
mendelismo	2500
mendicante	2500
mendicidad	2500
mendigante	2500
mendigar	2500
mendigo	2500
mendiguez	2500
mendocino	2500
mendrugo	2500
meneador	2500
menear	2500
menegilda	2500
menester	2500
menesteroso	2500
menestra	2500
menestral	2500
menestrete	2500
menfita	2500
mengajo	2500
mengano	2500
mengua	2500
menguado	2500
menguamiento	2500
menguante	2500
menguantemente	2500
menguar	2500
mengue	2500
menhir	2500
menina	2500
meninge	2500
meningitis	2500
meningococo	2500
menino	2500
menipeo	2500
menique	2500
menisco	2500
menjunje	2500
menjurje	2500
menologio	2500
menonia	2500
menonita	2500
menopausia	2500
menorar	2500
menorete	2500
menorista	2500
menorragia	2500
menoscabador	2500
menoscabar	2500
menoscabo	2500
menoscuenta	2500
menospreciablemente	2500
menospreciador	2500
menospreciar	2500
menospreciativo	2500
menosprecio	2500
menostasia	2500
mensa	2500
mensajero	2500
mensajería	2500
menstruación	2500
menstrual	2500
menstrualmente	2500
menstruante	2500
menstruar	2500
menstruo	2500
menstruoso	2500
mensual	2500
mensualidad	2500
mensualmente	2500
mensura	2500
mensurabilidad	2500
mensurable	2500
mensurador	2500
mensurar	2500
mensáfono	2500
mental	2500
mentalidad	2500
mentalizar	2500
mentalmente	2500
mentar	2500
mentastro	2500
mente	2500
mentecapto	2500
mentecatada	2500
mentecatez	2500
mentecato	2500
mentesano	2500
mentidero	2500
mentido	2500
mentir	2500
mentira	2500
mentirijillas	2500
mentirillas	2500
mentirosamente	2500
mentiroso	2500
mentol	2500
mentolado	2500
mentor	2500
mentís	2500
mentíses	2500
mentón	2500
menuceles	2500
menudamente	2500
menudear	2500
menudencia	2500
menudero	2500
menudillo	2500
menuza	2500
menuzar	2500
menuzo	2500
menú	2500
meollar	2500
meollo	2500
meolludo	2500
mequetrefe	2500
mera	2500
meramente	2500
merar	2500
merca	2500
mercachifle	2500
mercadante	2500
mercadear	2500
mercader	2500
mercaderil	2500
mercadería	2500
mercado	2500
mercados	2500
mercadotecnia	2500
mercadotécnico	2500
mercal	2500
mercancear	2500
mercancía	2500
mercante	2500
mercantil	2500
mercantilismo	2500
mercantilista	2500
mercantilización	2500
mercantilizar	2500
mercantilmente	2500
mercantivo	2500
mercar	2500
merced	2500
mercedario	2500
mercenario	2500
mercendear	2500
mercerizar	2500
mercero	2500
mercería	2500
merchante	2500
mercurial	2500
mercurio	2500
mercurioso	2500
merdoso	2500
merecedor	2500
merecer	2500
merecidamente	2500
merecido	2500
merecimiento	2500
mereis	2500
merendar	2500
merendero	2500
merendillar	2500
merendita	2500
merendola	2500
merendona	2500
merengada	2500
merengue	2500
meretricio	2500
meretriz	2500
mergo	2500
meridiana	2500
meridiano	2500
meridional	2500
merienda	2500
merindad	2500
merinero	2500
merino	2500
meritar	2500
meritocracia	2500
meritoria	2500
meritoriamente	2500
meritorio	2500
merla	2500
merleta	2500
merlo	2500
merluza	2500
merlín	2500
merma	2500
mermadamente	2500
mermador	2500
mermar	2500
mermelada	2500
mero	2500
merodeador	2500
merodear	2500
merodista	2500
merovingio	2500
mesa	2500
mesadura	2500
mesalina	2500
mesana	2500
mesar	2500
mesclar	2500
mescolanza	2500
meseguero	2500
mesenterio	2500
mesero	2500
meses	2500
meseta	2500
mesiado	2500
mesianismo	2500
mesiazgo	2500
mesilla	2500
mesingo	2500
mesita	2500
mesiánico	2500
mesmedad	2500
mesmerismo	2500
mesmo	2500
mesnada	2500
mesnadero	2500
mesoamericano	2500
mesocarpio	2500
mesocefalia	2500
mesocracia	2500
mesocéfalo	2500
mesodermo	2500
mesolítico	2500
mesonero	2500
mesonil	2500
mesonista	2500
mesopotámico	2500
mesozoico	2500
mestal	2500
mestenco	2500
mesticia	2500
mestizaje	2500
mestizar	2500
mestizo	2500
mesto	2500
mesturar	2500
mesura	2500
mesuradamente	2500
mesurar	2500
mesías	2500
mesón	2500
meta	2500
metabolismo	2500
metabolito	2500
metabólico	2500
metacarpiano	2500
metacarpo	2500
metacentro	2500
metadato	2500
metaestable	2500
metaforizar	2500
metafísica	2500
metafísico	2500
metafóricamente	2500
metafórico	2500
metagoge	2500
metal	2500
metalario	2500
metalenguaje	2500
metalepsis	2500
metalero	2500
metalingüísticamente	2500
metalista	2500
metalizar	2500
metalla	2500
metalografía	2500
metaloide	2500
metaloterapia	2500
metalurgia	2500
metalurgista	2500
metalífero	2500
metalúrgico	2500
metamorfismo	2500
metamorfosear	2500
metamorfosi	2500
metamórfico	2500
metanero	2500
metano	2500
metanol	2500
metaplasmo	2500
metatarsiano	2500
metatarso	2500
metatizar	2500
metatórax	2500
metazoo	2500
meteco	2500
metedor	2500
metedura	2500
metempsicosis	2500
metempsícosis	2500
metemuertos	2500
meteorismo	2500
meteorito	2500
meteorizar	2500
meteoro	2500
meteorologista	2500
meteorología	2500
meteorológico	2500
meteorólogo	2500
metepatas	2500
meter	2500
metesillas	2500
meteórico	2500
metical	2500
meticulosamente	2500
meticulosidad	2500
meticuloso	2500
metidillo	2500
metido	2500
metilación	2500
metilo	2500
metimiento	2500
metodismo	2500
metodista	2500
metodizar	2500
metodología	2500
metodológico	2500
metomentodo	2500
metonimia	2500
metopa	2500
metoposcopia	2500
metra	2500
metralla	2500
metrallazo	2500
metralleta	2500
metreta	2500
metrificar	2500
metrista	2500
metropolitano	2500
metrorragia	2500
metrónomo	2500
metrópoli	2500
metáfora	2500
metálicamente	2500
metálico	2500
metástasis	2500
metátesis	2500
metílico	2500
metódicamente	2500
metódico	2500
mexica	2500
mexicanismo	2500
mexicano	2500
mezcal	2500
mezcla	2500
mezcladamente	2500
mezclado	2500
mezclador	2500
mezcladura	2500
mezclamiento	2500
mezclar	2500
mezcolanza	2500
mezquinamente	2500
mezquinar	2500
mezquindad	2500
mezquino	2500
mezquita	2500
mezquital	2500
mezquite	2500
meñique	2500
meón	2500
miagar	2500
miaja	2500
mialgia	2500
mialmas	2500
miar	2500
miasma	2500
miau	2500
miañar	2500
mica	2500
micacita	2500
micado	2500
micción	2500
micelio	2500
micer	2500
micha	2500
michelín	2500
michina	2500
michino	2500
micho	2500
mico	2500
micosis	2500
micra	2500
micro	2500
microbiano	2500
microbicida	2500
microbio	2500
microbiología	2500
microcefalia	2500
microchip	2500
microclima	2500
microcontrolador	2500
microcosmo	2500
microcurrículo	2500
microcéfalo	2500
microelectrónica	2500
microfilmador	2500
microfilmar	2500
micrografía	2500
microinformática	2500
microinformático	2500
micronesio	2500
microondas	2500
microscopia	2500
microscopio	2500
microscopista	2500
microscopía	2500
microscópico	2500
microspora	2500
microsporidio	2500
microsporofila	2500
microsurco	2500
microtúbulo	2500
micrófono	2500
micrómetro	2500
micénico	2500
micólogo	2500
midriasis	2500
miedica	2500
miedo	2500
miedoso	2500
miel	2500
mielga	2500
mielgo	2500
mielina	2500
mielitis	2500
mielsa	2500
miembro	2500
miente	2500
mientra	2500
miera	2500
mierda	2500
mierla	2500
mierra	2500
mies	2500
miga	2500
migaja	2500
migajada	2500
migar	2500
migración	2500
migrante	2500
migrar	2500
migratoria	2500
migratorio	2500
migraña	2500
miguelete	2500
miguero	2500
mihrab	2500
mihrabs	2500
mijero	2500
mijo	2500
mil	2500
milagrear	2500
milagrero	2500
milagro	2500
milagrosamente	2500
milagroso	2500
milamores	2500
milano	2500
mildiu	2500
milenario	2500
milenarismo	2500
milenio	2500
mileno	2500
milenrama	2500
milenta	2500
milesio	2500
mileurista	2500
milgrana	2500
milgranar	2500
milhojas	2500
mili	2500
miliar	2500
miliario	2500
milibar	2500
milicia	2500
miliciano	2500
miligramo	2500
mililitro	2500
milimétrico	2500
militancia	2500
militante	2500
militar	2500
militarismo	2500
militarista	2500
militarización	2500
militarizar	2500
militarmente	2500
milla	2500
millaca	2500
millar	2500
millarada	2500
millardo	2500
millo	2500
millonada	2500
millonario	2500
millonésimo	2500
millón	2500
milmillonésimo	2500
miloca	2500
milocha	2500
milonga	2500
milonguero	2500
milord	2500
milores	2500
milán	2500
milésima	2500
milésimo	2500
mimado	2500
mimador	2500
mimar	2500
mimbral	2500
mimbrar	2500
mimbre	2500
mimbrear	2500
mimbrera	2500
mimbreral	2500
mimbrero	2500
mimbreño	2500
mimbroso	2500
mimeografiar	2500
mimesis	2500
mimetismo	2500
mimetizar	2500
mimeógrafo	2500
mimo	2500
mimosa	2500
mimosamente	2500
mimoso	2500
mimosácea	2500
mimosáceo	2500
mina	2500
minado	2500
minador	2500
minal	2500
minar	2500
mindango	2500
mindanguear	2500
mindoniense	2500
minera	2500
mineraje	2500
mineral	2500
mineralizar	2500
mineralogista	2500
mineralogía	2500
minero	2500
mineromedicinal	2500
minerva	2500
minga	2500
mingitorio	2500
mingo	2500
miniado	2500
miniar	2500
miniatura	2500
miniaturista	2500
miniaturizar	2500
minicadena	2500
minifalda	2500
minifundio	2500
minimista	2500
minimizar	2500
minina	2500
minino	2500
minio	2500
miniserie	2500
ministerial	2500
ministerialismo	2500
ministerialmente	2500
ministerio	2500
ministración	2500
ministrador	2500
ministrante	2500
ministrar	2500
ministro	2500
minoico	2500
minorar	2500
minorativo	2500
minoridad	2500
minorista	2500
minorita	2500
minoritario	2500
minoría	2500
minucia	2500
minuciosamente	2500
minuciosidad	2500
minucioso	2500
minuendo	2500
minuete	2500
minusvalorar	2500
minusvalía	2500
minusválido	2500
minuta	2500
minutar	2500
minutario	2500
minutero	2500
minutisa	2500
minué	2500
minúscula	2500
minúsculo	2500
miocardio	2500
miocarditis	2500
mioceno	2500
miodinia	2500
miolema	2500
mioma	2500
miope	2500
miopía	2500
miosis	2500
miosota	2500
miquelete	2500
miquero	2500
miquis	2500
mir	2500
mira	2500
mirabel	2500
mirabolano	2500
mirada	2500
miradero	2500
mirado	2500
mirador	2500
miraglo	2500
miraguano	2500
miramelindos	2500
miramiento	2500
mirar	2500
mirasol	2500
mirificar	2500
miriñaque	2500
miriópodo	2500
mirla	2500
mirlamiento	2500
mirlar	2500
mirlo	2500
mirobrigense	2500
mirobálano	2500
mirra	2500
mirrado	2500
mirrauste	2500
mirrino	2500
mirtino	2500
mirto	2500
mirtácea	2500
mirtáceo	2500
miruella	2500
miruello	2500
mirza	2500
mirística	2500
mirón	2500
misa	2500
misacantano	2500
misal	2500
misar	2500
misario	2500
miscelánea	2500
misceláneo	2500
miscible	2500
miserable	2500
miserablemente	2500
miseración	2500
miserando	2500
miserear	2500
miserere	2500
miseria	2500
misericordia	2500
misericordiosamente	2500
misericordioso	2500
misero	2500
misil	2500
misio	2500
misional	2500
misionar	2500
misionario	2500
misionero	2500
misivo	2500
misión	2500
mismamente	2500
mismidad	2500
mismísimo	2500
misoginia	2500
miss	2500
misses	2500
mistagogo	2500
mistar	2500
mistela	2500
misterio	2500
misteriosamente	2500
misterioso	2500
misticismo	2500
mistificación	2500
mistificar	2500
mistifori	2500
mistión	2500
mistral	2500
misturar	2500
misturero	2500
misántropo	2500
misógino	2500
mita	2500
mitad	2500
mitadenco	2500
mitayo	2500
mitificar	2500
mitigador	2500
mitigar	2500
mitigativo	2500
mitigatorio	2500
mitin	2500
mito	2500
mitocondria	2500
mitocondrial	2500
mitologista	2500
mitología	2500
mitológico	2500
mitosis	2500
mitote	2500
mitra	2500
mitral	2500
mitrar	2500
mitridatismo	2500
mitridato	2500
mitín	2500
mitólogo	2500
mitón	2500
mixedema	2500
mixteco	2500
mixtificación	2500
mixtificar	2500
mixtifori	2500
mixtilíneo	2500
mixtión	2500
mixto	2500
mixtura	2500
mixturar	2500
mixturero	2500
miz	2500
miza	2500
mizo	2500
mnemotecnia	2500
mnemotécnico	2500
moa	2500
moabita	2500
moaré	2500
mobiliaria	2500
mobiliario	2500
moblaje	2500
moblar	2500
mocador	2500
mocar	2500
mocarra	2500
mocarro	2500
mocasín	2500
mocear	2500
mocedad	2500
moceril	2500
mocero	2500
mocete	2500
mocetón	2500
mocha	2500
mochales	2500
mochar	2500
mochazo	2500
moche	2500
mocheta	2500
mochete	2500
mochil	2500
mochila	2500
mochilero	2500
mochillero	2500
mocho	2500
mochuelo	2500
mocil	2500
mocito	2500
moción	2500
moco	2500
mocoso	2500
mocárabe	2500
moda	2500
modal	2500
modalidad	2500
modelación	2500
modelado	2500
modelador	2500
modelar	2500
modelismo	2500
modelista	2500
modelización	2500
modelizar	2500
modelo	2500
moderación	2500
moderada	2500
moderadamente	2500
moderado	2500
moderador	2500
moderante	2500
moderantismo	2500
moderar	2500
moderativo	2500
moderatorio	2500
modernamente	2500
modernidad	2500
modernismo	2500
modernista	2500
modernización	2500
modernizador	2500
modernizar	2500
moderno	2500
modesta	2500
modestamente	2500
modestia	2500
modesto	2500
modicidad	2500
modificable	2500
modificación	2500
modificador	2500
modificante	2500
modificar	2500
modificativo	2500
modificatorio	2500
modillón	2500
modio	2500
modismo	2500
modista	2500
modistilla	2500
modisto	2500
modorra	2500
modorrar	2500
modorrillo	2500
modosidad	2500
modoso	2500
modrego	2500
modulación	2500
modulador	2500
modular	2500
moduloso	2500
modélico	2500
moer	2500
mofa	2500
mofador	2500
mofadura	2500
mofar	2500
mofeta	2500
moflear	2500
moflete	2500
mofletudo	2500
moflir	2500
mogataz	2500
mogate	2500
mogato	2500
mogol	2500
mogollón	2500
mogote	2500
mogrollo	2500
mogólico	2500
mohada	2500
moharra	2500
moharrache	2500
moharracho	2500
mohatra	2500
mohatrar	2500
mohatrero	2500
mohecer	2500
moheda	2500
mohedal	2500
moheño	2500
mohindad	2500
moho	2500
mohoso	2500
mohína	2500
mohíno	2500
moisés	2500
mojada	2500
mojadamente	2500
mojado	2500
mojador	2500
mojadura	2500
mojama	2500
mojar	2500
mojarra	2500
mojarrilla	2500
moje	2500
mojel	2500
mojera	2500
mojete	2500
mojiganga	2500
mojigatez	2500
mojigato	2500
mojina	2500
mojinete	2500
mojo	2500
mojonar	2500
mojonera	2500
mojonero	2500
mojí	2500
mojón	2500
mol	2500
molar	2500
moldar	2500
moldavo	2500
molde	2500
moldeable	2500
moldeado	2500
moldeador	2500
moldeamiento	2500
moldear	2500
moldeo	2500
moldura	2500
moldurar	2500
mole	2500
molecular	2500
moledero	2500
moledor	2500
moledura	2500
molendero	2500
moler	2500
molero	2500
molestador	2500
molestamente	2500
molestar	2500
molestia	2500
molesto	2500
moleta	2500
molibdeno	2500
molicie	2500
molido	2500
molienda	2500
moliente	2500
molificar	2500
molificativo	2500
molimiento	2500
molinada	2500
molinar	2500
molinera	2500
molinero	2500
molinete	2500
molinetear	2500
molinismo	2500
molinista	2500
molino	2500
molinos	2500
molinosismo	2500
molinosista	2500
molla	2500
mollar	2500
molle	2500
mollear	2500
molledo	2500
molleja	2500
mollejo	2500
mollera	2500
mollero	2500
molleta	2500
mollete	2500
molletero	2500
molletudo	2500
mollificar	2500
mollina	2500
mollinear	2500
mollino	2500
mollir	2500
molliznar	2500
molliznear	2500
molondra	2500
molondro	2500
moloso	2500
molotov	2500
molsa	2500
molso	2500
molturar	2500
molusco	2500
molécula	2500
molón	2500
momear	2500
momentito	2500
momentáneamente	2500
momentáneo	2500
momero	2500
momia	2500
momificar	2500
momio	2500
momo	2500
momperada	2500
mona	2500
monacal	2500
monacato	2500
monacillo	2500
monacordio	2500
monada	2500
monadelfos	2500
monago	2500
monamente	2500
monaquismo	2500
monarca	2500
monarquismo	2500
monarquía	2500
monasterial	2500
monasterio	2500
monda	2500
mondaderas	2500
mondadientes	2500
mondador	2500
mondadura	2500
mondaorejas	2500
mondapozos	2500
mondar	2500
mondarajas	2500
mondejo	2500
mondo	2500
mondonga	2500
mondongo	2500
mondonguero	2500
monear	2500
moneda	2500
monedado	2500
monedaje	2500
monedar	2500
monedear	2500
monedero	2500
monegasco	2500
monería	2500
monesco	2500
monetario	2500
monetizar	2500
monfortino	2500
mongo	2500
mongol	2500
mongolismo	2500
mongoloide	2500
mongólico	2500
moniato	2500
monicaco	2500
monición	2500
monigote	2500
monillo	2500
monipodio	2500
monismo	2500
monista	2500
monitor	2500
monitoria	2500
monitorio	2500
monitorización	2500
monitorizar	2500
monja	2500
monje	2500
monjil	2500
monjita	2500
mono	2500
monocasco	2500
monoceronte	2500
monocerote	2500
monoclonal	2500
monocloroacético	2500
monocordio	2500
monocotiledóneas	2500
monocotiledóneo	2500
monocromo	2500
monocromático	2500
monocular	2500
monocultivo	2500
monodia	2500
monofilo	2500
monofisismo	2500
monofisita	2500
monogamia	2500
monogenismo	2500
monogenista	2500
monografista	2500
monografía	2500
monograma	2500
monográfico	2500
monoico	2500
monolingüe	2500
monolito	2500
monologar	2500
monolítico	2500
monomaniaco	2500
monomanía	2500
monomaquia	2500
monometalismo	2500
monometalista	2500
monomiario	2500
monomio	2500
monona	2500
monoparental	2500
monopastos	2500
monopatín	2500
monoplano	2500
monopolio	2500
monopolista	2500
monopolizador	2500
monopolizar	2500
monoptongar	2500
monopólico	2500
monorquidia	2500
monorrimo	2500
monosabio	2500
monosacárido	2500
monosilábico	2500
monospastos	2500
monospermo	2500
monosílabo	2500
monote	2500
monotelismo	2500
monotelita	2500
monoteísmo	2500
monoteísta	2500
monotipia	2500
monotipo	2500
monotonía	2500
monotrema	2500
monotípico	2500
monovalente	2500
monovero	2500
monovolumen	2500
monserga	2500
monseñor	2500
monstruo	2500
monstruosamente	2500
monstruosidad	2500
monstruoso	2500
monta	2500
montacargas	2500
montada	2500
montadero	2500
montado	2500
montador	2500
montadura	2500
montanear	2500
montanera	2500
montanero	2500
montanismo	2500
montanista	2500
montano	2500
montante	2500
montantear	2500
montantero	2500
montar	2500
montaraz	2500
montaraza	2500
montazgar	2500
montaña	2500
montañero	2500
montañismo	2500
montañoso	2500
montañés	2500
montea	2500
monteador	2500
montear	2500
monteleva	2500
montenegrino	2500
montera	2500
monterero	2500
monterilla	2500
montero	2500
monterrey	2500
montes	2500
montesco	2500
montesino	2500
montevideano	2500
montillano	2500
montonera	2500
montonero	2500
montoso	2500
montuno	2500
montuosidad	2500
montuoso	2500
montura	2500
montés	2500
montículo	2500
montón	2500
monuelo	2500
monumental	2500
monumentalizar	2500
monumento	2500
monárquico	2500
monástico	2500
monóculo	2500
monógamo	2500
monólogo	2500
monótono	2500
monóxido	2500
moquear	2500
moquero	2500
moqueta	2500
moquete	2500
moquetear	2500
moquita	2500
moquitear	2500
mor	2500
morabetino	2500
morabito	2500
morabuto	2500
moracho	2500
morada	2500
morado	2500
morador	2500
moradura	2500
moradux	2500
moraga	2500
morago	2500
moral	2500
moraleja	2500
moralidad	2500
moralina	2500
moralista	2500
moralizador	2500
moralizante	2500
moralizar	2500
moralmente	2500
moranza	2500
morapio	2500
morar	2500
moratiniano	2500
morato	2500
moratoria	2500
moratón	2500
moravo	2500
morbidez	2500
morbilidad	2500
morbo	2500
morbosidad	2500
morboso	2500
morca	2500
morcacho	2500
morcajo	2500
morcar	2500
morceguila	2500
morcella	2500
morceña	2500
morciguillo	2500
morcilla	2500
morcillero	2500
morcillo	2500
morcuero	2500
morcón	2500
mordacidad	2500
mordante	2500
mordaz	2500
mordaza	2500
mordazmente	2500
mordedor	2500
mordedura	2500
mordente	2500
morder	2500
mordicante	2500
mordicar	2500
mordicativo	2500
mordida	2500
mordido	2500
mordiente	2500
mordimiento	2500
mordiscar	2500
mordisco	2500
mordisquear	2500
moreda	2500
moreliano	2500
morellano	2500
morena	2500
morenero	2500
morenillo	2500
morenito	2500
moreno	2500
morera	2500
moreral	2500
moretón	2500
morfa	2500
morfea	2500
morfema	2500
morfina	2500
morfinismo	2500
morfo	2500
morfofonológico	2500
morfología	2500
morfológicamente	2500
morfológico	2500
morga	2500
morgue	2500
moribundo	2500
moriche	2500
moriego	2500
morigerado	2500
morigerar	2500
morilla	2500
morillero	2500
morillo	2500
moringa	2500
moriondo	2500
morir	2500
morisco	2500
morisma	2500
morisqueta	2500
morito	2500
morlaco	2500
morlés	2500
mormonismo	2500
mormullar	2500
mormón	2500
moro	2500
morocada	2500
morocho	2500
morojo	2500
moroncho	2500
morondanga	2500
morondo	2500
morosa	2500
morosamente	2500
morosidad	2500
moroso	2500
morquera	2500
morra	2500
morrada	2500
morral	2500
morralla	2500
morrear	2500
morrena	2500
morreo	2500
morreras	2500
morrión	2500
morro	2500
morrocota	2500
morrocotudo	2500
morrocoyo	2500
morroncho	2500
morronga	2500
morrongo	2500
morrudo	2500
morrón	2500
morsa	2500
morsana	2500
morse	2500
mortadela	2500
mortaja	2500
mortajar	2500
mortal	2500
mortaldad	2500
mortalidad	2500
mortalmente	2500
mortandad	2500
mortecino	2500
mortera	2500
morterada	2500
morterete	2500
mortero	2500
morteruelo	2500
mortificación	2500
mortificador	2500
mortificante	2500
mortificar	2500
mortiguar	2500
mortinato	2500
mortuorio	2500
mortífero	2500
morucho	2500
morueco	2500
moruno	2500
moruro	2500
morusa	2500
morácea	2500
moráceo	2500
mosaico	2500
mosca	2500
moscabado	2500
moscada	2500
moscar	2500
moscarda	2500
moscardear	2500
moscardón	2500
moscareta	2500
moscatel	2500
moscella	2500
mosco	2500
moscona	2500
mosconear	2500
moscovita	2500
moscón	2500
mosolina	2500
mosqueado	2500
mosqueador	2500
mosquear	2500
mosquero	2500
mosquerola	2500
mosqueruela	2500
mosqueta	2500
mosquete	2500
mosqueteril	2500
mosquetero	2500
mosquil	2500
mosquino	2500
mosquita	2500
mosquitera	2500
mosquitero	2500
mosquito	2500
mostacera	2500
mostacero	2500
mostacho	2500
mostachoso	2500
mostachón	2500
mostajo	2500
mostaza	2500
mostazal	2500
moste	2500
mostear	2500
mostela	2500
mostelera	2500
mostellar	2500
mostense	2500
mosto	2500
mostrable	2500
mostrador	2500
mostrar	2500
mostrativa	2500
mostrativo	2500
mostrenco	2500
mota	2500
motacila	2500
mote	2500
motear	2500
motejar	2500
motel	2500
motero	2500
motete	2500
motil	2500
motilar	2500
motilidad	2500
motivación	2500
motivador	2500
motivar	2500
motivo	2500
moto	2500
motocicleta	2500
motociclismo	2500
motociclista	2500
motolita	2500
motolito	2500
motonave	2500
motonería	2500
motor	2500
motorismo	2500
motorista	2500
motorización	2500
motorizar	2500
motosierra	2500
motricidad	2500
motriz	2500
motín	2500
motón	2500
movedizo	2500
movedor	2500
movedura	2500
mover	2500
movible	2500
movido	2500
moviente	2500
movilidad	2500
movilización	2500
movilizar	2500
movimiento	2500
moxa	2500
moxte	2500
moyana	2500
moyo	2500
moyuelo	2500
moza	2500
mozalbete	2500
mozalbillo	2500
mozambiqueño	2500
mozcorra	2500
mozo	2500
mozuelo	2500
mozárabe	2500
moña	2500
moño	2500
moñudo	2500
ms	2500
mtro	2500
mu	2500
muaré	2500
muceta	2500
muchachada	2500
muchachear	2500
muchachez	2500
muchachil	2500
muchacho	2500
muchedumbre	2500
muchiguar	2500
muchísimo	2500
mucilaginoso	2500
mucilago	2500
mucosa	2500
mucosidad	2500
mucoso	2500
mucronato	2500
mucílago	2500
muda	2500
mudable	2500
mudadizo	2500
mudanza	2500
mudar	2500
mudo	2500
mudéjar	2500
mue	2500
mueblar	2500
mueble	2500
mueblería	2500
muebles	2500
mueblista	2500
mueca	2500
muela	2500
muelar	2500
muelle	2500
muellemente	2500
muer	2500
muera	2500
muerdisorbe	2500
muergo	2500
muermo	2500
muermoso	2500
muerta	2500
muerte	2500
muerto	2500
muesca	2500
muescar	2500
mueso	2500
muestra	2500
muestrario	2500
muestreo	2500
mufla	2500
muflir	2500
muga	2500
mugar	2500
mugido	2500
mugidor	2500
mugir	2500
mugor	2500
mugre	2500
mugriento	2500
mugroso	2500
mugrón	2500
muguet	2500
muguete	2500
muharra	2500
muir	2500
muisca	2500
mujada	2500
mujalata	2500
mujer	2500
mujercilla	2500
mujeriego	2500
mujeril	2500
mujerona	2500
mujerzuela	2500
mula	2500
mulada	2500
muladar	2500
mular	2500
mulata	2500
mulatero	2500
mulatizar	2500
mulato	2500
mulero	2500
muleta	2500
muletada	2500
muletero	2500
muletillero	2500
muleto	2500
muletón	2500
mullicar	2500
mullido	2500
mullidor	2500
mullir	2500
mulo	2500
mulso	2500
multa	2500
multar	2500
multicaule	2500
multicine	2500
multicolor	2500
multicopiar	2500
multicopista	2500
multicultural	2500
multiculturalidad	2500
multiculturalismo	2500
multidisciplinar	2500
multidisciplinario	2500
multiescala	2500
multifloro	2500
multiforme	2500
multilateral	2500
multilingüe	2500
multimedia	2500
multimillonario	2500
multinacional	2500
multiplataforma	2500
multiplicación	2500
multiplicador	2500
multiplicando	2500
multiplicar	2500
multiplicativo	2500
multiplicidad	2500
multipolar	2500
multipropiedad	2500
multitarea	2500
multitud	2500
multitudinario	2500
multiuso	2500
multímetro	2500
multípara	2500
mundanal	2500
mundanalidad	2500
mundanear	2500
mundano	2500
mundial	2500
mundialista	2500
mundialmente	2500
mundicia	2500
mundificar	2500
mundificativo	2500
mundinovi	2500
mundo	2500
mundonuevo	2500
mundos	2500
municionamiento	2500
municionar	2500
municipal	2500
municipalidad	2500
municipalizar	2500
municipio	2500
munición	2500
munificencia	2500
munitoria	2500
muon	2500
muquir	2500
mur	2500
muradal	2500
murajes	2500
mural	2500
muralla	2500
murallón	2500
murar	2500
murceguillo	2500
murceo	2500
murciano	2500
murciar	2500
murcielaguina	2500
murcigallero	2500
murciglero	2500
murciégalo	2500
murciélago	2500
murena	2500
murga	2500
murguista	2500
murgular	2500
muria	2500
muriacita	2500
muriato	2500
muriático	2500
murmujear	2500
murmullar	2500
murmullo	2500
murmuración	2500
murmurador	2500
murmurar	2500
murmurear	2500
murmureo	2500
murmurio	2500
murta	2500
murtal	2500
murtina	2500
murueco	2500
mus	2500
musa	2500
musar	2500
musca	2500
muscaria	2500
musco	2500
muscular	2500
musculatura	2500
musculoso	2500
muselina	2500
museo	2500
muserola	2500
musgo	2500
musgoso	2500
musical	2500
musicalidad	2500
musicalización	2500
musicalmente	2500
musicastro	2500
musicología	2500
musicólogo	2500
musiquero	2500
musir	2500
musitar	2500
musivo	2500
muslamen	2500
muslim	2500
muslime	2500
muslo	2500
musquerola	2500
mustaco	2500
mustela	2500
mustiamente	2500
mustiar	2500
mustio	2500
mustélido	2500
musulmán	2500
musácea	2500
musáceo	2500
muta	2500
mutabilidad	2500
mutable	2500
mutación	2500
mutante	2500
mutar	2500
mutilación	2500
mutilado	2500
mutilador	2500
mutilar	2500
mutis	2500
mutismo	2500
mutua	2500
mutual	2500
mutualidad	2500
mutualismo	2500
mutualista	2500
mutuamente	2500
mutuante	2500
mutuario	2500
mutuatario	2500
mutuo	2500
muérdago	2500
muérgano	2500
muñeca	2500
muñeco	2500
muñequear	2500
muñequero	2500
muñidor	2500
muñir	2500
muñón	2500
muón	2500
mácula	2500
mágicamente	2500
mágico	2500
mágnum	2500
mánager	2500
máquina	2500
mármol	2500
márraga	2500
mártir	2500
máscara	2500
másico	2500
mástel	2500
máster	2500
mástil	2500
máuser	2500
máx	2500
máxima	2500
máximamente	2500
máxime	2500
máximo	2500
máximum	2500
médicamente	2500
médico	2500
médium	2500
médula	2500
ménade	2500
ménsula	2500
méritamente	2500
mérito	2500
método	2500
métrica	2500
métrico	2500
mímesis	2500
mímica	2500
mímico	2500
mín	2500
mínimamente	2500
mínimo	2500
míseramente	2500
mísero	2500
míster	2500
mística	2500
místicamente	2500
místico	2500
mítico	2500
mítines	2500
módem	2500
módico	2500
módulo	2500
mórbido	2500
móvil	2500
múes	2500
mújol	2500
múleo	2500
múltipla	2500
múltiple	2500
múltiplo	2500
múrice	2500
músculo	2500
música	2500
músico	2500
naba	2500
nabab	2500
nababo	2500
nababs	2500
nabal	2500
nabar	2500
nabateo	2500
nabato	2500
nabina	2500
nabiza	2500
nabla	2500
nabo	2500
nacarada	2500
nacarado	2500
nacarino	2500
nacedero	2500
nacela	2500
nacencia	2500
nacer	2500
nacho	2500
nacianceno	2500
nacido	2500
naciente	2500
nacimiento	2500
nacional	2500
nacionalidad	2500
nacionalismo	2500
nacionalista	2500
nacionalización	2500
nacionalizar	2500
nacionalmente	2500
nacionalsocialismo	2500
nacionalsocialista	2500
nación	2500
nacre	2500
nacrita	2500
nadadera	2500
nadadero	2500
nadador	2500
nadar	2500
nadería	2500
nadilla	2500
nadir	2500
nafrar	2500
nafta	2500
naftaleno	2500
naftalina	2500
nagua	2500
naguatlato	2500
nahua	2500
naife	2500
nailon	2500
naipe	2500
naipera	2500
naipesco	2500
naire	2500
naja	2500
najerano	2500
najerino	2500
nalga	2500
nalgada	2500
nalgar	2500
nalgatorio	2500
nalgudo	2500
nalguear	2500
namibio	2500
namorar	2500
nana	2500
nanear	2500
nanita	2500
nanoindentación	2500
nanomaterial	2500
nanométrico	2500
nanotecnología	2500
nansa	2500
nantar	2500
nanómetro	2500
nao	2500
naonato	2500
napa	2500
napea	2500
napelo	2500
napeo	2500
napias	2500
napoleón	2500
napoleónico	2500
napolitano	2500
naque	2500
naranja	2500
naranjada	2500
naranjado	2500
naranjal	2500
naranjero	2500
naranjilla	2500
naranjo	2500
narbonense	2500
narbonés	2500
narcisismo	2500
narcisista	2500
narciso	2500
narcisísticamente	2500
narcolepsia	2500
narcosis	2500
narcotina	2500
narcotismo	2500
narcotizador	2500
narcotizar	2500
narcotraficante	2500
narcotráfico	2500
narcótico	2500
nardino	2500
nardo	2500
nares	2500
narguile	2500
narigudo	2500
nariguera	2500
narigueta	2500
narigueto	2500
nariguilla	2500
narigón	2500
nariz	2500
narizotas	2500
narizón	2500
narra	2500
narración	2500
narrador	2500
narrar	2500
narrativa	2500
narrativo	2500
narratorio	2500
narria	2500
narval	2500
narvaso	2500
nasa	2500
nasal	2500
nasalidad	2500
nasalizar	2500
nasardo	2500
nascer	2500
naso	2500
nastuerzo	2500
nasudo	2500
nata	2500
natación	2500
natal	2500
natalicio	2500
natalidad	2500
natatorio	2500
natillas	2500
natividad	2500
nativo	2500
nato	2500
natrón	2500
natura	2500
natural	2500
naturaleza	2500
naturalidad	2500
naturalismo	2500
naturalista	2500
naturalización	2500
naturalizar	2500
naturalmente	2500
naturismo	2500
naturista	2500
naturopatía	2500
naturópata	2500
naufragar	2500
naufragio	2500
naumaquia	2500
nauruano	2500
nauseabundo	2500
nausear	2500
nauseativo	2500
nauseoso	2500
nauta	2500
nautilo	2500
navacero	2500
navaja	2500
navajada	2500
navajear	2500
navajeo	2500
navajero	2500
navajo	2500
navajón	2500
naval	2500
navalmente	2500
navanco	2500
navarca	2500
navarrisco	2500
navarro	2500
navarroaragonés	2500
navazo	2500
nave	2500
navegabilidad	2500
navegable	2500
navegación	2500
navegador	2500
navegante	2500
navegar	2500
naveta	2500
navicular	2500
naviculario	2500
navidad	2500
navideño	2500
naviero	2500
navío	2500
nayuribe	2500
nazareno	2500
nazareo	2500
nazarita	2500
nazarí	2500
nazaríes	2500
nazi	2500
nazismo	2500
ne	2500
nea	2500
neandertal	2500
nearca	2500
nebladura	2500
neblina	2500
neblinosamente	2500
neblinoso	2500
neblí	2500
nebular	2500
nebulizar	2500
nebulosa	2500
nebulosamente	2500
nebulosidad	2500
nebuloso	2500
necear	2500
necedad	2500
necesaria	2500
necesariamente	2500
neceser	2500
necesidad	2500
necesitado	2500
necesitar	2500
neciamente	2500
necio	2500
necrofilia	2500
necrología	2500
necrológico	2500
necromancia	2500
necropsia	2500
necroscopia	2500
necrosis	2500
necróforo	2500
necrópolis	2500
nectarina	2500
nectarino	2500
nectario	2500
nectáreo	2500
neerlandés	2500
nefandario	2500
nefando	2500
nefariamente	2500
nefastamente	2500
nefasto	2500
nefelismo	2500
nefritis	2500
nefrítico	2500
negable	2500
negacionismo	2500
negacionista	2500
negación	2500
negada	2500
negadamente	2500
negado	2500
negador	2500
negamiento	2500
negar	2500
negativa	2500
negativamente	2500
negativo	2500
negligencia	2500
negligente	2500
negligentemente	2500
negociación	2500
negociado	2500
negociador	2500
negociante	2500
negociar	2500
negocio	2500
negocioso	2500
negozuelo	2500
negra	2500
negral	2500
negramente	2500
negrear	2500
negrecer	2500
negregar	2500
negreguear	2500
negregura	2500
negrero	2500
negrestino	2500
negreta	2500
negrete	2500
negrillera	2500
negrillo	2500
negrito	2500
negrizco	2500
negro	2500
negroide	2500
negror	2500
negrota	2500
negrura	2500
negruzco	2500
neguilla	2500
negundo	2500
negus	2500
neis	2500
neja	2500
nejayote	2500
neldo	2500
nelumbio	2500
nelumbo	2500
nema	2500
nematelminto	2500
nematodo	2500
nembrar	2500
nemeo	2500
nemoroso	2500
nemotecnia	2500
nen	2500
nene	2500
nenia	2500
nenúfar	2500
neo	2500
neobarroco	2500
neocatolicismo	2500
neocatólico	2500
neoclasicismo	2500
neoclásico	2500
neodimio	2500
neogranadino	2500
neoguineano	2500
neogótico	2500
neolatino	2500
neologismo	2500
neolítico	2500
neomenia	2500
neonatal	2500
neonatología	2500
neoplasia	2500
neoplatonicismo	2500
neoplatonismo	2500
neoplatónico	2500
neoplásico	2500
neopositivismo	2500
neopreno	2500
neorama	2500
neoyorquino	2500
neozelandés	2500
nepalés	2500
nepalí	2500
nepente	2500
neperiano	2500
nepote	2500
nepotismo	2500
neptuniano	2500
neptunio	2500
neptunismo	2500
neptunista	2500
neptúnico	2500
nequicia	2500
nereida	2500
nerita	2500
neroniano	2500
nervadura	2500
nervezuelo	2500
nerviar	2500
nervino	2500
nervio	2500
nerviosamente	2500
nerviosidad	2500
nerviosismo	2500
nervioso	2500
nervosidad	2500
nervoso	2500
nervudo	2500
nervura	2500
nerón	2500
nesciencia	2500
nesgar	2500
nestorianismo	2500
nestoriano	2500
netamente	2500
netezuelo	2500
neto	2500
neuma	2500
neumococo	2500
neumoconiosis	2500
neumonitis	2500
neumonía	2500
neumático	2500
neuquino	2500
neural	2500
neuralgia	2500
neurastenia	2500
neurisma	2500
neurita	2500
neuritis	2500
neuroanatomista	2500
neuroanatomía	2500
neurociencia	2500
neurocirugía	2500
neurocirujano	2500
neuroendocrino	2500
neuroepitelio	2500
neuroesqueleto	2500
neuroglia	2500
neurología	2500
neurológico	2500
neuroma	2500
neurona	2500
neuronal	2500
neurosis	2500
neurotransmisor	2500
neurovegetativo	2500
neurálgico	2500
neurólogo	2500
neuróptero	2500
neurótico	2500
neutral	2500
neutralidad	2500
neutralizador	2500
neutralizar	2500
neutrino	2500
neutro	2500
neutrón	2500
nevada	2500
nevado	2500
nevar	2500
nevasca	2500
nevatilla	2500
nevazo	2500
nevera	2500
nevereta	2500
nevero	2500
neviscar	2500
nevoso	2500
newton	2500
newtoniana	2500
newtons	2500
nexo	2500
neófito	2500
neón	2500
nial	2500
niara	2500
niazo	2500
nicaragüense	2500
niceno	2500
nicho	2500
nicle	2500
nicociana	2500
nicomediense	2500
nicotina	2500
nicotinismo	2500
nicotismo	2500
nictitante	2500
nidada	2500
nidal	2500
nidificar	2500
nidio	2500
nido	2500
nidrio	2500
niebla	2500
niego	2500
nielar	2500
nietastro	2500
nieto	2500
nieve	2500
nigeriano	2500
nigerino	2500
nigola	2500
nigromancia	2500
nigromante	2500
nigua	2500
nihilismo	2500
nihilista	2500
nimbar	2500
nimiamente	2500
nimiedad	2500
nimio	2500
nin	2500
ninfa	2500
ninfea	2500
ninfeácea	2500
ninfeáceo	2500
ninfo	2500
ningunear	2500
ninivita	2500
ninja	2500
niobio	2500
nioto	2500
nipa	2500
niquelado	2500
niquelador	2500
niquelar	2500
niquelina	2500
niquiscocio	2500
nirvana	2500
nis	2500
nispolero	2500
nitidez	2500
nito	2500
nitración	2500
nitrado	2500
nitrar	2500
nitrato	2500
nitrito	2500
nitro	2500
nitrobencina	2500
nitrocelulosa	2500
nitrogenado	2500
nitroglicerina	2500
nitrosidad	2500
nitroso	2500
nitrógeno	2500
nivel	2500
nivelación	2500
nivelador	2500
nivelar	2500
niña	2500
niñato	2500
niñear	2500
niñera	2500
niñero	2500
niño	2500
nobel	2500
nobiliario	2500
noble	2500
noblecer	2500
noblemente	2500
nobleza	2500
noblote	2500
noca	2500
noceda	2500
nocente	2500
nochebuena	2500
nochizo	2500
nocible	2500
nocional	2500
nocir	2500
nocividad	2500
nocivo	2500
noción	2500
nocla	2500
noctambular	2500
noctambulismo	2500
noctiluca	2500
nocturnal	2500
nocturnamente	2500
nocturnidad	2500
nocturnino	2500
nocturno	2500
noctámbulamente	2500
noctámbulo	2500
nodal	2500
nodo	2500
nodriza	2500
nodular	2500
nodátil	2500
noes	2500
nogada	2500
nogal	2500
nogalina	2500
noguera	2500
noguerado	2500
nogueral	2500
nogueruela	2500
noma	2500
nomadismo	2500
nombrada	2500
nombradamente	2500
nombrado	2500
nombradía	2500
nombramiento	2500
nombrar	2500
nombre	2500
nomenclador	2500
nomenclatura	2500
nomenclátor	2500
nomeolvides	2500
nominación	2500
nominador	2500
nominal	2500
nominalismo	2500
nominalista	2500
nominalizar	2500
nominalmente	2500
nominar	2500
nominativa	2500
nominativo	2500
nominilla	2500
nomo	2500
nomon	2500
non	2500
nona	2500
nonada	2500
nonagenario	2500
nonagesimoctavo	2500
nonagesimocuarto	2500
nonagesimonono	2500
nonagesimonoveno	2500
nonagesimoprimero	2500
nonagesimoquinto	2500
nonagesimosegundo	2500
nonagesimosexto	2500
nonagesimoséptimo	2500
nonagesimotercero	2500
nonagonal	2500
nonagésimo	2500
nonato	2500
nones	2500
noningentésimo	2500
nonio	2500
nonius	2500
nono	2500
nonágono	2500
noosfera	2500
nopal	2500
noquear	2500
noray	2500
norcoreano	2500
nordeste	2500
nordestear	2500
noreste	2500
noria	2500
norma	2500
normal	2500
normalidad	2500
normalista	2500
normalizar	2500
normalmente	2500
normando	2500
normano	2500
normativa	2500
normativo	2500
nornordeste	2500
nornoroeste	2500
nornorueste	2500
noroccidental	2500
noroccidente	2500
noroeste	2500
noroestear	2500
nororiental	2500
nortada	2500
norteafricano	2500
norteamericano	2500
nortear	2500
norteño	2500
noruego	2500
norueste	2500
noruestear	2500
nosocomio	2500
nosogenia	2500
nosología	2500
nostalgia	2500
nosticismo	2500
nostras	2500
nostálgico	2500
nota	2500
notabilidad	2500
notable	2500
notablemente	2500
notación	2500
notar	2500
notariado	2500
notarial	2500
notariato	2500
notario	2500
notaría	2500
noticia	2500
noticiar	2500
noticiario	2500
noticiero	2500
noticioso	2500
notificación	2500
notificar	2500
notificativo	2500
noto	2500
notocordio	2500
notoriamente	2500
notoriedad	2500
notorio	2500
notro	2500
noval	2500
novar	2500
novatada	2500
novato	2500
novecientas	2500
novecientos	2500
novedad	2500
novedoso	2500
novel	2500
novela	2500
novelar	2500
novelero	2500
novelescamente	2500
novelesco	2500
novelista	2500
novelizar	2500
novena	2500
novenario	2500
noveno	2500
noventa	2500
noventavo	2500
noviazgo	2500
noviciado	2500
novicio	2500
noviciote	2500
novilla	2500
novillada	2500
novillero	2500
novillo	2500
novilunio	2500
novio	2500
novísimo	2500
noxa	2500
noúmeno	2500
nro	2500
nubarrón	2500
nube	2500
nubiense	2500
nubilidad	2500
nubiloso	2500
nubio	2500
nublado	2500
nublar	2500
nublo	2500
nubloso	2500
nubosidad	2500
nuboso	2500
nuca	2500
nucir	2500
nuclear	2500
nuclearmente	2500
nucleico	2500
nucleido	2500
nucleón	2500
nucleótido	2500
nudismo	2500
nudo	2500
nudos	2500
nudosidad	2500
nudoso	2500
nudrir	2500
nuececilla	2500
nuecero	2500
nuera	2500
nuevamente	2500
nuez	2500
nulamente	2500
nulidad	2500
nullius	2500
nulo	2500
numantino	2500
numen	2500
numerable	2500
numeración	2500
numerador	2500
numeradora	2500
numeral	2500
numerar	2500
numeraria	2500
numerario	2500
numerosamente	2500
numeroso	2500
numismática	2500
numismático	2500
numo	2500
numular	2500
numularia	2500
numulario	2500
numulita	2500
numulites	2500
numéricamente	2500
numérico	2500
nunciatura	2500
nuncio	2500
nuncupativo	2500
nuncupatorio	2500
nupcial	2500
nupcias	2500
nutra	2500
nutria	2500
nutricio	2500
nutricional	2500
nutricionista	2500
nutrición	2500
nutrido	2500
nutriente	2500
nutrimento	2500
nutrimiento	2500
nutrir	2500
nutritivo	2500
nutriz	2500
nuégado	2500
nácar	2500
náhuatl	2500
náufrago	2500
náusea	2500
náutica	2500
náutico	2500
náyade	2500
nébeda	2500
nécora	2500
néctar	2500
némesis	2500
nía	2500
nícol	2500
níquel	2500
níspero	2500
níspola	2500
nítidamente	2500
nítido	2500
nítrico	2500
níveo	2500
nódulo	2500
nómada	2500
nómina	2500
nórdico	2500
núbil	2500
núcleo	2500
núm	2500
número	2500
oasis	2500
ob	2500
obcecación	2500
obcecar	2500
obedecedor	2500
obedecer	2500
obedecimiento	2500
obediencia	2500
obediente	2500
obedientemente	2500
obelisco	2500
obencadura	2500
obenque	2500
obertura	2500
obesidad	2500
obeso	2500
obispal	2500
obispar	2500
obispo	2500
obituario	2500
objeción	2500
objecto	2500
objetante	2500
objetar	2500
objetivamente	2500
objetivar	2500
objetividad	2500
objetivo	2500
objeto	2500
objetor	2500
oblación	2500
oblada	2500
oblata	2500
oblativo	2500
oblato	2500
oblea	2500
oblicuamente	2500
oblicuar	2500
oblicuidad	2500
oblicuo	2500
oblicuángulo	2500
obligacionista	2500
obligación	2500
obligadamente	2500
obligado	2500
obligar	2500
obligatoriamente	2500
obligatoriedad	2500
obligatorio	2500
obliterante	2500
obliterar	2500
oblongada	2500
oblongo	2500
obnoxio	2500
obnubilar	2500
oboe	2500
oboísta	2500
obra	2500
obrada	2500
obrador	2500
obradura	2500
obraje	2500
obrajero	2500
obrante	2500
obrar	2500
obrerismo	2500
obrerista	2500
obrero	2500
obrón	2500
obscenamente	2500
obscenidad	2500
obsceno	2500
obscuramente	2500
obscurantismo	2500
obscurantista	2500
obscurecer	2500
obscurecimiento	2500
obscuridad	2500
obscuro	2500
obsecuencia	2500
obsecuente	2500
obsequiador	2500
obsequiante	2500
obsequiar	2500
obsequio	2500
obsequiosamente	2500
obsequiosidad	2500
obsequioso	2500
observable	2500
observacional	2500
observación	2500
observador	2500
observancia	2500
observante	2500
observar	2500
observatorio	2500
obsesionante	2500
obsesionar	2500
obsesivo	2500
obsesión	2500
obseso	2500
obsidiana	2500
obsidional	2500
obsolescencia	2500
obsolescente	2500
obsoleto	2500
obsta	2500
obstaba	2500
obstaban	2500
obstaculización	2500
obstaculizar	2500
obstada	2500
obstadas	2500
obstado	2500
obstados	2500
obstan	2500
obstando	2500
obstante	2500
obstar	2500
obstara	2500
obstaran	2500
obstare	2500
obstaren	2500
obstaron	2500
obstará	2500
obstarán	2500
obstaría	2500
obstarían	2500
obstase	2500
obstasen	2500
obste	2500
obsten	2500
obstetra	2500
obstetricia	2500
obstinación	2500
obstinadamente	2500
obstinado	2500
obstinar	2500
obstruccionismo	2500
obstruccionista	2500
obstrucción	2500
obstructor	2500
obstruir	2500
obstáculo	2500
obstétrico	2500
obstó	2500
obtemperar	2500
obtención	2500
obtener	2500
obturación	2500
obturador	2500
obturar	2500
obtuso	2500
obtusángulo	2500
obtén	2500
obusera	2500
obvención	2500
obviamente	2500
obviar	2500
obvio	2500
obyecto	2500
obús	2500
oc	2500
oca	2500
ocal	2500
ocalear	2500
ocarina	2500
ocasionada	2500
ocasionado	2500
ocasionador	2500
ocasional	2500
ocasionalmente	2500
ocasionar	2500
ocasión	2500
ocaso	2500
occidental	2500
occidente	2500
occipital	2500
occipucio	2500
occiso	2500
occitano	2500
oceanografía	2500
ocelado	2500
ocelo	2500
ocelote	2500
ocena	2500
oceánico	2500
ochavar	2500
ochavo	2500
ochenta	2500
ochentavo	2500
ochocientas	2500
ochocientos	2500
ociar	2500
ocio	2500
ociosamente	2500
ociosidad	2500
ocioso	2500
ocle	2500
oclocracia	2500
ocluir	2500
oclusivo	2500
oclusión	2500
ocluso	2500
ocre	2500
ocráceo	2500
octacordio	2500
octaedro	2500
octagonal	2500
octano	2500
octante	2500
octavar	2500
octavario	2500
octaviano	2500
octavilla	2500
octavo	2500
octeto	2500
octingentésimo	2500
octocoralario	2500
octogenario	2500
octogesimoctavo	2500
octogesimocuarto	2500
octogesimonono	2500
octogesimonoveno	2500
octogesimoprimero	2500
octogesimoquinto	2500
octogesimosegundo	2500
octogesimosexto	2500
octogesimoséptimo	2500
octogesimotercero	2500
octogonal	2500
octogésimo	2500
octosílabo	2500
octágono	2500
octógono	2500
octópodo	2500
ocular	2500
ocularmente	2500
oculista	2500
ocultación	2500
ocultador	2500
ocultamente	2500
ocultar	2500
ocultismo	2500
ocultista	2500
oculto	2500
ocupacional	2500
ocupación	2500
ocupada	2500
ocupador	2500
ocupadísimo	2500
ocupante	2500
ocupar	2500
ocurrencia	2500
ocurrente	2500
ocurrido	2500
ocurrir	2500
océano	2500
oda	2500
odalisca	2500
odeón	2500
odiadme	2500
odiadnos	2500
odiar	2500
odio	2500
odiosamente	2500
odioso	2500
odisea	2500
odontalgia	2500
odontología	2500
odorífero	2500
odre	2500
oes	2500
ofendedor	2500
ofender	2500
ofendido	2500
ofensa	2500
ofensar	2500
ofensiva	2500
ofensivamente	2500
ofensivo	2500
ofensor	2500
oferente	2500
oferta	2500
ofertante	2500
ofertar	2500
ofertorio	2500
oficial	2500
oficiala	2500
oficialidad	2500
oficializar	2500
oficialmente	2500
oficiante	2500
oficiar	2500
oficina	2500
oficinista	2500
oficio	2500
oficionario	2500
oficiosa	2500
oficiosamente	2500
oficiosidad	2500
oficioso	2500
ofidio	2500
ofimática	2500
ofita	2500
ofrecedor	2500
ofrecer	2500
ofrecimiento	2500
ofrenda	2500
ofrendar	2500
oftalmia	2500
oftalmología	2500
oftalmológico	2500
oftalmoscopia	2500
oftalmoscopio	2500
oftalmoscopía	2500
oftalmía	2500
oftalmólogo	2500
ofuscación	2500
ofuscador	2500
ofuscamiento	2500
ofuscar	2500
ogro	2500
oh	2500
ohm	2500
ohmio	2500
oidor	2500
ojal	2500
ojaladera	2500
ojalador	2500
ojaladura	2500
ojalar	2500
ojalá	2500
ojanco	2500
ojar	2500
ojaranzo	2500
ojeador	2500
ojear	2500
ojeo	2500
ojera	2500
ojeriza	2500
ojeroso	2500
ojerudo	2500
ojete	2500
ojeteado	2500
ojetear	2500
ojialegre	2500
ojimoreno	2500
ojinegro	2500
ojiva	2500
ojival	2500
ojizaino	2500
ojizarco	2500
ojo	2500
ojoso	2500
ojota	2500
okupa	2500
okupar	2500
ola	2500
olambre	2500
olambrilla	2500
ole	2500
oleado	2500
oleaginosidad	2500
oleaginoso	2500
oleaje	2500
olear	2500
oleario	2500
oleastro	2500
oleaza	2500
oledero	2500
oledla	2500
oledlas	2500
oledlo	2500
oledlos	2500
oledor	2500
oleico	2500
oleoducto	2500
oleorresina	2500
oleos	2500
oleosidad	2500
oleoso	2500
oler	2500
olerla	2500
olerlas	2500
olerle	2500
olerles	2500
olerlo	2500
olerlos	2500
olerme	2500
olernos	2500
oleros	2500
olerse	2500
olerte	2500
oleácea	2500
oleáceo	2500
olfatear	2500
olfativamente	2500
olfativo	2500
olfato	2500
olfatorio	2500
oliente	2500
olifante	2500
oligarca	2500
oligarquía	2500
oligisto	2500
oligoceno	2500
oligoelemento	2500
oligopólico	2500
oligárquico	2500
olimpiada	2500
olimpíada	2500
olio	2500
oliscar	2500
olismear	2500
olisquear	2500
olivar	2500
olivarda	2500
olivarero	2500
olivastro	2500
olivera	2500
olivero	2500
olivicultor	2500
olivicultura	2500
olivino	2500
olivo	2500
olivoso	2500
olivífero	2500
oliéndola	2500
oliéndolas	2500
oliéndole	2500
oliéndoles	2500
oliéndolo	2500
oliéndolos	2500
oliéndome	2500
oliéndomela	2500
oliéndomelas	2500
oliéndomelo	2500
oliéndomelos	2500
oliéndonos	2500
oliéndonosla	2500
oliéndonoslas	2500
oliéndonoslo	2500
oliéndonoslos	2500
oliéndoos	2500
oliéndoosla	2500
oliéndooslas	2500
oliéndooslo	2500
oliéndooslos	2500
oliéndose	2500
oliéndosela	2500
oliéndoselas	2500
oliéndoselo	2500
oliéndoselos	2500
oliéndote	2500
oliéndotela	2500
oliéndotelas	2500
oliéndotelo	2500
oliéndotelos	2500
olla	2500
ollado	2500
ollao	2500
ollar	2500
ollera	2500
ollero	2500
olmeca	2500
olmeda	2500
olmedo	2500
olmo	2500
olor	2500
olorizar	2500
oloroso	2500
olvidadizo	2500
olvidado	2500
olvidanza	2500
olvidar	2500
olvido	2500
olámonos	2500
olé	2500
olérmela	2500
olérmelas	2500
olérmelo	2500
olérmelos	2500
olérnosla	2500
olérnoslas	2500
olérnoslo	2500
olérnoslos	2500
olérosla	2500
oléroslas	2500
oléroslo	2500
oléroslos	2500
olérsela	2500
olérselas	2500
olérselo	2500
olérselos	2500
olértela	2500
olértelas	2500
olértelo	2500
olértelos	2500
olíbano	2500
olímpicamente	2500
olímpico	2500
ológrafo	2500
omagua	2500
omanés	2500
omaní	2500
ombligada	2500
ombligo	2500
ombliguero	2500
ombú	2500
omega	2500
omento	2500
omero	2500
omeya	2500
ominar	2500
ominoso	2500
omisión	2500
omiso	2500
omitir	2500
ommiada	2500
omnidireccional	2500
omnipotencia	2500
omnipotente	2500
omnipotentemente	2500
omnipresencia	2500
omnipresente	2500
omnisciencia	2500
omnisciente	2500
omniscio	2500
omnímodo	2500
omóplato	2500
onagro	2500
onanismo	2500
onanista	2500
oncear	2500
onceavo	2500
oncejo	2500
onde	2500
ondeado	2500
ondeante	2500
ondear	2500
ondina	2500
ondisonante	2500
ondoso	2500
ondrar	2500
ondulación	2500
ondulado	2500
ondulante	2500
ondular	2500
ondulatorio	2500
onecer	2500
oneroso	2500
oniquina	2500
oniromancia	2500
onomatopeya	2500
onomatopéyico	2500
onomástica	2500
onomástico	2500
onoquiles	2500
ontologismo	2500
ontología	2500
ontológico	2500
onubense	2500
onza	2500
onírico	2500
op	2500
opa	2500
opacamente	2500
opacidad	2500
opaco	2500
opalescencia	2500
opalescente	2500
opalino	2500
opalizar	2500
opcional	2500
opcionalmente	2500
opción	2500
operable	2500
operacional	2500
operación	2500
operador	2500
operante	2500
operar	2500
operario	2500
operativa	2500
operativamente	2500
operatividad	2500
operativo	2500
operatorio	2500
opereta	2500
operista	2500
opilación	2500
opilar	2500
opinable	2500
opinante	2500
opinar	2500
opinión	2500
opio	2500
opioide	2500
opobálsamo	2500
oponente	2500
oponer	2500
oportuna	2500
oportunamente	2500
oportunidad	2500
oportunismo	2500
oportunista	2500
oportuno	2500
oposicionista	2500
oposición	2500
opositar	2500
opositor	2500
opoterapia	2500
opresar	2500
opresivamente	2500
opresivo	2500
opresión	2500
opresor	2500
oprimido	2500
oprimir	2500
oprobiar	2500
oprobio	2500
oprobioso	2500
optar	2500
optativo	2500
optimar	2500
optimate	2500
optimismo	2500
optimista	2500
optimizar	2500
opuestamente	2500
opuesto	2500
opugnar	2500
opulencia	2500
opulentamente	2500
opulento	2500
opuncia	2500
opus	2500
opérculo	2500
opíparo	2500
opón	2500
opúsculo	2500
oque	2500
oquedad	2500
oqueruela	2500
ora	2500
oracional	2500
oración	2500
orador	2500
oral	2500
oralmente	2500
orangista	2500
orangután	2500
orante	2500
orar	2500
orario	2500
orate	2500
oratoria	2500
oratoriamente	2500
oratoriano	2500
oratorio	2500
orbe	2500
orbicular	2500
orbital	2500
orbitante	2500
orbitar	2500
orbitario	2500
orca	2500
orcheliano	2500
orco	2500
ordalía	2500
orden	2500
ordenación	2500
ordenada	2500
ordenadamente	2500
ordenado	2500
ordenamiento	2500
ordenancista	2500
ordenando	2500
ordenante	2500
ordenanza	2500
ordenar	2500
ordeñador	2500
ordeñar	2500
ordeño	2500
ordinal	2500
ordinar	2500
ordinaria	2500
ordinariamente	2500
ordinariez	2500
ordinario	2500
ordinativo	2500
ordovícico	2500
orea	2500
orear	2500
oreja	2500
orejear	2500
orejera	2500
orejudo	2500
orejuela	2500
orejón	2500
orensano	2500
oreoselino	2500
orfanato	2500
orfandad	2500
orfebre	2500
orfebrería	2500
orfeonista	2500
orfeón	2500
orfo	2500
orfre	2500
organdí	2500
organero	2500
organicismo	2500
organicista	2500
organigrama	2500
organillero	2500
organillo	2500
organismo	2500
organista	2500
organizacional	2500
organización	2500
organizadamente	2500
organizado	2500
organizador	2500
organizar	2500
organizativo	2500
organogenia	2500
organza	2500
orgasmo	2500
orgiástico	2500
orgullecer	2500
orgullo	2500
orgullosamente	2500
orgulloso	2500
orgánica	2500
orgánicamente	2500
orgánico	2500
orgánulo	2500
orgásmicamente	2500
orgásmico	2500
orgía	2500
oribe	2500
orientable	2500
orientación	2500
orientador	2500
oriental	2500
orientalismo	2500
orientalista	2500
orientar	2500
orientativo	2500
oriente	2500
orificar	2500
orificio	2500
oriflama	2500
origen	2500
origenismo	2500
origenista	2500
originador	2500
original	2500
originalidad	2500
originalmente	2500
originar	2500
originariamente	2500
originario	2500
orilla	2500
orillar	2500
orillero	2500
orina	2500
orinal	2500
orinar	2500
orinecer	2500
orinque	2500
oriundez	2500
oriundo	2500
orive	2500
orla	2500
orladura	2500
orlar	2500
orleanista	2500
ormino	2500
ornamentación	2500
ornamental	2500
ornamentar	2500
ornamento	2500
ornar	2500
ornato	2500
ornear	2500
ornitodelfo	2500
ornitología	2500
ornitorrinco	2500
ornitólogo	2500
oro	2500
orobanca	2500
orobias	2500
orogenia	2500
orografía	2500
orográfico	2500
orogénesis	2500
orondo	2500
oropel	2500
oropelero	2500
oropimente	2500
orozuz	2500
orquesta	2500
orquestal	2500
orquestar	2500
orquestina	2500
orquidácea	2500
orquidáceo	2500
orquitis	2500
orquídea	2500
orquídeo	2500
ortega	2500
ortiga	2500
ortigal	2500
orto	2500
ortodoncia	2500
ortodoxia	2500
ortodoxo	2500
ortodromia	2500
ortofonía	2500
ortogonal	2500
ortogonio	2500
ortografía	2500
ortográfico	2500
ortopedia	2500
ortopedista	2500
ortopédico	2500
ortosa	2500
ortotipografía	2500
ortotipográfico	2500
ortógrafo	2500
ortóptero	2500
oruga	2500
orujo	2500
orvalla	2500
orvallaba	2500
orvallaban	2500
orvallada	2500
orvalladas	2500
orvallado	2500
orvallados	2500
orvallan	2500
orvallando	2500
orvallar	2500
orvallara	2500
orvallaran	2500
orvallare	2500
orvallaren	2500
orvallaron	2500
orvallarse	2500
orvallará	2500
orvallarán	2500
orvallaría	2500
orvallarían	2500
orvallase	2500
orvallasen	2500
orvalle	2500
orvallen	2500
orvalló	2500
orzaga	2500
orzar	2500
orzuelo	2500
oráculo	2500
orégano	2500
orí	2500
orífice	2500
orín	2500
orónimo	2500
osa	2500
osadamente	2500
osado	2500
osadía	2500
osambre	2500
osamenta	2500
osar	2500
osario	2500
oscense	2500
oscilación	2500
oscilador	2500
oscilante	2500
oscilar	2500
oscilatorio	2500
osciloscopio	2500
oscitancia	2500
osco	2500
osculatriz	2500
oscuramente	2500
oscurantismo	2500
oscurantista	2500
oscurecer	2500
oscurecimiento	2500
oscuridad	2500
oscuro	2500
osear	2500
osera	2500
osero	2500
osezno	2500
osezuelo	2500
osificar	2500
osmazomo	2500
osmio	2500
osmótico	2500
oso	2500
ostaga	2500
ostensible	2500
ostensiblemente	2500
ostensivo	2500
ostentación	2500
ostentador	2500
ostentar	2500
ostentativo	2500
ostentatoriamente	2500
ostentosamente	2500
ostentoso	2500
osteoma	2500
osteomalacia	2500
osteomielitis	2500
ostia	2500
ostiario	2500
ostra	2500
ostracismo	2500
ostras	2500
ostricultura	2500
ostro	2500
ostrogodo	2500
ostrón	2500
ostugo	2500
osudo	2500
osuno	2500
otar	2500
oteador	2500
otear	2500
otero	2500
otilar	2500
otitis	2500
oto	2500
otoba	2500
otomana	2500
otomano	2500
otorgador	2500
otorgamiento	2500
otorgante	2500
otorgar	2500
otorrea	2500
otoscopia	2500
otoscopio	2500
otoñal	2500
otoñar	2500
otoño	2500
otrora	2500
ovacionar	2500
ovación	2500
oval	2500
ovalado	2500
ovalar	2500
ovante	2500
ovar	2500
ovario	2500
oveja	2500
ovejero	2500
ovejuno	2500
overo	2500
ovetense	2500
ovidiano	2500
oviducto	2500
ovillar	2500
ovillejo	2500
ovillo	2500
ovino	2500
oviscapto	2500
ovni	2500
ovoide	2500
ovoideo	2500
ovovivíparo	2500
ovulación	2500
ovular	2500
ovárico	2500
ovíparo	2500
oxalato	2500
oxear	2500
oxiacanta	2500
oxidable	2500
oxidación	2500
oxidante	2500
oxidar	2500
oxidrilo	2500
oxigenación	2500
oxigenado	2500
oxigenar	2500
oxigonio	2500
oxiuro	2500
oxizacre	2500
oxoniense	2500
oxte	2500
oxálico	2500
oxígeno	2500
oxímoron	2500
oxímoros	2500
oyente	2500
ozona	2500
ozono	2500
oída	2500
oídio	2500
oídla	2500
oídlas	2500
oídle	2500
oídles	2500
oídlo	2500
oídlos	2500
oídme	2500
oídnos	2500
oído	2500
oíl	2500
oír	2500
pH	2500
pabellón	2500
pabilo	2500
paca	2500
pacana	2500
pacato	2500
pacay	2500
paccionar	2500
pacense	2500
pacer	2500
pacho	2500
pachorra	2500
pachucho	2500
pachón	2500
paciencia	2500
paciente	2500
pacientemente	2500
pacienzudo	2500
pacificación	2500
pacificador	2500
pacificar	2500
pacifismo	2500
pacifista	2500
pacotilla	2500
pacotillero	2500
pactar	2500
pacto	2500
pacáis	2500
pacíficamente	2500
pacífico	2500
padecer	2500
padecimiento	2500
padilla	2500
padrastro	2500
padre	2500
padrear	2500
padrenuestro	2500
padrina	2500
padrinazgo	2500
padrino	2500
padrón	2500
paella	2500
paf	2500
pafio	2500
paga	2500
pagable	2500
pagada	2500
pagadero	2500
pagado	2500
pagador	2500
paganismo	2500
paganizar	2500
pagano	2500
pagar	2500
pagaré	2500
pagaya	2500
pagel	2500
paginar	2500
pagoda	2500
pagro	2500
paico	2500
paila	2500
pailebot	2500
pailebote	2500
paipay	2500
paipáis	2500
pairar	2500
paisaje	2500
paisajismo	2500
paisajista	2500
paisajístico	2500
paisana	2500
paisanaje	2500
paisano	2500
paisista	2500
paja	2500
pajar	2500
pajarear	2500
pajarera	2500
pajarero	2500
pajarería	2500
pajarilla	2500
pajarita	2500
pajarito	2500
pajarota	2500
pajarraco	2500
pajaza	2500
paje	2500
pajear	2500
pajel	2500
pajera	2500
pajero	2500
pajizo	2500
pajo	2500
pajolero	2500
pajoso	2500
pajuela	2500
pajuz	2500
pajuzo	2500
pakistaní	2500
pakistaníes	2500
pal	2500
pala	2500
palabreja	2500
palabreo	2500
palabrero	2500
palabrimujer	2500
palabrista	2500
palabrita	2500
palabrota	2500
palacete	2500
palaciego	2500
palacio	2500
palada	2500
paladar	2500
paladear	2500
paladinamente	2500
paladino	2500
paladio	2500
paladión	2500
palado	2500
paladín	2500
palafito	2500
palafrenero	2500
palafrén	2500
palahierro	2500
palamallo	2500
palamenta	2500
palanca	2500
palancada	2500
palancana	2500
palangana	2500
palanganero	2500
palangre	2500
palangrero	2500
palanquear	2500
palanquero	2500
palanqueta	2500
palanquilla	2500
palanquín	2500
palasan	2500
palastro	2500
palatal	2500
palatalizar	2500
palatinado	2500
palatino	2500
palauano	2500
palco	2500
paleador	2500
paleal	2500
palear	2500
palenque	2500
palentino	2500
paleográfico	2500
paleolítico	2500
paleontología	2500
paleontológico	2500
paleontólogo	2500
paleoterio	2500
paleozoico	2500
palera	2500
palero	2500
palestino	2500
palestra	2500
paleta	2500
paletada	2500
paletear	2500
paletero	2500
paleto	2500
paletón	2500
palhuén	2500
palia	2500
paliar	2500
paliativo	2500
paliatorio	2500
palidecer	2500
palidez	2500
paliducho	2500
palier	2500
palillero	2500
palimpsesto	2500
palingenesia	2500
palinodia	2500
palio	2500
palique	2500
paliquear	2500
palisandro	2500
palitoque	2500
palitroque	2500
paliza	2500
palizada	2500
pallar	2500
pallete	2500
palmada	2500
palmar	2500
palmariamente	2500
palmario	2500
palmarés	2500
palmatoria	2500
palmeado	2500
palmear	2500
palmejar	2500
palmenta	2500
palmentero	2500
palmera	2500
palmeral	2500
palmero	2500
palmesano	2500
palmeta	2500
palmetazo	2500
palmiche	2500
palmitieso	2500
palmito	2500
palmo	2500
palmotear	2500
palmácea	2500
palmáceo	2500
palmípedo	2500
palo	2500
paloma	2500
palomadura	2500
palomar	2500
palomariega	2500
palomear	2500
palomera	2500
palomero	2500
palometa	2500
palomina	2500
palomino	2500
palomita	2500
palomo	2500
palotada	2500
palote	2500
palotear	2500
palpable	2500
palpablemente	2500
palpación	2500
palpadura	2500
palpamiento	2500
palpar	2500
palpitación	2500
palpitante	2500
palpitar	2500
palpo	2500
paludamento	2500
paludismo	2500
palumbario	2500
palurdo	2500
palustre	2500
palé	2500
palúdico	2500
pamela	2500
pamema	2500
pampa	2500
pampanada	2500
pampanaje	2500
pampanilla	2500
pampeano	2500
pampero	2500
pampino	2500
pampirolada	2500
pamplina	2500
pamporcino	2500
pampringada	2500
pan	2500
pana	2500
panacea	2500
panada	2500
panadear	2500
panadero	2500
panadería	2500
panadizo	2500
panado	2500
panal	2500
panamericanismo	2500
panamericanista	2500
panamericano	2500
panameño	2500
panamás	2500
panarizo	2500
panatela	2500
panatier	2500
panca	2500
pancada	2500
pancarpia	2500
pancarta	2500
pancera	2500
panceta	2500
pancho	2500
pancilla	2500
panco	2500
pancraciasta	2500
pancracio	2500
pancreático	2500
panda	2500
pandar	2500
pandear	2500
pandemia	2500
pandemónium	2500
pandeo	2500
pandera	2500
panderada	2500
pandereta	2500
panderete	2500
panderetear	2500
panderetero	2500
pandero	2500
pandillaje	2500
pandillero	2500
pando	2500
pandorga	2500
pandémicamente	2500
panecillo	2500
panegirista	2500
panegirizar	2500
panegírico	2500
panel	2500
panela	2500
panera	2500
panero	2500
panes	2500
paneslavismo	2500
paneslavista	2500
panetela	2500
panetero	2500
panetería	2500
panetone	2500
panetón	2500
paneuropeo	2500
panfilismo	2500
panfleto	2500
pangermanismo	2500
pangermanista	2500
panhispánico	2500
paniaguado	2500
panicular	2500
paniego	2500
panificable	2500
panificar	2500
paniguado	2500
panique	2500
panislamismo	2500
panizo	2500
pano	2500
panocha	2500
panocho	2500
panoja	2500
panoli	2500
panonio	2500
panoplia	2500
panorama	2500
panorámica	2500
panorámico	2500
panoso	2500
pansa	2500
pansido	2500
panspermia	2500
pantalla	2500
pantallazo	2500
pantalonero	2500
pantalón	2500
pantano	2500
pantanoso	2500
pantera	2500
panteísmo	2500
panteísta	2500
panteón	2500
pantomima	2500
pantomimo	2500
pantoque	2500
pantorra	2500
pantorrillera	2500
pantufla	2500
pantuflo	2500
pantómetra	2500
panza	2500
panzada	2500
panzudo	2500
panícula	2500
panículo	2500
panóptico	2500
papa	2500
papable	2500
papada	2500
papado	2500
papafigo	2500
papagaya	2500
papagayo	2500
papahuevos	2500
papal	2500
papalina	2500
papalino	2500
papamoscas	2500
papanatas	2500
papar	2500
paparote	2500
paparrabias	2500
paparrasolla	2500
paparrucha	2500
papatoste	2500
papaverina	2500
papaverácea	2500
papaveráceo	2500
papaya	2500
papayo	2500
papear	2500
papel	2500
papelear	2500
papeleo	2500
papelero	2500
papelería	2500
papeleta	2500
papeletear	2500
papeletizar	2500
papelina	2500
papelista	2500
papelonado	2500
papelonear	2500
papelorio	2500
papelote	2500
papelucho	2500
papelón	2500
papera	2500
papero	2500
papialbillo	2500
papiamento	2500
papila	2500
papilar	2500
papilionácea	2500
papilionáceo	2500
papillote	2500
papiloma	2500
papiro	2500
papiroflexia	2500
papirote	2500
papismo	2500
papista	2500
papo	2500
paporrear	2500
papuano	2500
papujado	2500
papá	2500
papás	2500
papú	2500
paquear	2500
paquebot	2500
paquebote	2500
paquete	2500
paquetero	2500
paquetería	2500
paquidermia	2500
paquidermo	2500
paquidérmico	2500
paquistaní	2500
paquistaníes	2500
par	2500
parabién	2500
parabolano	2500
parabolizar	2500
paraboloide	2500
parabrisas	2500
parabólico	2500
paracaidismo	2500
paracaidista	2500
paracaídas	2500
paracentesis	2500
paracetamol	2500
parachoques	2500
paracleto	2500
paracronismo	2500
parada	2500
paradero	2500
paradigma	2500
paradigmático	2500
paradina	2500
paradislero	2500
paradisíaco	2500
parado	2500
paradoja	2500
paradojo	2500
parador	2500
paradójicamente	2500
paradójico	2500
paradón	2500
parafernales	2500
parafernalia	2500
parafina	2500
parafraseador	2500
parafrasear	2500
paragonar	2500
paraguas	2500
paraguaya	2500
paraguayo	2500
paraguáis	2500
paragón	2500
parahusar	2500
parahúso	2500
paraje	2500
parajismo	2500
paralaje	2500
paralela	2500
paralelamente	2500
paralelar	2500
paralelepípedo	2500
paralelismo	2500
paralelo	2500
paralelogramo	2500
paralimpiada	2500
paralimpíada	2500
paraliticar	2500
paralización	2500
paralizador	2500
paralizante	2500
paralizar	2500
paralogizar	2500
paraláctico	2500
paralímpico	2500
paralítico	2500
paramagnético	2500
paramentar	2500
paramento	2500
parametrizar	2500
paramilitar	2500
paramétrico	2500
parancero	2500
parangona	2500
parangonar	2500
parangonizar	2500
parangón	2500
paraninfo	2500
paranoia	2500
paranoico	2500
paranoide	2500
paranomasia	2500
paranormal	2500
paranza	2500
paranínfico	2500
parapetar	2500
parapeto	2500
parapoco	2500
parapsicología	2500
parar	2500
pararrayo	2500
paraselene	2500
parasemo	2500
parasimpático	2500
parasismo	2500
parasitar	2500
parasitaria	2500
parasitario	2500
parasitismo	2500
parasol	2500
parata	2500
parazonio	2500
paraíso	2500
parca	2500
parcamente	2500
parce	2500
parcela	2500
parcelación	2500
parcelar	2500
parcelario	2500
parchar	2500
parche	2500
parchear	2500
parchís	2500
parcial	2500
parcialidad	2500
parcializar	2500
parcialmente	2500
parcionero	2500
parcir	2500
parco	2500
parda	2500
pardal	2500
pardear	2500
pardiez	2500
pardillo	2500
pardina	2500
pardisco	2500
pardo	2500
pardomonte	2500
pardusco	2500
parduzco	2500
pareado	2500
parear	2500
parecencia	2500
parecer	2500
parecido	2500
pared	2500
paredón	2500
pareja	2500
parejo	2500
parejura	2500
parella	2500
paremiológico	2500
parenquimatoso	2500
parental	2500
parentela	2500
parentesco	2500
parergon	2500
pares	2500
paresa	2500
paresia	2500
parestesia	2500
pargo	2500
parhelia	2500
parhelio	2500
parhilera	2500
paria	2500
parias	2500
parida	2500
paridad	2500
paridera	2500
pariente	2500
parietal	2500
parietaria	2500
parificar	2500
parihuela	2500
pario	2500
parir	2500
parisiense	2500
parisino	2500
paritario	2500
paritorio	2500
parlador	2500
parlaembalde	2500
parlamentar	2500
parlamentaria	2500
parlamentariamente	2500
parlamentario	2500
parlamentarismo	2500
parlamento	2500
parlante	2500
parlar	2500
parlatorio	2500
parlero	2500
parlotear	2500
parloteo	2500
parmesano	2500
parnasiano	2500
parnaso	2500
paro	2500
parodia	2500
parodiador	2500
parodiar	2500
parodista	2500
parola	2500
parolina	2500
paronimia	2500
paronomasia	2500
paros	2500
paroxismo	2500
parpadeante	2500
parpadear	2500
parpadeo	2500
parpar	2500
parque	2500
parquedad	2500
parqué	2500
parra	2500
parrafada	2500
parrafear	2500
parral	2500
parranda	2500
parrandear	2500
parrandero	2500
parrandista	2500
parrar	2500
parras	2500
parresia	2500
parricida	2500
parricidio	2500
parrocha	2500
parroquia	2500
parroquial	2500
parroquiano	2500
parsimonia	2500
parsimonioso	2500
parta	2500
partear	2500
parteluz	2500
partero	2500
parterre	2500
partesana	2500
partible	2500
particionar	2500
particionero	2500
participación	2500
participante	2500
participar	2500
participativo	2500
participio	2500
partición	2500
particular	2500
particularidad	2500
particularismo	2500
particularista	2500
particularizar	2500
particularmente	2500
partida	2500
partidario	2500
partidismo	2500
partidista	2500
partido	2500
partidor	2500
partidura	2500
partil	2500
partimiento	2500
partiquino	2500
partisanamente	2500
partisano	2500
partitivo	2500
partitura	2500
parto	2500
parturienta	2500
partícipe	2500
partícula	2500
parva	2500
parvada	2500
parvedad	2500
parvero	2500
parvificar	2500
parvificencia	2500
parvo	2500
parvulario	2500
parvulez	2500
parvífico	2500
parábola	2500
paráclito	2500
paráfrasis	2500
parágrafo	2500
parálisis	2500
parámetro	2500
parásito	2500
parénquima	2500
paréntesis	2500
parérgones	2500
parón	2500
parónimo	2500
pasa	2500
pasacaballo	2500
pasacalle	2500
pasadera	2500
pasaderamente	2500
pasadero	2500
pasadillo	2500
pasadizo	2500
pasador	2500
pasadura	2500
pasajeramente	2500
pasajero	2500
pasajuego	2500
pasamanar	2500
pasamanero	2500
pasamanería	2500
pasamano	2500
pasamontañas	2500
pasante	2500
pasantía	2500
pasaportar	2500
pasaporte	2500
pasar	2500
pasarela	2500
pasatiempo	2500
pasavante	2500
pasavolante	2500
pascal	2500
pascasio	2500
pascua	2500
pascual	2500
pascuero	2500
pascuilla	2500
pase	2500
paseadero	2500
paseador	2500
paseante	2500
pasear	2500
paseata	2500
paseo	2500
paseriforme	2500
pasibilidad	2500
pasible	2500
pasicorto	2500
pasiego	2500
pasiflora	2500
pasiflorácea	2500
pasifloráceo	2500
pasillo	2500
pasional	2500
pasionaria	2500
pasionario	2500
pasionera	2500
pasionero	2500
pasionista	2500
pasitamente	2500
pasito	2500
pasitrote	2500
pasiva	2500
pasivamente	2500
pasividad	2500
pasivo	2500
pasión	2500
pasma	2500
pasmado	2500
pasmar	2500
pasmarota	2500
pasmarotada	2500
pasmarote	2500
pasmo	2500
pasmosamente	2500
pasmoso	2500
paso	2500
pasodoble	2500
pasquinar	2500
pasquín	2500
pasta	2500
pastadero	2500
pastaflora	2500
pastar	2500
pastear	2500
pastel	2500
pastelear	2500
pastelero	2500
pastelería	2500
pastelista	2500
pastelón	2500
pasterizar	2500
pastero	2500
pasteurizar	2500
pastillero	2500
pastinaca	2500
pastizal	2500
pasto	2500
pastoforio	2500
pastor	2500
pastoral	2500
pastoralmente	2500
pastorear	2500
pastoril	2500
pastorilmente	2500
pastosidad	2500
pastoso	2500
pastraña	2500
pastura	2500
pasturaje	2500
pasturar	2500
pastón	2500
pat	2500
pata	2500
pataca	2500
patache	2500
pataco	2500
patacón	2500
patada	2500
patagua	2500
patalear	2500
pataleo	2500
pataleta	2500
patas	2500
patata	2500
patatal	2500
patatar	2500
patatero	2500
patatús	2500
pateadura	2500
pateamiento	2500
patear	2500
patena	2500
patentar	2500
patente	2500
patentemente	2500
patentizar	2500
patera	2500
paternal	2500
paternalista	2500
paternalmente	2500
paternidad	2500
paterno	2500
paternóster	2500
patero	2500
pateta	2500
patetismo	2500
patialbillo	2500
patialbo	2500
patiblanco	2500
patibulario	2500
paticojo	2500
patidifuso	2500
patiestevado	2500
patilla	2500
patilludo	2500
patinadero	2500
patinador	2500
patinaje	2500
patinar	2500
patinete	2500
patinillo	2500
patio	2500
patiquebrar	2500
patitas	2500
patitieso	2500
patituerto	2500
patizambo	2500
pato	2500
patochada	2500
patogenia	2500
patografía	2500
patojo	2500
patología	2500
patológicamente	2500
patológico	2500
patoso	2500
patraña	2500
patria	2500
patriarca	2500
patriarcado	2500
patriarcal	2500
patriciado	2500
patricio	2500
patrimonial	2500
patrimonialidad	2500
patrimonio	2500
patrio	2500
patriota	2500
patrioterismo	2500
patriotero	2500
patriotismo	2500
patriótico	2500
patrocinado	2500
patrocinador	2500
patrocinante	2500
patrocinar	2500
patrocinio	2500
patronal	2500
patronato	2500
patronazgo	2500
patronear	2500
patronero	2500
patrono	2500
patrullar	2500
patrullero	2500
patrón	2500
patuco	2500
patudo	2500
patulea	2500
patullar	2500
patán	2500
paté	2500
patéticamente	2500
patético	2500
patíbulo	2500
patín	2500
patógeno	2500
paular	2500
paulatinamente	2500
paulatino	2500
pauliana	2500
paulilla	2500
paulinia	2500
paulonia	2500
pauperismo	2500
paupérrimo	2500
pausa	2500
pausadamente	2500
pausado	2500
pausar	2500
pauta	2500
pautado	2500
pautar	2500
pava	2500
pavada	2500
pavana	2500
pavero	2500
pavesa	2500
pavesada	2500
pavesina	2500
pavezno	2500
paviano	2500
pavimentación	2500
pavimentar	2500
pavimento	2500
paviota	2500
pavipollo	2500
pavitonto	2500
pavo	2500
pavonador	2500
pavonar	2500
pavonear	2500
pavor	2500
pavordear	2500
pavorida	2500
pavorido	2500
pavorosamente	2500
pavoroso	2500
pavura	2500
pavés	2500
pavía	2500
pavón	2500
payasada	2500
payaso	2500
payo	2500
paz	2500
pazguato	2500
pazo	2500
pazote	2500
país	2500
países	2500
pañal	2500
pañero	2500
pañete	2500
paño	2500
pañol	2500
pañuelo	2500
paúl	2500
pbro	2500
pdta	2500
pdte	2500
pe	2500
pea	2500
peaje	2500
peajero	2500
peal	2500
peana	2500
peatonal	2500
peatonalizar	2500
peatón	2500
pebete	2500
pebetero	2500
pebrada	2500
pebre	2500
peca	2500
pecable	2500
pecado	2500
pecador	2500
pecaminoso	2500
pecante	2500
pecar	2500
pecblenda	2500
pecera	2500
pecero	2500
pechar	2500
pechear	2500
pechelingue	2500
pechero	2500
pechiblanco	2500
pechicolorado	2500
pechigonga	2500
pechina	2500
pechirrojo	2500
pechisacado	2500
pecho	2500
pechuga	2500
pechuguera	2500
pecina	2500
pecinoso	2500
pecio	2500
peciolado	2500
peciolo	2500
pecorear	2500
pecoso	2500
pectar	2500
pectina	2500
pectiniforme	2500
pectoral	2500
pecuario	2500
peculiar	2500
peculiaridad	2500
peculiarmente	2500
peculio	2500
pecunia	2500
pecuniariamente	2500
pecuniario	2500
pecíolo	2500
pedagogo	2500
pedagogía	2500
pedagógico	2500
pedal	2500
pedalear	2500
pedaliácea	2500
pedaliáceo	2500
pedante	2500
pedantear	2500
pedantería	2500
pedantescamente	2500
pedantesco	2500
pedantismo	2500
pedanía	2500
pedazo	2500
pederasta	2500
pederastia	2500
pedernal	2500
pedernalino	2500
pedestal	2500
pedestre	2500
pedestrismo	2500
pediatra	2500
pediatría	2500
pedicelo	2500
pediculado	2500
pedicular	2500
pediculosis	2500
pedicuro	2500
pedido	2500
pedidor	2500
pedidura	2500
pedigüeño	2500
pediluvio	2500
pedimento	2500
pedir	2500
pediátrico	2500
pedo	2500
pedofilia	2500
pedorrear	2500
pedorrero	2500
pedorreta	2500
pedorro	2500
pedrada	2500
pedrea	2500
pedregal	2500
pedregoso	2500
pedrejón	2500
pedrera	2500
pedreral	2500
pedrero	2500
pedrezuela	2500
pedrisca	2500
pedriscal	2500
pedrisco	2500
pedrisquero	2500
pedriza	2500
pedrizo	2500
pedroche	2500
pedrojiménez	2500
pedrusco	2500
pedrés	2500
pedunculado	2500
pedáneo	2500
pedúnculo	2500
peer	2500
pega	2500
pegada	2500
pegadillo	2500
pegadizo	2500
pegado	2500
pegador	2500
pegadura	2500
pegajosidad	2500
pegajoso	2500
pegamento	2500
pegamiento	2500
pegar	2500
pegaseo	2500
pegata	2500
pegatina	2500
pegmatita	2500
pego	2500
pegote	2500
pegotear	2500
peguero	2500
pegujal	2500
peguntar	2500
pehuenche	2500
peina	2500
peinado	2500
peinador	2500
peinadura	2500
peinar	2500
peine	2500
peinero	2500
peines	2500
peineta	2500
peinetero	2500
peje	2500
pejegallo	2500
pejemuller	2500
pejepalo	2500
pejesapo	2500
pejiguera	2500
pejino	2500
pela	2500
pelada	2500
peladillo	2500
pelado	2500
pelador	2500
peladura	2500
pelagatos	2500
pelagiana	2500
pelagianismo	2500
pelagiano	2500
pelagoscopio	2500
pelagra	2500
pelagroso	2500
pelaire	2500
pelambrar	2500
pelambrera	2500
pelambrero	2500
pelamen	2500
pelandusca	2500
pelar	2500
pelargonio	2500
pelasgo	2500
pelaza	2500
peldaño	2500
pelea	2500
peleador	2500
pelear	2500
pelecaniforme	2500
pelechar	2500
pelecho	2500
pelele	2500
pelendengue	2500
pelete	2500
peletero	2500
peletería	2500
peleón	2500
pelgar	2500
peliagudo	2500
peliblanco	2500
peliblando	2500
pelicorto	2500
pelicular	2500
peliculón	2500
peliforra	2500
peligrar	2500
peligro	2500
peligrosamente	2500
peligrosidad	2500
peligroso	2500
pelinegro	2500
pelirrojo	2500
pelirrubio	2500
pelis	2500
pelitieso	2500
pella	2500
pellada	2500
pelleja	2500
pellejero	2500
pellejina	2500
pellejo	2500
pellejudo	2500
pelleta	2500
pelletero	2500
pellica	2500
pellico	2500
pellijero	2500
pelliquero	2500
pelliza	2500
pellizcador	2500
pellizcar	2500
pellizco	2500
pello	2500
pellote	2500
pellón	2500
pelma	2500
pelmazo	2500
pelo	2500
peloponense	2500
peloponesio	2500
pelos	2500
pelosa	2500
pelosilla	2500
peloso	2500
pelota	2500
pelotari	2500
pelote	2500
pelotear	2500
pelotera	2500
pelotero	2500
pelotilla	2500
pelotillero	2500
peloto	2500
pelotón	2500
pelta	2500
peltre	2500
peltrero	2500
peluca	2500
peluche	2500
pelucona	2500
peludo	2500
peluquero	2500
peluquería	2500
pelusa	2500
pelvi	2500
pelviano	2500
pelvis	2500
pelásgico	2500
pelícano	2500
película	2500
pelón	2500
pena	2500
penachera	2500
penacho	2500
penachudo	2500
penadilla	2500
penado	2500
penador	2500
penal	2500
penalidad	2500
penalista	2500
penalización	2500
penalizar	2500
penalmente	2500
penalti	2500
penante	2500
penar	2500
penates	2500
penca	2500
penco	2500
pencudo	2500
pendanga	2500
pendejo	2500
pendencia	2500
pendenciar	2500
pendenciero	2500
pender	2500
pendil	2500
pendingue	2500
pendolaje	2500
pendolario	2500
pendolista	2500
pendolón	2500
pendonear	2500
pendoneta	2500
pendonista	2500
pendrar	2500
pendular	2500
pendura	2500
pendón	2500
pene	2500
peneca	2500
peneque	2500
penetrabilidad	2500
penetrable	2500
penetración	2500
penetrador	2500
penetrante	2500
penetrar	2500
penetrativo	2500
peniano	2500
penibético	2500
penicilina	2500
peninsular	2500
penique	2500
penisla	2500
penitencia	2500
penitencial	2500
penitenciar	2500
penitenciario	2500
penitenciaría	2500
penitente	2500
penol	2500
penosamente	2500
penoso	2500
pensable	2500
pensado	2500
pensador	2500
pensamiento	2500
pensante	2500
pensar	2500
pensativo	2500
penseque	2500
pensilvano	2500
pensionado	2500
pensionar	2500
pensionario	2500
pensionista	2500
pensión	2500
pentacordio	2500
pentaedro	2500
pentagonal	2500
pentagrama	2500
pentapolitano	2500
pentasílabo	2500
pentágono	2500
pentámero	2500
penumbra	2500
penumbroso	2500
penuria	2500
península	2500
penúltima	2500
penúltimo	2500
peonada	2500
peonio	2500
peonza	2500
peonía	2500
peorar	2500
peoría	2500
pepa	2500
pepe	2500
pepinar	2500
pepino	2500
pepita	2500
pepitoria	2500
peplo	2500
pepona	2500
pepsina	2500
peptona	2500
pequeñez	2500
pequeñito	2500
pequeñoburgués	2500
pequeñín	2500
pequeñísimo	2500
pequinés	2500
pera	2500
peragrar	2500
peral	2500
peraleda	2500
peralejo	2500
peraltar	2500
perborato	2500
perca	2500
percal	2500
percalina	2500
percance	2500
percanzar	2500
percatar	2500
percebe	2500
percebimiento	2500
percepción	2500
perceptibilidad	2500
perceptible	2500
perceptiblemente	2500
perceptivo	2500
perceptor	2500
percha	2500
perchar	2500
perchel	2500
perchelero	2500
perchero	2500
percherón	2500
perchonar	2500
percibir	2500
percipiente	2500
percloruro	2500
percocero	2500
percochar	2500
percollar	2500
percudir	2500
percusión	2500
percusor	2500
percutir	2500
percutor	2500
perdedor	2500
perder	2500
perdicera	2500
perdición	2500
perdida	2500
perdidamente	2500
perdidizo	2500
perdido	2500
perdigana	2500
perdigar	2500
perdigonada	2500
perdigonera	2500
perdiguero	2500
perdigón	2500
perdimiento	2500
perdiz	2500
perdonable	2500
perdonador	2500
perdonar	2500
perdonavidas	2500
perdulario	2500
perdurable	2500
perdurablemente	2500
perdurar	2500
perdón	2500
perecear	2500
perecedera	2500
perecedero	2500
perecer	2500
pereciendo	2500
perecimiento	2500
pereda	2500
peregrinación	2500
peregrinaje	2500
peregrinamente	2500
peregrinar	2500
peregrinidad	2500
peregrino	2500
perejil	2500
perencejo	2500
perendeca	2500
perendengue	2500
perengano	2500
perenne	2500
perennemente	2500
perennidad	2500
perennifolio	2500
perennizar	2500
perentoriamente	2500
perentoriedad	2500
perentorio	2500
pereta	2500
peretero	2500
pereza	2500
perezosa	2500
perezosamente	2500
perezoso	2500
perfeccionador	2500
perfeccionamiento	2500
perfeccionar	2500
perfección	2500
perfecta	2500
perfectamente	2500
perfectibilidad	2500
perfectible	2500
perfectivo	2500
perfecto	2500
perficiente	2500
perfidia	2500
perfil	2500
perfilado	2500
perfiladura	2500
perfilar	2500
perfoliada	2500
perfoliata	2500
perfolla	2500
perforación	2500
perforada	2500
perforador	2500
perforar	2500
perfumadero	2500
perfumador	2500
perfumar	2500
perfume	2500
perfumear	2500
perfumería	2500
perfumista	2500
pergaminero	2500
pergamino	2500
pergenio	2500
pergeñar	2500
pergeño	2500
peri	2500
periambo	2500
periantio	2500
perianto	2500
pericardio	2500
pericarditis	2500
pericarpio	2500
pericia	2500
pericial	2500
pericialmente	2500
periclitar	2500
perico	2500
pericote	2500
pericón	2500
peridoto	2500
perieco	2500
periferia	2500
perifollo	2500
perifonear	2500
periforme	2500
perifrasear	2500
periférico	2500
perigallo	2500
perigeo	2500
perigonio	2500
perihelio	2500
perillo	2500
perilustre	2500
perimetral	2500
perineal	2500
perineo	2500
perinola	2500
perinquina	2500
periné	2500
periodicidad	2500
periodicucho	2500
periodismo	2500
periodista	2500
periodización	2500
periodo	2500
periodograma	2500
periodoncia	2500
periodontal	2500
periodonto	2500
periodístico	2500
periostio	2500
periostitis	2500
peripato	2500
peripecia	2500
periplo	2500
peripuesto	2500
periquear	2500
periquete	2500
periquillo	2500
periquito	2500
periscopio	2500
perisodáctilo	2500
perista	2500
peristilo	2500
peritación	2500
peritaje	2500
peritar	2500
perito	2500
peritoneo	2500
peritonitis	2500
periódicamente	2500
periódico	2500
perjudicado	2500
perjudicador	2500
perjudicar	2500
perjudicial	2500
perjudicialmente	2500
perjuicio	2500
perjurador	2500
perjurar	2500
perjurio	2500
perla	2500
perlar	2500
perlero	2500
perlesía	2500
perlino	2500
perlita	2500
perlongar	2500
permanecer	2500
permanencia	2500
permanente	2500
permanentemente	2500
permanganato	2500
permeabilidad	2500
permeable	2500
permear	2500
permisible	2500
permisivamente	2500
permisividad	2500
permisivo	2500
permisión	2500
permiso	2500
permisor	2500
permitidor	2500
permitir	2500
permitividad	2500
permuta	2500
permutabilidad	2500
permutable	2500
permutar	2500
perna	2500
pernada	2500
pernales	2500
pernear	2500
pernera	2500
pernetas	2500
pernezuela	2500
perniciosamente	2500
pernicioso	2500
pernicote	2500
pernigón	2500
pernil	2500
pernio	2500
perniquebrar	2500
pernituerto	2500
perno	2500
pernoctar	2500
pernotar	2500
perogrullada	2500
perojo	2500
perol	2500
perola	2500
peronismo	2500
peronista	2500
peroné	2500
peroración	2500
perorar	2500
perorata	2500
perpalo	2500
perpejana	2500
perpendicular	2500
perpendicularidad	2500
perpendicularmente	2500
perpetración	2500
perpetrador	2500
perpetrar	2500
perpetuación	2500
perpetuamente	2500
perpetuar	2500
perpetuidad	2500
perpetuo	2500
perplejamente	2500
perplejidad	2500
perplejo	2500
perpunte	2500
perquirir	2500
perra	2500
perrada	2500
perrengue	2500
perrera	2500
perrero	2500
perrezno	2500
perrillo	2500
perrito	2500
perro	2500
perrona	2500
perroquete	2500
perruna	2500
perrunamente	2500
perruno	2500
persa	2500
persecución	2500
persecutorio	2500
perseguidor	2500
perseguimiento	2500
perseguir	2500
persevante	2500
perseverancia	2500
perseverante	2500
perseverantemente	2500
perseverar	2500
persiana	2500
persiano	2500
persicaria	2500
persignar	2500
persistencia	2500
persistente	2500
persistir	2500
persona	2500
personada	2500
personaje	2500
personalidad	2500
personalismo	2500
personalización	2500
personalizar	2500
personalmente	2500
personar	2500
personera	2500
personero	2500
personería	2500
personificación	2500
personificar	2500
personudo	2500
perspectiva	2500
perspectivo	2500
perspicacia	2500
perspicacidad	2500
perspicaz	2500
perspicuidad	2500
perspicuo	2500
persuadidor	2500
persuadir	2500
persuasible	2500
persuasiva	2500
persuasivo	2500
persuasión	2500
persuasor	2500
perta	2500
pertenecer	2500
pertenecido	2500
perteneciente	2500
pertenencia	2500
pertiguero	2500
pertinacia	2500
pertinaz	2500
pertinazmente	2500
pertinencia	2500
pertinente	2500
pertinentemente	2500
pertrechar	2500
pertrechos	2500
perturbable	2500
perturbación	2500
perturbado	2500
perturbador	2500
perturbar	2500
peruanismo	2500
peruano	2500
peruviano	2500
perversamente	2500
perversidad	2500
perversión	2500
perverso	2500
pervertido	2500
pervertidor	2500
pervertimiento	2500
pervertir	2500
pervinca	2500
pervivencia	2500
pervivir	2500
pervulgar	2500
perífrasis	2500
perímetro	2500
período	2500
peróxido	2500
pes	2500
pesa	2500
pesacartas	2500
pesada	2500
pesadamente	2500
pesado	2500
pesador	2500
pesadumbre	2500
pesantez	2500
pesario	2500
pesaroso	2500
pesca	2500
pescadero	2500
pescadilla	2500
pescado	2500
pescador	2500
pescante	2500
pescar	2500
pescozada	2500
pescozudo	2500
pescozón	2500
pescudar	2500
pescuezo	2500
pesebre	2500
pesebrejo	2500
pesebrera	2500
peseta	2500
pesetero	2500
pesgar	2500
pesiar	2500
pesillo	2500
pesimismo	2500
pesimista	2500
pespuntar	2500
pespunte	2500
pespuntear	2500
pesquera	2500
pesquerir	2500
pesquero	2500
pesquis	2500
pesquisa	2500
pesquisar	2500
pesquisidor	2500
pestaña	2500
pestañear	2500
peste	2500
pesticida	2500
pestilencia	2500
pestilente	2500
pestillo	2500
pestífero	2500
pesuña	2500
petaca	2500
petalismo	2500
petanca	2500
petanque	2500
petar	2500
petardear	2500
petardero	2500
petardista	2500
petardo	2500
petate	2500
petenera	2500
petequia	2500
petequial	2500
petera	2500
peteretes	2500
peticano	2500
peticionario	2500
petición	2500
petifoque	2500
petigrís	2500
petimetre	2500
petirrojo	2500
petitorio	2500
peto	2500
petraria	2500
petrarquista	2500
petrera	2500
petrificar	2500
petrolear	2500
petroleoquímica	2500
petroleoquímico	2500
petrolero	2500
petrolífero	2500
petroso	2500
petróleo	2500
petulancia	2500
petulante	2500
petulantemente	2500
petunia	2500
peyorar	2500
peyorativo	2500
peyote	2500
pez	2500
pezolada	2500
pezonera	2500
pezuelo	2500
pezuña	2500
pezón	2500
peña	2500
peñascal	2500
peñasco	2500
peñascoso	2500
peñazo	2500
peñerar	2500
peñón	2500
peón	2500
pg	2500
piache	2500
piador	2500
piadosa	2500
piadosamente	2500
piadoso	2500
piafar	2500
piais	2500
piamadre	2500
piamáter	2500
pian	2500
pianista	2500
piano	2500
pianoforte	2500
pianola	2500
piante	2500
piar	2500
piara	2500
piariego	2500
piastra	2500
pica	2500
picacero	2500
picacho	2500
picada	2500
picadero	2500
picadillo	2500
picado	2500
picador	2500
picadura	2500
picafigo	2500
picaflor	2500
picagallina	2500
picagrega	2500
picajoso	2500
picamaderos	2500
picana	2500
picante	2500
picantemente	2500
picapedrero	2500
picapica	2500
picapleitos	2500
picaporte	2500
picaposte	2500
picapuerco	2500
picar	2500
picaraza	2500
picardear	2500
picardo	2500
picaresca	2500
picaresco	2500
picarizar	2500
picaronazo	2500
picarote	2500
picarrelincho	2500
picarro	2500
picarón	2500
picatoste	2500
picazuroba	2500
picazón	2500
piche	2500
pichel	2500
pichi	2500
pichona	2500
pichón	2500
pico	2500
picola	2500
picoleta	2500
picolete	2500
piconero	2500
picor	2500
picosa	2500
picoso	2500
picota	2500
picotada	2500
picote	2500
picotear	2500
picotero	2500
picrato	2500
pictograma	2500
pictóricamente	2500
pictórico	2500
picuda	2500
picudo	2500
picón	2500
pidientero	2500
pie	2500
piedad	2500
piedra	2500
pieis	2500
piejo	2500
piel	2500
pielero	2500
pielga	2500
pienso	2500
pierde	2500
pierio	2500
pierna	2500
piernecita	2500
pietismo	2500
pietista	2500
pieza	2500
piezgo	2500
piezoelectricidad	2500
piezoeléctrico	2500
pifiar	2500
pigargo	2500
pigmentación	2500
pigmentar	2500
pigmentario	2500
pigmento	2500
pigmeo	2500
pignoración	2500
pignorar	2500
pignoraticio	2500
pigricia	2500
pihuela	2500
pijama	2500
pijo	2500
pijota	2500
pijote	2500
pijotero	2500
pila	2500
pilastra	2500
pilastrón	2500
pilatero	2500
pilates	2500
pildorero	2500
pileta	2500
pillador	2500
pillaje	2500
pillar	2500
pillastre	2500
pillear	2500
pillo	2500
pilonero	2500
pilonga	2500
pilongo	2500
piloso	2500
pilotar	2500
pilote	2500
pilotear	2500
piloto	2500
pilpil	2500
piltra	2500
piltraca	2500
piltrafa	2500
piltro	2500
pilón	2500
pimentero	2500
pimentonero	2500
pimentón	2500
pimienta	2500
pimiento	2500
pimpido	2500
pimpinela	2500
pimplar	2500
pimpleo	2500
pimpollada	2500
pimpollar	2500
pimpollear	2500
pimpollecer	2500
pimpollo	2500
pimpolludo	2500
pimpones	2500
pimpón	2500
pin	2500
pina	2500
pinacoteca	2500
pinada	2500
pinado	2500
pinar	2500
pinariego	2500
pinastro	2500
pinato	2500
pinaza	2500
pincarrasca	2500
pincarrasco	2500
pincel	2500
pincelada	2500
pincelar	2500
pincelero	2500
pincerna	2500
pinchadiscos	2500
pinchadura	2500
pinchar	2500
pinchazo	2500
pinche	2500
pincho	2500
pinchudo	2500
pinciano	2500
pindonga	2500
pindonguear	2500
pingajo	2500
pingajoso	2500
pinganello	2500
pinganillo	2500
pinganitos	2500
pingar	2500
pingorota	2500
pingorote	2500
pingorotudo	2500
pingüe	2500
pinito	2500
pinjado	2500
pinjante	2500
pinjar	2500
pinna	2500
pinnado	2500
pinnípedo	2500
pino	2500
pinocha	2500
pinochera	2500
pinocho	2500
pinole	2500
pinrel	2500
pinsapar	2500
pinsapo	2500
pinta	2500
pintacilgo	2500
pintada	2500
pintadera	2500
pintadillo	2500
pintado	2500
pintalabios	2500
pintamonas	2500
pintar	2500
pintarrajar	2500
pintarrajear	2500
pintarroja	2500
pintear	2500
pintiparar	2500
pintojo	2500
pintonear	2500
pintor	2500
pintoresco	2500
pintorrear	2500
pintura	2500
pinturero	2500
pinza	2500
pinzar	2500
pinzote	2500
pinzón	2500
pináculo	2500
pio	2500
piocha	2500
piogenia	2500
piojento	2500
piojera	2500
piojo	2500
piojoso	2500
piojuelo	2500
piola	2500
piolar	2500
pion	2500
pionero	2500
piopollo	2500
piorneda	2500
piorno	2500
piorrea	2500
pipa	2500
pipar	2500
piperina	2500
pipeta	2500
pipetear	2500
pipiar	2500
pipil	2500
pipiolo	2500
pipirigallo	2500
pipirijaina	2500
pipiripao	2500
pipirrana	2500
pipita	2500
piporro	2500
pipote	2500
pipí	2500
pique	2500
piquera	2500
piquero	2500
piqueta	2500
piquete	2500
piquetero	2500
piquituerto	2500
piragua	2500
piragüismo	2500
piramidal	2500
pirar	2500
pirata	2500
piratear	2500
piratería	2500
pirausta	2500
piraña	2500
pirenaico	2500
pirexia	2500
piriforme	2500
pirineo	2500
pirita	2500
piritoso	2500
pirla	2500
pirlitero	2500
piro	2500
pirobolista	2500
piroclasto	2500
piroclástico	2500
piroelectricidad	2500
pirofilacio	2500
pirograbado	2500
pirogálico	2500
pirolusita	2500
piromancia	2500
piropear	2500
piropo	2500
pirosfera	2500
pirosis	2500
pirotecnia	2500
pirotécnico	2500
piroxena	2500
piroxeno	2500
piroxilina	2500
pirrar	2500
pirriquio	2500
pirroniano	2500
pirronismo	2500
pirrónico	2500
pirueta	2500
piruetear	2500
pirulo	2500
pirámide	2500
pirático	2500
pis	2500
pisa	2500
pisada	2500
pisador	2500
pisadura	2500
pisano	2500
pisapapeles	2500
pisar	2500
pisasfalto	2500
pisaverde	2500
piscicultor	2500
piscicultura	2500
piscifactoría	2500
pisciforme	2500
piscina	2500
piscinazo	2500
piscis	2500
pisco	2500
piscolabis	2500
piscívoro	2500
pisiforme	2500
piso	2500
pisonear	2500
pisotear	2500
pisotón	2500
pista	2500
pistache	2500
pistachero	2500
pistacho	2500
pistadero	2500
pistar	2500
pistero	2500
pistilo	2500
pisto	2500
pistola	2500
pistolera	2500
pistolero	2500
pistolete	2500
pistonudo	2500
pistraje	2500
pistraque	2500
pistura	2500
pistón	2500
pita	2500
pitaco	2500
pitada	2500
pitagórico	2500
pitancero	2500
pitanga	2500
pitanguero	2500
pitanza	2500
pitao	2500
pitar	2500
pitarroso	2500
pitera	2500
pitezna	2500
pitido	2500
pitillera	2500
pitiminí	2500
pitio	2500
pitiriasis	2500
pito	2500
pitoche	2500
pitoflero	2500
pitonisa	2500
pitorra	2500
pitorrear	2500
pitorro	2500
pitpit	2500
pitpites	2500
pitreo	2500
pituita	2500
pituitario	2500
pituitoso	2500
pitusa	2500
pituso	2500
pitón	2500
piujar	2500
piular	2500
piulido	2500
piune	2500
pivotante	2500
pivotar	2500
pivote	2500
pixel	2500
piyama	2500
pizarra	2500
pizarral	2500
pizarrero	2500
pizarroso	2500
pizarrín	2500
pizate	2500
pizca	2500
pizcar	2500
pizpereta	2500
pizpierno	2500
pizpireta	2500
pizpita	2500
pizpitillo	2500
pizza	2500
pizzería	2500
piélago	2500
piña	2500
piñata	2500
piñonear	2500
piñonero	2500
piñuela	2500
piñón	2500
pión	2500
pl	2500
placa	2500
placabilidad	2500
placable	2500
placar	2500
placarte	2500
placativo	2500
placear	2500
placebo	2500
placenta	2500
placentario	2500
placenteramente	2500
placentero	2500
placentino	2500
placer	2500
placero	2500
placibilidad	2500
placible	2500
placidez	2500
placiente	2500
placimiento	2500
plafón	2500
plaga	2500
plagado	2500
plagal	2500
plagar	2500
plagiar	2500
plagiario	2500
plaguicida	2500
plan	2500
planada	2500
plancha	2500
planchador	2500
planchar	2500
planchazo	2500
planchear	2500
plancheta	2500
planchuela	2500
planchón	2500
planco	2500
plancton	2500
planeador	2500
planeamiento	2500
planear	2500
planeta	2500
planetaria	2500
planetario	2500
planetoide	2500
planga	2500
planicie	2500
planificación	2500
planificado	2500
planificador	2500
planificar	2500
planilla	2500
planisferio	2500
planta	2500
plantación	2500
plantado	2500
plantador	2500
plantaginácea	2500
plantagináceo	2500
plantaina	2500
plantaje	2500
plantar	2500
plantario	2500
planteamiento	2500
plantear	2500
plantel	2500
plantificar	2500
plantilla	2500
plantillar	2500
plantillero	2500
plantiniano	2500
plantista	2500
plantonar	2500
plantígrado	2500
plantío	2500
plantón	2500
planudo	2500
plaqueta	2500
plaquín	2500
plasenciano	2500
plasma	2500
plasmación	2500
plasmador	2500
plasmar	2500
plasmático	2500
plasta	2500
plaste	2500
plastecer	2500
plastia	2500
plasticidad	2500
plastificar	2500
plata	2500
platalea	2500
platanal	2500
platanar	2500
platanero	2500
platea	2500
plateado	2500
plateador	2500
plateadura	2500
platear	2500
platelminto	2500
platense	2500
plateresco	2500
platero	2500
platicable	2500
platicar	2500
platija	2500
platina	2500
platinar	2500
platinista	2500
platino	2500
platinoide	2500
platinotipia	2500
platirrinia	2500
platirrino	2500
plato	2500
platonismo	2500
platuja	2500
plató	2500
platónico	2500
plausibilidad	2500
plausible	2500
plausiblemente	2500
plausivo	2500
plauso	2500
plaustro	2500
plautino	2500
playa	2500
playero	2500
playo	2500
plaza	2500
plazoleta	2500
plañidera	2500
plañidero	2500
plañido	2500
plañir	2500
ple	2500
pleamar	2500
plebe	2500
plebeyez	2500
plebeyo	2500
plebiscitario	2500
plebiscito	2500
pleca	2500
plectognato	2500
plectro	2500
plegadera	2500
plegadizo	2500
plegado	2500
plegador	2500
plegadura	2500
plegamiento	2500
plegar	2500
plegaria	2500
pleguete	2500
pleistoceno	2500
pleita	2500
pleiteador	2500
pleitear	2500
pleitesía	2500
pleitista	2500
pleito	2500
plena	2500
plenamar	2500
plenamente	2500
plenario	2500
plenilunio	2500
plenipotencia	2500
plenipotenciario	2500
plenitud	2500
pleno	2500
pleon	2500
pleonasmo	2500
plepa	2500
plesiosauro	2500
pletina	2500
pletórico	2500
pleura	2500
pleural	2500
pleuresía	2500
pleuritis	2500
pleurodinia	2500
pleuronecto	2500
plexiglás	2500
plexo	2500
plica	2500
pliego	2500
pliegue	2500
plieguecillo	2500
plim	2500
plinto	2500
plioceno	2500
plisar	2500
plomada	2500
plomar	2500
plombagina	2500
plomear	2500
plomero	2500
plomizo	2500
plomo	2500
plomos	2500
plomoso	2500
plorar	2500
ploteado	2500
plotear	2500
pluma	2500
plumada	2500
plumado	2500
plumaje	2500
plumajear	2500
plumajero	2500
plumaria	2500
plumario	2500
plumazo	2500
plumbado	2500
plumbagina	2500
plumear	2500
plumero	2500
plumier	2500
plumista	2500
plumoso	2500
plumífero	2500
plumín	2500
plumón	2500
plural	2500
pluralidad	2500
pluralismo	2500
pluralista	2500
pluralizar	2500
pluricelular	2500
pluriempleado	2500
pluriempleo	2500
plus	2500
pluscuamperfecto	2500
plusmarca	2500
plusvalía	2500
plutocracia	2500
plutoniano	2500
plutonio	2500
plutonismo	2500
plutonista	2500
plutónico	2500
pluvial	2500
pluviosidad	2500
pluvioso	2500
pluviómetro	2500
plza	2500
plácidamente	2500
plácido	2500
plánctones	2500
plántula	2500
plástica	2500
plástico	2500
plátano	2500
plática	2500
plétora	2500
plóter	2500
pobeda	2500
poblacho	2500
poblacional	2500
población	2500
poblado	2500
poblador	2500
poblamiento	2500
poblano	2500
poblar	2500
poblazo	2500
pobo	2500
pobre	2500
pobremente	2500
pobrero	2500
pobrete	2500
pobretear	2500
pobretería	2500
pobreto	2500
pobretón	2500
pobreza	2500
pobrismo	2500
pocero	2500
pocha	2500
pocho	2500
pocholo	2500
pocilga	2500
poción	2500
poda	2500
podadera	2500
podador	2500
podadura	2500
podagra	2500
podamos	2500
podar	2500
poded	2500
podenco	2500
podenquero	2500
poderdante	2500
poderhabiente	2500
poderla	2500
poderlas	2500
poderle	2500
poderles	2500
poderlo	2500
poderlos	2500
poderme	2500
podernos	2500
poderos	2500
poderosamente	2500
poderoso	2500
poderse	2500
poderte	2500
poderío	2500
podido	2500
podio	2500
podre	2500
podrecer	2500
podrecimiento	2500
podredumbre	2500
podredura	2500
podremos	2500
podrida	2500
podridamente	2500
podridas	2500
podridero	2500
podrido	2500
podridos	2500
podrigorio	2500
podrimiento	2500
podrir	2500
podrirse	2500
podrás	2500
podré	2500
podréis	2500
podríais	2500
podríamos	2500
podrías	2500
podáis	2500
podía	2500
podíais	2500
podíamos	2500
podían	2500
podías	2500
podólogo	2500
podómetro	2500
podón	2500
poema	2500
poemario	2500
poesía	2500
poeta	2500
poetar	2500
poetastro	2500
poetisa	2500
poetizar	2500
poiquilotérmico	2500
pol	2500
polaca	2500
polacada	2500
polaco	2500
polacra	2500
polaina	2500
polandés	2500
polar	2500
polaridad	2500
polariscopio	2500
polarización	2500
polarizar	2500
polca	2500
polcar	2500
polea	2500
poleame	2500
polemarca	2500
polemista	2500
polemizar	2500
polen	2500
polenta	2500
poleo	2500
poliadelfos	2500
poliandria	2500
poliantea	2500
polichinela	2500
policial	2500
policopia	2500
policromar	2500
policromía	2500
policéntrico	2500
policía	2500
policíaco	2500
polideportivo	2500
polidipsia	2500
poliedro	2500
poliestireno	2500
polietileno	2500
polifacético	2500
polifagia	2500
polifarmacia	2500
polifonía	2500
polifásico	2500
polifónico	2500
poligamia	2500
poligenismo	2500
poligenista	2500
poliginia	2500
poliglota	2500
poligonal	2500
poligonácea	2500
poligonáceo	2500
polilla	2500
polimatía	2500
polimerasa	2500
polimerización	2500
polimorfismo	2500
polimorfo	2500
polinesio	2500
polineuritis	2500
polinización	2500
polinizador	2500
polinizar	2500
polinomio	2500
polinómico	2500
polio	2500
poliomielitis	2500
polipasto	2500
polipero	2500
polipodio	2500
poliptoton	2500
polir	2500
polis	2500
polisacárido	2500
polisarcia	2500
polisemia	2500
polispasto	2500
polisémico	2500
politeísmo	2500
politicastro	2500
politiquear	2500
politiquería	2500
politizar	2500
politraumatismo	2500
politécnico	2500
politólogo	2500
poliuretano	2500
poliuria	2500
polivalente	2500
polivalvo	2500
polizonte	2500
polizón	2500
poliédrico	2500
poliéster	2500
polla	2500
pollada	2500
pollancona	2500
pollancón	2500
pollas	2500
pollear	2500
pollera	2500
pollero	2500
pollina	2500
pollino	2500
pollito	2500
pollo	2500
polluelo	2500
polo	2500
pololo	2500
polonio	2500
polonés	2500
poltronizar	2500
poltrón	2500
polución	2500
poluta	2500
poluto	2500
polvareda	2500
polvera	2500
polvificar	2500
polvo	2500
polvoraduque	2500
polvoreamiento	2500
polvorear	2500
polvoriento	2500
polvorista	2500
polvorizar	2500
polvoroso	2500
polvorín	2500
polémica	2500
polémico	2500
polífago	2500
polígala	2500
polígamo	2500
políglota	2500
polígono	2500
polígrafo	2500
polímero	2500
polímetro	2500
política	2500
políticamente	2500
político	2500
poma	2500
pomada	2500
pomar	2500
pomarada	2500
pomarrosa	2500
pomelo	2500
pomerano	2500
pomo	2500
pompa	2500
pompear	2500
pompeyano	2500
pomponear	2500
pomposamente	2500
pomposidad	2500
pomposo	2500
pompón	2500
pon	2500
ponchada	2500
ponche	2500
ponchera	2500
poncho	2500
poncidre	2500
poncil	2500
ponderable	2500
ponderación	2500
ponderadamente	2500
ponderado	2500
ponderador	2500
ponderal	2500
ponderar	2500
ponderativo	2500
ponderosamente	2500
ponderosidad	2500
ponderoso	2500
ponedero	2500
ponedor	2500
ponencia	2500
ponente	2500
ponentino	2500
ponentisco	2500
poni	2500
ponientada	2500
poniente	2500
ponimiento	2500
ponleví	2500
pontana	2500
pontazgo	2500
pontear	2500
pontezuela	2500
pontezuelo	2500
pontificado	2500
pontifical	2500
pontificalmente	2500
pontificar	2500
pontificio	2500
ponto	2500
pontonero	2500
pontíficamente	2500
pontífice	2500
pontín	2500
pontón	2500
ponzoña	2500
ponzoñoso	2500
pop	2500
popa	2500
popamiento	2500
popar	2500
popel	2500
popelina	2500
populachero	2500
populacho	2500
popular	2500
popularidad	2500
popularizar	2500
popularmente	2500
populazo	2500
populista	2500
populoso	2500
popurrí	2500
poquedad	2500
poquito	2500
poquísimo	2500
porcal	2500
porcel	2500
porcelana	2500
porcelanita	2500
porcentaje	2500
porcentual	2500
porche	2500
porcino	2500
porcionero	2500
porcionista	2500
porcipelo	2500
porción	2500
porcuno	2500
pordiosear	2500
pordiosero	2500
porexpan	2500
porfiadamente	2500
porfiado	2500
porfiador	2500
porfiar	2500
porfirizar	2500
porfolio	2500
porfía	2500
porgadero	2500
porgar	2500
pormenor	2500
pormenorizar	2500
porno	2500
pornografía	2500
pornográfico	2500
pornógrafo	2500
poro	2500
porosidad	2500
poroso	2500
porquera	2500
porqueriza	2500
porquerizo	2500
porquero	2500
porqueta	2500
porquezuela	2500
porqué	2500
porra	2500
porracear	2500
porrada	2500
porrear	2500
porreta	2500
porretada	2500
porrilla	2500
porrillo	2500
porrina	2500
porrino	2500
porro	2500
porrudo	2500
porrón	2500
porta	2500
portaalmizcle	2500
portaaviones	2500
portabandera	2500
portabilidad	2500
portable	2500
portabrocas	2500
portacaja	2500
portacarabina	2500
portacartas	2500
portachuelo	2500
portada	2500
portadera	2500
portadilla	2500
portado	2500
portador	2500
portaequipaje	2500
portaestandarte	2500
portafolio	2500
portafusil	2500
portaherramientas	2500
portal	2500
portalada	2500
portalero	2500
portalibros	2500
portalámpara	2500
portalón	2500
portamantas	2500
portamanteo	2500
portaminas	2500
portamira	2500
portamonedas	2500
portanario	2500
portante	2500
portanuevas	2500
portaobjeto	2500
portapapeles	2500
portapaz	2500
portapesas	2500
portapliegos	2500
portaplumas	2500
portar	2500
portaventanero	2500
portaviandas	2500
portaviones	2500
portavoz	2500
portazgar	2500
portazgo	2500
portazguero	2500
portazo	2500
portañuela	2500
porte	2500
porteador	2500
portear	2500
portegado	2500
portento	2500
portentosamente	2500
portentoso	2500
portera	2500
porteril	2500
portero	2500
portería	2500
portezuela	2500
portezuelo	2500
porteño	2500
portichuelo	2500
portier	2500
portilla	2500
portillera	2500
portillo	2500
portuario	2500
portuense	2500
portuguesada	2500
portuguesismo	2500
portulano	2500
portátil	2500
portón	2500
porvenir	2500
porvida	2500
pos	2500
posa	2500
posada	2500
posaderas	2500
posadero	2500
posado	2500
posante	2500
posar	2500
posaverga	2500
posbélico	2500
posca	2500
posdata	2500
posdiluviano	2500
poseedor	2500
poseer	2500
posesional	2500
posesionar	2500
posesionero	2500
posesivo	2500
posesión	2500
poseso	2500
posesor	2500
posesorio	2500
poseída	2500
poseído	2500
posfecha	2500
posfijo	2500
posgrado	2500
posguerra	2500
posibilidad	2500
posibilismo	2500
posibilitar	2500
posiblemente	2500
posicional	2500
posicionamiento	2500
posicionar	2500
posición	2500
positiva	2500
positivamente	2500
positividad	2500
positivismo	2500
positivista	2500
positivo	2500
positura	2500
posliminio	2500
posma	2500
posmeridiano	2500
posmodernidad	2500
posmoderno	2500
poso	2500
posoperatorio	2500
pospalatal	2500
pospelo	2500
pospierna	2500
posponer	2500
pospositivo	2500
posprocesamiento	2500
posproducción	2500
pospuesto	2500
pospón	2500
posta	2500
postal	2500
postar	2500
postdata	2500
postdiluviano	2500
postdorsal	2500
poste	2500
postelero	2500
postema	2500
postemero	2500
postergar	2500
posteridad	2500
posterior	2500
posteriori	2500
posterioridad	2500
posteriormente	2500
posteta	2500
postfijo	2500
postgrado	2500
postigo	2500
postilar	2500
postilla	2500
postilloso	2500
postillón	2500
postinear	2500
postinero	2500
postizo	2500
postliminio	2500
postmeridiano	2500
postor	2500
postpalatal	2500
postproducción	2500
postración	2500
postrar	2500
postraumático	2500
postre	2500
postremas	2500
postremero	2500
postremo	2500
postrer	2500
postreramente	2500
postrero	2500
postrimer	2500
postrimero	2500
postulanta	2500
postulante	2500
postular	2500
postura	2500
postín	2500
postónico	2500
posvacacional	2500
posó	2500
posón	2500
potabilidad	2500
potabilizar	2500
potable	2500
potajera	2500
potajier	2500
potala	2500
potar	2500
potasa	2500
potasio	2500
pote	2500
potencia	2500
potenciación	2500
potencial	2500
potencialidad	2500
potencialmente	2500
potenciar	2500
potenciómetro	2500
potentado	2500
potente	2500
potentemente	2500
potenza	2500
potenzado	2500
poterna	2500
potero	2500
potestad	2500
potestativo	2500
potingue	2500
potista	2500
potorillo	2500
potorro	2500
potosí	2500
potra	2500
potrada	2500
potranca	2500
potrear	2500
potrera	2500
potrero	2500
potril	2500
potrilla	2500
potro	2500
potásico	2500
povisa	2500
poya	2500
poyar	2500
poyata	2500
poyo	2500
poza	2500
pozalero	2500
pozanco	2500
pozo	2500
poética	2500
poético	2500
pp	2500
ppal	2500
practicable	2500
practicaje	2500
practicanta	2500
practicante	2500
practicar	2500
pradera	2500
praderoso	2500
prado	2500
pragmatismo	2500
pragmatista	2500
pragmática	2500
pragmáticamente	2500
pragmático	2500
pral	2500
praseodimio	2500
prasio	2500
prasma	2500
pratense	2500
praticultura	2500
pravedad	2500
praviana	2500
pravo	2500
praxis	2500
preadamita	2500
prear	2500
prebenda	2500
prebendado	2500
prebendar	2500
prebostazgo	2500
preboste	2500
precariamente	2500
precariedad	2500
precarista	2500
precaucionar	2500
precaución	2500
precautelar	2500
precautorio	2500
precaver	2500
precavidamente	2500
precedencia	2500
precedente	2500
preceder	2500
precelente	2500
preceptista	2500
preceptiva	2500
preceptivamente	2500
preceptivo	2500
precepto	2500
preceptor	2500
preceptuar	2500
precesión	2500
preciado	2500
preciador	2500
preciar	2500
precintar	2500
precinto	2500
preciosa	2500
preciosamente	2500
preciosidad	2500
preciosismo	2500
preciosista	2500
precioso	2500
precipicio	2500
precipitación	2500
precipitadamente	2500
precipitadero	2500
precipitado	2500
precipitante	2500
precipitar	2500
precipitosamente	2500
precipitoso	2500
precisa	2500
precisamente	2500
precisar	2500
precisión	2500
preciso	2500
precocidad	2500
preconcebir	2500
preconizador	2500
preconizar	2500
preconocer	2500
precoz	2500
precozmente	2500
precuela	2500
precursor	2500
precálculo	2500
predador	2500
predar	2500
predecesor	2500
predecible	2500
predecir	2500
predefinir	2500
predela	2500
predestinar	2500
predeterminar	2500
predicable	2500
predicación	2500
predicadera	2500
predicaderas	2500
predicado	2500
predicador	2500
predicamento	2500
predicante	2500
predicar	2500
predicativo	2500
predicho	2500
predictibilidad	2500
predictivo	2500
predio	2500
predisponer	2500
predispuesto	2500
predispón	2500
predominancia	2500
predominantemente	2500
predominar	2500
preelegir	2500
preeminencia	2500
preeminente	2500
preescolar	2500
preestablecido	2500
preestreno	2500
preexcelso	2500
preexistencia	2500
preexistente	2500
preexistir	2500
prefabricado	2500
prefacio	2500
prefación	2500
prefecto	2500
prefectura	2500
preferencia	2500
preferentemente	2500
preferiblemente	2500
preferir	2500
prefigurar	2500
prefijar	2500
prefijo	2500
prefinir	2500
pregar	2500
pregonar	2500
pregonero	2500
pregunta	2500
preguntador	2500
preguntar	2500
preguntón	2500
pregustar	2500
pregón	2500
preindustrial	2500
prejuzgar	2500
prelacía	2500
prelado	2500
prelaticio	2500
prelatura	2500
preliminar	2500
preliminarmente	2500
prelucir	2500
preludiar	2500
premamá	2500
premamás	2500
prematuramente	2500
prematuro	2500
premeditadamente	2500
premeditar	2500
premia	2500
premiador	2500
premiar	2500
premidera	2500
premio	2500
premiosamente	2500
premiosidad	2500
premioso	2500
premir	2500
premiso	2500
premitir	2500
premonitor	2500
premonstratense	2500
premoriencia	2500
premoriente	2500
premorir	2500
premostrar	2500
premostratense	2500
premuerto	2500
premura	2500
prenatal	2500
prenda	2500
prendador	2500
prendamiento	2500
prendar	2500
prendario	2500
prendedero	2500
prendedor	2500
prendedura	2500
prender	2500
prendida	2500
prendido	2500
prendimiento	2500
prenotar	2500
prensa	2500
prensado	2500
prensador	2500
prensadura	2500
prensar	2500
prensil	2500
prensista	2500
prensión	2500
prensor	2500
prenunciar	2500
preocupación	2500
preocupadamente	2500
preocupar	2500
preoperatorio	2500
preordinar	2500
preparación	2500
preparamiento	2500
preparar	2500
preparativo	2500
preparatoriamente	2500
preparatorio	2500
preponderancia	2500
preponderante	2500
preponderar	2500
preponer	2500
preposicional	2500
preposterar	2500
preprocesamiento	2500
preproducción	2500
prepucio	2500
prepuesto	2500
prepón	2500
prerrafaelismo	2500
prerrafaelista	2500
presa	2500
presagiar	2500
presagio	2500
presagioso	2500
presago	2500
presar	2500
presbicia	2500
presbiterado	2500
presbiteral	2500
presbiterato	2500
presbiteriano	2500
presbiterio	2500
presbítero	2500
presciencia	2500
presciente	2500
prescindible	2500
prescindir	2500
prescribir	2500
prescripción	2500
prescriptible	2500
prescriptor	2500
prescrito	2500
presea	2500
preseleccionar	2500
presencialmente	2500
presenciar	2500
presentable	2500
presentación	2500
presentado	2500
presentador	2500
presentar	2500
presente	2500
presentero	2500
presentir	2500
presepio	2500
preservación	2500
preservador	2500
preservar	2500
preservativo	2500
presidario	2500
presidencia	2500
presidencial	2500
presidencialismo	2500
presidencialista	2500
presidenta	2500
presidente	2500
presidiable	2500
presidiar	2500
presidiario	2500
presidio	2500
presidir	2500
presionar	2500
presión	2500
preso	2500
prest	2500
presta	2500
prestador	2500
prestamente	2500
prestamera	2500
prestamista	2500
prestar	2500
prestatario	2500
preste	2500
presteza	2500
prestidigitador	2500
prestigiador	2500
prestigiar	2500
prestigio	2500
prestigioso	2500
presto	2500
presumiblemente	2500
presumido	2500
presumir	2500
presunción	2500
presuntamente	2500
presuntivamente	2500
presuntivo	2500
presunto	2500
presuntuosamente	2500
presuponer	2500
presupuestar	2500
presupuestario	2500
presupón	2500
presura	2500
presurizar	2500
presurosamente	2500
presuroso	2500
pretal	2500
pretencioso	2500
pretender	2500
pretendienta	2500
pretendiente	2500
pretenso	2500
preterid	2500
preterida	2500
preteridas	2500
preterido	2500
preteridos	2500
preterimos	2500
preterir	2500
preteriremos	2500
preterirse	2500
preterirá	2500
preterirán	2500
preterirás	2500
preteriré	2500
preteriréis	2500
preteriría	2500
preteriríais	2500
preteriríamos	2500
preterirían	2500
preterirías	2500
preteriste	2500
preteristeis	2500
pretermitir	2500
preternatural	2500
preternaturalizar	2500
preterí	2500
pretería	2500
preteríais	2500
preteríamos	2500
preterían	2500
preterías	2500
preterís	2500
pretextar	2500
pretil	2500
pretina	2500
pretinazo	2500
pretinero	2500
pretiriendo	2500
pretiriera	2500
pretirierais	2500
pretirieran	2500
pretirieras	2500
pretiriere	2500
pretiriereis	2500
pretirieren	2500
pretirieres	2500
pretirieron	2500
pretiriese	2500
pretirieseis	2500
pretiriesen	2500
pretirieses	2500
pretiriéramos	2500
pretiriéremos	2500
pretiriésemos	2500
pretirió	2500
pretor	2500
pretorial	2500
pretorianismo	2500
pretoriano	2500
pretoriense	2500
pretorio	2500
pretura	2500
pretérito	2500
prevalecer	2500
prevalencia	2500
prevaler	2500
prevaricación	2500
prevaricador	2500
prevaricar	2500
prevención	2500
prevenida	2500
prevenido	2500
prevenir	2500
preventivamente	2500
preventivo	2500
preventorio	2500
prever	2500
previamente	2500
previlejar	2500
previo	2500
previsible	2500
previsor	2500
prevé	2500
prevén	2500
prez	2500
preámbulo	2500
preñado	2500
preñar	2500
preñez	2500
priado	2500
priapismo	2500
priesa	2500
prietamente	2500
prieto	2500
prima	2500
primacía	2500
primada	2500
primado	2500
primal	2500
primar	2500
primariamente	2500
primario	2500
primate	2500
primavera	2500
primaveral	2500
primazgo	2500
primear	2500
primeramente	2500
primeridad	2500
primerizo	2500
primerísimo	2500
primevo	2500
primicerio	2500
primicia	2500
primiclerio	2500
primigeniamente	2500
primigenio	2500
primitiva	2500
primitivamente	2500
primitivo	2500
primo	2500
primogenitura	2500
primogénito	2500
primor	2500
primordial	2500
primordialmente	2500
primordio	2500
primorear	2500
primorosamente	2500
primoroso	2500
primulácea	2500
primuláceo	2500
princesa	2500
principado	2500
principal	2500
principalidad	2500
principalmente	2500
principalía	2500
principar	2500
principela	2500
principescamente	2500
principesco	2500
principiador	2500
principianta	2500
principiante	2500
principiar	2500
principio	2500
principote	2500
pringar	2500
pringosamente	2500
pringoso	2500
pringote	2500
pringue	2500
prion	2500
prionodonte	2500
prior	2500
priora	2500
prioradgo	2500
priorato	2500
priorazgo	2500
priori	2500
prioridad	2500
prioritario	2500
priorización	2500
priorizar	2500
prioste	2500
prisa	2500
priscilianismo	2500
priscilianista	2500
prisciliano	2500
prisco	2500
prisionero	2500
prisión	2500
prisma	2500
prismático	2500
priste	2500
prisuelo	2500
privacidad	2500
privación	2500
privadamente	2500
privadero	2500
privanza	2500
privar	2500
privativamente	2500
privativo	2500
privatización	2500
privatizar	2500
privilegiado	2500
privilegiar	2500
privilegiativo	2500
privilegio	2500
prión	2500
pro	2500
proa	2500
probabilidad	2500
probabilismo	2500
probabilista	2500
probabilístico	2500
probable	2500
probablemente	2500
probación	2500
probado	2500
probador	2500
probadura	2500
probanza	2500
probar	2500
probatoria	2500
probatorio	2500
probatura	2500
probeta	2500
probidad	2500
problema	2500
problemática	2500
problemáticamente	2500
problemático	2500
probo	2500
proboscidio	2500
probática	2500
probóscide	2500
procacidad	2500
procarionte	2500
procariota	2500
procaz	2500
procedencia	2500
procedente	2500
proceder	2500
procedimental	2500
procedimiento	2500
procerato	2500
procesado	2500
procesador	2500
procesal	2500
procesalmente	2500
procesar	2500
procesional	2500
procesionalmente	2500
procesionaria	2500
procesionario	2500
proceso	2500
procinto	2500
proclama	2500
proclamación	2500
proclamar	2500
proclive	2500
proclividad	2500
proclítico	2500
procordado	2500
procrastinar	2500
procrear	2500
procura	2500
procurar	2500
procónsul	2500
prodigalidad	2500
prodigar	2500
prodigio	2500
prodigiosamente	2500
prodigiosidad	2500
prodigioso	2500
producción	2500
producir	2500
productiva	2500
productividad	2500
productivo	2500
producto	2500
productor	2500
productorio	2500
proejar	2500
proel	2500
proemio	2500
proeza	2500
prof	2500
profanación	2500
profanador	2500
profanamente	2500
profanamiento	2500
profanar	2500
profanidad	2500
profano	2500
profazar	2500
profe	2500
profecía	2500
proferir	2500
profesar	2500
profesional	2500
profesionalidad	2500
profesionalismo	2500
profesionalizar	2500
profesionalmente	2500
profesión	2500
profeso	2500
profesorado	2500
profeta	2500
profetar	2500
profetisa	2500
profetismo	2500
profetizador	2500
profetizar	2500
proficiente	2500
profilaxis	2500
profiláctico	2500
profligar	2500
profundamente	2500
profundar	2500
profundidad	2500
profundización	2500
profundizar	2500
profundísimamente	2500
profusamente	2500
profuso	2500
profético	2500
progenie	2500
progenitor	2500
progenitura	2500
progesterona	2500
progne	2500
prognosis	2500
programa	2500
programación	2500
programador	2500
programar	2500
progresar	2500
progresismo	2500
progresista	2500
progresivamente	2500
progresivo	2500
progresión	2500
progreso	2500
prohibición	2500
prohibido	2500
prohibir	2500
prohibitivo	2500
prohibitorio	2500
prohijamiento	2500
prohijar	2500
prole	2500
prolepsis	2500
proletariado	2500
proletario	2500
proliferación	2500
proliferante	2500
proliferar	2500
prolijamente	2500
prolijear	2500
prolijidad	2500
prolijo	2500
prologar	2500
prologuista	2500
prolongable	2500
prolongación	2500
prolongado	2500
prolongador	2500
prolongamiento	2500
prolongar	2500
prolífico	2500
promanar	2500
promediar	2500
promedio	2500
prometedor	2500
prometer	2500
prometido	2500
prominencia	2500
prominente	2500
promiscuar	2500
promiscuidad	2500
promisorio	2500
promocional	2500
promocionar	2500
promontorio	2500
promover	2500
promulgación	2500
promulgador	2500
promulgar	2500
pronación	2500
prono	2500
pronominado	2500
pronosticador	2500
pronosticar	2500
prontamente	2500
pronteza	2500
prontitud	2500
prontuario	2500
prontísimo	2500
pronunciable	2500
pronunciación	2500
pronunciador	2500
pronunciamiento	2500
pronunciar	2500
pronóstico	2500
propagación	2500
propaganda	2500
propagandista	2500
propagandístico	2500
propagar	2500
propagativo	2500
propalador	2500
propalar	2500
propasar	2500
propender	2500
propenso	2500
propiamente	2500
propiciación	2500
propiciador	2500
propiciamente	2500
propiciar	2500
propiciatorio	2500
propicio	2500
propiedad	2500
propienda	2500
propietariamente	2500
propietario	2500
propinación	2500
propinar	2500
propincuidad	2500
propincuo	2500
proponente	2500
proponer	2500
proporcionada	2500
proporcionadamente	2500
proporcionado	2500
proporcional	2500
proporcionalidad	2500
proporcionalmente	2500
proporcionar	2500
proporción	2500
proposicional	2500
propositivo	2500
propriedad	2500
proprio	2500
propuesto	2500
propugnar	2500
propulsa	2500
propulsar	2500
propulsión	2500
propulsor	2500
propóleos	2500
propón	2500
propósito	2500
prora	2500
prorrata	2500
prorratear	2500
prorrateo	2500
prorrogable	2500
prorrogar	2500
prorrumpir	2500
prosa	2500
prosador	2500
prosaicamente	2500
prosaico	2500
prosapia	2500
prosaísmo	2500
proscenio	2500
proscribir	2500
proscripción	2500
proscriptor	2500
proscrito	2500
prosecución	2500
proseguir	2500
proselitismo	2500
proselitista	2500
prosificador	2500
prosificar	2500
prosimio	2500
prosista	2500
prosodia	2500
prosopografía	2500
prosopopeya	2500
prospección	2500
prospectar	2500
prospectiva	2500
prospectivo	2500
prosperar	2500
prosperidad	2500
prostatitis	2500
prosternación	2500
prosternar	2500
prostibulario	2500
prostitución	2500
prostituir	2500
prostituto	2500
prostrar	2500
prostíbulo	2500
prosuponer	2500
prosélito	2500
protagonismo	2500
protagonista	2500
protagonizar	2500
protagónico	2500
proteccionismo	2500
proteccionista	2500
protección	2500
protector	2500
protectorado	2500
protectorio	2500
protectriz	2500
proteger	2500
protegido	2500
proteico	2500
proteo	2500
protervia	2500
protervidad	2500
protervo	2500
protestante	2500
protestantismo	2500
protestar	2500
protestativo	2500
protestón	2500
proteína	2500
proteínico	2500
protio	2500
protista	2500
protistas	2500
protocloruro	2500
protocolar	2500
protocolario	2500
protocolizar	2500
protocolo	2500
protohistoria	2500
protomedicato	2500
protomo	2500
protomédico	2500
protonotario	2500
protoplasma	2500
protosulfuro	2500
prototipo	2500
protozoario	2500
protozoo	2500
protráctil	2500
protuberancia	2500
protuberante	2500
protutor	2500
protético	2500
protón	2500
protórax	2500
prov	2500
provagar	2500
provechar	2500
provecho	2500
provechosamente	2500
provechoso	2500
provecto	2500
proveer	2500
proveimiento	2500
proveniencia	2500
proveniente	2500
provenir	2500
provento	2500
provenzal	2500
provenzalismo	2500
provenzalista	2500
proverbiador	2500
proverbial	2500
proverbialmente	2500
proverbio	2500
proverbista	2500
provicero	2500
providencia	2500
providencial	2500
providencialismo	2500
providencialista	2500
providencialmente	2500
providenciar	2500
provincia	2500
provincial	2500
provincialismo	2500
provincianismo	2500
provinciano	2500
provisional	2500
provisionalmente	2500
proviso	2500
provisora	2500
provisoriamente	2500
provisto	2500
provocador	2500
provocar	2500
provocativo	2500
provén	2500
proxeneta	2500
proxenetismo	2500
proximal	2500
proximidad	2500
proyección	2500
proyectante	2500
proyectar	2500
proyectil	2500
proyectista	2500
proyectivo	2500
proyector	2500
proyectura	2500
prudencia	2500
prudencial	2500
prudencialmente	2500
prudente	2500
prudentemente	2500
pruna	2500
prunela	2500
pruno	2500
pruriginoso	2500
prurigo	2500
prurito	2500
prusiano	2500
prusiato	2500
práctica	2500
prácticamente	2500
práctico	2500
prédica	2500
présago	2500
préstamo	2500
prímula	2500
prínceps	2500
príncipe	2500
prístino	2500
prócer	2500
pródigamente	2500
pródigo	2500
prófugo	2500
prójimo	2500
pról	2500
prólogo	2500
prórroga	2500
prósperamente	2500
próspero	2500
próstata	2500
prótesis	2500
prótomo	2500
próvido	2500
próximamente	2500
prúsico	2500
pseudónimo	2500
psi	2500
psicoanalista	2500
psicoanalizar	2500
psicoanalítico	2500
psicoanálisis	2500
psicodelia	2500
psicofisiología	2500
psicofisiológico	2500
psicología	2500
psicológicamente	2500
psicológico	2500
psicopatología	2500
psicopatía	2500
psicopedagogía	2500
psicopedagógico	2500
psicosis	2500
psicotecnia	2500
psicoterapia	2500
psicólogo	2500
psicópata	2500
psicótico	2500
psique	2500
psiquiatra	2500
psiquiatría	2500
psiquis	2500
psiquismo	2500
psiquiátrico	2500
psitacismo	2500
psitacosis	2500
psíes	2500
psíquico	2500
pta	2500
pteridofita	2500
pteridofito	2500
pteridófito	2500
ptolemaico	2500
pts	2500
pu	2500
puar	2500
pubertad	2500
pubes	2500
pubescencia	2500
pubescente	2500
pubescer	2500
pubiano	2500
pubis	2500
publicación	2500
publicador	2500
publicano	2500
publicar	2500
publicidad	2500
publicista	2500
publicitar	2500
publicitario	2500
puchada	2500
puchera	2500
puchero	2500
puches	2500
pucia	2500
pude	2500
pudelar	2500
pudendo	2500
pudibundez	2500
pudibundo	2500
pudicia	2500
pudicicia	2500
pudiendo	2500
pudiente	2500
pudiera	2500
pudierais	2500
pudieran	2500
pudieras	2500
pudiere	2500
pudiereis	2500
pudieren	2500
pudieres	2500
pudieron	2500
pudiese	2500
pudieseis	2500
pudiesen	2500
pudieses	2500
pudimos	2500
pudin	2500
pudinga	2500
pudio	2500
pudir	2500
pudiste	2500
pudisteis	2500
pudiéndola	2500
pudiéndolas	2500
pudiéndole	2500
pudiéndoles	2500
pudiéndolo	2500
pudiéndolos	2500
pudiéndome	2500
pudiéndonos	2500
pudiéndoos	2500
pudiéndose	2500
pudiéndote	2500
pudiéramos	2500
pudiéremos	2500
pudiésemos	2500
pudor	2500
pudoroso	2500
pudrición	2500
pudridero	2500
pudridor	2500
pudrigorio	2500
pudrimiento	2500
pudrir	2500
pueblerino	2500
pueblo	2500
puedan	2500
puedas	2500
puedes	2500
puelche	2500
puentear	2500
puentecilla	2500
puerca	2500
puercamente	2500
puerco	2500
puericia	2500
puericultor	2500
puericultura	2500
pueril	2500
puerilidad	2500
puerilmente	2500
puerperal	2500
puerperio	2500
puerro	2500
puertaventana	2500
puertorriqueñidad	2500
puertorriqueñismo	2500
puertorriqueño	2500
puesta	2500
puestero	2500
puesto	2500
puf	2500
pufo	2500
puga	2500
pugilar	2500
pugilato	2500
pugilismo	2500
pugilista	2500
pugna	2500
pugnacidad	2500
pugnante	2500
pugnar	2500
pugnaz	2500
puja	2500
pujador	2500
pujame	2500
pujamen	2500
pujamiento	2500
pujante	2500
pujantemente	2500
pujanza	2500
pujar	2500
pujavante	2500
pulchinela	2500
pulcritud	2500
pulcro	2500
pulga	2500
pulgada	2500
pulgar	2500
pulgarada	2500
pulgoso	2500
pulguera	2500
pulguero	2500
pulguillas	2500
pulgón	2500
pulidamente	2500
pulidero	2500
pulidez	2500
pulido	2500
pulidor	2500
pulimentar	2500
pulimento	2500
pulir	2500
pulla	2500
pullista	2500
pullés	2500
pulmonado	2500
pulmonar	2500
pulmonaria	2500
pulmonía	2500
pulmón	2500
pulpa	2500
pulpejo	2500
pulpero	2500
pulpería	2500
pulpeta	2500
pulpo	2500
pulposo	2500
pulsación	2500
pulsador	2500
pulsante	2500
pulsar	2500
pulsatila	2500
pulsativo	2500
pulsear	2500
pulsera	2500
pulso	2500
pulular	2500
pulverizador	2500
pulverizar	2500
pulverulento	2500
pum	2500
puma	2500
pumita	2500
puna	2500
punar	2500
punchar	2500
puncionar	2500
punción	2500
pundonor	2500
pundonorosamente	2500
pundonoroso	2500
pungimiento	2500
pungir	2500
pungitivo	2500
punibilidad	2500
punible	2500
punir	2500
punitivo	2500
punk	2500
punki	2500
punta	2500
puntada	2500
puntal	2500
puntano	2500
puntapié	2500
puntar	2500
puntear	2500
puntera	2500
puntero	2500
punterola	2500
puntiagudo	2500
puntido	2500
puntillado	2500
puntillero	2500
puntillista	2500
puntillo	2500
puntilloso	2500
puntisecar	2500
puntito	2500
punto	2500
puntoso	2500
puntuación	2500
puntual	2500
puntualidad	2500
puntualizar	2500
puntualmente	2500
puntuar	2500
puntuoso	2500
puntura	2500
punzada	2500
punzador	2500
punzadura	2500
punzante	2500
punzantemente	2500
punzar	2500
punzonado	2500
punzó	2500
punzón	2500
pupa	2500
pupar	2500
pupila	2500
pupilaje	2500
pupilar	2500
pupilero	2500
pupilo	2500
pupitre	2500
puposo	2500
pura	2500
puramente	2500
purana	2500
purear	2500
pureza	2500
purga	2500
purgador	2500
purgamiento	2500
purgante	2500
purgar	2500
purgativo	2500
purgatorio	2500
puridad	2500
purificación	2500
purificadero	2500
purificador	2500
purificar	2500
purificatorio	2500
purismo	2500
purista	2500
puritanismo	2500
puritano	2500
puro	2500
purpurar	2500
purpurear	2500
purpurina	2500
purpurino	2500
purpúrea	2500
purpúreo	2500
purrela	2500
purriela	2500
purrir	2500
purulencia	2500
purulento	2500
puré	2500
pus	2500
pusilanimidad	2500
pusilánime	2500
pusinesco	2500
pustuloso	2500
puta	2500
putada	2500
putativo	2500
putañear	2500
putear	2500
putero	2500
puterío	2500
puto	2500
putrefacción	2500
putrefactivo	2500
putrefacto	2500
putrescible	2500
putridez	2500
putón	2500
puya	2500
puyazo	2500
puzol	2500
puzolana	2500
puñada	2500
puñado	2500
puñal	2500
puñalada	2500
puñales	2500
puñar	2500
puñete	2500
puñetero	2500
puñir	2500
puño	2500
pza	2500
pábilo	2500
pábulo	2500
pág	2500
página	2500
pájaro	2500
pálido	2500
pámpana	2500
pámpano	2500
páncreas	2500
pánfilo	2500
pánico	2500
páparo	2500
pár	2500
páramo	2500
párpado	2500
párrafo	2500
párroco	2500
párvulo	2500
pátera	2500
pátina	2500
péndola	2500
péndulo	2500
péptido	2500
pérdida	2500
pérfidamente	2500
pérfido	2500
pérmico	2500
pérsico	2500
pértica	2500
pértiga	2500
pértigo	2500
pésame	2500
pésimamente	2500
pésimo	2500
pétalo	2500
pétreo	2500
pícaro	2500
pícea	2500
píceo	2500
pícrico	2500
pífano	2500
píldora	2500
píloro	2500
pínula	2500
pío	2500
pívot	2500
píxel	2500
pócima	2500
pódium	2500
pólenes	2500
pólipo	2500
póliza	2500
pólvora	2500
pómez	2500
pómulo	2500
póney	2500
póntico	2500
póquer	2500
pórtico	2500
pósito	2500
póster	2500
póstumamente	2500
póstumo	2500
púa	2500
púbico	2500
pública	2500
públicamente	2500
público	2500
púdica	2500
púdico	2500
púdines	2500
púgil	2500
púlpito	2500
púnico	2500
púrpura	2500
pústula	2500
pútrida	2500
pútrido	2500
qu	2500
quebracho	2500
quebradero	2500
quebradillo	2500
quebradizo	2500
quebrado	2500
quebrador	2500
quebradura	2500
quebrajar	2500
quebrajoso	2500
quebramiento	2500
quebrantable	2500
quebrantado	2500
quebrantador	2500
quebrantadura	2500
quebrantahuesos	2500
quebrantamiento	2500
quebrantaolas	2500
quebrantapiedras	2500
quebrantar	2500
quebranto	2500
quebrar	2500
quebraza	2500
quebrazar	2500
queche	2500
quechua	2500
queda	2500
quedamente	2500
quedar	2500
quedito	2500
quedo	2500
quehacer	2500
queja	2500
quejar	2500
quejica	2500
quejicoso	2500
quejido	2500
quejigal	2500
quejigo	2500
quejigueta	2500
quejilloso	2500
quejosamente	2500
quejoso	2500
quejumbrar	2500
quejumbroso	2500
quejura	2500
quelonio	2500
queltehue	2500
quema	2500
quemada	2500
quemadero	2500
quemado	2500
quemador	2500
quemadura	2500
quemajoso	2500
quemamiento	2500
quemante	2500
quemar	2500
quemarropa	2500
quemazón	2500
quena	2500
quenopodiácea	2500
quenopodiáceo	2500
quepa	2500
quepamos	2500
quepan	2500
quepas	2500
quepis	2500
quepo	2500
quepáis	2500
quera	2500
queratina	2500
queratitis	2500
querella	2500
querellador	2500
querellante	2500
querellar	2500
querelloso	2500
querencia	2500
querencioso	2500
querer	2500
queresa	2500
querido	2500
quermes	2500
quermés	2500
querochar	2500
queroseno	2500
quersoneso	2500
querub	2500
querube	2500
querubín	2500
querusco	2500
querúbico	2500
quesada	2500
quesear	2500
quesera	2500
quesero	2500
quesito	2500
queso	2500
quetzal	2500
quevedesco	2500
quevedos	2500
qui	2500
quia	2500
quiaca	2500
quianti	2500
quibey	2500
quichua	2500
quiché	2500
quicial	2500
quicio	2500
quid	2500
quiebra	2500
quiebrahacha	2500
quiebre	2500
quiebro	2500
quienquiera	2500
quier	2500
quiescente	2500
quieta	2500
quietamente	2500
quietar	2500
quietismo	2500
quietista	2500
quieto	2500
quietud	2500
quijada	2500
quijal	2500
quijar	2500
quijero	2500
quijones	2500
quijotada	2500
quijote	2500
quijotería	2500
quijotescamente	2500
quijotesco	2500
quijotil	2500
quijotismo	2500
quilatar	2500
quilate	2500
quilatera	2500
quilificar	2500
quilla	2500
quillotrar	2500
quilo	2500
quiloso	2500
quilífero	2500
quima	2500
quimera	2500
quimerear	2500
quimerino	2500
quimerista	2500
quimerizar	2500
quimificar	2500
quimio	2500
quimioterapia	2500
quimo	2500
quimono	2500
quimosina	2500
quimérico	2500
quina	2500
quinado	2500
quinao	2500
quinaquina	2500
quinario	2500
quinasa	2500
quincalla	2500
quincallero	2500
quince	2500
quincena	2500
quincenal	2500
quincenario	2500
quinceno	2500
quinchoncho	2500
quincineta	2500
quincuagena	2500
quincuagenario	2500
quincuagesimoctavo	2500
quincuagesimocuarto	2500
quincuagesimonono	2500
quincuagesimonoveno	2500
quincuagesimoprimero	2500
quincuagesimoquinto	2500
quincuagesimosegundo	2500
quincuagesimosexto	2500
quincuagesimoséptimo	2500
quincuagesimotercero	2500
quincuagésimo	2500
quindenio	2500
quinete	2500
quingombó	2500
quiniela	2500
quinientas	2500
quinientista	2500
quinientos	2500
quinina	2500
quinismo	2500
quino	2500
quinolear	2500
quinolillas	2500
quinquefolio	2500
quinquenal	2500
quinquenervia	2500
quinquenio	2500
quinqui	2500
quinquillero	2500
quinquina	2500
quinta	2500
quintaesenciar	2500
quintal	2500
quintana	2500
quintante	2500
quintar	2500
quintero	2500
quinteto	2500
quintillo	2500
quinto	2500
quintuplicar	2500
quintín	2500
quiosco	2500
quiragra	2500
quirate	2500
quirguiz	2500
quirie	2500
quirigalla	2500
quirinal	2500
quiritario	2500
quirite	2500
quirografario	2500
quiromancia	2500
quiromasajista	2500
quiropráctico	2500
quiroteca	2500
quirófano	2500
quirógrafo	2500
quiróptero	2500
quirúrgicamente	2500
quirúrgico	2500
quisicosa	2500
quisquilla	2500
quisquillosidad	2500
quisquilloso	2500
quistar	2500
quiste	2500
quita	2500
quitador	2500
quitaguas	2500
quitamanchas	2500
quitameriendas	2500
quitamiento	2500
quitamotas	2500
quitanieves	2500
quitanza	2500
quitapelillos	2500
quitapesares	2500
quitar	2500
quitasol	2500
quitina	2500
quitinoso	2500
quito	2500
quitrín	2500
quitón	2500
química	2500
químicamente	2500
químico	2500
quíntuple	2500
quío	2500
ra	2500
raba	2500
rabada	2500
rabadán	2500
rabal	2500
rabalero	2500
rabanal	2500
rabanero	2500
rabanillo	2500
rabaniza	2500
rabasaire	2500
rabear	2500
rabel	2500
rabera	2500
rabia	2500
rabiacana	2500
rabiar	2500
rabiatar	2500
rabiazorras	2500
rabicano	2500
rabicorto	2500
rabieta	2500
rabihorcado	2500
rabilar	2500
rabilargo	2500
rabinismo	2500
rabinista	2500
rabino	2500
rabiosamente	2500
rabioso	2500
rabisalsera	2500
rabiza	2500
rabión	2500
rabo	2500
rabos	2500
raboseadura	2500
rabosear	2500
raboso	2500
rabotada	2500
rabotazo	2500
rabotear	2500
rabudo	2500
rabí	2500
rabínico	2500
rabón	2500
racamenta	2500
racamento	2500
racanear	2500
racha	2500
rachar	2500
rachear	2500
racial	2500
racimal	2500
racimar	2500
racimo	2500
racimoso	2500
racimudo	2500
raciocinar	2500
raciocinio	2500
racionabilidad	2500
racional	2500
racionalidad	2500
racionalismo	2500
racionalista	2500
racionalización	2500
racionalizar	2500
racionalmente	2500
racionamiento	2500
racionar	2500
racionero	2500
racionista	2500
racismo	2500
racista	2500
ración	2500
racor	2500
racord	2500
rada	2500
radar	2500
radiación	2500
radiactividad	2500
radiactivo	2500
radiado	2500
radiador	2500
radial	2500
radiante	2500
radiantemente	2500
radiar	2500
radiata	2500
radical	2500
radicalismo	2500
radicalizar	2500
radicalmente	2500
radicar	2500
radicular	2500
radiestesia	2500
radio	2500
radioactividad	2500
radioactivo	2500
radioastronomía	2500
radioastronómico	2500
radiocasete	2500
radiocomunicación	2500
radiodifundir	2500
radiodifusión	2500
radiodifusor	2500
radioelectricidad	2500
radioeléctrico	2500
radioescucha	2500
radiofonista	2500
radiofrecuencia	2500
radiofónico	2500
radiografiar	2500
radiograma	2500
radiográfico	2500
radioisótopo	2500
radiolario	2500
radiología	2500
radiológico	2500
radionovela	2500
radiorreceptor	2500
radioscopia	2500
radioscópico	2500
radioso	2500
radiotecnia	2500
radiotelefonista	2500
radiotelefonía	2500
radiotelefónico	2500
radiotelegrafiar	2500
radiotelegrafista	2500
radiotelegrafía	2500
radiotelegrama	2500
radiotelescopio	2500
radioterapia	2500
radiotoxicidad	2500
radiotransmisor	2500
radioyente	2500
radiumterapia	2500
radián	2500
radón	2500
raedura	2500
raer	2500
rafa	2500
rafal	2500
rafalla	2500
rafania	2500
rafe	2500
rafear	2500
rafezar	2500
rafia	2500
ragua	2500
rahez	2500
rahezar	2500
raicilla	2500
raicita	2500
raid	2500
raigambre	2500
raigar	2500
raijo	2500
raimiento	2500
rain	2500
raja	2500
rajabroqueles	2500
rajadillo	2500
rajadizo	2500
rajador	2500
rajadura	2500
rajar	2500
rajatabla	2500
rajeta	2500
rajuela	2500
ralbar	2500
ralear	2500
ralentizar	2500
raleza	2500
rallado	2500
rallador	2500
ralladura	2500
rallar	2500
rallo	2500
ralo	2500
rama	2500
ramal	2500
ramalear	2500
rambla	2500
ramblar	2500
ramblazo	2500
ramblizo	2500
rameado	2500
ramera	2500
ramero	2500
ramificación	2500
ramificar	2500
ramillete	2500
ramilletero	2500
ramina	2500
ramio	2500
ramito	2500
ramiza	2500
ramo	2500
ramojo	2500
ramonear	2500
ramoso	2500
rampa	2500
rampante	2500
rampar	2500
rampete	2500
ramuja	2500
ramujo	2500
ramulla	2500
ramón	2500
rana	2500
ranacuajo	2500
ranas	2500
rancar	2500
ranchear	2500
ranchera	2500
ranchero	2500
rancho	2500
ranciar	2500
rancidez	2500
ranciedad	2500
rancio	2500
rancor	2500
randa	2500
rango	2500
ranina	2500
rano	2500
ranquel	2500
ranunculácea	2500
ranunculáceo	2500
ranura	2500
ranurado	2500
ranurar	2500
ranúnculo	2500
rap	2500
rapa	2500
rapabarbas	2500
rapacejo	2500
rapacidad	2500
rapada	2500
rapado	2500
rapador	2500
rapadura	2500
rapamiento	2500
rapante	2500
rapapolvo	2500
rapar	2500
rapavelas	2500
rapaz	2500
rapaza	2500
rapazada	2500
rape	2500
rapero	2500
rapidez	2500
rapidísimo	2500
rapiega	2500
rapista	2500
rapiña	2500
rapiñar	2500
raposa	2500
raposear	2500
raposera	2500
raposero	2500
raposino	2500
raposo	2500
raposuno	2500
rapsoda	2500
rapsodia	2500
raptar	2500
rapto	2500
raptor	2500
rapuzar	2500
rapé	2500
rapónchigo	2500
raque	2500
raquear	2500
raquero	2500
raqueta	2500
raquetero	2500
raquialgia	2500
raquianestesia	2500
raquis	2500
raquitis	2500
raquitismo	2500
raquídeo	2500
raquítico	2500
raramente	2500
rarear	2500
rarefacción	2500
rarefacer	2500
rareza	2500
raridad	2500
rarificar	2500
raro	2500
ras	2500
rasa	2500
rasadura	2500
rasante	2500
rasar	2500
rascacielos	2500
rascacio	2500
rascador	2500
rascadura	2500
rascalino	2500
rascamiento	2500
rascar	2500
rascatripas	2500
rascle	2500
rascuñar	2500
rascón	2500
rasel	2500
rasera	2500
rasero	2500
rases	2500
rasete	2500
rasgado	2500
rasgador	2500
rasgadura	2500
rasgar	2500
rasgo	2500
rasguear	2500
rasgueo	2500
rasguñar	2500
rasguño	2500
rasgón	2500
raso	2500
rasoliso	2500
raspa	2500
raspado	2500
raspador	2500
raspadura	2500
raspahilando	2500
raspahilar	2500
raspajo	2500
raspamiento	2500
raspante	2500
raspar	2500
raspear	2500
raspinegro	2500
rasponazo	2500
rasposo	2500
raspudo	2500
raspón	2500
rasqueta	2500
rastillador	2500
rastillar	2500
rastra	2500
rastrallar	2500
rastrar	2500
rastreable	2500
rastreador	2500
rastrear	2500
rastreo	2500
rastrera	2500
rastreramente	2500
rastrero	2500
rastrillada	2500
rastrillado	2500
rastrillador	2500
rastrillar	2500
rastrillo	2500
rastro	2500
rastrojar	2500
rastrojear	2500
rastrojera	2500
rastrojo	2500
rasurador	2500
rasurar	2500
rata	2500
ratania	2500
ratas	2500
ratear	2500
ratero	2500
raticida	2500
ratificación	2500
ratificar	2500
ratificatorio	2500
ratigar	2500
ratinar	2500
ratio	2500
ratito	2500
rato	2500
ratonar	2500
ratonera	2500
ratonero	2500
ratonesco	2500
ratonil	2500
ratón	2500
rauda	2500
raudal	2500
raudamente	2500
raudo	2500
rauta	2500
ravenala	2500
raya	2500
rayada	2500
rayadillo	2500
rayado	2500
rayano	2500
rayar	2500
rayo	2500
rayoso	2500
rayuela	2500
rayuelo	2500
rayón	2500
raza	2500
razar	2500
razonable	2500
razonablemente	2500
razonadamente	2500
razonado	2500
razonador	2500
razonamiento	2500
razonar	2500
razón	2500
raído	2500
raíl	2500
raíz	2500
raña	2500
raño	2500
rdo	2500
re	2500
rea	2500
reabastecer	2500
reabierto	2500
reabrir	2500
reabsorber	2500
reaccionar	2500
reaccionariamente	2500
reaciamente	2500
reacio	2500
reacuñar	2500
readmitir	2500
reafirmar	2500
reagravar	2500
reagrupar	2500
reajustar	2500
realegrar	2500
realejo	2500
realengo	2500
realete	2500
realeza	2500
realidad	2500
realimentación	2500
realimentar	2500
realismo	2500
realista	2500
realito	2500
realizable	2500
realización	2500
realizador	2500
realmente	2500
realquilar	2500
realzar	2500
reamar	2500
reanudación	2500
reanudar	2500
reaparecer	2500
reapretar	2500
rearar	2500
reargüir	2500
rearmar	2500
reaseguro	2500
reasignar	2500
reasumir	2500
reata	2500
reatar	2500
reaventar	2500
reavivar	2500
rebaba	2500
rebajador	2500
rebajamiento	2500
rebajar	2500
rebalsar	2500
rebanada	2500
rebanar	2500
rebanco	2500
rebanear	2500
rebarbado	2500
rebasadero	2500
rebasar	2500
rebatar	2500
rebatible	2500
rebatir	2500
rebatiña	2500
rebato	2500
rebautizar	2500
rebañar	2500
rebeca	2500
rebeco	2500
rebelar	2500
rebelde	2500
rebeldía	2500
rebelión	2500
rebenque	2500
rebinar	2500
rebitar	2500
reblandecer	2500
reblandecimiento	2500
reblar	2500
rebobinar	2500
rebociño	2500
rebojo	2500
rebollar	2500
rebolledo	2500
rebollidura	2500
rebolludo	2500
rebombar	2500
rebordeador	2500
rebordear	2500
rebosadero	2500
rebosadura	2500
rebosamiento	2500
rebosante	2500
rebosar	2500
rebotadera	2500
rebotar	2500
rebotiga	2500
rebozar	2500
rebozo	2500
rebramar	2500
rebrincar	2500
rebrotar	2500
rebudiar	2500
rebufar	2500
rebujar	2500
rebujina	2500
rebullir	2500
rebumbar	2500
rebumbio	2500
reburujar	2500
rebuscado	2500
rebuscamiento	2500
rebuscar	2500
rebusco	2500
rebutir	2500
rebuznador	2500
rebuznar	2500
rebuzno	2500
recabar	2500
recabdar	2500
recabita	2500
recadar	2500
recadero	2500
recado	2500
recaer	2500
recalar	2500
recalcadura	2500
recalcar	2500
recalcitrante	2500
recalcitrantemente	2500
recalcitrar	2500
recalentar	2500
recalificar	2500
recalmón	2500
recalvastro	2500
recalzar	2500
recamar	2500
recambiar	2500
recambio	2500
recancamusa	2500
recancanilla	2500
recapacitar	2500
recapitulación	2500
recapitular	2500
recapturar	2500
recargador	2500
recargar	2500
recatadamente	2500
recatar	2500
recatear	2500
recatonear	2500
recatón	2500
recauchar	2500
recauchutar	2500
recaudación	2500
recaudador	2500
recaudamiento	2500
recaudar	2500
recaudatorio	2500
recavar	2500
recaída	2500
recebar	2500
recechar	2500
recejar	2500
recela	2500
recelador	2500
recelamiento	2500
recelar	2500
recelo	2500
recentadura	2500
recental	2500
recentar	2500
recentísimo	2500
recepcionista	2500
recepción	2500
recepta	2500
receptar	2500
receptividad	2500
receptivo	2500
receptor	2500
receptáculo	2500
recercar	2500
recesivo	2500
recesión	2500
receso	2500
receta	2500
recetador	2500
recetar	2500
receñir	2500
rechazador	2500
rechazamiento	2500
rechazar	2500
rechazo	2500
rechiflar	2500
rechinador	2500
rechinamiento	2500
rechinar	2500
rechinido	2500
rechistar	2500
rechizar	2500
rechoncho	2500
reciamente	2500
reciario	2500
recibidero	2500
recibido	2500
recibidor	2500
recibimiento	2500
recibo	2500
recibí	2500
reciclaje	2500
reciclamiento	2500
reciclar	2500
recidivar	2500
reciedumbre	2500
reciente	2500
recientemente	2500
recinchar	2500
recinto	2500
recio	2500
recipiendario	2500
recipiente	2500
reciprocar	2500
reciprocidad	2500
recitado	2500
recital	2500
recitar	2500
recitativo	2500
reciura	2500
recién	2500
reclamación	2500
reclamante	2500
reclamar	2500
reclame	2500
reclamo	2500
reclinar	2500
reclinatorio	2500
recluir	2500
reclusión	2500
recluso	2500
reclusorio	2500
recluta	2500
reclutador	2500
reclutamiento	2500
reclutar	2500
recobrar	2500
recocer	2500
recochinear	2500
recocho	2500
recocina	2500
recodadero	2500
recodar	2500
recodir	2500
recogeabuelos	2500
recogedero	2500
recogemigas	2500
recoger	2500
recogida	2500
recogidamente	2500
recogido	2500
recogimiento	2500
recolar	2500
recolectar	2500
recolector	2500
recolegir	2500
recoleto	2500
recombinación	2500
recombinar	2500
recomendablemente	2500
recomendación	2500
recomendado	2500
recomendante	2500
recomendar	2500
recomenzar	2500
recomer	2500
recompensa	2500
recompensar	2500
recomponer	2500
recompuesto	2500
recompón	2500
reconcentramiento	2500
reconciliar	2500
reconcomer	2500
reconcomio	2500
recondenar	2500
reconditez	2500
reconducible	2500
reconducir	2500
reconfortar	2500
reconocer	2500
reconocible	2500
reconociblemente	2500
reconquistar	2500
reconsiderar	2500
reconstituir	2500
reconstruir	2500
recontamiento	2500
recontar	2500
recontento	2500
reconvalecer	2500
reconvenir	2500
reconvertir	2500
reconvén	2500
recopilación	2500
recopilado	2500
recopilador	2500
recopilar	2500
recopilatorio	2500
recordable	2500
recordación	2500
recordador	2500
recordar	2500
recordativo	2500
recordatorio	2500
recorrer	2500
recorrido	2500
recortado	2500
recortar	2500
recorvar	2500
recoser	2500
recostadero	2500
recostar	2500
recovar	2500
recoveco	2500
recovero	2500
recre	2500
recrear	2500
recrecer	2500
recremento	2500
recreo	2500
recriador	2500
recriar	2500
recriminación	2500
recriminador	2500
recriminar	2500
recrucetada	2500
recrudecer	2500
recrudecimiento	2500
recrudescencia	2500
recrujir	2500
recruzar	2500
recta	2500
rectal	2500
rectamente	2500
rectangular	2500
rectar	2500
rectificación	2500
rectificador	2500
rectificar	2500
rectificativo	2500
rectilíneo	2500
rectitud	2500
recto	2500
rector	2500
rectorado	2500
rectoral	2500
rectorar	2500
rectángulo	2500
recua	2500
recuadrar	2500
recuadro	2500
recuaje	2500
recuarta	2500
recubierto	2500
recubrir	2500
recudidero	2500
recudimento	2500
recudimiento	2500
recudir	2500
recuento	2500
recuentro	2500
recuerdo	2500
recuestar	2500
recular	2500
recuperable	2500
recuperación	2500
recuperador	2500
recuperar	2500
recuperativo	2500
recurar	2500
recurrencia	2500
recurrente	2500
recurrir	2500
recursividad	2500
recursivo	2500
recusable	2500
recusante	2500
recusar	2500
recuñar	2500
recíprocamente	2500
recíproco	2500
recóndito	2500
red	2500
redacción	2500
redactar	2500
redactor	2500
redada	2500
redar	2500
redargüir	2500
redaya	2500
redecir	2500
rededor	2500
redefinir	2500
redención	2500
redendija	2500
redentor	2500
redentorista	2500
redera	2500
redero	2500
redescontar	2500
redescubierto	2500
redescubrir	2500
redhibir	2500
redicho	2500
rediezmar	2500
redil	2500
redilar	2500
redilear	2500
redimible	2500
redimir	2500
redirigir	2500
redistribuir	2500
redistributivo	2500
redituar	2500
redoblante	2500
redoblar	2500
redoble	2500
redoblegar	2500
redol	2500
redolada	2500
redolar	2500
redolente	2500
redomado	2500
redomazo	2500
redonda	2500
redondeado	2500
redondear	2500
redondel	2500
redondeo	2500
redondillo	2500
redondo	2500
redopelo	2500
redor	2500
redorar	2500
redova	2500
redrar	2500
redro	2500
redrojar	2500
redrojo	2500
redropelo	2500
redroviento	2500
redruejo	2500
reducción	2500
reducible	2500
reducido	2500
reducimiento	2500
reducir	2500
reductible	2500
reducto	2500
reductor	2500
redundancia	2500
redundante	2500
redundar	2500
reduplicar	2500
reduvio	2500
reedificar	2500
reeditar	2500
reeducar	2500
reelección	2500
reelecto	2500
reelegir	2500
reembarcar	2500
reembolsar	2500
reemplazable	2500
reemplazante	2500
reemplazar	2500
reemplazo	2500
reencarnación	2500
reencarnar	2500
reencontrar	2500
reencuadernar	2500
reencuentro	2500
reenganchamiento	2500
reenganchar	2500
reengendrar	2500
reensayar	2500
reenviar	2500
reenvidar	2500
reenvite	2500
reescribir	2500
reescrito	2500
reestrenar	2500
reestructurar	2500
reexaminar	2500
reexpedir	2500
reexportar	2500
refacer	2500
refajo	2500
refeccionar	2500
refección	2500
refectorio	2500
referencia	2500
referencial	2500
referenciar	2500
referendario	2500
referendo	2500
referente	2500
referir	2500
refertar	2500
referéndum	2500
refez	2500
refigurar	2500
refinación	2500
refinadera	2500
refinado	2500
refinador	2500
refinadura	2500
refinar	2500
refinería	2500
refirmar	2500
refitolear	2500
refitolero	2500
reflectante	2500
reflectar	2500
reflector	2500
refleja	2500
reflejar	2500
reflejo	2500
reflexionar	2500
reflexiva	2500
reflexivamente	2500
reflexivo	2500
reflexión	2500
reflorecer	2500
reflotar	2500
refluir	2500
refocilar	2500
reforestar	2500
reformable	2500
reformado	2500
reformar	2500
reformatorio	2500
reformismo	2500
reformista	2500
reformular	2500
reforzador	2500
reforzar	2500
refractante	2500
refractar	2500
refractario	2500
refractivo	2500
refracto	2500
refractor	2500
refranero	2500
refranesco	2500
refrangibilidad	2500
refrangible	2500
refranista	2500
refregar	2500
refregón	2500
refrenable	2500
refrenamiento	2500
refrenar	2500
refrendar	2500
refrendario	2500
refrendata	2500
refrentar	2500
refrescador	2500
refrescadura	2500
refrescamiento	2500
refrescante	2500
refrescar	2500
refresco	2500
refreír	2500
refriar	2500
refrigeración	2500
refrigerador	2500
refrigerante	2500
refrigerar	2500
refrigerativo	2500
refrigerio	2500
refringencia	2500
refringente	2500
refringir	2500
refrito	2500
refrán	2500
refuerzo	2500
refugiado	2500
refugiar	2500
refugio	2500
refulgencia	2500
refulgir	2500
refundar	2500
refundición	2500
refundidor	2500
refundir	2500
refunfuñar	2500
refutable	2500
refutación	2500
refutar	2500
refutatorio	2500
reg	2500
regabinar	2500
regacear	2500
regadera	2500
regadero	2500
regadizo	2500
regador	2500
regadura	2500
regadío	2500
regaifa	2500
regajal	2500
regala	2500
regalada	2500
regaladamente	2500
regalado	2500
regalador	2500
regalamiento	2500
regalar	2500
regalero	2500
regalicia	2500
regalismo	2500
regalista	2500
regaliz	2500
regalo	2500
regalía	2500
regalón	2500
regante	2500
regar	2500
regate	2500
regatear	2500
regateo	2500
regato	2500
regatonear	2500
regatón	2500
regazar	2500
regazo	2500
regañada	2500
regañadientes	2500
regañado	2500
regañar	2500
regañina	2500
regañir	2500
regaño	2500
regañón	2500
regencia	2500
regenerar	2500
regenta	2500
regentar	2500
regente	2500
regentear	2500
regiamente	2500
regicida	2500
regicidio	2500
regido	2500
regidor	2500
regimentar	2500
regimiento	2500
regio	2500
regional	2500
regionalismo	2500
regionalista	2500
regionalización	2500
regionario	2500
regir	2500
registrada	2500
registrador	2500
registrar	2500
registro	2500
regitivo	2500
región	2500
regla	2500
reglado	2500
reglaje	2500
reglamentación	2500
reglamentar	2500
reglamentaria	2500
reglamentariamente	2500
reglamentario	2500
reglamento	2500
reglar	2500
regleta	2500
regletear	2500
reglón	2500
regocijadamente	2500
regocijado	2500
regocijador	2500
regocijar	2500
regocijo	2500
regodear	2500
regodeo	2500
regolaje	2500
regoldano	2500
regoldar	2500
regoldo	2500
regolfar	2500
regomello	2500
regomeyo	2500
regona	2500
regordete	2500
regorjarse	2500
regostar	2500
regraciar	2500
regradecer	2500
regresar	2500
regresivo	2500
regresión	2500
regreso	2500
regruñir	2500
reguardar	2500
reguera	2500
reguero	2500
reguetón	2500
reguilar	2500
reguilete	2500
regulación	2500
regulado	2500
regulador	2500
regular	2500
regularidad	2500
regularización	2500
regularizador	2500
regularizar	2500
regularmente	2500
regulativo	2500
regurgitar	2500
regusto	2500
regímenes	2500
regüeldo	2500
rehacer	2500
rehala	2500
rehalero	2500
rehartar	2500
rehaz	2500
rehecho	2500
rehelear	2500
rehenchid	2500
rehenchida	2500
rehenchidas	2500
rehenchido	2500
rehenchidos	2500
rehenchimos	2500
rehenchir	2500
rehenchiremos	2500
rehenchirse	2500
rehenchirá	2500
rehenchirán	2500
rehenchirás	2500
rehenchiré	2500
rehenchiréis	2500
rehenchiría	2500
rehenchiríamos	2500
rehenchirían	2500
rehenchirías	2500
rehenchiste	2500
rehenchisteis	2500
rehenchí	2500
rehenchía	2500
rehenchíais	2500
rehenchíamos	2500
rehenchían	2500
rehenchías	2500
rehenchís	2500
reherir	2500
reherrar	2500
rehervir	2500
rehilamiento	2500
rehilandera	2500
rehilar	2500
rehilete	2500
rehinchamos	2500
rehinchiendo	2500
rehinchiera	2500
rehinchierais	2500
rehinchieran	2500
rehinchieras	2500
rehinchiere	2500
rehinchiereis	2500
rehinchieren	2500
rehinchieres	2500
rehinchieron	2500
rehinchiese	2500
rehinchieseis	2500
rehinchiesen	2500
rehinchieses	2500
rehinchimiento	2500
rehinchir	2500
rehinchiéramos	2500
rehinchiéremos	2500
rehinchiésemos	2500
rehinchió	2500
rehincháis	2500
rehogar	2500
rehollar	2500
rehoyar	2500
rehuir	2500
rehumedecer	2500
rehundido	2500
rehundir	2500
rehurtar	2500
rehusar	2500
rehén	2500
rehíncha	2500
rehínchan	2500
rehínchas	2500
rehínche	2500
rehínchen	2500
rehínches	2500
rehíncho	2500
reidero	2500
reidor	2500
reilar	2500
reimplantar	2500
reimportar	2500
reimpreso	2500
reimprimir	2500
reinado	2500
reinador	2500
reinante	2500
reinar	2500
reincidir	2500
reincorporar	2500
reineta	2500
reingresar	2500
reiniciar	2500
reinsertado	2500
reinstalar	2500
reintegrar	2500
reintegro	2500
reinvención	2500
reinventar	2500
reiteración	2500
reiteradamente	2500
reiterado	2500
reiterar	2500
reitre	2500
reivindicable	2500
reivindicación	2500
reivindicar	2500
reivindicativo	2500
reivindicatorio	2500
reja	2500
rejacar	2500
rejada	2500
rejado	2500
rejalgar	2500
rejero	2500
rejitar	2500
rejo	2500
rejoncillo	2500
rejoneador	2500
rejonear	2500
rejuela	2500
rejuntar	2500
rejuvenecer	2500
rejuvenecimiento	2500
rejón	2500
rel	2500
relabrar	2500
relacional	2500
relacionar	2500
relacionero	2500
relación	2500
relajación	2500
relajada	2500
relajadamente	2500
relajador	2500
relajamiento	2500
relajante	2500
relajar	2500
relamer	2500
relampagueante	2500
relampaguear	2500
relanzar	2500
relatador	2500
relatar	2500
relativa	2500
relativamente	2500
relatividad	2500
relativismo	2500
relativista	2500
relativizar	2500
relativo	2500
relato	2500
relator	2500
relavar	2500
relax	2500
relazar	2500
relectura	2500
releer	2500
relegar	2500
relej	2500
relejar	2500
releje	2500
relente	2500
relentecer	2500
relevancia	2500
relevante	2500
relevar	2500
relevo	2500
relicario	2500
relicto	2500
relieve	2500
religar	2500
religionario	2500
religiosa	2500
religiosamente	2500
religiosidad	2500
religioso	2500
religión	2500
relimar	2500
relimpiar	2500
relinchador	2500
relinchar	2500
relinchido	2500
relincho	2500
relinga	2500
relingar	2500
reliquia	2500
reliquiario	2500
rellanar	2500
rellano	2500
rellenito	2500
reloj	2500
relojera	2500
relojero	2500
relso	2500
reluchar	2500
relucir	2500
reluctancia	2500
reluctante	2500
relumbrar	2500
relvar	2500
relámpago	2500
relé	2500
remachador	2500
remachar	2500
remache	2500
remador	2500
remadura	2500
remallar	2500
remamiento	2500
remanar	2500
remandar	2500
remanecer	2500
remanente	2500
remangado	2500
remangar	2500
remanir	2500
remanoso	2500
remansar	2500
remar	2500
remarcar	2500
rematadamente	2500
rematado	2500
rematamiento	2500
rematante	2500
remate	2500
rembolsar	2500
remecer	2500
remedador	2500
remedar	2500
remediable	2500
remediación	2500
remediar	2500
remediavagos	2500
remedición	2500
remedio	2500
remedir	2500
remedo	2500
remejer	2500
remellado	2500
remellar	2500
remembranza	2500
remembrar	2500
rememoranza	2500
rememorar	2500
remendar	2500
remendón	2500
remeneo	2500
remense	2500
remero	2500
remesar	2500
remeter	2500
remiche	2500
remiendo	2500
remilgado	2500
remilgar	2500
remilgo	2500
reminiscencia	2500
remirar	2500
remisible	2500
remisivamente	2500
remiso	2500
remisoria	2500
remisorio	2500
remite	2500
remitente	2500
remitido	2500
remitir	2500
remo	2500
remocho	2500
remodelación	2500
remodelar	2500
remojadero	2500
remojar	2500
remojón	2500
remolacha	2500
remolcador	2500
remolcar	2500
remoldar	2500
remoler	2500
remolinar	2500
remolinear	2500
remolino	2500
remolonear	2500
remolque	2500
remolón	2500
remondar	2500
remontado	2500
remontamiento	2500
remontar	2500
remonte	2500
remontista	2500
remoque	2500
remorar	2500
remorder	2500
remosquear	2500
remostar	2500
remostecer	2500
remotamente	2500
remoto	2500
remover	2500
remozamiento	2500
remozar	2500
remplazar	2500
rempujar	2500
rempujo	2500
remudamiento	2500
remudar	2500
remudiar	2500
remugar	2500
remullir	2500
remuneración	2500
remunerador	2500
remunerar	2500
remunerativo	2500
remuneratorio	2500
remusgar	2500
renacentista	2500
renacer	2500
renacuajo	2500
renal	2500
rencilla	2500
rencilloso	2500
rencionar	2500
renco	2500
rencontrar	2500
rencor	2500
rencorosamente	2500
rencoroso	2500
rencurarse	2500
rendaje	2500
rendajo	2500
rendar	2500
render	2500
rendición	2500
rendidamente	2500
rendido	2500
rendija	2500
rendimiento	2500
rendir	2500
rene	2500
renegado	2500
renegar	2500
renegrear	2500
renegrido	2500
rengadero	2500
rengar	2500
rengle	2500
renglera	2500
renglonadura	2500
renglón	2500
renguear	2500
renil	2500
renitencia	2500
renitente	2500
reno	2500
renovación	2500
renovador	2500
renovar	2500
renqueante	2500
renquear	2500
renta	2500
rentabilidad	2500
rentar	2500
rentero	2500
renting	2500
rentista	2500
rentosa	2500
rentoso	2500
rentoy	2500
rentóis	2500
renuencia	2500
renuente	2500
renuevo	2500
renuncia	2500
renunciable	2500
renunciamiento	2500
renunciante	2500
renunciar	2500
renunciatario	2500
renvalsar	2500
renvalso	2500
reo	2500
reobrar	2500
reoca	2500
reoctavar	2500
reojo	2500
reorganizador	2500
reorganizar	2500
reorientar	2500
reostato	2500
rep	2500
repacer	2500
repagar	2500
repanchigar	2500
repantigar	2500
repapilar	2500
repapo	2500
reparable	2500
reparación	2500
reparamiento	2500
reparar	2500
reparativo	2500
reparo	2500
repartidor	2500
repartir	2500
reparón	2500
repasata	2500
repastar	2500
repatear	2500
repatriar	2500
repechar	2500
repeinar	2500
repelada	2500
repelar	2500
repelente	2500
repeler	2500
repellar	2500
repelo	2500
repeluco	2500
repeluzno	2500
repelús	2500
repensar	2500
repentinamente	2500
repentino	2500
repentirse	2500
repentista	2500
repentizar	2500
repercudir	2500
repercusivo	2500
repercutir	2500
repertorio	2500
repesar	2500
repescar	2500
repetibilidad	2500
repetidamente	2500
repetidor	2500
repetir	2500
repetitividad	2500
repetitivo	2500
repicar	2500
repicotear	2500
repinaldo	2500
repinar	2500
repintar	2500
repipi	2500
repiquetear	2500
repisar	2500
repitiente	2500
repizcar	2500
replantación	2500
replantar	2500
replantear	2500
replegar	2500
repletar	2500
repleto	2500
replicación	2500
replicador	2500
replicar	2500
replicato	2500
replicón	2500
repoblar	2500
repodar	2500
repodrida	2500
repodridas	2500
repodrido	2500
repodridos	2500
repodrir	2500
repodrirse	2500
repollar	2500
repolludo	2500
reponer	2500
reportaje	2500
reportamiento	2500
reportar	2500
reporterismo	2500
reportista	2500
reposadamente	2500
reposadero	2500
reposar	2500
repositorio	2500
repostar	2500
repostero	2500
repostería	2500
repoyar	2500
repreguntar	2500
reprehender	2500
reprehensible	2500
reprendedor	2500
reprender	2500
reprensible	2500
represalia	2500
represar	2500
representable	2500
representacional	2500
representanta	2500
representante	2500
representar	2500
representatividad	2500
representativo	2500
represivo	2500
represor	2500
reprimenda	2500
reprimir	2500
reprobar	2500
reprochable	2500
reprochador	2500
reprochar	2500
reproche	2500
reproducibilidad	2500
reproducible	2500
reproducir	2500
reproductivamente	2500
repropiar	2500
reptar	2500
reptil	2500
republicanismo	2500
republicano	2500
repuchar	2500
repudiar	2500
repudio	2500
repudrir	2500
repuesto	2500
repugnancia	2500
repugnar	2500
repujar	2500
repulgar	2500
repulir	2500
repullo	2500
repulsa	2500
repulsar	2500
repulsivo	2500
repulsión	2500
repuntar	2500
repurgar	2500
reputación	2500
reputado	2500
reputar	2500
repón	2500
requebrajo	2500
requebrar	2500
requemado	2500
requeridor	2500
requerimiento	2500
requerir	2500
requetebién	2500
requintador	2500
requintar	2500
requirente	2500
requisar	2500
requisición	2500
requisito	2500
requisitorio	2500
requive	2500
res	2500
resaber	2500
resabiado	2500
resabiar	2500
resabio	2500
resal	2500
resalir	2500
resallar	2500
resaltar	2500
resalte	2500
resaludar	2500
resalvo	2500
resanar	2500
resarcimiento	2500
resarcir	2500
resbaladero	2500
resbaladizo	2500
resbalador	2500
resbaladura	2500
resbalamiento	2500
resbalar	2500
resbalera	2500
resbaloso	2500
resbalón	2500
rescaldar	2500
rescatador	2500
rescatar	2500
rescate	2500
rescatista	2500
rescaza	2500
rescaño	2500
rescindir	2500
rescisión	2500
rescisorio	2500
rescoldar	2500
rescoldera	2500
rescoldo	2500
rescontrar	2500
rescribir	2500
rescripto	2500
rescriptorio	2500
rescrito	2500
resecar	2500
resección	2500
reseco	2500
resegar	2500
reseguir	2500
resellar	2500
resemblar	2500
resembrar	2500
resentir	2500
resequido	2500
reserva	2500
reservación	2500
reservadamente	2500
reservado	2500
reservar	2500
reservativo	2500
reservista	2500
reservorio	2500
reseñar	2500
resfriado	2500
resfriador	2500
resfriadura	2500
resfriamiento	2500
resfriante	2500
resfriar	2500
resguardar	2500
resguardo	2500
residencia	2500
residencial	2500
residenciar	2500
residente	2500
residir	2500
residual	2500
residuo	2500
resigna	2500
resignación	2500
resignadamente	2500
resignar	2500
resignatario	2500
resiliencia	2500
resiliente	2500
resina	2500
resinar	2500
resinero	2500
resinificar	2500
resinoso	2500
resinífero	2500
resisar	2500
resistente	2500
resistero	2500
resistible	2500
resistidero	2500
resistidor	2500
resistir	2500
resistividad	2500
resistivo	2500
resistor	2500
resobar	2500
resobrar	2500
resolano	2500
resolgar	2500
resoli	2500
resollar	2500
resoluble	2500
resolución	2500
resoluta	2500
resolutamente	2500
resolutivamente	2500
resoluto	2500
resolutoriamente	2500
resolutorio	2500
resolvente	2500
resolver	2500
resolí	2500
resonadamente	2500
resonancia	2500
resonar	2500
resoplar	2500
resorber	2500
resorte	2500
respahilando	2500
respahilar	2500
respaldar	2500
respaldo	2500
respectar	2500
respectivamente	2500
respectivo	2500
respeluzar	2500
respetabilidad	2500
respetable	2500
respetador	2500
respetar	2500
respeto	2500
respetuosa	2500
respetuosamente	2500
respetuoso	2500
respetusamente	2500
respigador	2500
respigar	2500
respingar	2500
respingón	2500
respirable	2500
respiración	2500
respiradero	2500
respirador	2500
respirar	2500
respiratorio	2500
resplandecer	2500
resplandeciente	2500
resplandecimiento	2500
resplandor	2500
resplendor	2500
responder	2500
respondonamente	2500
respondón	2500
responsabilidad	2500
responsabilizar	2500
responsable	2500
responsar	2500
responsear	2500
responsivo	2500
responsorio	2500
respuesta	2500
resquebradura	2500
resquebrajadizo	2500
resquebrajadura	2500
resquebrajamiento	2500
resquebrajar	2500
resquebrajoso	2500
resquebrar	2500
resquemar	2500
resquemo	2500
resquemor	2500
resquicio	2500
resquilar	2500
resquitar	2500
resta	2500
restablecer	2500
restablecimiento	2500
restallar	2500
restallido	2500
restante	2500
restar	2500
restauración	2500
restaurador	2500
restaurante	2500
restaurar	2500
restaurativo	2500
restañar	2500
restaño	2500
restinga	2500
restingar	2500
restitución	2500
restituidor	2500
restituir	2500
restitutorio	2500
resto	2500
restregadura	2500
restregamiento	2500
restregar	2500
restribar	2500
restricción	2500
restrictivamente	2500
restrictivo	2500
restricto	2500
restringa	2500
restringente	2500
restringido	2500
restringir	2500
restriñir	2500
restrojo	2500
resucitado	2500
resucitador	2500
resucitar	2500
resudar	2500
resuello	2500
resueltamente	2500
resuelto	2500
resuelve	2500
resulta	2500
resultado	2500
resultancia	2500
resultando	2500
resultante	2500
resultar	2500
resumen	2500
resumidamente	2500
resumir	2500
resurgir	2500
resurrección	2500
resurtir	2500
resurtivo	2500
retablo	2500
retacar	2500
retacear	2500
retador	2500
retaguardia	2500
retahíla	2500
retajar	2500
retal	2500
retallar	2500
retallecer	2500
retama	2500
retamal	2500
retamar	2500
retamero	2500
retar	2500
retardador	2500
retardar	2500
retardativo	2500
retardatorio	2500
retardo	2500
retartalillas	2500
retasar	2500
retazar	2500
retejador	2500
retejar	2500
retejer	2500
retel	2500
retemblar	2500
retención	2500
retenedor	2500
retener	2500
retenidamente	2500
retenimiento	2500
retentar	2500
retentivo	2500
retesamiento	2500
retesar	2500
retestinar	2500
reteñir	2500
reticencia	2500
reticente	2500
reticular	2500
retinar	2500
retinglar	2500
retiniano	2500
retintín	2500
retiración	2500
retiradamente	2500
retirado	2500
retirar	2500
retiñir	2500
reto	2500
retocador	2500
retocar	2500
retomar	2500
retor	2500
retorcer	2500
retorcido	2500
retorcijar	2500
retorcijo	2500
retoricar	2500
retornar	2500
retornelo	2500
retorromano	2500
retorrománico	2500
retorsivo	2500
retorta	2500
retortijar	2500
retortijón	2500
retostar	2500
retozador	2500
retozadura	2500
retozar	2500
retoñar	2500
retoñecer	2500
retoño	2500
retractable	2500
retractación	2500
retractar	2500
retractilado	2500
retractilar	2500
retractilidad	2500
retraducir	2500
retraer	2500
retraimiento	2500
retranca	2500
retrancar	2500
retranquear	2500
retransmitir	2500
retrasado	2500
retrasar	2500
retraso	2500
retratador	2500
retratar	2500
retratista	2500
retrato	2500
retrayente	2500
retrechar	2500
retrechero	2500
retrepar	2500
retrete	2500
retribución	2500
retribuir	2500
retributivo	2500
retrillar	2500
retroacción	2500
retroactividad	2500
retroactivo	2500
retroalimentación	2500
retroalimentar	2500
retrocar	2500
retrocarga	2500
retroceder	2500
retroceso	2500
retrogradar	2500
retroguardia	2500
retronar	2500
retrospectivo	2500
retrotraer	2500
retrovender	2500
retroventa	2500
retrovisor	2500
retrucar	2500
retráctil	2500
retrógrado	2500
retuelle	2500
retumbante	2500
retumbar	2500
retundir	2500
retén	2500
retícula	2500
retículo	2500
retórica	2500
retóricamente	2500
retórico	2500
reucliniano	2500
reuma	2500
reumatismo	2500
reumatoide	2500
reumática	2500
reumático	2500
reunificación	2500
reunir	2500
reuntar	2500
reusense	2500
reutilizar	2500
rev	2500
revalidar	2500
revalorizar	2500
revaluar	2500
revancha	2500
revanchismo	2500
revanchista	2500
revejecer	2500
revejido	2500
revejudo	2500
revelación	2500
revelador	2500
revelamiento	2500
revelandero	2500
revelar	2500
reveler	2500
revenar	2500
revencer	2500
revendedera	2500
revender	2500
revenimiento	2500
revenir	2500
reventa	2500
reventadero	2500
reventador	2500
reventar	2500
rever	2500
reverberación	2500
reverberar	2500
reverbero	2500
reverdecer	2500
reverencia	2500
reverenciador	2500
reverencial	2500
reverenciar	2500
reverendo	2500
reverente	2500
reverentemente	2500
reversa	2500
reversar	2500
reversibilidad	2500
reversible	2500
reverter	2500
revertir	2500
revesar	2500
revesino	2500
revestimiento	2500
revestir	2500
revezar	2500
revezo	2500
revidar	2500
reviejo	2500
revinar	2500
revindicar	2500
revirar	2500
revisar	2500
revisionismo	2500
revisionista	2500
revisor	2500
revista	2500
revistar	2500
revistero	2500
revisto	2500
revitalizar	2500
revividero	2500
revivificar	2500
revivir	2500
revocabilidad	2500
revocable	2500
revocablemente	2500
revocador	2500
revocadura	2500
revocar	2500
revocatorio	2500
revolar	2500
revolcadero	2500
revolcar	2500
revolcón	2500
revolear	2500
revolotear	2500
revoltijo	2500
revoltillo	2500
revoltoso	2500
revoltón	2500
revolucionar	2500
revolucionario	2500
revolución	2500
revolvedero	2500
revolvedor	2500
revolver	2500
revolvimiento	2500
revoque	2500
revotar	2500
revueltamente	2500
revuelto	2500
revuelvepiedras	2500
revulsivo	2500
revulsión	2500
revulsorio	2500
revé	2500
revén	2500
revés	2500
revólver	2500
reyerta	2500
reyezuelo	2500
rezado	2500
rezador	2500
rezagar	2500
rezago	2500
rezandero	2500
rezar	2500
rezno	2500
rezo	2500
rezongador	2500
rezongar	2500
rezonglar	2500
rezongo	2500
rezonguero	2500
rezumadero	2500
rezumar	2500
rezura	2500
rezurcir	2500
rezón	2500
reír	2500
reñidero	2500
reñido	2500
reñir	2500
reóstato	2500
ria	2500
riacho	2500
riachuelo	2500
riada	2500
riais	2500
riatillo	2500
ribacera	2500
ribadense	2500
ribagorzano	2500
ribaldo	2500
ribazo	2500
ribera	2500
riberano	2500
ribereño	2500
riberiego	2500
ribero	2500
ribete	2500
ribeteado	2500
ribeteador	2500
ribetear	2500
ribonucleico	2500
ribonucleótido	2500
ribosa	2500
ribosoma	2500
rica	2500
ricacho	2500
ricahembra	2500
ricahombría	2500
ricamente	2500
ricia	2500
ricial	2500
ricino	2500
ricio	2500
rico	2500
ricohombre	2500
rictus	2500
ricura	2500
ridiculez	2500
ridiculizar	2500
ridículamente	2500
ridículo	2500
riego	2500
riel	2500
rielar	2500
rielera	2500
rienda	2500
riera	2500
riesgo	2500
riestra	2500
rifa	2500
rifador	2500
rifadura	2500
rifar	2500
rifarrafa	2500
rifirrafe	2500
rifle	2500
rigente	2500
rigidez	2500
rigodón	2500
rigor	2500
rigorismo	2500
rigorista	2500
rigoroso	2500
riguridad	2500
rigurosamente	2500
rigurosidad	2500
riguroso	2500
rijador	2500
rijoso	2500
rilar	2500
rima	2500
rimador	2500
rimar	2500
rimbombancia	2500
rimbombante	2500
rimbombantemente	2500
rimbombar	2500
rimero	2500
rinconera	2500
ringar	2500
ringla	2500
ringle	2500
ringlera	2500
ringlero	2500
ringorrango	2500
rinitis	2500
rinoceronte	2500
rinoplastia	2500
rinoscopia	2500
rio	2500
riojano	2500
riolada	2500
rionegrino	2500
rioplatense	2500
riosellano	2500
riostrar	2500
ripiao	2500
ripiar	2500
ripio	2500
ripioso	2500
riqueza	2500
riquísimo	2500
risa	2500
risada	2500
riscal	2500
riscar	2500
riscoso	2500
risibilidad	2500
risible	2500
riso	2500
risotada	2500
risotear	2500
rispo	2500
ristolero	2500
ristra	2500
ristre	2500
ristrel	2500
risueño	2500
rita	2500
rite	2500
ritmar	2500
ritmo	2500
rito	2500
ritual	2500
ritualidad	2500
ritualismo	2500
ritualista	2500
rival	2500
rivalidad	2500
rivalizar	2500
rivera	2500
riza	2500
rizado	2500
rizador	2500
rizar	2500
rizo	2500
rizoide	2500
rizoma	2500
rizoso	2500
rizón	2500
rizópodo	2500
riña	2500
riñonada	2500
riñonera	2500
riñón	2500
ro	2500
roano	2500
rob	2500
robada	2500
robadera	2500
robadizo	2500
robado	2500
robador	2500
robaliza	2500
robar	2500
robeco	2500
robezo	2500
robinia	2500
robladero	2500
robladura	2500
roblar	2500
roble	2500
robleda	2500
robledal	2500
robledo	2500
roblizo	2500
roblonar	2500
robo	2500
roborante	2500
roborar	2500
roborativo	2500
robot	2500
robra	2500
robrar	2500
robre	2500
robredal	2500
robredo	2500
robustamente	2500
robustecer	2500
robustecimiento	2500
robustez	2500
robusto	2500
robótica	2500
roca	2500
rocada	2500
rocadero	2500
rocalla	2500
rocalloso	2500
rocambola	2500
rocambolescamente	2500
roce	2500
rocero	2500
rochar	2500
rociada	2500
rociadera	2500
rociador	2500
rociadura	2500
rociamiento	2500
rociar	2500
rociero	2500
rocinal	2500
rocinante	2500
rocino	2500
rock	2500
rococó	2500
rocoso	2500
rocín	2500
rocío	2500
rocódromo	2500
roda	2500
rodaballo	2500
rodada	2500
rodadero	2500
rodadizo	2500
rodado	2500
rodador	2500
rodadura	2500
rodaja	2500
rodaje	2500
rodal	2500
rodamiento	2500
rodancha	2500
rodancho	2500
rodante	2500
rodapelo	2500
rodaplancha	2500
rodar	2500
rodea	2500
rodeabrazo	2500
rodeador	2500
rodear	2500
rodela	2500
rodelero	2500
rodenal	2500
rodeno	2500
rodeo	2500
rodera	2500
rodericense	2500
rodero	2500
rodete	2500
rodezno	2500
rodillero	2500
rodillo	2500
rodilludo	2500
rodio	2500
rododendro	2500
rodomiel	2500
rodreja	2500
rodrejo	2500
rodrigar	2500
roedor	2500
roedura	2500
roela	2500
roer	2500
roete	2500
rogado	2500
rogador	2500
rogar	2500
rogativa	2500
rogativo	2500
rogatorio	2500
rojal	2500
rojear	2500
rojete	2500
rojeto	2500
rojez	2500
rojizo	2500
rojo	2500
rojura	2500
rol	2500
rolar	2500
roldana	2500
roldar	2500
rolde	2500
roleo	2500
rolla	2500
rollar	2500
rolletal	2500
rollizo	2500
rollo	2500
rollona	2500
romadizar	2500
romadizo	2500
romaico	2500
romana	2500
romanador	2500
romanar	2500
romanato	2500
romance	2500
romanceador	2500
romancear	2500
romancerista	2500
romancero	2500
romancesco	2500
romanche	2500
romancista	2500
romanear	2500
romanero	2500
romanesco	2500
romanina	2500
romanismo	2500
romanista	2500
romanización	2500
romanizar	2500
romano	2500
romanticismo	2500
romanzador	2500
romanzar	2500
romaní	2500
romaza	2500
rombal	2500
rombo	2500
romboedro	2500
romboidal	2500
romboide	2500
romeo	2500
romeral	2500
romeriego	2500
romero	2500
romería	2500
romo	2500
rompecabezas	2500
rompecoches	2500
rompedera	2500
rompedero	2500
rompedor	2500
rompedura	2500
rompegalas	2500
rompehielos	2500
rompenecios	2500
rompeolas	2500
rompepoyos	2500
romper	2500
rompesacos	2500
rompesquinas	2500
rompible	2500
rompido	2500
rompiente	2500
rompimiento	2500
román	2500
románico	2500
romántico	2500
romí	2500
romín	2500
ron	2500
ronca	2500
roncador	2500
roncal	2500
roncamente	2500
roncar	2500
ronce	2500
roncear	2500
roncero	2500
roncha	2500
ronchar	2500
ronco	2500
roncón	2500
rondador	2500
rondalla	2500
rondana	2500
rondar	2500
rondiz	2500
rondís	2500
rondón	2500
ronquear	2500
ronquedad	2500
ronquera	2500
ronquez	2500
ronquido	2500
ronronear	2500
ronza	2500
ronzal	2500
ronzar	2500
ronzuella	2500
ropa	2500
ropaje	2500
ropavejero	2500
ropero	2500
ropeta	2500
ropón	2500
roqueda	2500
roquedal	2500
roquedo	2500
roquefort	2500
roquero	2500
roqueta	2500
roquete	2500
roqués	2500
rorante	2500
rorar	2500
rorcual	2500
rorro	2500
ros	2500
rosa	2500
rosadelfa	2500
rosadillo	2500
rosado	2500
rosal	2500
rosaleda	2500
rosalera	2500
rosar	2500
rosariero	2500
rosarino	2500
rosbif	2500
rosca	2500
roscadero	2500
roscar	2500
roscón	2500
rosear	2500
roses	2500
roseta	2500
rosetón	2500
rosicler	2500
rosigar	2500
rosjo	2500
rosmarino	2500
rosmaro	2500
roso	2500
rosoli	2500
rosquete	2500
rosquillero	2500
rostir	2500
rostrado	2500
rostral	2500
rostrata	2500
rostritorcido	2500
rostrituerto	2500
rostrizo	2500
rostro	2500
rosácea	2500
rosáceo	2500
rotacismo	2500
rotación	2500
rotal	2500
rotar	2500
rotativo	2500
rotatorio	2500
roto	2500
rotonda	2500
rotor	2500
rotulador	2500
rotular	2500
rotulata	2500
rotuliano	2500
rotunda	2500
rotundamente	2500
rotundidad	2500
rotundo	2500
rotura	2500
roturador	2500
roturar	2500
rouge	2500
roya	2500
royega	2500
royo	2500
roza	2500
rozadera	2500
rozadero	2500
rozador	2500
rozadura	2500
rozagante	2500
rozamiento	2500
rozar	2500
roznar	2500
roznido	2500
roído	2500
roña	2500
roñar	2500
rte	2500
ruandés	2500
ruano	2500
ruante	2500
ruar	2500
rubefacción	2500
rubescente	2500
rubeta	2500
rubia	2500
rubial	2500
rubicela	2500
rubicundez	2500
rubicundo	2500
rubidio	2500
rubiel	2500
rubificar	2500
rubilla	2500
rubio	2500
rubiácea	2500
rubiáceo	2500
rubión	2500
rublo	2500
rubo	2500
rubor	2500
ruborizar	2500
ruborosamente	2500
ruboroso	2500
rubricante	2500
rubricar	2500
rubricista	2500
rubriquista	2500
rubro	2500
rubín	2500
rucar	2500
ruchar	2500
ruciadera	2500
rucio	2500
ruda	2500
rudamente	2500
rudeza	2500
rudimental	2500
rudimentariamente	2500
rudimentario	2500
rudimento	2500
rudo	2500
rueca	2500
rueda	2500
ruedero	2500
ruedo	2500
ruego	2500
ruejo	2500
ruello	2500
ruezno	2500
rufeta	2500
rufezno	2500
rufianear	2500
rufianería	2500
rufianesca	2500
rufianesco	2500
rufián	2500
rufo	2500
rugar	2500
rugby	2500
rugido	2500
rugidor	2500
ruginoso	2500
rugir	2500
rugosidad	2500
rugoso	2500
ruibarbo	2500
ruido	2500
ruidosamente	2500
ruidoso	2500
ruin	2500
ruina	2500
ruinar	2500
ruindad	2500
ruinera	2500
ruinmente	2500
ruinoso	2500
ruiponce	2500
ruiseñor	2500
rujiar	2500
rular	2500
ruleta	2500
rulo	2500
rumano	2500
rumbar	2500
rumbo	2500
rumbosamente	2500
rumboso	2500
rumia	2500
rumiaco	2500
rumiador	2500
rumiadura	2500
rumiante	2500
rumiar	2500
rumo	2500
rumor	2500
rumorear	2500
rumoroso	2500
runa	2500
rundel	2500
runflante	2500
runflar	2500
rungo	2500
runo	2500
runrunear	2500
runrún	2500
rupestre	2500
rupia	2500
rupicabra	2500
rupicapra	2500
ruptura	2500
ruqueta	2500
rural	2500
ruralmente	2500
rus	2500
rusco	2500
rusentar	2500
rusiente	2500
rusificar	2500
ruso	2500
rusticano	2500
rusticar	2500
rusticidad	2500
rustiquez	2500
rustir	2500
rustrir	2500
ruta	2500
rutar	2500
rutel	2500
rutenio	2500
ruteno	2500
rutilante	2500
rutilar	2500
rutilo	2500
rutina	2500
rutinariamente	2500
rutinario	2500
rutinero	2500
rutácea	2500
rutáceo	2500
ruñar	2500
rvd	2500
rvdo	2500
rábano	2500
rábida	2500
rábido	2500
rábula	2500
rácord	2500
ráfaga	2500
ránula	2500
rápidamente	2500
récord	2500
récords	2500
rédito	2500
réflex	2500
régimen	2500
régulo	2500
rémora	2500
réplica	2500
réprobo	2500
réquiem	2500
rético	2500
ría	2500
rígidamente	2500
rígido	2500
rítmicamente	2500
rítmico	2500
róbalo	2500
róseo	2500
rótula	2500
rótulo	2500
rúa	2500
rúbrica	2500
rúnico	2500
rústicamente	2500
rústico	2500
sabadellense	2500
sabadeño	2500
sabadiego	2500
sabalar	2500
sabalera	2500
sabalero	2500
sabana	2500
sabandija	2500
sabandijuela	2500
sabanero	2500
sabatario	2500
sabatina	2500
sabatino	2500
sabatismo	2500
sabatizar	2500
sabaya	2500
sabañón	2500
sabedor	2500
sabela	2500
sabelianismo	2500
sabeliano	2500
sabelotodo	2500
sabeo	2500
sabiamente	2500
sabida	2500
sabidillo	2500
sabido	2500
sabiduría	2500
sabiendas	2500
sabihondez	2500
sabihondo	2500
sabinar	2500
sabino	2500
sabio	2500
sabiondamente	2500
sabiondez	2500
sabiondo	2500
sable	2500
sableador	2500
sablear	2500
sablista	2500
saboga	2500
sabogal	2500
sabonera	2500
saboneta	2500
sabor	2500
saborea	2500
saboreador	2500
saboreamiento	2500
saborear	2500
saborgar	2500
saborizante	2500
sabotaje	2500
saboteador	2500
sabotear	2500
saboyano	2500
sabre	2500
sabrosamente	2500
sabroso	2500
sabucal	2500
sabuco	2500
sabueso	2500
sabugal	2500
sabugo	2500
sabuloso	2500
saburra	2500
saburrar	2500
sabático	2500
saca	2500
sacabala	2500
sacabocado	2500
sacabotas	2500
sacabrocas	2500
sacabuche	2500
sacacorchos	2500
sacacuartos	2500
sacada	2500
sacadera	2500
sacadineros	2500
sacador	2500
sacadura	2500
sacaleches	2500
sacamanchas	2500
sacamantas	2500
sacamantecas	2500
sacamiento	2500
sacamuelas	2500
sacamuertos	2500
sacanabo	2500
sacanete	2500
sacapelotas	2500
sacapotras	2500
sacapuntas	2500
sacar	2500
sacarificar	2500
sacarina	2500
sacarino	2500
sacaroideo	2500
sacarosa	2500
sacasillas	2500
sacatrapos	2500
sacerdocio	2500
sacerdotal	2500
sacerdote	2500
sacerdotisa	2500
sachadura	2500
sachar	2500
saciable	2500
saciar	2500
saciedad	2500
sacio	2500
saco	2500
sacomano	2500
sacra	2500
sacralizar	2500
sacramentado	2500
sacramental	2500
sacramentalmente	2500
sacramentar	2500
sacramentario	2500
sacramentino	2500
sacramento	2500
sacre	2500
sacrificadero	2500
sacrificador	2500
sacrificar	2500
sacrificio	2500
sacrilegio	2500
sacrismoche	2500
sacrista	2500
sacristana	2500
sacristanesco	2500
sacristán	2500
sacristía	2500
sacro	2500
sacrosanto	2500
sacrílego	2500
sacudida	2500
sacudidor	2500
sacudidura	2500
sacudimiento	2500
sacudir	2500
sadismo	2500
saduceo	2500
saeta	2500
saetar	2500
saetazo	2500
saetear	2500
saetero	2500
saetía	2500
safari	2500
safena	2500
safismo	2500
saga	2500
sagacidad	2500
sagallino	2500
sagapeno	2500
sagaz	2500
sagazmente	2500
sagita	2500
sagital	2500
sagitaria	2500
sagitario	2500
sagradamente	2500
sagrado	2500
sagrario	2500
saguntino	2500
sahariano	2500
sahinar	2500
sahornar	2500
sahumador	2500
sahumadura	2500
sahumar	2500
sahumerio	2500
sahína	2500
sainar	2500
sainete	2500
sainetear	2500
sainetero	2500
sainetesco	2500
sainetista	2500
sajada	2500
sajador	2500
sajadura	2500
sajar	2500
sajelar	2500
sajón	2500
sal	2500
sala	2500
salabardear	2500
salabardo	2500
salacenco	2500
salacidad	2500
salacot	2500
salada	2500
saladamente	2500
saladar	2500
saladero	2500
saladillo	2500
salado	2500
salador	2500
saladura	2500
salamandra	2500
salamandria	2500
salamandrino	2500
salamanquero	2500
salamanquino	2500
salami	2500
salamunda	2500
salangana	2500
salar	2500
salarial	2500
salariar	2500
salario	2500
salaz	2500
salazonero	2500
salazón	2500
salbanda	2500
salce	2500
salceda	2500
salcedo	2500
salchicha	2500
salchichero	2500
salchichón	2500
salchucho	2500
salcinar	2500
salcochar	2500
saldar	2500
salderita	2500
saldista	2500
saldo	2500
saldorija	2500
saldubense	2500
salear	2500
saledizo	2500
salegar	2500
salema	2500
salentino	2500
salep	2500
salera	2500
salernitano	2500
salero	2500
saleroso	2500
salesa	2500
salesiano	2500
saleta	2500
salga	2500
salgada	2500
salgadera	2500
salgar	2500
salgareño	2500
salguera	2500
salguero	2500
salicaria	2500
salicilato	2500
salicina	2500
salicor	2500
salicílico	2500
salida	2500
salidero	2500
salidizo	2500
salido	2500
saliente	2500
salientemente	2500
salificar	2500
salimiento	2500
salina	2500
salinero	2500
salinidad	2500
salino	2500
salio	2500
salipirina	2500
salir	2500
salisipan	2500
salisípanes	2500
salitrado	2500
salitral	2500
salitre	2500
salitrera	2500
salitrero	2500
salitroso	2500
saliva	2500
salivación	2500
salivadera	2500
salivajo	2500
salival	2500
salivar	2500
salivazo	2500
salivera	2500
salivoso	2500
sallador	2500
salladura	2500
sallar	2500
sallete	2500
salma	2500
salmanticense	2500
salmantino	2500
salmar	2500
salmear	2500
salmer	2500
salmera	2500
salmerón	2500
salmista	2500
salmo	2500
salmodiar	2500
salmonada	2500
salmonado	2500
salmonera	2500
salmonete	2500
salmorejo	2500
salmuera	2500
salmuerar	2500
salmón	2500
salobral	2500
salobre	2500
salobreño	2500
salobridad	2500
salol	2500
salomar	2500
salomonense	2500
salomónico	2500
saloncillo	2500
salpa	2500
salpicadero	2500
salpicadura	2500
salpicar	2500
salpimentar	2500
salpique	2500
salpresamiento	2500
salpresar	2500
salpuga	2500
salpullir	2500
salsa	2500
salsamentar	2500
salsamento	2500
salsear	2500
salsedumbre	2500
salsera	2500
salsereta	2500
salsero	2500
salseruela	2500
salso	2500
salsoláceo	2500
saltabanco	2500
saltabardales	2500
saltabarrancos	2500
saltacaballo	2500
saltacharquillos	2500
saltadero	2500
saltadizo	2500
saltado	2500
saltador	2500
saltadura	2500
saltaembanco	2500
saltaembarca	2500
saltambarca	2500
saltamontes	2500
saltaojos	2500
saltapajas	2500
saltaparedes	2500
saltaprados	2500
saltar	2500
saltarel	2500
saltarelo	2500
saltarilla	2500
saltarregla	2500
saltarrostro	2500
saltatriz	2500
saltatumbas	2500
salteador	2500
salteadora	2500
salteamiento	2500
saltear	2500
salterio	2500
salteño	2500
saltigallo	2500
saltimbanco	2500
saltimbanqui	2500
salto	2500
salubre	2500
salubridad	2500
salud	2500
saludablemente	2500
saludador	2500
saludar	2500
saludo	2500
salumbre	2500
salutación	2500
salute	2500
salva	2500
salvabarros	2500
salvable	2500
salvachia	2500
salvación	2500
salvadamente	2500
salvadera	2500
salvado	2500
salvador	2500
salvadoreño	2500
salvaguardar	2500
salvaguardia	2500
salvajada	2500
salvajemente	2500
salvajez	2500
salvajino	2500
salvajismo	2500
salvamano	2500
salvamanteles	2500
salvamento	2500
salvamiento	2500
salvante	2500
salvar	2500
salvaterrano	2500
salvatiqueza	2500
salvavidas	2500
salve	2500
salvia	2500
salvoconducto	2500
salvohonor	2500
salvático	2500
salzmimbre	2500
salón	2500
sama	2500
samanta	2500
samarilla	2500
samario	2500
samarita	2500
samaritano	2500
samarugo	2500
samaruguera	2500
sambenitar	2500
sambenito	2500
samblaje	2500
sambuca	2500
samio	2500
samnite	2500
samoano	2500
samosateno	2500
samosatense	2500
samotracio	2500
samovar	2500
samoyedo	2500
sampaguita	2500
sampedrano	2500
sampsuco	2500
samuga	2500
samugo	2500
samuray	2500
samurrar	2500
samurái	2500
sana	2500
sanable	2500
sanación	2500
sanador	2500
sanalotodo	2500
sanamente	2500
sanamunda	2500
sananica	2500
sanantona	2500
sanapudio	2500
sanar	2500
sanativo	2500
sanatorio	2500
sanchecia	2500
sanchete	2500
sanchina	2500
sancho	2500
sanchopancesco	2500
sancionador	2500
sancionar	2500
sancionatorio	2500
sancirole	2500
sanción	2500
sancochar	2500
sancristobaleño	2500
sancta	2500
sanctasanctórum	2500
sanctus	2500
sandalia	2500
sandalino	2500
sandez	2500
sandial	2500
sandiar	2500
sandio	2500
sanducero	2500
sandunga	2500
sandunguero	2500
sandwichera	2500
sandáraca	2500
sandía	2500
saneamiento	2500
sanear	2500
sanedrín	2500
sanfrancia	2500
sangley	2500
sangonera	2500
sangradera	2500
sangrador	2500
sangradura	2500
sangrante	2500
sangrantemente	2500
sangrar	2500
sangraza	2500
sangre	2500
sangredo	2500
sangrentar	2500
sangricio	2500
sangrientamente	2500
sangriento	2500
sangriza	2500
sangría	2500
sanguaza	2500
sanguificar	2500
sanguijolero	2500
sanguijuela	2500
sanguijuelero	2500
sanguina	2500
sanguinaria	2500
sanguinario	2500
sanguino	2500
sanguinolencia	2500
sanguinolento	2500
sanguinoso	2500
sanguis	2500
sanguisorba	2500
sanguisuela	2500
sanguja	2500
sanguíneo	2500
sanidad	2500
sanidina	2500
sanie	2500
sanioso	2500
sanitario	2500
sanjacado	2500
sanjacato	2500
sanjaco	2500
sanjar	2500
sanjuanada	2500
sanjuanero	2500
sanjuanino	2500
sanjuanista	2500
sanluisero	2500
sanluiseño	2500
sanmarinense	2500
sanmartiniano	2500
sanmiguelada	2500
sano	2500
sansa	2500
sanscritista	2500
sansimoniano	2500
sansimonismo	2500
sanso	2500
sansón	2500
santacruceño	2500
santafecino	2500
santafesino	2500
santaluciano	2500
santamente	2500
santanderino	2500
santateresa	2500
santera	2500
santero	2500
santiaguero	2500
santiagueño	2500
santiaguino	2500
santiaguista	2500
santiamén	2500
santidad	2500
santificación	2500
santificadamente	2500
santificador	2500
santificante	2500
santificar	2500
santificativo	2500
santiguadera	2500
santiguador	2500
santiguamiento	2500
santiguar	2500
santimonia	2500
santiscario	2500
santo	2500
santonina	2500
santoral	2500
santotomense	2500
santuario	2500
santucho	2500
santurrón	2500
santísimamente	2500
santísimo	2500
santón	2500
santónico	2500
sanvicentino	2500
sao	2500
sapa	2500
sapenco	2500
sapiencia	2500
sapiencial	2500
sapillo	2500
sapina	2500
sapindácea	2500
sapindáceo	2500
sapino	2500
sapo	2500
saponaria	2500
saponificación	2500
saponificar	2500
sapote	2500
sapotácea	2500
sapotáceo	2500
saprofito	2500
saque	2500
saqueador	2500
saqueamiento	2500
saquear	2500
saqueo	2500
saquero	2500
saquete	2500
saquilada	2500
sarama	2500
sarampión	2500
sarao	2500
sarapia	2500
sarapico	2500
sarasa	2500
sarazo	2500
sarcasmo	2500
sarcia	2500
sarcocola	2500
sarcolema	2500
sarcoma	2500
sarcásticamente	2500
sarcástico	2500
sarcófago	2500
sardana	2500
sarde	2500
sardesco	2500
sardiano	2500
sardicense	2500
sardina	2500
sardinal	2500
sardinel	2500
sardinero	2500
sardineta	2500
sardio	2500
sardo	2500
sardonal	2500
sardonia	2500
sardonio	2500
sardón	2500
sardónicamente	2500
sardónice	2500
sardónico	2500
sarga	2500
sargada	2500
sargadilla	2500
sargado	2500
sargal	2500
sargantana	2500
sargantesa	2500
sargatillo	2500
sargenta	2500
sargente	2500
sargentear	2500
sargento	2500
sargentona	2500
sargo	2500
sarguero	2500
sarilla	2500
sarillo	2500
sarmentador	2500
sarmentar	2500
sarmentazo	2500
sarmentera	2500
sarmenticio	2500
sarmentoso	2500
sarmiento	2500
sarna	2500
sarnazo	2500
sarnosamente	2500
sarnoso	2500
sarpullido	2500
sarpullir	2500
sarracear	2500
sarraceno	2500
sarrapia	2500
sarria	2500
sarrieta	2500
sarrio	2500
sarro	2500
sarroso	2500
sarta	2500
sartal	2500
sartenada	2500
sartenazo	2500
sarteneja	2500
sartenero	2500
sartorio	2500
sartén	2500
sarza	2500
sarzo	2500
sastre	2500
sastrería	2500
satandera	2500
satanismo	2500
satanás	2500
satinado	2500
satinador	2500
satinar	2500
satiriasis	2500
satirio	2500
satirizante	2500
satirizar	2500
satirión	2500
satis	2500
satisfacción	2500
satisfacer	2500
satisfactoria	2500
satisfactoriamente	2500
satisfactorio	2500
satisfaz	2500
satisfecha	2500
satisfechamente	2500
satisfecho	2500
sato	2500
saturado	2500
saturar	2500
saturnal	2500
saturnino	2500
saturnio	2500
saturnismo	2500
saturno	2500
satánico	2500
satélite	2500
satén	2500
satírico	2500
sauce	2500
sauceda	2500
saucegatillo	2500
saucera	2500
saudade	2500
saudí	2500
saudíes	2500
sauna	2500
sauquillo	2500
saurio	2500
sausería	2500
sausier	2500
sauz	2500
sauzgatillo	2500
savia	2500
saxafrax	2500
saxifragia	2500
saxifragácea	2500
saxifragáceo	2500
saxo	2500
saxofonista	2500
saxofón	2500
saxífraga	2500
saxófono	2500
saya	2500
sayal	2500
sayalero	2500
sayalesco	2500
sayalete	2500
sayo	2500
sayuela	2500
sayuelo	2500
sayugo	2500
sayuguina	2500
sayón	2500
saz	2500
sazonada	2500
sazonado	2500
sazonador	2500
sazonar	2500
sazón	2500
saín	2500
saíno	2500
saña	2500
sañudamente	2500
sañudo	2500
saúco	2500
scooter	2500
scooters	2500
sdad	2500
seamos	2500
seas	2500
sebado	2500
sebastiano	2500
sebe	2500
sebestén	2500
sebo	2500
seborrea	2500
seboso	2500
seca	2500
secadal	2500
secadero	2500
secado	2500
secador	2500
secamente	2500
secamiento	2500
secano	2500
secansa	2500
secante	2500
secar	2500
secaral	2500
secarral	2500
secatura	2500
seccionador	2500
seccionar	2500
sección	2500
secesionista	2500
secesión	2500
seceso	2500
seco	2500
secoya	2500
secreción	2500
secrestar	2500
secreta	2500
secretamente	2500
secretar	2500
secretaria	2500
secretariado	2500
secretario	2500
secretaría	2500
secretear	2500
secreter	2500
secretismo	2500
secretista	2500
secreto	2500
secretor	2500
secretorio	2500
secta	2500
sectador	2500
sectaria	2500
sectario	2500
sectarismo	2500
sector	2500
sectorial	2500
secuaz	2500
secuela	2500
secuencia	2500
secuenciación	2500
secuencial	2500
secuenciar	2500
secuestrador	2500
secuestrar	2500
secuestrario	2500
secuestro	2500
secular	2500
secularización	2500
secularizados	2500
secularizar	2500
secundar	2500
secundariamente	2500
secundario	2500
secundinas	2500
secuoya	2500
secura	2500
secutar	2500
sed	2500
sedadera	2500
sedal	2500
sedante	2500
sedar	2500
sedativo	2500
sede	2500
sedear	2500
sedentario	2500
sedentarismo	2500
sedente	2500
sedera	2500
sedero	2500
sedicioso	2500
sedición	2500
sediento	2500
sedimentación	2500
sedimentar	2500
sedimentario	2500
sedimento	2500
sedoso	2500
seducción	2500
seducir	2500
seductivo	2500
seductor	2500
sedán	2500
seer	2500
sefardita	2500
sefardí	2500
sefardíes	2500
sega	2500
segada	2500
segadera	2500
segadero	2500
segador	2500
segallo	2500
segar	2500
seglar	2500
seglarmente	2500
segmentación	2500
segmentado	2500
segmentar	2500
segmento	2500
segobricense	2500
segobrigense	2500
segorbino	2500
segote	2500
segoviano	2500
segoviense	2500
segregacionista	2500
segregación	2500
segregar	2500
segregativo	2500
segudar	2500
segueta	2500
seguetear	2500
seguida	2500
seguidamente	2500
seguidero	2500
seguido	2500
seguidor	2500
seguimiento	2500
seguir	2500
segundar	2500
segundero	2500
segundillo	2500
segundogenitura	2500
segundogénito	2500
segundón	2500
seguntino	2500
segur	2500
seguramente	2500
segurar	2500
seguro	2500
seico	2500
seisavar	2500
seiscientas	2500
seiscientos	2500
seise	2500
seiseno	2500
sel	2500
selacio	2500
seleccionador	2500
selección	2500
selectas	2500
selectivamente	2500
selectividad	2500
selectivo	2500
selecto	2500
selector	2500
selenio	2500
selenita	2500
selenitoso	2500
seleniuro	2500
selenografía	2500
selenosis	2500
selenógrafo	2500
sellado	2500
sellador	2500
selladura	2500
sellar	2500
sello	2500
selva	2500
selvicultura	2500
selvoso	2500
selvático	2500
semanal	2500
semanalmente	2500
semanario	2500
semanero	2500
semblante	2500
semblanza	2500
semblar	2500
sembrada	2500
sembradera	2500
sembrado	2500
sembrador	2500
sembradura	2500
sembradío	2500
sembrar	2500
semeja	2500
semejante	2500
semejantemente	2500
semejanza	2500
semejar	2500
semen	2500
semencera	2500
semental	2500
sementar	2500
sementera	2500
sementero	2500
sementino	2500
semestral	2500
semestralmente	2500
semestre	2500
semiabierto	2500
semianalfabeto	2500
semiautomático	2500
semibreve	2500
semicabrón	2500
semicadencia	2500
semicapro	2500
semiconsciente	2500
semiconsonante	2500
semicopado	2500
semicursivo	2500
semideo	2500
semideponente	2500
semidiós	2500
semidoble	2500
semidormido	2500
semielaborado	2500
semifinal	2500
semifinalista	2500
semiforme	2500
semiinconsciente	2500
semilla	2500
semillero	2500
semilunio	2500
seminal	2500
seminario	2500
seminarista	2500
semiología	2500
semiotecnia	2500
semipenumbra	2500
semiplena	2500
semirrecto	2500
semirrefinado	2500
semis	2500
semita	2500
semitismo	2500
semitista	2500
semitono	2500
semitransparente	2500
semiótica	2500
semiótico	2500
semoviente	2500
sempiterna	2500
sempiterno	2500
semáforo	2500
semántica	2500
semántico	2500
semítico	2500
sen	2500
sena	2500
senada	2500
senado	2500
senador	2500
senaduría	2500
senatorial	2500
senatorio	2500
sencillamente	2500
sencillez	2500
sencillo	2500
senda	2500
senderar	2500
senderear	2500
senderismo	2500
sendero	2500
senderuela	2500
sendos	2500
sene	2500
senectud	2500
senegalés	2500
senequismo	2500
senequista	2500
senescal	2500
senescalía	2500
senescencia	2500
senescente	2500
senil	2500
senilidad	2500
senior	2500
seno	2500
senoidal	2500
senoide	2500
sensacional	2500
sensacionalismo	2500
sensacionalista	2500
sensacionalistamente	2500
sensacionalísticamente	2500
sensación	2500
sensata	2500
sensatamente	2500
sensatez	2500
sensato	2500
senserina	2500
sensibilidad	2500
sensibilización	2500
sensibilizado	2500
sensibilizar	2500
sensible	2500
sensiblemente	2500
sensiblero	2500
sensiblería	2500
sensitiva	2500
sensitivo	2500
sensor	2500
sensorial	2500
sensorialmente	2500
sensorio	2500
sensual	2500
sensualidad	2500
sensualismo	2500
sensualista	2500
sensualmente	2500
sentada	2500
sentadero	2500
sentadillas	2500
sentado	2500
sentamiento	2500
sentar	2500
sentencia	2500
sentenciador	2500
sentenciar	2500
sentenciosamente	2500
sentencioso	2500
senticar	2500
sentida	2500
sentidamente	2500
sentido	2500
sentimental	2500
sentimentalidad	2500
sentimentalismo	2500
sentimentalmente	2500
sentimiento	2500
sentina	2500
sentir	2500
seo	2500
seor	2500
separable	2500
separación	2500
separadamente	2500
separado	2500
separador	2500
separar	2500
separata	2500
separatismo	2500
separatista	2500
separatistamente	2500
separativo	2500
sepelio	2500
sepelir	2500
sepia	2500
septena	2500
septenario	2500
septenio	2500
septeno	2500
septentrional	2500
septentrión	2500
septeto	2500
septicemia	2500
septingentésimo	2500
septuagenario	2500
septuagesimoctavo	2500
septuagesimocuarto	2500
septuagesimonono	2500
septuagesimonoveno	2500
septuagesimoprimero	2500
septuagesimoquinto	2500
septuagesimosegundo	2500
septuagesimosexto	2500
septuagesimoséptimo	2500
septuagesimotercero	2500
septuagésimo	2500
septuplicar	2500
sepulcral	2500
sepulcralmente	2500
sepulcro	2500
sepultador	2500
sepultar	2500
sepulto	2500
sepultura	2500
sepulturero	2500
sequedad	2500
sequeral	2500
sequero	2500
sequillo	2500
sequizo	2500
sequía	2500
serado	2500
serafina	2500
serafín	2500
seraje	2500
seranear	2500
serano	2500
serapino	2500
serba	2500
serbal	2500
serbio	2500
serbocroata	2500
seremos	2500
serenamente	2500
serenar	2500
serenata	2500
serendipia	2500
serenero	2500
serenidad	2500
sereno	2500
seres	2500
serete	2500
serial	2500
seriamente	2500
seriar	2500
sericicultor	2500
sericicultura	2500
sericultor	2500
sericultura	2500
serie	2500
seriedad	2500
serifio	2500
serijo	2500
serio	2500
serla	2500
serlas	2500
serle	2500
serles	2500
serlo	2500
serlos	2500
serme	2500
sermonar	2500
sermonario	2500
sermoneador	2500
sermonear	2500
sermón	2500
serna	2500
sernos	2500
serondo	2500
seronero	2500
seros	2500
serosa	2500
serosidad	2500
seroso	2500
seroterapia	2500
serpa	2500
serpear	2500
serpentaria	2500
serpentear	2500
serpentina	2500
serpentinamente	2500
serpentino	2500
serpentín	2500
serpiente	2500
serpiginoso	2500
serpigo	2500
serpol	2500
serpollar	2500
serradiza	2500
serradizo	2500
serrado	2500
serrador	2500
serraduras	2500
serragatino	2500
serrallo	2500
serraniego	2500
serranilla	2500
serrano	2500
serranía	2500
serrar	2500
serrato	2500
serrería	2500
serreta	2500
serretazo	2500
serrezuela	2500
serrino	2500
serruchar	2500
serrucho	2500
serrátil	2500
serrín	2500
serte	2500
seruendo	2500
servador	2500
servar	2500
servato	2500
serventesio	2500
servible	2500
servicial	2500
servicialmente	2500
serviciar	2500
servicio	2500
servidero	2500
servidor	2500
servidumbre	2500
servil	2500
servilismo	2500
servilla	2500
servilleta	2500
servilletero	2500
servilmente	2500
servio	2500
serviola	2500
servir	2500
servo	2500
servofreno	2500
servomecanismo	2500
servomotor	2500
seráfico	2500
serás	2500
seré	2500
seréis	2500
seríais	2500
seríamos	2500
serían	2500
serías	2500
serón	2500
ses	2500
sesada	2500
sesamoideo	2500
sesear	2500
sesena	2500
sesenta	2500
sesentavo	2500
seseo	2500
sesera	2500
sesgadamente	2500
sesgado	2500
sesgadura	2500
sesgar	2500
sesgo	2500
sesionar	2500
sesión	2500
sesma	2500
sesmo	2500
seso	2500
sesquicentenario	2500
sesquiplano	2500
sestar	2500
sesteadero	2500
sestear	2500
sestercio	2500
sestero	2500
sesudamente	2500
sesudez	2500
sesudo	2500
sesén	2500
set	2500
seta	2500
setabitano	2500
setecientas	2500
setecientos	2500
setenar	2500
setenario	2500
setenta	2500
setentavo	2500
setero	2500
setiembre	2500
seto	2500
seudocientífico	2500
seudónimo	2500
severamente	2500
severidad	2500
severo	2500
severísimamente	2500
sevillano	2500
sexado	2500
sexagenario	2500
sexagesimal	2500
sexagésimo	2500
sexar	2500
sexcentésimo	2500
sexenio	2500
sexis	2500
sexismo	2500
sexista	2500
sexmero	2500
sexmo	2500
sexo	2500
sexta	2500
sextaferia	2500
sextantario	2500
sextante	2500
sextario	2500
sextavar	2500
sexteto	2500
sextil	2500
sextillo	2500
sextina	2500
sexto	2500
sextuplicar	2500
sexuada	2500
sexuado	2500
sexuagesimoctavo	2500
sexuagesimocuarto	2500
sexuagesimonono	2500
sexuagesimonoveno	2500
sexuagesimoprimero	2500
sexuagesimoquinto	2500
sexuagesimosegundo	2500
sexuagesimosexto	2500
sexuagesimoséptimo	2500
sexuagesimotercero	2500
sexuagésimo	2500
sexual	2500
sexualidad	2500
sexualización	2500
sexualizado	2500
sexualizar	2500
sexualmente	2500
sexy	2500
sexys	2500
seychellense	2500
seáis	2500
seísmo	2500
seña	2500
señal	2500
señalada	2500
señaladamente	2500
señalado	2500
señalamiento	2500
señalar	2500
señalización	2500
señalizar	2500
señolear	2500
señorear	2500
señorial	2500
señorito	2500
señoría	2500
señorío	2500
señuelo	2500
seó	2500
sheriff	2500
show	2500
sialismo	2500
siamés	2500
sibarita	2500
sibaritismo	2500
sibaríticamente	2500
siberiano	2500
sibil	2500
sibila	2500
sibilante	2500
sibilino	2500
sic	2500
sicalipsis	2500
sicalíptico	2500
sicario	2500
siciliano	2500
sicionio	2500
siclo	2500
sicoanalista	2500
sicoanalítico	2500
sicoanálisis	2500
sicofante	2500
sicofisiología	2500
sicofisiológico	2500
sicología	2500
sicológico	2500
sicomoro	2500
sicopatología	2500
sicopatía	2500
sicopedagogía	2500
sicopedagógico	2500
sicosis	2500
sicotecnia	2500
sicoterapia	2500
sicólogo	2500
sicótico	2500
sida	2500
sidecar	2500
sideral	2500
siderita	2500
siderosa	2500
siderosis	2500
siderurgia	2500
siderúrgico	2500
sidra	2500
sidéreo	2500
siega	2500
siembra	2500
siempreviva	2500
sien	2500
siena	2500
sienita	2500
sienés	2500
sierpe	2500
sierra	2500
sierraleonés	2500
siervo	2500
sieso	2500
siesta	2500
sietecolores	2500
sieteenrama	2500
sietelevar	2500
sietemesino	2500
sifilítica	2500
sifilítico	2500
sifosis	2500
sifón	2500
sig	2500
sigilar	2500
sigilo	2500
sigilosamente	2500
sigiloso	2500
sigla	2500
siglo	2500
sigma	2500
sigmoideo	2500
signar	2500
signario	2500
signatario	2500
signatura	2500
significación	2500
significado	2500
significador	2500
significante	2500
significar	2500
significativamente	2500
significativo	2500
signo	2500
sijismo	2500
sil	2500
silabar	2500
silabario	2500
silabear	2500
silabizar	2500
silba	2500
silbador	2500
silbante	2500
silbar	2500
silbato	2500
silbido	2500
silbo	2500
silboso	2500
silenciador	2500
silenciar	2500
silenciario	2500
silenciero	2500
silencio	2500
silenciosamente	2500
silencioso	2500
silente	2500
silepsis	2500
silesiano	2500
silesio	2500
silfo	2500
silgar	2500
silguero	2500
silicato	2500
silicio	2500
silicona	2500
silicosis	2500
silicua	2500
silingo	2500
silla	2500
sillada	2500
sillar	2500
sillarejo	2500
sillera	2500
sillero	2500
silleta	2500
sillete	2500
silletero	2500
sillico	2500
sillín	2500
sillón	2500
silo	2500
silogismo	2500
silogizar	2500
silogístico	2500
silueta	2500
siluetar	2500
siluetear	2500
siluriano	2500
siluro	2500
silva	2500
silvano	2500
silvestre	2500
silvicultor	2500
silvicultura	2500
silvoso	2500
silábico	2500
silíceo	2500
silícico	2500
silúrico	2500
sima	2500
simado	2500
simbionte	2500
simbiosis	2500
simbiótico	2500
simbolismo	2500
simbolista	2500
simbolizar	2500
simbología	2500
simbólicamente	2500
simbólico	2500
simetría	2500
simia	2500
simiente	2500
simienza	2500
simiesco	2500
similar	2500
similaridad	2500
similarmente	2500
similitud	2500
similitudinario	2500
similor	2500
simio	2500
simonía	2500
simpatizador	2500
simpatizante	2500
simpatizar	2500
simpatético	2500
simpatía	2500
simple	2500
simplemente	2500
simpleza	2500
simplicidad	2500
simplicista	2500
simplificación	2500
simplificador	2500
simplificar	2500
simplismo	2500
simplista	2500
simplón	2500
simposio	2500
simpático	2500
simulación	2500
simulacro	2500
simulador	2500
simular	2500
simultanear	2500
simultaneidad	2500
simultáneamente	2500
simultáneo	2500
simétrica	2500
simétricamente	2500
simétrico	2500
simón	2500
sinabafa	2500
sinagoga	2500
sinalefa	2500
sinalefar	2500
sinamay	2500
sinamáis	2500
sinapismo	2500
sinapsis	2500
sinario	2500
sinartrosis	2500
sincera	2500
sincerador	2500
sinceramente	2500
sincerar	2500
sinceridad	2500
sincero	2500
sinclinal	2500
sincopado	2500
sincopal	2500
sincopar	2500
sincopizar	2500
sincretismo	2500
sincro	2500
sincronismo	2500
sincronización	2500
sincronizar	2500
sincronía	2500
sincrónico	2500
sindicación	2500
sindicador	2500
sindical	2500
sindicalismo	2500
sindicalista	2500
sindicar	2500
sindicato	2500
sindicatura	2500
sinecura	2500
sinedrio	2500
sinergia	2500
sinestesia	2500
sinfonista	2500
sinfonía	2500
sinfín	2500
sinfónico	2500
singalés	2500
singapurense	2500
singar	2500
singladura	2500
singlar	2500
singular	2500
singularidad	2500
singularizar	2500
singularmente	2500
sinhueso	2500
siniestra	2500
siniestrado	2500
siniestralidad	2500
siniestramente	2500
siniestro	2500
sinnúmero	2500
sinoble	2500
sinocal	2500
sinodal	2500
sinonimia	2500
sinopense	2500
sinople	2500
sinopsis	2500
sinovia	2500
sinovial	2500
sinovitis	2500
sinrazón	2500
sinsabor	2500
sinsentido	2500
sinsubstancia	2500
sinsustancia	2500
sintagma	2500
sintagmático	2500
sintaxis	2500
sinterización	2500
sinterizar	2500
sintetizador	2500
sintetizar	2500
sintomatología	2500
sintomático	2500
sintonismo	2500
sintonizador	2500
sintonizar	2500
sintonía	2500
sintáctico	2500
sintéticamente	2500
sintético	2500
sintónico	2500
sinuosamente	2500
sinuosidad	2500
sinuoso	2500
sinusitis	2500
sinusoidal	2500
sinusoide	2500
sinvergüenza	2500
sináptico	2500
sinécdoque	2500
sinéresis	2500
sinérgicamente	2500
sinódico	2500
sinónimo	2500
sinópico	2500
sionismo	2500
sionista	2500
siquiatra	2500
siquiatría	2500
siquiera	2500
siquiátrico	2500
siracusano	2500
sirena	2500
sirenio	2500
sirgar	2500
sirguero	2500
siriaco	2500
sirimiri	2500
siringe	2500
sirio	2500
sirle	2500
sirmiense	2500
siro	2500
siroco	2500
sirope	2500
sirria	2500
sirte	2500
sirvienta	2500
sirviente	2500
siríaco	2500
sis	2500
sisa	2500
sisador	2500
sisallo	2500
sisar	2500
sisca	2500
sisear	2500
sisella	2500
sisero	2500
sismicidad	2500
sismo	2500
sistema	2500
sistematización	2500
sistematizar	2500
sistemática	2500
sistemáticamente	2500
sistemático	2500
sistémico	2500
sisón	2500
sitacismo	2500
sitacosis	2500
sitiado	2500
sitiador	2500
sitial	2500
sitiar	2500
sitibundo	2500
sitio	2500
sito	2500
situación	2500
situado	2500
situar	2500
siéndola	2500
siéndolas	2500
siéndole	2500
siéndoles	2500
siéndolo	2500
siéndolos	2500
siéndome	2500
siéndonos	2500
siéndoos	2500
siéndote	2500
so	2500
soalzar	2500
soasar	2500
soba	2500
sobacal	2500
sobaco	2500
sobadero	2500
sobado	2500
sobadura	2500
sobajadura	2500
sobajamiento	2500
sobajanero	2500
sobajar	2500
sobajear	2500
sobanda	2500
sobaquera	2500
sobaquillo	2500
sobaquina	2500
sobar	2500
sobarba	2500
sobarcar	2500
sobejano	2500
sobejo	2500
sobeo	2500
soberanamente	2500
soberanear	2500
soberano	2500
soberanía	2500
soberbia	2500
soberbiamente	2500
soberbiar	2500
soberbio	2500
sobordo	2500
sobornable	2500
sobornado	2500
sobornador	2500
sobornal	2500
sobornar	2500
soborno	2500
sobra	2500
sobradamente	2500
sobradar	2500
sobradero	2500
sobrado	2500
sobrancero	2500
sobrante	2500
sobrar	2500
sobrasar	2500
sobrazar	2500
sobreabundar	2500
sobreaguar	2500
sobrealimentar	2500
sobrealzar	2500
sobrearar	2500
sobreasar	2500
sobreañadir	2500
sobrebarrer	2500
sobrebeber	2500
sobrecargar	2500
sobrecejo	2500
sobrecenar	2500
sobrecerco	2500
sobrecoger	2500
sobrecogimiento	2500
sobrecopa	2500
sobrecrecer	2500
sobrecruz	2500
sobrecurar	2500
sobredorar	2500
sobreedificar	2500
sobreempeine	2500
sobreentender	2500
sobreesdrújulo	2500
sobreexceder	2500
sobreexcitar	2500
sobreexplotación	2500
sobrefrenada	2500
sobreganar	2500
sobregirar	2500
sobreguarda	2500
sobrehilado	2500
sobrehilar	2500
sobrehora	2500
sobreimpreso	2500
sobreimprimir	2500
sobrejuanete	2500
sobrellavar	2500
sobrellenar	2500
sobrellevar	2500
sobremanera	2500
sobremano	2500
sobremesa	2500
sobremodo	2500
sobrenadar	2500
sobrenaturalmente	2500
sobrentendido	2500
sobrepasar	2500
sobrepeine	2500
sobrepelliz	2500
sobrepintar	2500
sobreponer	2500
sobreprimado	2500
sobrepuesto	2500
sobrepujar	2500
sobrepón	2500
sobrero	2500
sobrerronda	2500
sobrerropa	2500
sobresabido	2500
sobresal	2500
sobresaliente	2500
sobresalientemente	2500
sobresalir	2500
sobresaltar	2500
sobresanar	2500
sobrescribir	2500
sobrescrito	2500
sobresdrújulo	2500
sobreseer	2500
sobreseimiento	2500
sobresembrar	2500
sobresolar	2500
sobrestante	2500
sobrestimar	2500
sobretercero	2500
sobreutilización	2500
sobrevenir	2500
sobreverter	2500
sobreveste	2500
sobrevestir	2500
sobrevidriera	2500
sobrevienta	2500
sobreviniente	2500
sobrevivir	2500
sobrevolar	2500
sobrevén	2500
sobrexceder	2500
sobrexcitar	2500
sobrexplotación	2500
sobriamente	2500
sobriedad	2500
sobrinazgo	2500
sobrino	2500
sobrio	2500
soc	2500
soca	2500
socaire	2500
socairero	2500
socaliñar	2500
socalzar	2500
socarrar	2500
socarrena	2500
socarrina	2500
socarronamente	2500
socarronería	2500
socarrén	2500
socarrón	2500
socavar	2500
socavón	2500
socaz	2500
sochantre	2500
sociabilidad	2500
sociable	2500
social	2500
socialdemocracia	2500
socialdemócrata	2500
socialismo	2500
socialista	2500
socialización	2500
socializador	2500
socializar	2500
socialmente	2500
sociata	2500
sociativo	2500
sociedad	2500
societario	2500
socinianismo	2500
sociniano	2500
socio	2500
sociocultural	2500
socioeconómico	2500
sociología	2500
sociológico	2500
sociólogo	2500
socollada	2500
socollar	2500
socolor	2500
soconusco	2500
socorredor	2500
socorrer	2500
socorrista	2500
socorro	2500
socrocio	2500
soda	2500
sodio	2500
sodomita	2500
sodomizar	2500
sodomía	2500
soez	2500
soeza	2500
sofaldar	2500
sofismo	2500
sofista	2500
sofisticación	2500
sofisticar	2500
sofistiquez	2500
sofión	2500
soflamar	2500
soflamero	2500
sofocación	2500
sofocador	2500
sofocamiento	2500
sofocante	2500
sofocar	2500
sofoco	2500
sofoquina	2500
sofrenada	2500
sofrenar	2500
sofreír	2500
sofrito	2500
software	2500
sofá	2500
sofás	2500
sofística	2500
sofístico	2500
soga	2500
soguear	2500
soguero	2500
soguillo	2500
sogún	2500
soja	2500
sojuzgador	2500
sojuzgar	2500
sol	2500
solacear	2500
solador	2500
soladura	2500
solamos	2500
solana	2500
solanar	2500
solanera	2500
solanina	2500
solano	2500
solanácea	2500
solanáceo	2500
solapa	2500
solapadamente	2500
solapado	2500
solapamiento	2500
solapar	2500
solar	2500
solariego	2500
solaz	2500
solazar	2500
solazoso	2500
soldadesca	2500
soldadesco	2500
soldado	2500
soldador	2500
soldadote	2500
soldadura	2500
soldar	2500
soleamiento	2500
solear	2500
solecismo	2500
soledad	2500
soledoso	2500
soledumbre	2500
solejar	2500
solemne	2500
solemnemente	2500
solemnidad	2500
solemnizador	2500
solemnizar	2500
solemos	2500
solenoide	2500
soler	2500
solera	2500
solercia	2500
solero	2500
solerte	2500
soleta	2500
soletar	2500
soletear	2500
soletero	2500
solevamiento	2500
solevantamiento	2500
solevantar	2500
solevar	2500
solfa	2500
solfatara	2500
solfeador	2500
solfear	2500
solfeo	2500
solfista	2500
solicitación	2500
solicitada	2500
solicitador	2500
solicitante	2500
solicitar	2500
solicitud	2500
solidar	2500
solidariamente	2500
solidaridad	2500
solidario	2500
solidarizar	2500
solideo	2500
solidez	2500
solidificación	2500
solidificar	2500
soliendo	2500
soliera	2500
solierais	2500
solieran	2500
solieras	2500
soliese	2500
solieseis	2500
soliesen	2500
solieses	2500
soliloquiar	2500
soliloquio	2500
solimitano	2500
solimán	2500
solio	2500
solipsismo	2500
solista	2500
solitaria	2500
solitariamente	2500
solitario	2500
soliviadura	2500
soliviantar	2500
soliviar	2500
solivo	2500
soliéramos	2500
soliésemos	2500
solla	2500
sollado	2500
sollamar	2500
sollar	2500
sollastre	2500
sollispar	2500
sollozante	2500
sollozar	2500
sollozo	2500
solmenar	2500
solomo	2500
solsonense	2500
solsticio	2500
soltadizo	2500
soltador	2500
soltar	2500
soltero	2500
soltería	2500
soltura	2500
solubilidad	2500
soluble	2500
solucionar	2500
solucionario	2500
solución	2500
solutiva	2500
solutivo	2500
soluto	2500
solvencia	2500
solventar	2500
solvente	2500
solventes	2500
solver	2500
soláis	2500
solárium	2500
solía	2500
solíais	2500
solíamos	2500
solían	2500
solías	2500
solícitamente	2500
solícito	2500
solípedo	2500
soma	2500
somalí	2500
somanta	2500
somarrar	2500
somatenista	2500
somatizar	2500
somatén	2500
sombra	2500
sombraje	2500
sombrajo	2500
sombrar	2500
sombreador	2500
sombrear	2500
sombrerera	2500
sombrerero	2500
sombrerete	2500
sombrero	2500
sombrillazo	2500
sombrosa	2500
sombroso	2500
sombría	2500
sombríamente	2500
sombrío	2500
somera	2500
someramente	2500
somero	2500
someter	2500
sometimiento	2500
somier	2500
somnambulismo	2500
somnolencia	2500
somnoliento	2500
somnífero	2500
somo	2500
somontano	2500
somonte	2500
somorgujador	2500
somorgujar	2500
somorgujo	2500
somormujar	2500
sompesar	2500
somático	2500
sonada	2500
sonadera	2500
sonadero	2500
sonado	2500
sonador	2500
sonaja	2500
sonajear	2500
sonajero	2500
sonambulismo	2500
sonante	2500
sonar	2500
sonata	2500
sonatina	2500
sonda	2500
sondable	2500
sondaleza	2500
sondar	2500
sondear	2500
sondeo	2500
sonecillo	2500
sonetear	2500
sonetico	2500
sonetista	2500
sonetizar	2500
soneto	2500
soniche	2500
sonido	2500
sonique	2500
soniquete	2500
sonlocado	2500
sonochar	2500
sonora	2500
sonoramente	2500
sonoridad	2500
sonorizar	2500
sonoro	2500
sonreír	2500
sonriente	2500
sonrisa	2500
sonriso	2500
sonrodar	2500
sonrojar	2500
sonrojear	2500
sonrojo	2500
sonrosar	2500
sonrosear	2500
sonrugirse	2500
sonsaca	2500
sonsacador	2500
sonsacamiento	2500
sonsacar	2500
sonsañar	2500
sonso	2500
sonsonete	2500
sonámbulo	2500
sonántica	2500
sonántico	2500
sopa	2500
sopalancar	2500
sopanda	2500
sopapear	2500
sopapina	2500
sopapo	2500
sopar	2500
sopear	2500
sopero	2500
sopesar	2500
sopetear	2500
sopetón	2500
sopicaldo	2500
sopista	2500
sopitipando	2500
sopladero	2500
soplador	2500
sopladura	2500
soplamocos	2500
soplapollas	2500
soplar	2500
soplavivo	2500
soplete	2500
soplido	2500
soplo	2500
soplonear	2500
soplón	2500
soponcio	2500
sopor	2500
soporoso	2500
soportable	2500
soportador	2500
soportal	2500
soportar	2500
soporte	2500
soporífero	2500
soprano	2500
sopuntar	2500
sor	2500
sorbedor	2500
sorber	2500
sorbete	2500
sorbo	2500
sorce	2500
sorche	2500
sorda	2500
sordamente	2500
sordera	2500
sordidez	2500
sordilla	2500
sordina	2500
sordino	2500
sordo	2500
sordomudez	2500
sordomudo	2500
sorgo	2500
sorianense	2500
soriano	2500
sorna	2500
sornar	2500
soro	2500
soroche	2500
sorprendente	2500
sorprendentemente	2500
sorprender	2500
sorpresa	2500
sorpresivamente	2500
sorra	2500
sorrabar	2500
sorrapar	2500
sorrapear	2500
sorregar	2500
sorteador	2500
sorteamiento	2500
sortear	2500
sorteo	2500
sortero	2500
sortiaria	2500
sortija	2500
sortijero	2500
sortilegio	2500
sortílego	2500
sos	2500
sosa	2500
sosacar	2500
sosamente	2500
sosar	2500
sosañar	2500
sosegadamente	2500
sosegado	2500
sosegador	2500
sosegar	2500
sosera	2500
sosero	2500
sosia	2500
sosias	2500
sosiega	2500
sosiego	2500
soslayar	2500
soslayo	2500
soso	2500
sospecha	2500
sospechable	2500
sospechar	2500
sospechosamente	2500
sospechoso	2500
sospesar	2500
sostenedor	2500
sostener	2500
sostenibilidad	2500
sostenido	2500
sostenimiento	2500
sostituir	2500
sostén	2500
sota	2500
sotabanco	2500
sotabarba	2500
sotacoro	2500
sotaministro	2500
sotamontero	2500
sotana	2500
sotanear	2500
sotar	2500
sotaventar	2500
sotaventear	2500
sotavento	2500
sotechado	2500
sotera	2500
soterramiento	2500
soterrano	2500
soterrar	2500
soterraño	2500
sotilmente	2500
soto	2500
sotobosque	2500
sotoministro	2500
sotuer	2500
soviet	2500
sovietizar	2500
soviético	2500
sovoz	2500
soñador	2500
soñar	2500
soñolencia	2500
soñoliento	2500
sport	2500
sr	2500
srilanqués	2500
srta	2500
ss	2500
stand	2500
stands	2500
sto	2500
suadir	2500
suajili	2500
suarda	2500
suarismo	2500
suarista	2500
suave	2500
suavemente	2500
suavidad	2500
suavizador	2500
suavizante	2500
suavizar	2500
suavísimamente	2500
suazi	2500
subalternar	2500
subalterno	2500
subarrendar	2500
subarrendatario	2500
subasta	2500
subastador	2500
subastar	2500
subcinericio	2500
subclavio	2500
subcolector	2500
subcontinente	2500
subcultura	2500
subdelegar	2500
subdesarrollado	2500
subdistinguir	2500
subdividir	2500
subducción	2500
subejecutor	2500
suberificar	2500
suberoso	2500
subestimar	2500
subfamilia	2500
subfiador	2500
subidero	2500
subiente	2500
subimiento	2500
subintendente	2500
subintrante	2500
subintrar	2500
subir	2500
subjectar	2500
subjefe	2500
subjetivamente	2500
subjetividad	2500
subjetivismo	2500
subjetivo	2500
subjuntivo	2500
subjuzgar	2500
sublevación	2500
sublevamiento	2500
sublevar	2500
sublimación	2500
sublimar	2500
sublimatorio	2500
sublime	2500
sublimemente	2500
sublimidad	2500
subliminal	2500
submarinamente	2500
submarinista	2500
submarino	2500
subministrar	2500
submundo	2500
suborden	2500
subordinación	2500
subordinadamente	2500
subordinado	2500
subordinante	2500
subordinar	2500
subranquial	2500
subrayado	2500
subrayar	2500
subrepción	2500
subrepticiamente	2500
subrepticio	2500
subrigadier	2500
subrogar	2500
subrutina	2500
subsahariano	2500
subsanar	2500
subscapular	2500
subscribir	2500
subscriptor	2500
subscrito	2500
subsecretaría	2500
subsecuente	2500
subsecuentemente	2500
subseguir	2500
subsidiar	2500
subsidiariamente	2500
subsidiario	2500
subsidio	2500
subsistencia	2500
subsistente	2500
subsistir	2500
subsolar	2500
substancia	2500
substancial	2500
substancialidad	2500
substancialmente	2500
substanciar	2500
substancioso	2500
substantivar	2500
substantividad	2500
substitución	2500
substituir	2500
substitutivo	2500
substituto	2500
substraendo	2500
substraer	2500
substrato	2500
subsumir	2500
subtender	2500
subtensa	2500
subterfugio	2500
subterráneo	2500
subtilizar	2500
subtitular	2500
suburbicario	2500
suburbio	2500
suburense	2500
subvencionar	2500
subvención	2500
subvenir	2500
subversivo	2500
subversor	2500
subvertir	2500
subvén	2500
subyacer	2500
subyugador	2500
subyugante	2500
subyugar	2500
subíndice	2500
succenturiado	2500
succino	2500
succionar	2500
succión	2500
suceder	2500
sucedido	2500
sucedáneo	2500
sucesible	2500
sucesivamente	2500
sucesivo	2500
sucesión	2500
suceso	2500
sucesor	2500
sucesorio	2500
suciamente	2500
suciedad	2500
sucinda	2500
sucintamente	2500
sucintar	2500
sucinto	2500
sucio	2500
sucoso	2500
sucotrino	2500
sucucho	2500
suculentamente	2500
suculento	2500
sucumbir	2500
sucursal	2500
sudadera	2500
sudadero	2500
sudafricano	2500
sudamericano	2500
sudante	2500
sudanés	2500
sudar	2500
sudario	2500
sudatorio	2500
sudeste	2500
sudista	2500
sudoeste	2500
sudoku	2500
sudor	2500
sudoración	2500
sudoriento	2500
sudorosamente	2500
sudoroso	2500
sudorífico	2500
sudoso	2500
sudsudanés	2500
sudsudeste	2500
sudsudoeste	2500
sueco	2500
suegra	2500
suegro	2500
suela	2500
suelan	2500
suelas	2500
suelda	2500
sueldacostilla	2500
sueldo	2500
suele	2500
suelen	2500
sueles	2500
suelta	2500
suelto	2500
sueno	2500
suero	2500
sueroso	2500
sueroterapia	2500
suerte	2500
sueste	2500
suevo	2500
sueño	2500
suficiencia	2500
suficiente	2500
suficientemente	2500
sufijo	2500
sufismo	2500
sufista	2500
suflar	2500
sufocar	2500
sufra	2500
sufragar	2500
sufragio	2500
sufragismo	2500
sufragista	2500
sufrible	2500
sufridamente	2500
sufridera	2500
sufridero	2500
sufrido	2500
sufridor	2500
sufrimiento	2500
sufrir	2500
sufusión	2500
sufí	2500
sugerencia	2500
sugerente	2500
sugeridor	2500
sugerir	2500
sugestionador	2500
sugestionar	2500
sugestivo	2500
sugestión	2500
sugesto	2500
suicidar	2500
suicidio	2500
suite	2500
suizo	2500
sujeción	2500
sujetador	2500
sujetapapeles	2500
sujetar	2500
sujeto	2500
sula	2500
sulcar	2500
sulfamida	2500
sulfatador	2500
sulfatar	2500
sulfato	2500
sulfhídrico	2500
sulfito	2500
sulfonal	2500
sulfonamida	2500
sulfurado	2500
sulfurar	2500
sulfuro	2500
sulfuroso	2500
sulfúreo	2500
sulfúrico	2500
sulpiciano	2500
sultana	2500
sultán	2500
suma	2500
sumaca	2500
sumador	2500
sumamente	2500
sumar	2500
sumarial	2500
sumariamente	2500
sumario	2500
sumarísimo	2500
sumatoria	2500
sumatorio	2500
sumergible	2500
sumergido	2500
sumergimiento	2500
sumergir	2500
sumerio	2500
sumersión	2500
sumidero	2500
sumiller	2500
suministración	2500
suministrador	2500
suministrar	2500
suministro	2500
sumir	2500
sumisa	2500
sumisamente	2500
sumisión	2500
sumiso	2500
sumista	2500
sumo	2500
sumonte	2500
sumulista	2500
sunami	2500
suntuario	2500
suntuosa	2500
suntuosamente	2500
suntuosidad	2500
suntuoso	2500
supeditación	2500
supeditar	2500
superable	2500
superabundantemente	2500
superabundar	2500
superación	2500
superador	2500
superante	2500
superar	2500
superchería	2500
supererogación	2500
supererogatorio	2500
superestructura	2500
superficial	2500
superficialidad	2500
superficialmente	2500
superficiario	2500
superficie	2500
superfluamente	2500
superfluidad	2500
superfluo	2500
superintendente	2500
superior	2500
superiora	2500
superiorato	2500
superioridad	2500
superiormente	2500
superlativamente	2500
superlativo	2500
supermasivo	2500
supermercado	2500
superno	2500
supernumerario	2500
superponer	2500
superpuesto	2500
superpón	2500
superrealista	2500
supersimetría	2500
supersimétrico	2500
supersticiosamente	2500
supersticioso	2500
superstición	2500
supersubstancial	2500
supertierra	2500
supervalorar	2500
superveniencia	2500
supervenir	2500
superventas	2500
supervisar	2500
supervisor	2500
supervén	2500
superyó	2500
superávit	2500
supinación	2500
supino	2500
suplantación	2500
suplantador	2500
suplantar	2500
suplefaltas	2500
suplementariamente	2500
suplementario	2500
suplemento	2500
suplencia	2500
suplente	2500
supletorio	2500
suplicacionero	2500
suplicación	2500
suplicante	2500
suplicar	2500
suplicatorio	2500
suplicio	2500
suplidor	2500
suplir	2500
suponedor	2500
suponer	2500
suportar	2500
suposición	2500
supositorio	2500
supraclavicular	2500
supranacional	2500
suprarrealismo	2500
suprarrenal	2500
suprasensible	2500
suprema	2500
supremacía	2500
supremamente	2500
supremo	2500
supresión	2500
supresor	2500
suprimir	2500
suprior	2500
supriora	2500
supriorato	2500
supuestamente	2500
supuración	2500
supurante	2500
supurantemente	2500
supurar	2500
supurativo	2500
supuratorio	2500
suputar	2500
supón	2500
suramericano	2500
surcador	2500
surcar	2500
surcir	2500
surco	2500
surcoreano	2500
surculado	2500
surculoso	2500
surdir	2500
sureste	2500
sureño	2500
surfactante	2500
surfista	2500
surgidero	2500
surgidor	2500
surgimiento	2500
surgir	2500
surinamés	2500
suroeste	2500
surrealismo	2500
surrealista	2500
sursudanés	2500
sursudoeste	2500
sursuncorda	2500
surtidero	2500
surtido	2500
surtidor	2500
surtimiento	2500
surtir	2500
surto	2500
susano	2500
susceptibilidad	2500
susceptible	2500
susceptivo	2500
suscitar	2500
suscribir	2500
suscripción	2500
suscriptor	2500
suscrito	2500
suso	2500
susodicho	2500
suspendedor	2500
suspender	2500
suspense	2500
suspensivo	2500
suspensión	2500
suspenso	2500
suspensorio	2500
suspicacia	2500
suspicaz	2500
suspicazmente	2500
suspirar	2500
suspiro	2500
suspiroso	2500
sustancia	2500
sustanciación	2500
sustancial	2500
sustancialidad	2500
sustancialmente	2500
sustanciar	2500
sustancioso	2500
sustantivar	2500
sustantividad	2500
sustantivo	2500
sustenido	2500
sustentación	2500
sustentador	2500
sustentamiento	2500
sustentante	2500
sustentar	2500
sustento	2500
sustentáculo	2500
sustitución	2500
sustituible	2500
sustituidor	2500
sustituir	2500
sustitutivo	2500
sustituto	2500
sustituyente	2500
susto	2500
sustracción	2500
sustractivo	2500
sustraendo	2500
sustraer	2500
sustrato	2500
susurrador	2500
susurrante	2500
susurrantemente	2500
susurrar	2500
susurrido	2500
susurro	2500
sutil	2500
sutileza	2500
sutilidad	2500
sutilizador	2500
sutilizar	2500
sutilmente	2500
sutorio	2500
sutura	2500
suturar	2500
suéter	2500
swing	2500
sábalo	2500
sábana	2500
sádico	2500
sálico	2500
sándalo	2500
sándwich	2500
sánscrito	2500
sármata	2500
sátira	2500
sátiro	2500
sátrapa	2500
sémola	2500
séneca	2500
sépalo	2500
séptica	2500
séptico	2500
séptimo	2500
séquito	2500
sésamo	2500
sésil	2500
sífilis	2500
sílaba	2500
sílex	2500
sílice	2500
símbolo	2500
símil	2500
síncope	2500
síndico	2500
síndrome	2500
sínfisis	2500
sínoca	2500
sínodo	2500
síntesis	2500
síntoma	2500
síquico	2500
sírvanse	2500
sírvase	2500
sís	2500
sísmico	2500
sístole	2500
sódica	2500
sódico	2500
sólidamente	2500
sólido	2500
sólita	2500
sólito	2500
sórdido	2500
sótano	2500
sóviet	2500
súbdito	2500
súbitamente	2500
súbito	2500
súmulas	2500
súper	2500
súpero	2500
súplica	2500
súrculo	2500
ta	2500
taba	2500
tabacal	2500
tabacalero	2500
tabaco	2500
tabacoso	2500
tabalear	2500
tabanazo	2500
tabanco	2500
tabanera	2500
tabanque	2500
tabaola	2500
tabaque	2500
tabaquera	2500
tabaquero	2500
tabaquismo	2500
tabaquista	2500
tabardete	2500
tabardo	2500
tabarra	2500
tabarrera	2500
tabarro	2500
tabasco	2500
tabea	2500
tabellar	2500
taberna	2500
tabernario	2500
tabernera	2500
tabernero	2500
tabernizado	2500
tabernáculo	2500
tabes	2500
tabicada	2500
tabicar	2500
tabilla	2500
tabina	2500
tabique	2500
tabiquero	2500
tabla	2500
tablachero	2500
tablachina	2500
tablacho	2500
tablado	2500
tablajero	2500
tablar	2500
tablazo	2500
tablazón	2500
tablear	2500
tablera	2500
tablero	2500
tabletear	2500
tablizo	2500
tabloncillo	2500
tabloza	2500
tablón	2500
tabor	2500
tabuco	2500
tabulador	2500
tabular	2500
taburete	2500
tabú	2500
tac	2500
taca	2500
tacada	2500
tacar	2500
tacañear	2500
tacaño	2500
taceta	2500
tacha	2500
tachable	2500
tachador	2500
tachadura	2500
tachar	2500
tacho	2500
tachonar	2500
tachoso	2500
tachuela	2500
tachón	2500
tacita	2500
taciturnidad	2500
taciturno	2500
taco	2500
taconear	2500
taconeo	2500
tacto	2500
tacón	2500
taekwondo	2500
tafanario	2500
tafetán	2500
tafia	2500
tafilete	2500
tafiletear	2500
tafo	2500
tafurea	2500
tagalo	2500
tagarino	2500
tagarotear	2500
tagasaste	2500
taha	2500
tahalí	2500
taharal	2500
tahona	2500
tahonero	2500
tahuresco	2500
tahúr	2500
taifa	2500
taiga	2500
tailandés	2500
taimado	2500
taina	2500
taiwanés	2500
taja	2500
tajada	2500
tajadera	2500
tajadero	2500
tajado	2500
tajador	2500
tajadura	2500
tajamar	2500
tajamiento	2500
tajante	2500
tajantemente	2500
tajar	2500
tajea	2500
tajero	2500
tajo	2500
tajuela	2500
tajuelo	2500
tajón	2500
tala	2500
talabarte	2500
talabartero	2500
talabricense	2500
talador	2500
taladrado	2500
taladrador	2500
taladrar	2500
taladrilla	2500
taladro	2500
talamera	2500
talamete	2500
talamiflora	2500
talamite	2500
talanquera	2500
talante	2500
talantoso	2500
talar	2500
talasemia	2500
talasocracia	2500
talasoterapia	2500
talaya	2500
talayote	2500
talco	2500
talcoso	2500
talega	2500
talegada	2500
talego	2500
talento	2500
talentoso	2500
talentudo	2500
talibán	2500
talio	2500
talionar	2500
talismán	2500
talla	2500
tallado	2500
tallador	2500
talladura	2500
tallaje	2500
tallar	2500
tallarola	2500
tallarín	2500
talle	2500
tallecer	2500
taller	2500
tallista	2500
tallo	2500
talludo	2500
talma	2500
talmente	2500
talo	2500
talofita	2500
talonada	2500
talonario	2500
talonear	2500
talonero	2500
talpa	2500
talparia	2500
talque	2500
talquita	2500
talud	2500
talvina	2500
talón	2500
tamanaco	2500
tamaral	2500
tamarao	2500
tamaricácea	2500
tamaricáceo	2500
tamarigal	2500
tamarisco	2500
tamaritano	2500
tamariz	2500
tamaño	2500
tambaleante	2500
tambaleantemente	2500
tambalear	2500
tambanillo	2500
tambarillo	2500
tambarimba	2500
tambesco	2500
tambor	2500
tambora	2500
tamborear	2500
tamborete	2500
tamboril	2500
tamborilada	2500
tamborilear	2500
tamborilero	2500
tamborilete	2500
tamborino	2500
tamboritear	2500
tamboritero	2500
tamborín	2500
tambucho	2500
tamil	2500
taminia	2500
tamiz	2500
tamizar	2500
tamo	2500
tamojal	2500
tamojo	2500
tampón	2500
tamuja	2500
tamujal	2500
tamujo	2500
tamínea	2500
tanaceto	2500
tanagra	2500
tanatorio	2500
tanda	2500
tandear	2500
tanga	2500
tanganillas	2500
tanganillo	2500
tangar	2500
tangencial	2500
tangencialmente	2500
tangente	2500
tangerino	2500
tangible	2500
tangiblemente	2500
tangidera	2500
tangir	2500
tango	2500
tanguear	2500
tangón	2500
tanino	2500
tanobia	2500
tanor	2500
tanoría	2500
tanque	2500
tanqueta	2500
tantalio	2500
tanteador	2500
tantear	2500
tanteo	2500
tantísimo	2500
tanzano	2500
tao	2500
taoísmo	2500
taoísta	2500
tapa	2500
tapaboca	2500
tapacete	2500
tapacubos	2500
tapaculo	2500
tapada	2500
tapadera	2500
tapadero	2500
tapadillo	2500
tapado	2500
tapador	2500
tapadura	2500
tapafunda	2500
tapajuntas	2500
tapamiento	2500
tapar	2500
taparote	2500
taparrabo	2500
tapatío	2500
taperujar	2500
tapetada	2500
tapetado	2500
tapete	2500
tapia	2500
tapiado	2500
tapiador	2500
tapial	2500
tapiar	2500
tapicero	2500
tapicería	2500
tapido	2500
tapioca	2500
tapir	2500
tapirujar	2500
tapis	2500
tapiz	2500
tapizar	2500
taponamiento	2500
taponar	2500
taponero	2500
taponería	2500
tapsia	2500
tapujar	2500
tapujo	2500
tapón	2500
taque	2500
taquera	2500
taquicardia	2500
taquigrafiar	2500
taquigrafía	2500
taquillaje	2500
taquillero	2500
taquión	2500
taquiónico	2500
taqué	2500
tara	2500
tarabilla	2500
tarabita	2500
taracea	2500
taracear	2500
tarafada	2500
tarafana	2500
tarafe	2500
taragallo	2500
taraje	2500
tarambana	2500
tarangallo	2500
taranta	2500
tarantela	2500
tarantulado	2500
tarar	2500
tarara	2500
tararear	2500
tararira	2500
tararí	2500
tarasa	2500
tarasca	2500
tarascar	2500
tarasco	2500
taray	2500
tarayal	2500
tarazana	2500
tarazanal	2500
tarazar	2500
tarbea	2500
tardanaos	2500
tardanza	2500
tardar	2500
tardear	2500
tardecer	2500
tardecica	2500
tardecita	2500
tardinero	2500
tardo	2500
tardíamente	2500
tardío	2500
tardísimo	2500
tarea	2500
tareco	2500
tareero	2500
tarifa	2500
tarifar	2500
tarima	2500
tarja	2500
tarjar	2500
tarjeta	2500
tarjetear	2500
tarjetero	2500
tarquia	2500
tarquina	2500
tarquinada	2500
tarquín	2500
tarraconense	2500
tarrascar	2500
tarrasense	2500
tarreña	2500
tarro	2500
tarso	2500
tarta	2500
tartaja	2500
tartajear	2500
tartajoso	2500
tartalear	2500
tartamudeantemente	2500
tartamudear	2500
tartamudeo	2500
tartamudez	2500
tartamudo	2500
tartana	2500
tartanero	2500
tartarizar	2500
tartera	2500
tartesio	2500
tartrato	2500
tartárico	2500
taruga	2500
tarugo	2500
tarumba	2500
tarusa	2500
tarántula	2500
tas	2500
tasa	2500
tasación	2500
tasadamente	2500
tasador	2500
tasajo	2500
tasar	2500
tasca	2500
tascar	2500
tasconio	2500
tasio	2500
tasquear	2500
tasquera	2500
tasquil	2500
tastana	2500
tastar	2500
tastaz	2500
tasto	2500
tasugo	2500
tata	2500
tatarabuelo	2500
tataranieto	2500
tatarear	2500
tatas	2500
tate	2500
tato	2500
tatuaje	2500
tatuar	2500
tau	2500
taumaturgia	2500
taumaturgo	2500
taurino	2500
taurios	2500
tauro	2500
tauromaquia	2500
tauteo	2500
taxativamente	2500
taxativo	2500
taxi	2500
taxidermia	2500
taxidermista	2500
taxista	2500
taxonomía	2500
taxonómico	2500
taxímetro	2500
taxón	2500
taxónomo	2500
tayiko	2500
taza	2500
tazar	2500
tazón	2500
taíno	2500
tañar	2500
tañedor	2500
tañer	2500
tañido	2500
tea	2500
teatral	2500
teatralidad	2500
teatralizar	2500
teatralmente	2500
teatro	2500
tebaico	2500
tebano	2500
tebeo	2500
teca	2500
techado	2500
techador	2500
techar	2500
techumbre	2500
tecla	2500
tecladista	2500
tecle	2500
teclear	2500
teclista	2500
tecnicismo	2500
tecnificación	2500
tecnificar	2500
tecnología	2500
tecnológicamente	2500
tecnológico	2500
tectónica	2500
tectónico	2500
teda	2500
tedero	2500
tedeum	2500
tediar	2500
tedio	2500
tedioso	2500
teflón	2500
tegeo	2500
tegual	2500
teguillo	2500
tegumentario	2500
tegumento	2500
tehuelche	2500
teinada	2500
teja	2500
tejado	2500
tejano	2500
tejar	2500
tejavana	2500
tejedera	2500
tejedor	2500
tejedura	2500
tejeduría	2500
tejemaneje	2500
tejer	2500
tejera	2500
tejero	2500
tejida	2500
tejido	2500
tejimiento	2500
tejo	2500
tejoleta	2500
tejonera	2500
tejuela	2500
tejuelo	2500
tejón	2500
tel	2500
tela	2500
telamón	2500
telar	2500
telaraña	2500
telas	2500
tele	2500
telecabina	2500
telecomunicación	2500
teleconferencia	2500
telediario	2500
teledirigido	2500
telefilme	2500
telefonazo	2500
telefonear	2500
telefonema	2500
telefonista	2500
telefonía	2500
teleférico	2500
telefónicamente	2500
telefónico	2500
telegrafiar	2500
telegrafista	2500
telegrafía	2500
telegrama	2500
telegráficamente	2500
telegráfico	2500
teleindicador	2500
telele	2500
telemática	2500
telemático	2500
telendo	2500
telenovela	2500
teleobjetivo	2500
telepatía	2500
telepático	2500
telera	2500
telero	2500
telerrealidad	2500
telescopio	2500
telescópico	2500
teleserie	2500
telesilla	2500
telespectador	2500
teleta	2500
teletexto	2500
teletipo	2500
teletrabajador	2500
teletrabajo	2500
televidente	2500
televisar	2500
televisivo	2500
televisión	2500
televisor	2500
teleósteo	2500
telina	2500
tell	2500
tellina	2500
telliz	2500
telliza	2500
tells	2500
telonero	2500
telonio	2500
telurio	2500
teléf	2500
telégrafo	2500
telémetro	2500
telón	2500
tema	2500
temario	2500
tembladal	2500
tembladera	2500
tembladero	2500
temblador	2500
temblante	2500
temblar	2500
tembleque	2500
temblequear	2500
tembletear	2500
tembliquear	2500
temblor	2500
temblorosamente	2500
tembloroso	2500
tembloso	2500
temblón	2500
temedero	2500
temer	2500
temerariamente	2500
temerario	2500
temeridad	2500
temerosamente	2500
temeroso	2500
temor	2500
temorizar	2500
temoso	2500
tempanar	2500
tempanilla	2500
tempanillo	2500
temperadamente	2500
temperamental	2500
temperamento	2500
temperancia	2500
temperante	2500
temperar	2500
temperatura	2500
temperie	2500
tempero	2500
tempestad	2500
tempestar	2500
tempestear	2500
tempestiva	2500
tempestivamente	2500
tempestividad	2500
tempestivo	2500
tempestuosamente	2500
tempestuoso	2500
templa	2500
templada	2500
templadamente	2500
templadera	2500
templadero	2500
templado	2500
templador	2500
templadura	2500
templamiento	2500
templanza	2500
templar	2500
templario	2500
temple	2500
templete	2500
templista	2500
templo	2500
tempo	2500
temporada	2500
temporal	2500
temporalidad	2500
temporalización	2500
temporalizar	2500
temporalmente	2500
temporario	2500
temporejar	2500
temporero	2500
temporizador	2500
temporizar	2500
tempranamente	2500
tempranear	2500
tempranero	2500
tempranilla	2500
tempranito	2500
temulento	2500
temática	2500
temático	2500
ten	2500
tena	2500
tenace	2500
tenacear	2500
tenacero	2500
tenacidad	2500
tenacillas	2500
tenada	2500
tenante	2500
tenaz	2500
tenaza	2500
tenazazo	2500
tenazmente	2500
tenazuelas	2500
tenca	2500
tendajo	2500
tendal	2500
tendalera	2500
tendalero	2500
tendederas	2500
tendedero	2500
tendedor	2500
tendedura	2500
tendejón	2500
tendel	2500
tendencia	2500
tendencioso	2500
tendente	2500
tender	2500
tenderete	2500
tendero	2500
tendida	2500
tendido	2500
tendiente	2500
tendinoso	2500
tendón	2500
tenebrario	2500
tenebrismo	2500
tenebrosamente	2500
tenebrosidad	2500
tenebroso	2500
tenedero	2500
tenedor	2500
tenedorcillo	2500
tenencia	2500
tenia	2500
tenida	2500
tenienta	2500
tenientazgo	2500
teniente	2500
tenis	2500
tenista	2500
tenobia	2500
tenor	2500
tenorio	2500
tensa	2500
tensamente	2500
tensar	2500
tensino	2500
tensiómetro	2500
tensión	2500
tenso	2500
tensor	2500
tensorial	2500
tensón	2500
tentación	2500
tentacular	2500
tentadero	2500
tentado	2500
tentador	2500
tentadura	2500
tentalear	2500
tentar	2500
tentaruja	2500
tentativa	2500
tentativamente	2500
tentativo	2500
tentemozo	2500
tentempié	2500
tentetieso	2500
tentáculo	2500
tenuamente	2500
tenue	2500
tenuemente	2500
tenuidad	2500
tenuta	2500
tenutario	2500
teocali	2500
teocracia	2500
teodicea	2500
teodolito	2500
teodosiano	2500
teogonía	2500
teologal	2500
teologizar	2500
teología	2500
teológico	2500
teorema	2500
teorizador	2500
teorizante	2500
teorizar	2500
teorética	2500
teorético	2500
teoría	2500
teoso	2500
tepe	2500
tequila	2500
ter	2500
terapeuta	2500
terapia	2500
terapéutica	2500
terapéutico	2500
terbio	2500
tercamente	2500
tercelete	2500
tercena	2500
tercenco	2500
tercenista	2500
tercer	2500
tercerear	2500
tercerista	2500
tercermundista	2500
tercerola	2500
terceto	2500
tercia	2500
terciado	2500
terciador	2500
terciana	2500
tercianario	2500
tercianela	2500
terciar	2500
terciario	2500
tercio	2500
terciopelada	2500
terciopelado	2500
terciopelero	2500
terciopelo	2500
terciopersonal	2500
terco	2500
terebinto	2500
terebrante	2500
terenciano	2500
teresa	2500
teresiana	2500
teresiano	2500
terete	2500
tergiversación	2500
tergiversadamente	2500
tergiversador	2500
tergiversadoramente	2500
tergiversantemente	2500
tergiversar	2500
teridofito	2500
teridófito	2500
terliz	2500
termal	2500
termas	2500
termes	2500
termia	2500
terminable	2500
terminacho	2500
terminación	2500
terminador	2500
terminajo	2500
terminal	2500
terminante	2500
terminantemente	2500
terminativa	2500
terminativo	2500
terminista	2500
terminología	2500
terminote	2500
termita	2500
termitero	2500
termo	2500
termocauterio	2500
termodinámica	2500
termodinámico	2500
termoelectricidad	2500
termoeléctrico	2500
termoestable	2500
termométrico	2500
termonuclear	2500
termopar	2500
termoscopio	2500
termosifón	2500
termostato	2500
termómetro	2500
terna	2500
ternario	2500
ternasco	2500
terne	2500
ternejal	2500
ternera	2500
ternero	2500
terneza	2500
ternilloso	2500
terno	2500
ternura	2500
ternísimamente	2500
terpeno	2500
terpina	2500
terquear	2500
terquedad	2500
terqueza	2500
terracota	2500
terrada	2500
terrado	2500
terraguero	2500
terraja	2500
terraje	2500
terrajero	2500
terral	2500
terraplenar	2500
terraplén	2500
terrario	2500
terrateniente	2500
terraza	2500
terrazgo	2500
terrazguero	2500
terrazo	2500
terrear	2500
terrecer	2500
terregoso	2500
terremoto	2500
terrenal	2500
terrenidad	2500
terrera	2500
terrero	2500
terrestre	2500
terrezuela	2500
terribilidad	2500
terrible	2500
terriblemente	2500
terriblez	2500
terrina	2500
terrino	2500
territorial	2500
territorialidad	2500
territorialmente	2500
territorio	2500
terriza	2500
terrizo	2500
terrollo	2500
terror	2500
terrorismo	2500
terrorista	2500
terrorífico	2500
terrosidad	2500
terroso	2500
terruño	2500
terráqueo	2500
terrícola	2500
terrífico	2500
terrón	2500
tersamente	2500
tersar	2500
tersidad	2500
terso	2500
tersura	2500
tertulia	2500
tertuliano	2500
tertuliante	2500
tertulio	2500
terzuela	2500
terzuelo	2500
tes	2500
tesaliano	2500
tesaliense	2500
tesalio	2500
tesalonicense	2500
tesalónico	2500
tesar	2500
tesaurizar	2500
tesauro	2500
tesbita	2500
tesela	2500
teselado	2500
tesina	2500
tesis	2500
tesitura	2500
tesla	2500
teslámetro	2500
teso	2500
tesonero	2500
tesorero	2500
tesorería	2500
tesorizar	2500
tesoro	2500
test	2500
testa	2500
testada	2500
testador	2500
testadura	2500
testaferro	2500
testamentario	2500
testamento	2500
testar	2500
testarada	2500
testarazo	2500
testarudamente	2500
testarudez	2500
testarudo	2500
testera	2500
testerada	2500
testero	2500
testicular	2500
testifical	2500
testificar	2500
testificativo	2500
testigo	2500
testiguar	2500
testimonial	2500
testimoniar	2500
testimonio	2500
testosterona	2500
testudo	2500
testuz	2500
testuzo	2500
testículo	2500
tesura	2500
tesón	2500
teta	2500
tetania	2500
tetar	2500
tetera	2500
teticiega	2500
tetona	2500
tetrabranquial	2500
tetrabrick	2500
tetracordio	2500
tetradracma	2500
tetraedro	2500
tetragonal	2500
tetragrama	2500
tetralogía	2500
tetrarca	2500
tetrágono	2500
tetrápodo	2500
tetrápodos	2500
tetuda	2500
tetudamente	2500
tetánico	2500
tetón	2500
teucali	2500
teucrio	2500
teucro	2500
teutón	2500
texano	2500
texcocano	2500
textil	2500
textorio	2500
textual	2500
textualista	2500
textualmente	2500
textura	2500
texturado	2500
texturizar	2500
teyo	2500
tez	2500
tezcucano	2500
teñido	2500
teñir	2500
teólogo	2500
teóricamente	2500
teórico	2500
tfno	2500
tiaca	2500
tialina	2500
tialismo	2500
tiara	2500
tiberina	2500
tiberino	2500
tiberio	2500
tibetano	2500
tibia	2500
tibiamente	2500
tibiar	2500
tibieza	2500
tibio	2500
tiburtino	2500
tiburón	2500
tic	2500
ticinense	2500
tictac	2500
tiemblo	2500
tiempo	2500
tienda	2500
tienta	2500
tientaguja	2500
tientaparedes	2500
tiento	2500
tiernamente	2500
tierno	2500
tierra	2500
tieso	2500
tiesto	2500
tiesura	2500
tifo	2500
tifoidea	2500
tifoideo	2500
tifus	2500
tifácea	2500
tifáceo	2500
tigre	2500
tigresa	2500
tija	2500
tijera	2500
tijerada	2500
tijereta	2500
tijeretada	2500
tijeretazo	2500
tijeretear	2500
tijeruela	2500
tila	2500
tildar	2500
tilde	2500
tilia	2500
tillar	2500
tilo	2500
timador	2500
timar	2500
timba	2500
timbal	2500
timbalero	2500
timbirimba	2500
timbrado	2500
timbrador	2500
timbrar	2500
timbre	2500
timbreo	2500
timiama	2500
timidez	2500
timo	2500
timocracia	2500
timol	2500
timonear	2500
timonel	2500
timonero	2500
timorato	2500
timorense	2500
timpa	2500
timpanillo	2500
timpanitis	2500
timpanizar	2500
timpánico	2500
timón	2500
tina	2500
tinaco	2500
tinada	2500
tinado	2500
tinaja	2500
tinajero	2500
tinción	2500
tindalizar	2500
tinelar	2500
tinelero	2500
tinelo	2500
tinerfeño	2500
tinge	2500
tinglado	2500
tingle	2500
tiniebla	2500
tino	2500
tinola	2500
tinos	2500
tinta	2500
tintar	2500
tinte	2500
tintero	2500
tintinar	2500
tintinear	2500
tinto	2500
tintorera	2500
tintorero	2500
tintura	2500
tinturar	2500
tintóreo	2500
tioneo	2500
tiovivo	2500
tipa	2500
tipejo	2500
tipiadora	2500
tipicidad	2500
tipificar	2500
tipismo	2500
tiple	2500
tiplisonante	2500
tipo	2500
tipografía	2500
tipográfico	2500
tipología	2500
tipógrafo	2500
tique	2500
tiquis	2500
tiquismiquis	2500
tira	2500
tirabeque	2500
tirabotas	2500
tirabraguero	2500
tirabrasas	2500
tirabuzón	2500
tiracantos	2500
tirachinas	2500
tirachinos	2500
tiracuello	2500
tiracuero	2500
tirada	2500
tiradera	2500
tiradero	2500
tirado	2500
tirador	2500
tirafondo	2500
tiragomas	2500
tirajo	2500
tiralíneas	2500
tiramiento	2500
tiramira	2500
tiramisú	2500
tiramollar	2500
tiranicida	2500
tiranicidio	2500
tiranización	2500
tiranizar	2500
tirano	2500
tirante	2500
tirantez	2500
tiranía	2500
tirar	2500
tiratacos	2500
tiratiros	2500
tiratrillo	2500
tirela	2500
tireta	2500
tirillas	2500
tirintio	2500
tirio	2500
tiritar	2500
tiritera	2500
tiro	2500
tirocinio	2500
tiroideo	2500
tiroides	2500
tirona	2500
tironear	2500
tiroriro	2500
tirosina	2500
tirotear	2500
tiroteo	2500
tirreno	2500
tirria	2500
tirso	2500
tirulato	2500
tirulo	2500
tiránico	2500
tirón	2500
tisana	2500
tisanuro	2500
tisera	2500
tisis	2500
tisular	2500
tisuria	2500
titanio	2500
titar	2500
titear	2500
titerero	2500
titeretada	2500
titerista	2500
titiaro	2500
titilador	2500
titilar	2500
titileo	2500
titirimundi	2500
titiritaina	2500
titiritar	2500
titiritero	2500
tito	2500
titubar	2500
titubeante	2500
titubeantemente	2500
titubear	2500
titubeo	2500
titulación	2500
titulado	2500
titular	2500
titularidad	2500
titularizar	2500
titulillo	2500
titulización	2500
titulizar	2500
titán	2500
titánico	2500
titánide	2500
tiufado	2500
tiza	2500
tizana	2500
tizna	2500
tiznadura	2500
tiznajo	2500
tiznar	2500
tizne	2500
tiznera	2500
tiznero	2500
tizo	2500
tizona	2500
tizonada	2500
tizoncillo	2500
tizonear	2500
tizonera	2500
tizón	2500
tiña	2500
to	2500
toalla	2500
toallero	2500
toar	2500
toba	2500
tobaja	2500
toballa	2500
toballeta	2500
tobar	2500
tobelleta	2500
tobera	2500
tobillero	2500
tobillo	2500
tobogán	2500
toboso	2500
toca	2500
tocable	2500
tocada	2500
tocadiscos	2500
tocado	2500
tocador	2500
tocadura	2500
tocamiento	2500
tocante	2500
tocar	2500
tocata	2500
tocateja	2500
tocayo	2500
tochedad	2500
tochimbo	2500
tocho	2500
tochuelo	2500
tochura	2500
tocinera	2500
tocinero	2500
tocino	2500
tocio	2500
tocorno	2500
tocólogo	2500
tocón	2500
todabuena	2500
todopoderoso	2500
todoterreno	2500
toesa	2500
tofana	2500
tofo	2500
toga	2500
togado	2500
togolés	2500
toisón	2500
tojal	2500
tojino	2500
tojo	2500
tolano	2500
toldadura	2500
toldar	2500
toldero	2500
toldilla	2500
toldo	2500
tole	2500
toledano	2500
tolemaico	2500
tolena	2500
tolerable	2500
tolerablemente	2500
tolerancia	2500
tolerante	2500
tolerantismo	2500
tolerar	2500
tolete	2500
tolla	2500
tollecer	2500
toller	2500
tollina	2500
tollir	2500
tollo	2500
tolmera	2500
tolmo	2500
tolondro	2500
tolosano	2500
tolteca	2500
tolupán	2500
tolva	2500
tolvanera	2500
toma	2500
tomada	2500
tomadero	2500
tomado	2500
tomador	2500
tomadura	2500
tomar	2500
tomatada	2500
tomatal	2500
tomate	2500
tomatero	2500
tomatillo	2500
tomaza	2500
tomaína	2500
tomento	2500
tomentoso	2500
tomillar	2500
tomineja	2500
tominejo	2500
tomiza	2500
tomo	2500
tomografía	2500
tomín	2500
ton	2500
tonada	2500
tonadillero	2500
tonal	2500
tonalidad	2500
tonante	2500
tonar	2500
tonario	2500
tonca	2500
tondino	2500
tondiz	2500
tondo	2500
tonel	2500
tonelero	2500
tonelería	2500
tonelete	2500
tongada	2500
tongano	2500
tongo	2500
tonicidad	2500
tonificador	2500
tonificante	2500
tonificar	2500
tonina	2500
tono	2500
tonos	2500
tonsila	2500
tonsilar	2500
tonsura	2500
tonsurar	2500
tontada	2500
tontaina	2500
tontamente	2500
tontear	2500
tontedad	2500
tontera	2500
tontería	2500
tontina	2500
tonto	2500
tontorrón	2500
tontucio	2500
tontuna	2500
top	2500
topa	2500
topacio	2500
topadizo	2500
topador	2500
topar	2500
toparca	2500
toparra	2500
tope	2500
topera	2500
topetada	2500
topetar	2500
topetazo	2500
topetudo	2500
topinada	2500
topinaria	2500
topinera	2500
topino	2500
topiquero	2500
topless	2500
topo	2500
topografía	2500
topográfico	2500
topología	2500
topológico	2500
toponimia	2500
toponímico	2500
topónimo	2500
toque	2500
toqueado	2500
toquero	2500
toquetear	2500
torada	2500
toral	2500
torbellino	2500
torcal	2500
torcaz	2500
torcaza	2500
torce	2500
torcecuello	2500
torcedero	2500
torcedor	2500
torcedura	2500
torcer	2500
torcho	2500
torchuelo	2500
torcida	2500
torcidamente	2500
torcido	2500
torcimiento	2500
torco	2500
torculado	2500
torda	2500
tordella	2500
tordo	2500
torear	2500
toreo	2500
torera	2500
torero	2500
toresano	2500
torete	2500
torga	2500
torgo	2500
toril	2500
torio	2500
toriondez	2500
toriondo	2500
tormellera	2500
tormenta	2500
tormentar	2500
tormentaria	2500
tormentario	2500
tormentila	2500
tormento	2500
tormentoso	2500
tormera	2500
tormo	2500
torna	2500
tornaboda	2500
tornadero	2500
tornadizo	2500
tornadura	2500
tornagallos	2500
tornalecho	2500
tornamiento	2500
tornapunta	2500
tornar	2500
tornasol	2500
tornasolado	2500
tornasolar	2500
tornaviaje	2500
tornavoz	2500
torneado	2500
torneador	2500
torneadura	2500
tornear	2500
torneo	2500
tornera	2500
tornero	2500
tornija	2500
tornillero	2500
tornillo	2500
torniquete	2500
torno	2500
toro	2500
torondo	2500
toronja	2500
toronjil	2500
toronjina	2500
toroso	2500
torpe	2500
torpecer	2500
torpedad	2500
torpedeamiento	2500
torpedear	2500
torpedeo	2500
torpedero	2500
torpedo	2500
torpemente	2500
torpeza	2500
torques	2500
torrar	2500
torrear	2500
torrefacto	2500
torrencial	2500
torrentera	2500
torrentoso	2500
torrero	2500
torreta	2500
torreznada	2500
torreznero	2500
torrezno	2500
torreón	2500
torrija	2500
torrontera	2500
torrontero	2500
torrontés	2500
torsión	2500
torso	2500
torsor	2500
torta	2500
tortada	2500
tortas	2500
tortazo	2500
tortedad	2500
tortera	2500
tortero	2500
torteruelo	2500
torticero	2500
tortita	2500
tortolito	2500
tortor	2500
tortosino	2500
tortozón	2500
tortuga	2500
tortuosamente	2500
tortuosidad	2500
tortuoso	2500
tortura	2500
torturador	2500
torturar	2500
tortícolis	2500
torunda	2500
toruno	2500
torva	2500
torvamente	2500
torvisca	2500
torviscal	2500
torvisco	2500
torvo	2500
torzadillo	2500
torzal	2500
torzonado	2500
torzuelo	2500
torzón	2500
torácico	2500
tos	2500
toscamente	2500
toscano	2500
tosco	2500
tose	2500
tosegoso	2500
toser	2500
tosidura	2500
tosigar	2500
tosigoso	2500
tosquedad	2500
tostación	2500
tostada	2500
tostadillo	2500
tostado	2500
tostador	2500
tostadura	2500
tostar	2500
tostón	2500
totalidad	2500
totalitario	2500
totalitarismo	2500
totalización	2500
totalizar	2500
totalmente	2500
totanero	2500
totemismo	2500
totipotente	2500
totonaco	2500
totémico	2500
tour	2500
tours	2500
tova	2500
toxicar	2500
toxicidad	2500
toxicómano	2500
toxina	2500
tozalbo	2500
tozar	2500
tozo	2500
tozolada	2500
tozudamente	2500
tozudez	2500
tozudo	2500
tozuelo	2500
tpo	2500
traba	2500
trabacuenta	2500
trabadero	2500
trabado	2500
trabadura	2500
trabajado	2500
trabajador	2500
trabajante	2500
trabajar	2500
trabajosamente	2500
trabajoso	2500
trabal	2500
trabalenguas	2500
trabamiento	2500
trabanca	2500
trabanco	2500
trabar	2500
trabazón	2500
trabe	2500
trabina	2500
trabuca	2500
trabucador	2500
trabucaire	2500
trabucar	2500
trabuco	2500
trabuquete	2500
trabón	2500
traca	2500
tracamundana	2500
tracción	2500
traciano	2500
tracias	2500
tracio	2500
tractar	2500
tracto	2500
tractor	2500
tractorar	2500
tractorear	2500
trad	2500
tradicional	2500
tradicionalismo	2500
tradicionalista	2500
tradicionalmente	2500
tradicionista	2500
tradición	2500
traducción	2500
traducibilidad	2500
traducible	2500
traducir	2500
traductor	2500
traedizo	2500
traedura	2500
traer	2500
trafagar	2500
trafalmeja	2500
traficante	2500
traficar	2500
trafulcar	2500
tragacanto	2500
tragacete	2500
tragaderas	2500
tragadero	2500
tragador	2500
tragaldabas	2500
tragaleguas	2500
tragaluz	2500
tragamallas	2500
tragantada	2500
tragante	2500
tragar	2500
tragasantos	2500
tragavino	2500
tragavirotes	2500
tragaz	2500
tragedia	2500
tragicomedia	2500
tragicómico	2500
trago	2500
tragonear	2500
tragontina	2500
tragón	2500
traicionar	2500
traicioneramente	2500
traicionero	2500
traición	2500
traidor	2500
traidoramente	2500
traillar	2500
trainera	2500
traite	2500
trajano	2500
traje	2500
trajear	2500
trajelar	2500
trajinante	2500
trajinar	2500
trajinero	2500
trajín	2500
tralla	2500
trallazo	2500
trama	2500
tramador	2500
tramar	2500
tramitación	2500
tramitador	2500
tramitar	2500
tramo	2500
tramojo	2500
tramontana	2500
tramontano	2500
tramontar	2500
tramoya	2500
tramoyista	2500
trampa	2500
trampantojo	2500
trampazo	2500
trampeador	2500
trampear	2500
trampero	2500
trampista	2500
trampolín	2500
tramposo	2500
tranca	2500
trancanil	2500
trancar	2500
trance	2500
trancha	2500
tranchea	2500
tranchete	2500
trancho	2500
tranco	2500
trangallo	2500
tranquear	2500
tranquera	2500
tranquero	2500
tranquil	2500
tranquila	2500
tranquilamente	2500
tranquilar	2500
tranquilidad	2500
tranquilizador	2500
tranquilizante	2500
tranquilizar	2500
tranquilo	2500
transaccional	2500
transaccionar	2500
transacción	2500
transatlántico	2500
transbordador	2500
transbordar	2500
transbordo	2500
transcendencia	2500
transcendental	2500
transcendentalismo	2500
transcender	2500
transcontinental	2500
transcribir	2500
transcripción	2500
transcrito	2500
transcurrir	2500
transducción	2500
transductor	2500
transepto	2500
transexual	2500
transexualidad	2500
transexualismo	2500
transeúnte	2500
transferencia	2500
transferible	2500
transferidor	2500
transferir	2500
transfiguración	2500
transfigurar	2500
transfijo	2500
transflorar	2500
transflorear	2500
transformacional	2500
transformador	2500
transformamiento	2500
transformar	2500
transformismo	2500
transformista	2500
transfregar	2500
transfretano	2500
transfretar	2500
transfundir	2500
transfusible	2500
transfusión	2500
transfusor	2500
transgredir	2500
transgresión	2500
transgresor	2500
transiberiano	2500
transición	2500
transido	2500
transigencia	2500
transigente	2500
transigir	2500
transir	2500
transistor	2500
transitable	2500
transitar	2500
transitivo	2500
transitoriamente	2500
transitoriedad	2500
transitorio	2500
translaticio	2500
translativo	2500
translimitar	2500
transliteración	2500
transliterar	2500
translucidez	2500
translucir	2500
transmigración	2500
transmigrar	2500
transmigratorio	2500
transmisible	2500
transmisión	2500
transmisor	2500
transmitir	2500
transmontano	2500
transmontar	2500
transmudamiento	2500
transmudar	2500
transmundano	2500
transmutable	2500
transmutar	2500
transmutativo	2500
transmutatorio	2500
transpadano	2500
transparencia	2500
transparentar	2500
transparente	2500
transpiración	2500
transpirar	2500
transpirenaico	2500
transpolar	2500
transponer	2500
transportación	2500
transportador	2500
transportamiento	2500
transportar	2500
transporte	2500
transportista	2500
transposición	2500
transpositivo	2500
transpuesto	2500
transpón	2500
transubstancial	2500
transubstanciar	2500
transustanciación	2500
transustancial	2500
transvasar	2500
transversal	2500
transversalidad	2500
transversalmente	2500
transverso	2500
tranviario	2500
tranviero	2500
tranvía	2500
tranzadera	2500
tranzado	2500
tranzar	2500
trapa	2500
trapacear	2500
trapacero	2500
trapacete	2500
trapacista	2500
trapajoso	2500
trapalear	2500
trapatiesta	2500
trapaza	2500
trapazar	2500
trape	2500
trapea	2500
trapeaba	2500
trapeado	2500
trapeando	2500
trapear	2500
trapeara	2500
trapeare	2500
trapeará	2500
trapearía	2500
trapease	2500
trapecial	2500
trapecio	2500
trapecista	2500
trapee	2500
trapense	2500
trapero	2500
trapezoidal	2500
trapezoide	2500
trapeó	2500
trapiche	2500
trapichear	2500
trapichero	2500
trapiento	2500
trapisonda	2500
trapisondear	2500
trapisondista	2500
trapitos	2500
trapo	2500
traque	2500
traqueal	2500
traquear	2500
traquetear	2500
traquido	2500
traquita	2500
trasaltar	2500
trasandosco	2500
trasanteayer	2500
trasbordar	2500
trascabo	2500
trascantonada	2500
trascartar	2500
trascendencia	2500
trascendental	2500
trascendente	2500
trascender	2500
trascendido	2500
trascoda	2500
trascolar	2500
trasconejar	2500
trascordar	2500
trascoro	2500
trascorral	2500
trascorvo	2500
trascribir	2500
trascrito	2500
trascurrir	2500
trasdoblar	2500
trasdosar	2500
trasdosear	2500
trasechar	2500
trasegar	2500
trasero	2500
traseñalar	2500
trasferencia	2500
trasferir	2500
trasfigurar	2500
trasflorar	2500
trasflorear	2500
trasfollado	2500
trasfollo	2500
trasfondo	2500
trasformar	2500
trasfregar	2500
trasfretano	2500
trasfretar	2500
trasfuego	2500
trasfundir	2500
trasfusor	2500
trasga	2500
trasgo	2500
trasgredir	2500
trasgresor	2500
trasguear	2500
trasguero	2500
trashoguero	2500
trashojar	2500
trashumancia	2500
trashumante	2500
trashumar	2500
trasijado	2500
traslación	2500
trasladador	2500
trasladar	2500
traslado	2500
traslapar	2500
traslaticio	2500
traslativo	2500
traslato	2500
trasloar	2500
traslucimiento	2500
traslucir	2500
traslumbramiento	2500
traslumbrar	2500
trasluz	2500
trasmallo	2500
trasmano	2500
trasmatar	2500
trasmañanar	2500
trasmerano	2500
trasmigrar	2500
trasminar	2500
trasmitir	2500
trasmochar	2500
trasmontar	2500
trasmudar	2500
trasmundo	2500
trasmutar	2500
trasnochador	2500
trasnochar	2500
trasnombrar	2500
trasojado	2500
trasovada	2500
trasoír	2500
trasoñar	2500
traspadano	2500
traspalar	2500
traspalear	2500
traspapelar	2500
trasparecer	2500
trasparentar	2500
traspasador	2500
traspasamiento	2500
traspasar	2500
traspaso	2500
traspecho	2500
traspeinar	2500
traspellar	2500
traspilastra	2500
traspillar	2500
traspintar	2500
traspirar	2500
traspié	2500
trasplantado	2500
trasplantar	2500
trasponer	2500
trasportamiento	2500
trasportar	2500
traspuesto	2500
traspunte	2500
traspón	2500
trasquero	2500
trasquila	2500
trasquilado	2500
trasquilador	2500
trasquiladura	2500
trasquilar	2500
trasquilimocho	2500
trasquilón	2500
trasroscar	2500
trastabillante	2500
trastabillar	2500
trastada	2500
trastajo	2500
traste	2500
trasteador	2500
trastear	2500
trastejador	2500
trastejadura	2500
trastejar	2500
trastero	2500
trastes	2500
trastesar	2500
trastienda	2500
trasto	2500
trastocar	2500
trastornador	2500
trastornadura	2500
trastornamiento	2500
trastornar	2500
trastorno	2500
trastrabar	2500
trastrabillar	2500
trastrocamiento	2500
trastrocar	2500
trastumbar	2500
trasudar	2500
trasuntar	2500
trasvasar	2500
trasvenar	2500
trasver	2500
trasversal	2500
trasverso	2500
trasverter	2500
trasvinar	2500
trasvisto	2500
trasvolar	2500
trasvé	2500
tratable	2500
tratadista	2500
tratado	2500
tratador	2500
tratamiento	2500
tratante	2500
tratar	2500
trato	2500
trauma	2500
traumado	2500
traumatismo	2500
traumatizante	2500
traumatizar	2500
traumático	2500
traversa	2500
travesar	2500
travesaño	2500
travesear	2500
travesero	2500
travesti	2500
travestir	2500
travestismo	2500
travestista	2500
travestí	2500
travesura	2500
travesío	2500
travieso	2500
trayecto	2500
trayectoria	2500
traza	2500
trazable	2500
trazado	2500
trazador	2500
trazar	2500
trazo	2500
trazumar	2500
traída	2500
traído	2500
traílla	2500
traína	2500
traíña	2500
treballa	2500
trebejar	2500
trebejo	2500
trebentina	2500
trebolar	2500
trece	2500
treceavo	2500
trecemesino	2500
trecenario	2500
trecenato	2500
trecenazgo	2500
treceno	2500
trecha	2500
trechear	2500
trechel	2500
trecheo	2500
trecho	2500
trecientos	2500
trecén	2500
trefilar	2500
tregua	2500
treinta	2500
treintaidosavo	2500
treintavo	2500
treintena	2500
treinteno	2500
treja	2500
tremar	2500
tremebundo	2500
tremedal	2500
tremendamente	2500
tremendismo	2500
tremendista	2500
tremendo	2500
trementina	2500
tremer	2500
tremesino	2500
tremielga	2500
tremol	2500
tremolar	2500
tremolina	2500
tremoso	2500
tremulante	2500
tremulento	2500
tremés	2500
tremó	2500
tren	2500
trena	2500
trenado	2500
trenca	2500
trencillar	2500
treno	2500
trenque	2500
trente	2500
trenteno	2500
trenza	2500
trenzadera	2500
trenzado	2500
trenzar	2500
treo	2500
trepa	2500
trepador	2500
trepajuncos	2500
trepanación	2500
trepanar	2500
trepante	2500
trepar	2500
treparriscos	2500
trepatroncos	2500
trepidación	2500
trepidante	2500
trepidar	2500
treponema	2500
trescientas	2500
trescientos	2500
tresdoblar	2500
tresillista	2500
tresmesino	2500
tresnal	2500
tresnar	2500
trestanto	2500
treta	2500
trezna	2500
triaca	2500
triacal	2500
triache	2500
trial	2500
trianero	2500
triangulación	2500
triangular	2500
triangularmente	2500
triaquero	2500
triar	2500
triario	2500
triatlón	2500
tribal	2500
tribu	2500
tribual	2500
tribuir	2500
tribulación	2500
tribular	2500
tribuna	2500
tribunado	2500
tribunal	2500
tribunicio	2500
tribuno	2500
tributante	2500
tributar	2500
tributario	2500
tributo	2500
tricentenario	2500
tricentésimo	2500
triciclo	2500
tricolor	2500
tricorne	2500
tricornio	2500
tricotar	2500
tricúspide	2500
tridacio	2500
tridente	2500
tridentino	2500
tridimensional	2500
triduano	2500
triduo	2500
triedro	2500
trienal	2500
trienio	2500
triente	2500
trifauce	2500
trifinio	2500
trifloro	2500
trifoliado	2500
trifolio	2500
triforio	2500
triforme	2500
trifulca	2500
trifurcar	2500
triga	2500
trigal	2500
trigaza	2500
trigesimoctavo	2500
trigesimocuarto	2500
trigesimonono	2500
trigesimonoveno	2500
trigesimoprimero	2500
trigesimoquinto	2500
trigesimosegundo	2500
trigesimosexto	2500
trigesimoséptimo	2500
trigesimotercero	2500
trigla	2500
triglifo	2500
trigo	2500
trigonal	2500
trigonometría	2500
trigonométrico	2500
triguero	2500
trigueño	2500
triguillo	2500
trigésimo	2500
trile	2500
trilingüe	2500
trilita	2500
trilito	2500
trilla	2500
trilladera	2500
trillado	2500
trillador	2500
trilladura	2500
trillar	2500
trillique	2500
trillo	2500
trilobites	2500
trilobulado	2500
trilocular	2500
trilogía	2500
trimembre	2500
trimestral	2500
trimestralmente	2500
trimestre	2500
trimielga	2500
trimotor	2500
trinacrio	2500
trinar	2500
trinca	2500
trincado	2500
trincadura	2500
trincaesquinas	2500
trincapiñones	2500
trincar	2500
trincha	2500
trinchador	2500
trinchante	2500
trinchar	2500
trincheo	2500
trinchera	2500
trinchero	2500
trinchete	2500
trineo	2500
trinitario	2500
trinitense	2500
trinitrotolueno	2500
trino	2500
trinomio	2500
trinquetada	2500
trinquete	2500
trinquetilla	2500
tripa	2500
tripada	2500
tripanosoma	2500
tripartir	2500
tripartito	2500
tripastos	2500
tripe	2500
tripero	2500
triplano	2500
triple	2500
triplete	2500
triplicación	2500
triplicado	2500
triplicar	2500
triplicidad	2500
tripolino	2500
tripolitano	2500
triptongar	2500
triptongo	2500
tripudiar	2500
tripudo	2500
tripulación	2500
tripulante	2500
tripular	2500
trique	2500
triquete	2500
triquina	2500
triquinosis	2500
triquitraque	2500
triquiñuela	2500
trirrectángulo	2500
trirreme	2500
tris	2500
trisagio	2500
trisar	2500
triscar	2500
trisecar	2500
trisemanal	2500
trismo	2500
trispasto	2500
triste	2500
tristemente	2500
tristeza	2500
tristura	2500
trisulco	2500
tritio	2500
triturador	2500
triturar	2500
tritón	2500
triunfador	2500
triunfal	2500
triunfalismo	2500
triunfalista	2500
triunfalmente	2500
triunfante	2500
triunfantemente	2500
triunfar	2500
triunfo	2500
triunviral	2500
triunvirato	2500
trivial	2500
trivialidad	2500
trivializar	2500
trivialmente	2500
trivio	2500
trizar	2500
triángulo	2500
trióxido	2500
trocable	2500
trocada	2500
trocadamente	2500
trocado	2500
trocador	2500
trocaico	2500
trocamiento	2500
trocar	2500
trocatinta	2500
trocatinte	2500
trocear	2500
trocha	2500
trochemoche	2500
trocir	2500
trociscar	2500
trocito	2500
trocla	2500
trocoide	2500
trocánter	2500
trofeo	2500
troglodita	2500
troj	2500
troje	2500
trojero	2500
trojezada	2500
trol	2500
trola	2500
trole	2500
trolebús	2500
trolero	2500
trolla	2500
tromba	2500
trombo	2500
tromboangitis	2500
trombosis	2500
trombón	2500
trompa	2500
trompar	2500
trompear	2500
trompero	2500
trompeta	2500
trompetada	2500
trompetazo	2500
trompetear	2500
trompetero	2500
trompetería	2500
trompetilla	2500
trompetista	2500
trompicadero	2500
trompicar	2500
trompicón	2500
trompilladura	2500
trompillar	2500
trompis	2500
trompo	2500
trona	2500
tronador	2500
tronar	2500
tronca	2500
troncal	2500
troncalidad	2500
troncar	2500
tronchar	2500
troncho	2500
tronchudo	2500
tronco	2500
troncocónico	2500
tronera	2500
tronerar	2500
tronga	2500
tronido	2500
tronitoso	2500
trono	2500
tronquear	2500
tronquista	2500
tronzar	2500
tropa	2500
tropecientas	2500
tropecientos	2500
tropel	2500
tropelista	2500
tropellar	2500
tropelía	2500
tropeoleo	2500
tropeolácea	2500
tropeoláceo	2500
tropezadero	2500
tropezador	2500
tropezadura	2500
tropezar	2500
tropezoso	2500
tropezón	2500
tropical	2500
tropiezo	2500
tropismo	2500
tropo	2500
tropopausa	2500
troposfera	2500
troque	2500
troquel	2500
troquelar	2500
troqueo	2500
troquilo	2500
trosas	2500
trotacalles	2500
trotaconventos	2500
trotador	2500
trotamundos	2500
trotar	2500
trote	2500
troupe	2500
trova	2500
trovador	2500
trovadoresco	2500
trovar	2500
trovero	2500
trovista	2500
trox	2500
troy	2500
troyano	2500
trozar	2500
trozo	2500
trucar	2500
trucha	2500
truchero	2500
truchimán	2500
truchuela	2500
trucidar	2500
truco	2500
truculencia	2500
truculentamente	2500
truculento	2500
true	2500
trueno	2500
trueque	2500
trufar	2500
truhan	2500
truhanada	2500
truhanear	2500
truhanería	2500
truhanesco	2500
truja	2500
trujal	2500
trujamanear	2500
trujillano	2500
trulla	2500
trullar	2500
truncado	2500
truncamiento	2500
truncar	2500
truque	2500
truquero	2500
truquiflor	2500
trué	2500
tráfago	2500
tráfico	2500
trágicamente	2500
trágico	2500
tráiler	2500
trámite	2500
tránsito	2500
tráquea	2500
trébol	2500
trémolo	2500
trémulo	2500
tría	2500
tríceps	2500
trígono	2500
trío	2500
trípode	2500
trípoli	2500
tríptico	2500
trófico	2500
trópico	2500
tsunami	2500
tuareg	2500
tuba	2500
tuberculina	2500
tuberculosa	2500
tuberculosis	2500
tuberculoso	2500
tuberosa	2500
tuberosidad	2500
tuberoso	2500
tubería	2500
tubular	2500
tubuloso	2500
tubérculo	2500
tuca	2500
tuciorismo	2500
tuciorista	2500
tuco	2500
tucumano	2500
tuda	2500
tudel	2500
tudelano	2500
tudense	2500
tudesco	2500
tueca	2500
tueco	2500
tuera	2500
tuerca	2500
tuerce	2500
tuerta	2500
tuerto	2500
tueste	2500
tufillas	2500
tufo	2500
tugurio	2500
tuit	2500
tuitear	2500
tuiteo	2500
tuitero	2500
tuitiva	2500
tuitivo	2500
tul	2500
tulio	2500
tulipa	2500
tulipán	2500
tullecer	2500
tullidura	2500
tullimiento	2500
tullir	2500
tumba	2500
tumbacuartillos	2500
tumbadillo	2500
tumbado	2500
tumbaga	2500
tumbaollas	2500
tumbar	2500
tumbo	2500
tumbón	2500
tumefacción	2500
tumefacto	2500
tumo	2500
tumor	2500
tumoración	2500
tumoral	2500
tumoroso	2500
tumulario	2500
tumulto	2500
tumultuar	2500
tumultuariamente	2500
tumultuario	2500
tumultuosamente	2500
tumultuoso	2500
tuna	2500
tunantada	2500
tunante	2500
tunantear	2500
tunar	2500
tunda	2500
tundear	2500
tundente	2500
tundidor	2500
tundidura	2500
tundir	2500
tundizno	2500
tundra	2500
tunduque	2500
tunear	2500
tunecino	2500
tunecí	2500
tunecíes	2500
tunelamiento	2500
tunera	2500
tunero	2500
tungsteno	2500
tunicado	2500
tupa	2500
tupaya	2500
tupi	2500
tupido	2500
tupinambo	2500
tupir	2500
tupitaina	2500
tupé	2500
tupí	2500
tupíes	2500
tura	2500
turar	2500
turba	2500
turbación	2500
turbadamente	2500
turbador	2500
turbamiento	2500
turbamulta	2500
turbante	2500
turbar	2500
turbativo	2500
turbera	2500
turbia	2500
turbiamente	2500
turbiedad	2500
turbieza	2500
turbina	2500
turbinto	2500
turbio	2500
turbit	2500
turbión	2500
turbo	2500
turbocompresor	2500
turbonada	2500
turbulencia	2500
turbulentamente	2500
turbulento	2500
turbón	2500
turco	2500
turcomano	2500
turcople	2500
turdetano	2500
turgencia	2500
turgente	2500
turibular	2500
turibulario	2500
turiferario	2500
turificar	2500
turismo	2500
turista	2500
turkmeno	2500
turma	2500
turmalina	2500
turnar	2500
turnio	2500
turno	2500
turolense	2500
turpial	2500
turquesa	2500
turquí	2500
turquíes	2500
turrar	2500
turronada	2500
turronero	2500
turrón	2500
turulato	2500
turullo	2500
turulés	2500
turíbulo	2500
turístico	2500
tusa	2500
tusturrar	2500
tute	2500
tutear	2500
tutela	2500
tutelar	2500
tutor	2500
tutorar	2500
tutorial	2500
tutorización	2500
tutorizar	2500
tutoría	2500
tutía	2500
tuvaluano	2500
tuétano	2500
tábano	2500
tábarro	2500
tácitamente	2500
tácito	2500
tácticamente	2500
táctico	2500
táctil	2500
táctilmente	2500
tálamo	2500
támara	2500
tángano	2500
tántalo	2500
tártaro	2500
tártrico	2500
té	2500
técnicamente	2500
témpano	2500
ténder	2500
tépalo	2500
térmico	2500
término	2500
térreo	2500
tés	2500
tésalo	2500
tétanos	2500
tétrico	2500
tía	2500
tífico	2500
tímidamente	2500
tímido	2500
tímpano	2500
tío	2500
típicamente	2500
típico	2500
típula	2500
tísico	2500
tít	2500
títere	2500
título	2500
tómbola	2500
tóner	2500
tónica	2500
tónico	2500
tópico	2500
tórax	2500
tórculo	2500
tórridamente	2500
tórrido	2500
tórtola	2500
tórtolo	2500
tósigo	2500
tótem	2500
tóxico	2500
túmulo	2500
túnica	2500
túrdiga	2500
tútano	2500
ubicar	2500
ubicuidad	2500
ubicuo	2500
ubio	2500
ubiquidad	2500
ubiquitario	2500
ubre	2500
ubrera	2500
ucase	2500
ucraniano	2500
ucranio	2500
ues	2500
uf	2500
ufanamente	2500
ufanar	2500
ufano	2500
ufanía	2500
ufo	2500
ugandés	2500
uh	2500
ujier	2500
ukelele	2500
ulceración	2500
ulcerar	2500
ulcerativo	2500
ulceroso	2500
ulema	2500
ulterior	2500
ulteriormente	2500
ultimador	2500
ultimar	2500
ultimátum	2500
ultra	2500
ultraderechismo	2500
ultraizquierdismo	2500
ultrajador	2500
ultrajante	2500
ultrajar	2500
ultraje	2500
ultrajoso	2500
ultraligero	2500
ultramar	2500
ultramarino	2500
ultramaro	2500
ultramicroscopio	2500
ultramontanismo	2500
ultramontano	2500
ultramundano	2500
ultranza	2500
ultrapuertos	2500
ultrarrojo	2500
ultrasensible	2500
ultrasonido	2500
ultratumba	2500
ultravioleta	2500
ulular	2500
ululato	2500
umbela	2500
umbelífera	2500
umbelífero	2500
umbilicado	2500
umbilical	2500
umbra	2500
umbral	2500
umbralar	2500
umbro	2500
umbroso	2500
umbría	2500
umbrío	2500
umero	2500
unalbo	2500
unanimidad	2500
unario	2500
uncia	2500
uncidor	2500
unciforme	2500
uncir	2500
unción	2500
undante	2500
undoso	2500
undular	2500
undécimo	2500
ungido	2500
ungimiento	2500
ungir	2500
unguiculado	2500
unguis	2500
ungulado	2500
ungular	2500
ungüento	2500
unicamente	2500
unicaule	2500
unicelular	2500
unicidad	2500
unicolor	2500
unicornio	2500
unidamente	2500
unidimensional	2500
unidireccional	2500
unidla	2500
unidlas	2500
unidle	2500
unidles	2500
unidlo	2500
unidlos	2500
unidme	2500
unidnos	2500
unidor	2500
unifamiliar	2500
unificación	2500
unificado	2500
unificador	2500
unificar	2500
uniformador	2500
uniformar	2500
uniforme	2500
uniformemente	2500
uniformidad	2500
unigénito	2500
unilateral	2500
unilateralmente	2500
unimismar	2500
unionista	2500
unipersonal	2500
unipolar	2500
unir	2500
unisexual	2500
unisonancia	2500
unisonar	2500
unitario	2500
unitarismo	2500
unitivo	2500
univ	2500
univalvo	2500
universal	2500
universalidad	2500
universalización	2500
universalizar	2500
universalmente	2500
universidad	2500
universitario	2500
universo	2500
univocar	2500
univocidad	2500
unión	2500
untada	2500
untadla	2500
untadlas	2500
untadle	2500
untadles	2500
untadlo	2500
untadlos	2500
untadme	2500
untadnos	2500
untador	2500
untadura	2500
untamiento	2500
untaos	2500
untar	2500
untaza	2500
unto	2500
untoso	2500
untuosidad	2500
untuoso	2500
untura	2500
untémonos	2500
unámonos	2500
unánime	2500
unánimemente	2500
uníos	2500
unísono	2500
unívocamente	2500
unívoco	2500
upa	2500
upar	2500
urajear	2500
uralaltaico	2500
uraloaltaico	2500
uranio	2500
uranolito	2500
urato	2500
urbana	2500
urbanamente	2500
urbanidad	2500
urbanismo	2500
urbanista	2500
urbanización	2500
urbanizar	2500
urbano	2500
urbanística	2500
urbanístico	2500
urbe	2500
urca	2500
urdidera	2500
urdidor	2500
urdidura	2500
urdiembre	2500
urdimbre	2500
urdir	2500
urdu	2500
urea	2500
uremia	2500
urente	2500
uretra	2500
uretral	2500
uretritis	2500
urgabonense	2500
urgencia	2500
urgentemente	2500
urgir	2500
urinario	2500
urna	2500
uro	2500
urodelo	2500
urogallo	2500
uromancia	2500
uroscopia	2500
urraca	2500
ursina	2500
ursulina	2500
urticante	2500
urticaria	2500
uruga	2500
uruguayo	2500
uréter	2500
usabilidad	2500
usada	2500
usadla	2500
usadlas	2500
usadle	2500
usadles	2500
usadlo	2500
usadlos	2500
usadme	2500
usadnos	2500
usado	2500
usagre	2500
usanza	2500
uscoque	2500
usier	2500
uslero	2500
usos	2500
ustaga	2500
usual	2500
usualmente	2500
usuario	2500
usucapida	2500
usucapidas	2500
usucapido	2500
usucapidos	2500
usucapir	2500
usucapirse	2500
usucapión	2500
usufructo	2500
usufructuar	2500
usufructuario	2500
usura	2500
usurar	2500
usurariamente	2500
usurario	2500
usurear	2500
usurero	2500
usurpación	2500
usurpador	2500
usurpar	2500
usémonos	2500
uta	2500
utensilio	2500
uterino	2500
uticense	2500
utilidad	2500
utilitario	2500
utilitarismo	2500
utilización	2500
utilizar	2500
utillaje	2500
utopista	2500
utopía	2500
utrerano	2500
utópico	2500
uva	2500
uvada	2500
uvaduz	2500
uve	2500
uvero	2500
uviar	2500
uvular	2500
uy	2500
uzbeco	2500
uzbeko	2500
uzo	2500
uña	2500
uñero	2500
uñir	2500
vaca	2500
vacacional	2500
vacación	2500
vacante	2500
vacar	2500
vacatura	2500
vacceo	2500
vaccinieo	2500
vaciadero	2500
vaciadizo	2500
vaciado	2500
vaciador	2500
vaciamiento	2500
vaciante	2500
vaciar	2500
vaciedad	2500
vaciero	2500
vacilación	2500
vacilante	2500
vacilantemente	2500
vacilar	2500
vacuidad	2500
vacuna	2500
vacunador	2500
vacunar	2500
vacuno	2500
vacunoterapia	2500
vacuo	2500
vacíamente	2500
vacío	2500
vade	2500
vadeable	2500
vadeador	2500
vadear	2500
vademécum	2500
vadera	2500
vadiano	2500
vado	2500
vaga	2500
vagabundear	2500
vagabundo	2500
vagamente	2500
vagamundear	2500
vagamundo	2500
vagancia	2500
vagante	2500
vagar	2500
vagaroso	2500
vagido	2500
vagina	2500
vaginal	2500
vaginalmente	2500
vaginitis	2500
vago	2500
vagoneta	2500
vaguada	2500
vaguear	2500
vaguedad	2500
vaguemaestre	2500
vaguería	2500
vaguido	2500
vagón	2500
vahar	2500
vahear	2500
vaho	2500
vahído	2500
vaina	2500
vainero	2500
vainica	2500
vainilla	2500
vainiquera	2500
vaivenear	2500
vaivén	2500
vajilla	2500
val	2500
valar	2500
valdense	2500
vale	2500
valedero	2500
valedor	2500
valencianismo	2500
valenciano	2500
valentiniano	2500
valentino	2500
valentonada	2500
valentía	2500
valentísimamente	2500
valentísimo	2500
valentón	2500
valer	2500
valeriana	2500
valerianato	2500
valeriense	2500
valeriánico	2500
valerosamente	2500
valerosidad	2500
valeroso	2500
valetudinario	2500
validación	2500
validador	2500
validar	2500
validez	2500
valiente	2500
valientemente	2500
valija	2500
valijero	2500
valimiento	2500
valiosamente	2500
valioso	2500
valla	2500
valladar	2500
valladear	2500
vallado	2500
vallar	2500
valle	2500
vallenato	2500
vallico	2500
vallisoletano	2500
valoración	2500
valorar	2500
valorear	2500
valorización	2500
valorizar	2500
valquiria	2500
vals	2500
valsar	2500
valuación	2500
valuar	2500
valva	2500
valvar	2500
valvular	2500
valía	2500
vampiresa	2500
vampirismo	2500
vampiro	2500
vanadio	2500
vanagloria	2500
vanagloriar	2500
vanagloriosamente	2500
vanaglorioso	2500
vanamente	2500
vandalismo	2500
vandalizar	2500
vanear	2500
vanguardia	2500
vanguardismo	2500
vanguardista	2500
vanidad	2500
vanidosamente	2500
vanidoso	2500
vanilocuencia	2500
vanilocuente	2500
vaniloquio	2500
vanistorio	2500
vano	2500
vanuatuense	2500
vapor	2500
vaporar	2500
vaporear	2500
vaporización	2500
vaporizador	2500
vaporizar	2500
vaporoso	2500
vapulamiento	2500
vapular	2500
vapuleador	2500
vapuleamiento	2500
vapulear	2500
vaquear	2500
vaqueiro	2500
vaquerizo	2500
vaquero	2500
vaqueta	2500
vara	2500
varada	2500
varadera	2500
varadero	2500
varadura	2500
varal	2500
varapalo	2500
varar	2500
varazo	2500
varea	2500
vareador	2500
varear	2500
varejón	2500
varenga	2500
vareo	2500
vareta	2500
varetazo	2500
varetear	2500
varga	2500
variabilidad	2500
variable	2500
variablemente	2500
variación	2500
variado	2500
variante	2500
varianza	2500
variar	2500
varicela	2500
varicocele	2500
varicoso	2500
variedad	2500
varietés	2500
varilarguero	2500
varillaje	2500
vario	2500
varioloide	2500
varioloso	2500
variopinto	2500
varita	2500
varitero	2500
variz	2500
varonil	2500
varonilmente	2500
varraco	2500
varraquear	2500
varraquera	2500
varsoviano	2500
varón	2500
vas	2500
vasa	2500
vasallaje	2500
vasallo	2500
vasar	2500
vascongado	2500
vascuence	2500
vascular	2500
vasculoso	2500
vascón	2500
vascónico	2500
vaselina	2500
vasera	2500
vasija	2500
vaso	2500
vasodilatador	2500
vastedad	2500
vasto	2500
vate	2500
vaticanista	2500
vaticinador	2500
vaticinar	2500
vaticinio	2500
vatio	2500
vayamos	2500
vayan	2500
vayas	2500
vayáis	2500
vayámonos	2500
vaída	2500
ve	2500
vecera	2500
vecero	2500
vecina	2500
vecinal	2500
vecindad	2500
vecindar	2500
vecindario	2500
vecindona	2500
vecino	2500
vector	2500
vectorial	2500
veda	2500
vedado	2500
vedamiento	2500
vedar	2500
vedegambre	2500
vedeja	2500
vedete	2500
vedija	2500
veedor	2500
veer	2500
vega	2500
veganismo	2500
vegano	2500
vegetabilidad	2500
vegetación	2500
vegetal	2500
vegetalismo	2500
vegetalista	2500
vegetar	2500
vegetarianismo	2500
vegetariano	2500
vegetativo	2500
veguero	2500
vehemencia	2500
vehemente	2500
vehementemente	2500
vehículo	2500
veintavo	2500
veinte	2500
veinteavo	2500
veintena	2500
veintenar	2500
veinteno	2500
veinticinco	2500
veinticuatreno	2500
veinticuatro	2500
veintidós	2500
veintinueve	2500
veintiocho	2500
veintisiete	2500
veintiséis	2500
veintitrés	2500
veintiuna	2500
veintiuno	2500
veintiún	2500
veis	2500
vejación	2500
vejador	2500
vejamen	2500
vejaminista	2500
vejar	2500
vejatorio	2500
vejecer	2500
vejestorio	2500
vejeta	2500
vejete	2500
vejez	2500
vejezuelo	2500
vejiga	2500
vejigatorio	2500
vejigazo	2500
vejigoso	2500
vela	2500
velacho	2500
velada	2500
velado	2500
velador	2500
veladura	2500
velamen	2500
velar	2500
velarizar	2500
velarte	2500
velatorio	2500
velcro	2500
veleidad	2500
veleidoso	2500
velejar	2500
velero	2500
veleta	2500
velete	2500
velicar	2500
velilla	2500
vellera	2500
vellido	2500
vello	2500
vellocino	2500
vellorita	2500
vellosidad	2500
vellosilla	2500
velloso	2500
vellotado	2500
velludo	2500
vellón	2500
velmez	2500
velo	2500
velocidad	2500
velocipedismo	2500
velocipedista	2500
velocímetro	2500
velocípedo	2500
velonero	2500
velorio	2500
velorta	2500
velorto	2500
velos	2500
veloz	2500
velozmente	2500
velón	2500
ven	2500
vena	2500
venablo	2500
venadero	2500
venado	2500
venaje	2500
venal	2500
venalidad	2500
vencedor	2500
vencejera	2500
vencejo	2500
vencer	2500
vencetósigo	2500
vencible	2500
vencida	2500
vencimiento	2500
venda	2500
vendar	2500
vendaval	2500
vendedor	2500
vendeja	2500
vender	2500
vendetta	2500
vendible	2500
vendimia	2500
vendimiador	2500
vendimiar	2500
vendimiario	2500
vendo	2500
vendí	2500
veneciano	2500
veneficiar	2500
venencia	2500
veneno	2500
venenosidad	2500
venenoso	2500
venera	2500
venerablemente	2500
veneración	2500
venerador	2500
venerando	2500
venerar	2500
venezolanismo	2500
venezolano	2500
vengador	2500
venganza	2500
vengar	2500
vengativo	2500
venia	2500
venial	2500
venialidad	2500
venialmente	2500
venida	2500
venidero	2500
venir	2500
venoso	2500
venta	2500
ventaja	2500
ventajista	2500
ventajosa	2500
ventajosamente	2500
ventajoso	2500
ventalla	2500
ventalle	2500
ventanal	2500
ventanear	2500
ventanero	2500
ventanico	2500
ventanilla	2500
ventano	2500
ventanuco	2500
ventar	2500
ventarrón	2500
venteadura	2500
ventear	2500
venteril	2500
ventero	2500
ventilación	2500
ventilador	2500
ventilar	2500
ventisca	2500
ventiscar	2500
ventiscoso	2500
ventisquear	2500
ventisquero	2500
ventola	2500
ventolera	2500
ventolina	2500
ventor	2500
ventorrero	2500
ventorro	2500
ventosa	2500
ventosear	2500
ventosidad	2500
ventoso	2500
ventral	2500
ventralmente	2500
ventricular	2500
ventril	2500
ventriloquia	2500
ventrudo	2500
ventrículo	2500
ventrílocuo	2500
ventura	2500
venturanza	2500
venturero	2500
venturina	2500
venturo	2500
venturosamente	2500
venturoso	2500
venus	2500
venusino	2500
venustez	2500
venustidad	2500
venusto	2500
venéreo	2500
vera	2500
veracidad	2500
veranar	2500
veranda	2500
veraneante	2500
veranear	2500
veraneo	2500
veranero	2500
veraniego	2500
verano	2500
verascopio	2500
verato	2500
veratrina	2500
veraz	2500
verba	2500
verbal	2500
verbalismo	2500
verbalista	2500
verbalizar	2500
verbalmente	2500
verbasco	2500
verbena	2500
verbenear	2500
verbenero	2500
verbenácea	2500
verbenáceo	2500
verberar	2500
verbigracia	2500
verbo	2500
verborragia	2500
verborrea	2500
verbosidad	2500
verboso	2500
verdacho	2500
verdaderamente	2500
verdal	2500
verdasca	2500
verdascazo	2500
verde	2500
verdear	2500
verdecer	2500
verdegay	2500
verdeguear	2500
verdejo	2500
verdemar	2500
verdeo	2500
verderón	2500
verdete	2500
verdevejiga	2500
verdezuela	2500
verdezuelo	2500
verdial	2500
verdina	2500
verdinal	2500
verdinegro	2500
verdino	2500
verdinoso	2500
verdiñal	2500
verdolaga	2500
verdor	2500
verdoso	2500
verdoyo	2500
verdugada	2500
verdugado	2500
verdugo	2500
verdulero	2500
verdura	2500
verdusco	2500
verdín	2500
vereda	2500
veredero	2500
veredicto	2500
verga	2500
vergajo	2500
vergel	2500
vergelero	2500
vergeta	2500
vergonzante	2500
vergonzosamente	2500
vergonzoso	2500
verguear	2500
vergueta	2500
vergueteado	2500
vergé	2500
vergüenza	2500
vericueto	2500
verificabilidad	2500
verificación	2500
verificador	2500
verija	2500
veril	2500
verilear	2500
verismo	2500
verja	2500
verjurado	2500
verme	2500
vermicular	2500
vermiforme	2500
vermífugo	2500
vermú	2500
vernal	2500
vernáculo	2500
vero	2500
veronal	2500
veronense	2500
verosimilitud	2500
verosímil	2500
verosímilmente	2500
verraco	2500
verraquear	2500
verraquera	2500
verriondez	2500
verriondo	2500
verrojazo	2500
verrucaria	2500
verruga	2500
verrugoso	2500
verruguetar	2500
versado	2500
versal	2500
versalilla	2500
versalita	2500
versallesco	2500
versar	2500
versatilidad	2500
versear	2500
versiculario	2500
versificación	2500
versificador	2500
versificar	2500
versionamiento	2500
versionar	2500
versista	2500
versión	2500
verso	2500
versta	2500
versus	2500
versátil	2500
versículo	2500
vertebración	2500
vertebrada	2500
vertebrado	2500
vertebral	2500
vertebrar	2500
vertedera	2500
vertedero	2500
vertedor	2500
vertello	2500
verter	2500
vertibilidad	2500
vertible	2500
vertical	2500
verticalidad	2500
verticalizar	2500
verticalmente	2500
verticilo	2500
vertidos	2500
vertiente	2500
vertiginosamente	2500
vertiginosidad	2500
vertiginoso	2500
vertimiento	2500
verídicamente	2500
verídico	2500
verónica	2500
ves	2500
vesania	2500
vesical	2500
vesicante	2500
vesicular	2500
vesiculoso	2500
vespertinamente	2500
vespertino	2500
vesque	2500
vestal	2500
veste	2500
vestecha	2500
vestfaliano	2500
vestido	2500
vestidor	2500
vestidura	2500
vestigio	2500
vestiglo	2500
vestimenta	2500
vestimento	2500
vestir	2500
vestuario	2500
vestugo	2500
vestíbulo	2500
vesícula	2500
veta	2500
vetar	2500
vete	2500
veteado	2500
vetear	2500
veterano	2500
veterinario	2500
vetisesgado	2500
veto	2500
vetustez	2500
vetusto	2500
vezar	2500
vi	2500
viabilidad	2500
viable	2500
viada	2500
viadera	2500
viaducto	2500
viajador	2500
viajante	2500
viajar	2500
viajata	2500
viaje	2500
viajero	2500
vial	2500
vialidad	2500
vianda	2500
viandante	2500
viaria	2500
viario	2500
viaticar	2500
vibración	2500
vibrador	2500
vibrante	2500
vibrar	2500
vibratorio	2500
viburno	2500
vicario	2500
vicealmirante	2500
vicecanciller	2500
viceconsiliario	2500
viceconsulado	2500
vicecónsul	2500
vicedirector	2500
vicegerencia	2500
vicegerente	2500
vicegobernador	2500
vicepresidencia	2500
vicepresidente	2500
viceprovincia	2500
viceprovincial	2500
vicerrector	2500
vicesecretario	2500
vicetesorero	2500
vicetiple	2500
viceversa	2500
vicia	2500
viciar	2500
vicio	2500
viciosamente	2500
vicioso	2500
vicisitud	2500
victimar	2500
victimario	2500
victimizar	2500
victo	2500
victorear	2500
victoriano	2500
victoriato	2500
victoriosamente	2500
victorioso	2500
vicuña	2500
vid	2500
vidarra	2500
vidente	2500
video	2500
videocinta	2500
videoclip	2500
videoclub	2500
videoconferencia	2500
videoconsola	2500
videocámara	2500
videofrecuencia	2500
videograbador	2500
videojuego	2500
vidorra	2500
vidriado	2500
vidriar	2500
vidriera	2500
vidrieras	2500
vidriero	2500
vidrio	2500
vidriosidad	2500
vidrioso	2500
vidual	2500
vieira	2500
viejales	2500
viento	2500
vientre	2500
vienés	2500
vierteaguas	2500
vietnamita	2500
vigencia	2500
vigente	2500
vigesimoctavo	2500
vigesimocuarto	2500
vigesimonono	2500
vigesimonoveno	2500
vigesimoprimero	2500
vigesimoquinto	2500
vigesimosegundo	2500
vigesimosexto	2500
vigesimoséptimo	2500
vigesimotercero	2500
vigiar	2500
vigilancia	2500
vigilante	2500
vigilar	2500
vigilativo	2500
vigilia	2500
vigolero	2500
vigor	2500
vigorar	2500
vigorizador	2500
vigorizante	2500
vigorizar	2500
vigorosamente	2500
vigorosidad	2500
vigoroso	2500
vigota	2500
vigueta	2500
vigésimo	2500
vihuela	2500
vikingo	2500
vil	2500
vilano	2500
vilera	2500
vileza	2500
vilipendiador	2500
vilipendiar	2500
vilipendio	2500
vilipendioso	2500
villa	2500
villaje	2500
villanada	2500
villanamente	2500
villancico	2500
villanciquero	2500
villanesca	2500
villanesco	2500
villano	2500
villanía	2500
villazgo	2500
villorrio	2500
vilmente	2500
vilo	2500
vilordo	2500
vilorta	2500
vilorto	2500
vilos	2500
viltrotear	2500
viltrotera	2500
vimbre	2500
vinagrada	2500
vinagre	2500
vinagrera	2500
vinagrero	2500
vinagreta	2500
vinagrillo	2500
vinagroso	2500
vinajera	2500
vinar	2500
vinariego	2500
vinario	2500
vinatera	2500
vinatero	2500
vinaza	2500
vincapervinca	2500
vinco	2500
vinculación	2500
vinculante	2500
vincular	2500
vindicación	2500
vindicador	2500
vindicar	2500
vindicativo	2500
vindicatorio	2500
vindicta	2500
vinicultor	2500
vinicultura	2500
viniente	2500
vinilo	2500
vino	2500
vinolento	2500
vinosidad	2500
vinoso	2500
vinote	2500
vinoteca	2500
vinotera	2500
vinta	2500
vinícola	2500
vio	2500
viola	2500
violación	2500
violada	2500
violado	2500
violador	2500
violar	2500
violencia	2500
violentamente	2500
violentar	2500
violento	2500
violero	2500
violeta	2500
violetera	2500
violetero	2500
violeto	2500
violinista	2500
violoncelista	2500
violoncelo	2500
violonchelista	2500
violonchelo	2500
violácea	2500
violáceo	2500
violín	2500
viperino	2500
vira	2500
viracocha	2500
virada	2500
virador	2500
virago	2500
viraje	2500
viral	2500
virar	2500
virazón	2500
virgaza	2500
virgen	2500
virgiliano	2500
virginal	2500
virginia	2500
virginiano	2500
virginidad	2500
virgo	2500
virgulilla	2500
virigaza	2500
viril	2500
virilidad	2500
virilizar	2500
virilmente	2500
virola	2500
virolento	2500
virolo	2500
virote	2500
virreina	2500
virreinal	2500
virreinato	2500
virreino	2500
virrey	2500
virtual	2500
virtualidad	2500
virtualmente	2500
virtud	2500
virtuosamente	2500
virtuosismo	2500
virtuoso	2500
viruela	2500
virulencia	2500
virulentamente	2500
virulento	2500
virus	2500
viruta	2500
vis	2500
visajero	2500
visar	2500
visceral	2500
visco	2500
viscosa	2500
viscosidad	2500
viscoso	2500
visear	2500
visera	2500
visibilidad	2500
visibilizar	2500
visible	2500
visiblemente	2500
visigodo	2500
visionar	2500
visionario	2500
visir	2500
visirato	2500
visita	2500
visitación	2500
visitador	2500
visitante	2500
visitar	2500
visiteo	2500
visión	2500
vislumbrar	2500
vislumbre	2500
viso	2500
visontino	2500
visor	2500
visoria	2500
visorio	2500
visos	2500
vista	2500
vistillas	2500
visto	2500
vistosamente	2500
vistosidad	2500
vistoso	2500
visual	2500
visualización	2500
visualizar	2500
visualmente	2500
visura	2500
vital	2500
vitalicio	2500
vitalicista	2500
vitalidad	2500
vitalismo	2500
vitalista	2500
vitalización	2500
vitamina	2500
vitaminado	2500
vitando	2500
vitar	2500
vitela	2500
vitelino	2500
vitelo	2500
viticultor	2500
viticultura	2500
vitivinicultor	2500
vitivinicultura	2500
vitivinícola	2500
vitola	2500
vitorear	2500
vitoriano	2500
vitral	2500
vitre	2500
vitrificar	2500
vitrina	2500
vitriolo	2500
vitrocerámica	2500
vitrocerámico	2500
vituallar	2500
vituperador	2500
vituperar	2500
vituperio	2500
vitícola	2500
viudal	2500
viudedad	2500
viudez	2500
viudo	2500
viva	2500
vivac	2500
vivacidad	2500
vivalavirgen	2500
vivamente	2500
vivandero	2500
vivaque	2500
vivaquear	2500
vivar	2500
vivaracho	2500
vivariense	2500
vivario	2500
vivaz	2500
vivazmente	2500
vivencia	2500
vivero	2500
viveza	2500
vividero	2500
vivido	2500
vividor	2500
vivienda	2500
viviente	2500
vivificador	2500
vivificante	2500
vivificar	2500
vivijagua	2500
vivir	2500
vivismo	2500
vivista	2500
vivo	2500
vivérrido	2500
vivíparo	2500
vizcaíno	2500
vizcondado	2500
vizconde	2500
vizcondesa	2500
viático	2500
viña	2500
viñador	2500
viñedo	2500
viñeta	2500
vocablo	2500
vocabulario	2500
vocabulista	2500
vocacional	2500
vocación	2500
vocal	2500
vocalismo	2500
vocalista	2500
vocalizador	2500
vocalizar	2500
vocalmente	2500
vocalía	2500
vocativo	2500
voceador	2500
vocear	2500
vocero	2500
vocerío	2500
vociferador	2500
vociferante	2500
vociferantemente	2500
vociferar	2500
vocinglero	2500
vocálica	2500
vocálico	2500
vodevil	2500
vodka	2500
voila	2500
vol	2500
voladero	2500
voladizo	2500
volador	2500
voladura	2500
volandas	2500
volandero	2500
volandillas	2500
volando	2500
volanta	2500
volante	2500
volantín	2500
volantón	2500
volar	2500
volatero	2500
volatería	2500
volatilidad	2500
volatilizar	2500
volatilla	2500
volatinero	2500
volatizar	2500
volatín	2500
volcar	2500
volcán	2500
volcánicamente	2500
volcánico	2500
volear	2500
voleibol	2500
volframio	2500
volitar	2500
volitivo	2500
volquear	2500
volquete	2500
volquetero	2500
volt	2500
voltaico	2500
voltaje	2500
voltariedad	2500
voltario	2500
volteador	2500
voltear	2500
voltejar	2500
voltejear	2500
volteo	2500
voltereta	2500
volterianismo	2500
volteriano	2500
volteta	2500
voltio	2500
voltizo	2500
voltímetro	2500
volubilidad	2500
voluble	2500
volublemente	2500
volumetría	2500
voluminoso	2500
volumétrico	2500
voluntad	2500
voluntaria	2500
voluntariado	2500
voluntariamente	2500
voluntariedad	2500
voluntario	2500
voluntariosamente	2500
voluntarioso	2500
voluptuosamente	2500
voluptuosidad	2500
voluptuoso	2500
voluta	2500
volvedera	2500
volver	2500
volvo	2500
volátil	2500
vomitador	2500
vomitar	2500
vomitivo	2500
vomitorio	2500
voracidad	2500
voraginoso	2500
voraz	2500
vorazmente	2500
vortiginoso	2500
vorágine	2500
vos	2500
vosear	2500
votación	2500
votada	2500
votador	2500
votante	2500
votar	2500
voto	2500
voz	2500
vozarrón	2500
voznar	2500
vs	2500
vto	2500
vudú	2500
vuecelencia	2500
vuecencia	2500
vuelapluma	2500
vuelco	2500
vuelo	2500
vuelta	2500
vuelto	2500
vueludo	2500
vuesarced	2500
vulcanismo	2500
vulcanista	2500
vulcanita	2500
vulcanizar	2500
vulcánicamente	2500
vulgar	2500
vulgaridad	2500
vulgarismo	2500
vulgarizador	2500
vulgarizar	2500
vulgarmente	2500
vulgo	2500
vulnerabilidad	2500
vulnerable	2500
vulnerar	2500
vulnerario	2500
vulpeja	2500
vultuoso	2500
vulturno	2500
vulva	2500
vusted	2500
válgame	2500
válidamente	2500
válido	2500
válvula	2500
vándalo	2500
vástago	2500
váter	2500
váyanse	2500
váyase	2500
vértebra	2500
vértice	2500
vértigo	2500
véspero	2500
víbora	2500
víctima	2500
víctor	2500
vídeo	2500
vínculo	2500
vínico	2500
vírgenes	2500
vírgula	2500
vírico	2500
víscera	2500
víspera	2500
vítor	2500
vítreo	2500
víveres	2500
vívido	2500
vólvulo	2500
vómica	2500
vómico	2500
vómito	2500
vórtice	2500
wagneriano	2500
washingtoniano	2500
waterpolo	2500
watt	2500
web	2500
weber	2500
webers	2500
webs	2500
westfaliano	2500
whisky	2500
whiskys	2500
wifi	2500
wolframio	2500
xenofobia	2500
xenón	2500
xerocopiar	2500
xerografiar	2500
xi	2500
xifoideo	2500
xifoides	2500
xilema	2500
xilotila	2500
xilófono	2500
xto	2500
xíes	2500
yaca	2500
yacedor	2500
yacente	2500
yacer	2500
yaciente	2500
yacija	2500
yacimiento	2500
yacio	2500
yacusi	2500
yagua	2500
yaguar	2500
yak	2500
yambo	2500
yang	2500
yanqui	2500
yanta	2500
yantar	2500
yarda	2500
yate	2500
yayo	2500
ye	2500
yebo	2500
yedra	2500
yegua	2500
yeguada	2500
yeguar	2500
yeguarizo	2500
yelmo	2500
yema	2500
yemenita	2500
yemení	2500
yen	2500
yendo	2500
yente	2500
yerba	2500
yerbabuena	2500
yerbajo	2500
yerbera	2500
yerga	2500
yergan	2500
yergas	2500
yergo	2500
yergue	2500
yerguen	2500
yergues	2500
yermar	2500
yermo	2500
yerno	2500
yero	2500
yerra	2500
yerran	2500
yerras	2500
yerre	2500
yerren	2500
yerres	2500
yerro	2500
yerto	2500
yervo	2500
yes	2500
yesar	2500
yesca	2500
yesera	2500
yesero	2500
yeso	2500
yesoso	2500
yesquero	2500
yeyuno	2500
yezgo	2500
yibutense	2500
yibutiano	2500
yibutí	2500
yin	2500
yincana	2500
yodado	2500
yodo	2500
yodoformo	2500
yodurar	2500
yogar	2500
yogur	2500
yola	2500
yoqueis	2500
york	2500
yoruba	2500
yubarta	2500
yuca	2500
yucateco	2500
yudo	2500
yugada	2500
yuglandácea	2500
yuglandáceo	2500
yugo	2500
yugoslavo	2500
yuguero	2500
yugueta	2500
yugular	2500
yunque	2500
yunta	2500
yuntar	2500
yuntero	2500
yunto	2500
yusera	2500
yusero	2500
yuso	2500
yute	2500
yutoazteca	2500
yutonahua	2500
yuxtaponer	2500
yuxtaposición	2500
yuxtapuesto	2500
yuxtapón	2500
yéndome	2500
yéndonos	2500
yéndoos	2500
yéndose	2500
yéndote	2500
yóquey	2500
za	2500
zabordar	2500
zaboyar	2500
zabra	2500
zabucar	2500
zabullir	2500
zabuquear	2500
zacear	2500
zafar	2500
zafarrancho	2500
zafarí	2500
zafiamente	2500
zafiedad	2500
zafio	2500
zafiro	2500
zaga	2500
zagal	2500
zagalejo	2500
zagual	2500
zaguanete	2500
zaguero	2500
zaguán	2500
zahareño	2500
zaharrón	2500
zahena	2500
zaherir	2500
zahinar	2500
zahondar	2500
zahorar	2500
zahoriar	2500
zahorra	2500
zahorí	2500
zahén	2500
zahína	2500
zahón	2500
zahúrda	2500
zaina	2500
zaino	2500
zajarí	2500
zalama	2500
zalamero	2500
zalamería	2500
zalea	2500
zalear	2500
zallar	2500
zamarra	2500
zamarrear	2500
zambiano	2500
zambio	2500
zambo	2500
zamboa	2500
zambomba	2500
zambombo	2500
zambra	2500
zambucar	2500
zambullidor	2500
zambullidura	2500
zambullimiento	2500
zambullir	2500
zambés	2500
zaminar	2500
zamorano	2500
zampabollos	2500
zampapalo	2500
zampar	2500
zampatortas	2500
zampear	2500
zampoña	2500
zampuzar	2500
zanahoria	2500
zanca	2500
zancada	2500
zancadillear	2500
zancado	2500
zancajear	2500
zancajera	2500
zancajiento	2500
zancajo	2500
zancajoso	2500
zanco	2500
zancudas	2500
zancudo	2500
zanga	2500
zangaburra	2500
zangala	2500
zanganear	2500
zangarrear	2500
zangarriana	2500
zangolotear	2500
zangolotino	2500
zangotear	2500
zanja	2500
zanjar	2500
zanjón	2500
zanquear	2500
zanquilargo	2500
zanquivano	2500
zapa	2500
zapador	2500
zapapico	2500
zapar	2500
zaparda	2500
zaparrada	2500
zaparrastrar	2500
zaparrastroso	2500
zaparrazo	2500
zapata	2500
zapateado	2500
zapateador	2500
zapatear	2500
zapateo	2500
zapatera	2500
zapatero	2500
zapateta	2500
zapatiesta	2500
zapatillazo	2500
zapatillero	2500
zapato	2500
zapatudo	2500
zapear	2500
zapote	2500
zapoteco	2500
zapotero	2500
zapuzar	2500
zaque	2500
zaquear	2500
zar	2500
zarabanda	2500
zarabandista	2500
zarabando	2500
zarabutear	2500
zarabutero	2500
zaracear	2500
zaragatear	2500
zaragatona	2500
zaragocí	2500
zaragocíes	2500
zaragozano	2500
zaragutear	2500
zaragutero	2500
zarajo	2500
zarambeque	2500
zaranda	2500
zarandaja	2500
zarandajo	2500
zarandalí	2500
zarandar	2500
zarandear	2500
zarandero	2500
zarandillo	2500
zaranga	2500
zarangollo	2500
zarapito	2500
zarazas	2500
zarazo	2500
zarbo	2500
zarcear	2500
zarcero	2500
zarceta	2500
zarcillitos	2500
zarco	2500
zargatona	2500
zariano	2500
zarigüeya	2500
zarina	2500
zarismo	2500
zarista	2500
zarja	2500
zarpa	2500
zarpar	2500
zarpazo	2500
zarposo	2500
zarramplinada	2500
zarramplín	2500
zarrapastra	2500
zarrapastrosamente	2500
zarrapastroso	2500
zarria	2500
zarrio	2500
zarza	2500
zarzaganillo	2500
zarzagán	2500
zarzal	2500
zarzamora	2500
zarzaparrilla	2500
zarzaparrillar	2500
zarzo	2500
zarzoso	2500
zarzuela	2500
zarzuelero	2500
zarzuelista	2500
zas	2500
zascandil	2500
zascandilear	2500
zata	2500
zatara	2500
zatico	2500
zaya	2500
zeda	2500
zelote	2500
zen	2500
zendo	2500
zenit	2500
zeta	2500
zeugma	2500
zigomorfo	2500
zigoto	2500
zigzag	2500
zigzagueante	2500
zigzaguear	2500
zigzagues	2500
zimbabuense	2500
zinc	2500
zipizape	2500
ziszás	2500
zocatear	2500
zocato	2500
zoco	2500
zodiacal	2500
zodiaco	2500
zofra	2500
zoizo	2500
zollipar	2500
zolocho	2500
zoma	2500
zombi	2500
zompo	2500
zona	2500
zonal	2500
zonificar	2500
zonote	2500
zonzo	2500
zoo	2500
zoofilia	2500
zooftirio	2500
zoografía	2500
zoología	2500
zoológico	2500
zoomorfo	2500
zoonosis	2500
zooplancton	2500
zoospora	2500
zootecnia	2500
zopas	2500
zopenco	2500
zopetero	2500
zopilote	2500
zopisa	2500
zopitas	2500
zopo	2500
zoquete	2500
zoquetero	2500
zoquetudo	2500
zorcico	2500
zorito	2500
zoroastrismo	2500
zorollo	2500
zorongo	2500
zoroástrico	2500
zorra	2500
zorrear	2500
zorrera	2500
zorrero	2500
zorro	2500
zorrocloco	2500
zorruno	2500
zorzal	2500
zorzaleño	2500
zote	2500
zozobra	2500
zozobrar	2500
zozobroso	2500
zoófago	2500
zoólogo	2500
zuavo	2500
zubia	2500
zuda	2500
zueco	2500
zuela	2500
zuiza	2500
zulacar	2500
zulaque	2500
zulaquear	2500
zullar	2500
zulú	2500
zum	2500
zumacal	2500
zumacar	2500
zumaque	2500
zumba	2500
zumbador	2500
zumbar	2500
zumbel	2500
zumbido	2500
zumbón	2500
zumo	2500
zumoso	2500
zums	2500
zunchar	2500
zuncho	2500
zurano	2500
zurcido	2500
zurcidor	2500
zurcidura	2500
zurcir	2500
zurdera	2500
zurdir	2500
zurdo	2500
zurear	2500
zurita	2500
zurito	2500
zuriza	2500
zuro	2500
zurra	2500
zurrador	2500
zurrapa	2500
zurrapiento	2500
zurraposo	2500
zurrar	2500
zurriagar	2500
zurriago	2500
zurriar	2500
zurribanda	2500
zurriburri	2500
zurrir	2500
zurronada	2500
zurrumbera	2500
zurruscar	2500
zurrón	2500
zurullo	2500
zurumbático	2500
zurupeto	2500
zutano	2500
zuzar	2500
zuñir	2500
zángano	2500
zócalo	2500
zóster	2500
África	2500
Águilas	2500
Álava	2500
Álvarez	2500
Álvaro	2500
Ángela	2500
Ávila	2500
Écija	2500
Éibar	2500
Ícaro	2500
Óscar	2500
Úbeda	2500
ábaco	2500
ábate	2500
ábense	2500
ábese	2500
ábrala	2500
ábralas	2500
ábralo	2500
ábralos	2500
ábrame	2500
ábranla	2500
ábranlas	2500
ábranlo	2500
ábranlos	2500
ábranme	2500
ábrannos	2500
ábranos	2500
ábranse	2500
ábrase	2500
ábrego	2500
ábrela	2500
ábrelas	2500
ábrele	2500
ábreles	2500
ábrelo	2500
ábrelos	2500
ábreme	2500
ábrenos	2500
ábrete	2500
ábside	2500
ácaro	2500
ácidamente	2500
ácido	2500
ácigos	2500
ácimo	2500
ácueo	2500
áfilo	2500
áfrico	2500
ágape	2500
ágata	2500
ágil	2500
ágora	2500
ágrafo	2500
águila	2500
álabe	2500
álaga	2500
álamo	2500
álbum	2500
álcali	2500
álcense	2500
álcese	2500
álgebra	2500
álgido	2500
áloe	2500
álsine	2500
álula	2500
álveo	2500
álzate	2500
ámala	2500
ámalas	2500
ámalo	2500
ámalos	2500
ámame	2500
ámanos	2500
ámbar	2500
ámbito	2500
ámela	2500
ámelas	2500
ámelo	2500
ámelos	2500
ámeme	2500
ámenla	2500
ámenlas	2500
ámenlo	2500
ámenlos	2500
ámenme	2500
ámennos	2500
ámenos	2500
ánade	2500
áncora	2500
ándale	2500
ándales	2500
ándele	2500
ándeles	2500
ándenle	2500
ándenles	2500
ánfora	2500
ángel	2500
ángelus	2500
ángulo	2500
ánima	2500
ánimo	2500
ánodo	2500
ánsar	2500
ántrax	2500
ápice	2500
ápodo	2500
áptero	2500
árabe	2500
árbitro	2500
árbol	2500
árcade	2500
árgano	2500
árido	2500
ármate	2500
ármense	2500
ármese	2500
árnica	2500
árones	2500
ártico	2500
ásaro	2500
ásperamente	2500
áspero	2500
áspid	2500
ástato	2500
átala	2500
átalas	2500
átale	2500
átales	2500
átalo	2500
átalos	2500
átame	2500
átanos	2500
átate	2500
átela	2500
átelas	2500
átele	2500
áteles	2500
átelo	2500
átelos	2500
áteme	2500
átenla	2500
átenlas	2500
átenle	2500
átenles	2500
átenlo	2500
átenlos	2500
átenme	2500
átennos	2500
átenos	2500
ático	2500
átomo	2500
átono	2500
áulico	2500
áureo	2500
áurico	2500
ávidamente	2500
ávido	2500
ázimo	2500
ázoe	2500
ébano	2500
échale	2500
échales	2500
échame	2500
échanos	2500
échate	2500
échele	2500
écheles	2500
échenle	2500
échenles	2500
échense	2500
échese	2500
égida	2500
élite	2500
élitro	2500
émbolo	2500
énfasis	2500
éntasis	2500
éntrale	2500
éntrales	2500
éntrense	2500
éntrese	2500
épicamente	2500
épico	2500
época	2500
éramos	2500
érase	2500
éso	2500
éster	2500
ésto	2500
éter	2500
ética	2500
ético	2500
étnicamente	2500
étnico	2500
éxito	2500
éxodo	2500
éxtasis	2500
íbamos	2500
íbero	2500
ícono	2500
íd	2500
ídem	2500
ídolo	2500
íes	2500
ígneo	2500
íleon	2500
ímpetu	2500
ímprobo	2500
ínclito	2500
índice	2500
índico	2500
índigo	2500
índole	2500
ínfero	2500
ínfimo	2500
ínfula	2500
ínsula	2500
íntegramente	2500
íntegro	2500
ínter	2500
ínterin	2500
íntima	2500
íntimamente	2500
íntimo	2500
íride	2500
írrito	2500
ítem	2500
ítems	2500
ñame	2500
ñandubay	2500
ñandubáis	2500
ñandú	2500
ñaque	2500
ñas	2500
ñoñez	2500
ñoño	2500
ñublar	2500
óbice	2500
óbito	2500
óculo	2500
ódiame	2500
ódianos	2500
óhmico	2500
óigala	2500
óigalas	2500
óigalo	2500
óigalos	2500
óigame	2500
óiganla	2500
óiganlas	2500
óiganlo	2500
óiganlos	2500
óiganme	2500
óigannos	2500
óiganos	2500
óleo	2500
ómnibus	2500
ónice	2500
ónique	2500
ópalo	2500
ópera	2500
óptico	2500
óptimo	2500
órbita	2500
órdenes	2500
órgano	2500
órsay	2500
ósculo	2500
óseo	2500
ósmosis	2500
óvalo	2500
óvulo	2500
óxido	2500
óyela	2500
óyelas	2500
óyele	2500
óyeles	2500
óyelo	2500
óyelos	2500
óyeme	2500
óyenos	2500
úes	2500
úlcera	2500
últimamente	2500
únala	2500
únalas	2500
únale	2500
únales	2500
únalo	2500
únalos	2500
únanla	2500
únanlas	2500
únanle	2500
únanles	2500
únanlo	2500
únanlos	2500
únanse	2500
únase	2500
únete	2500
únicamente	2500
único	2500
úntala	2500
úntalas	2500
úntale	2500
úntales	2500
úntalo	2500
úntalos	2500
úntate	2500
úntela	2500
úntelas	2500
úntelo	2500
úntelos	2500
úntenla	2500
úntenlas	2500
úntenle	2500
úntenles	2500
úntenlo	2500
úntenlos	2500
úntense	2500
úntese	2500
úrico	2500
úsala	2500
úsalas	2500
úsale	2500
úsales	2500
úsalo	2500
úsalos	2500
úsame	2500
úsanos	2500
úsela	2500
úselas	2500
úsele	2500
úseles	2500
úselo	2500
úselos	2500
úseme	2500
úsenla	2500
úsenlas	2500
úsenle	2500
úsenles	2500
úsenlo	2500
úsenlos	2500
úsenme	2500
úsennos	2500
úsenos	2500
úsense	2500
úsese	2500
útero	2500
útil	2500
útilmente	2500
úvea	2500
úvula	2500
