# word	frequency
casa	200000
trabalho	199950
relatório	199900
projeto	199850
projetos	199800
obra	199750
obras	199700
inspeção	199650
inspeções	199600
manutenção	199550
estrutura	199500
estruturas	199450
betão	199400
aço	199350
madeira	199300
muro	199250
muros	199200
fundação	199150
fundações	199100
terreno	199050
solo	199000
solos	198950
geotecnia	198900
geotécnico	198850
geotécnica	198800
talude	198750
taludes	198700
aterro	198650
aterros	198600
escavação	198550
escavações	198500
drenagem	198450
drenagens	198400
água	198350
águas	198300
tubo	198250
tubos	198200
tubagem	198150
tubagens	198100
ferrovia	198050
ferroviário	198000
ferroviária	197950
linha	197900
linhas	197850
estação	197800
estações	197750
plataforma	197700
plataformas	197650
carril	197600
carris	197550
travessa	197500
travessas	197450
balastro	197400
via	197350
vias	197300
ponte	197250
pontes	197200
túnel	197150
túneis	197100
estrada	197050
estradas	197000
acesso	196950
acessos	196900
edifício	196850
edifícios	196800
cobertura	196750
coberturas	196700
parede	196650
paredes	196600
pavimento	196550
pavimentos	196500
teto	196450
tetos	196400
porta	196350
portas	196300
janela	196250
janelas	196200
desenho	196150
desenhos	196100
planta	196050
plantas	196000
cálculo	195950
cálculos	195900
dimensionamento	195850
resistência	195800
esforço	195750
esforços	195700
momento	195650
momentos	195600
carga	195550
cargas	195500
apoio	195450
apoios	195400
pilar	195350
pilares	195300
viga	195250
vigas	195200
laje	195150
lajes	195100
armadura	195050
armaduras	195000
sapata	194950
sapatas	194900
estaca	194850
estacas	194800
contenção	194750
contenções	194700
estabilidade	194650
segurança	194600
qualidade	194550
material	194500
materiais	194450
equipamento	194400
equipamentos	194350
ferramenta	194300
ferramentas	194250
avaria	194200
avarias	194150
orçamento	194100
orçamentos	194050
preço	194000
preços	193950
custo	193900
custos	193850
valor	193800
valores	193750
documento	193700
documentos	193650
ficheiro	193600
ficheiros	193550
assinatura	193500
digital	193450
aplicação	193400
aplicações	193350
teclado	193300
teclados	193250
dicionário	193200
dicionários	193150
correção	193100
corretor	193050
palavra	193000
palavras	192950
frase	192900
frases	192850
texto	192800
textos	192750
idioma	192700
idiomas	192650
português	192600
inglesa	192550
inglês	192500
italiana	192450
italiano	192400
espanhola	192350
espanhol	192300
francesa	192250
francês	192200
alemã	192150
alemão	192100
hoje	192050
amanhã	192000
ontem	191950
manhã	191900
tarde	191850
noite	191800
semana	191750
mês	191700
ano	191650
reunião	191600
mensagem	191550
mensagens	191500
enviar	191450
receber	191400
verificar	191350
corrigir	191300
melhorar	191250
guardar	191200
abrir	191150
fechar	191100
editar	191050
selecionar	191000
escolher	190950
ativar	190900
desativar	190850
rápido	190800
rápida	190750
responsivo	190700
responsiva	190650
eficiente	190600
eficiência	190550
inteligente	190500
automático	190450
automática	190400
pessoal	190350
privado	190300
privada	190250
técnico	190200
técnica	190150
engenharia	190100
civil	190050
arquitetura	190000
elétrica	189950
hidráulica	189900
canalização	189850
esgoto	189800
sanitário	189750
cozinha	189700
família	189650
escola	189600
estudo	189550
exame	189500
teste	189450
professor	189400
aluno	189350
empresa	189300
cliente	189250
fornecedor	189200
contrato	189150
fatura	189100
pagamento	189050
conta	189000
banco	188950
telefone	188900
telemóvel	188850
computador	188800
tablet	188750
internet	188700
correio	188650
email	188600
endereço	188550
data	188500
hora	188450
minuto	188400
segundo	188350
primeiro	188300
segunda	188250
terceiro	188200
quarta	188150
quinta	188100
sexta	188050
sábado	188000
domingo	187950
janeiro	187900
fevereiro	187850
março	187800
abril	187750
maio	187700
junho	187650
julho	187600
agosto	187550
setembro	187500
outubro	187450
novembro	187400
dezembro	187350
norte	187300
sul	187250
este	187200
oeste	187150
esquerda	187100
direita	187050
cima	187000
baixo	186950
dentro	186900
fora	186850
grande	186800
pequeno	186750
maior	186700
menor	186650
melhor	186600
pior	186550
novo	186500
nova	186450
antigo	186400
antiga	186350
correto	186300
correta	186250
errado	186200
errada	186150
importante	186100
urgente	186050
disponível	186000
possível	185950
necessário	185900
necessária	185850
obrigado	185800
obrigada	185750
favor	185700
porfavor	185650
olá	185600
bom	185550
boa	185500
dia	185450
senhor	185400
senhora	185350
engenheiro	185300
engenheira	185250
agradeço	185200
envio	185150
anexo	185100
anexos	185050
segue	185000
seguem	184950
conforme	184900
relativamente	184850
assunto	184800
informação	184750
informações	184700
situação	184650
estado	184600
estados	184550
concluir	184500
concluído	184450
concluída	184400
pendente	184350
previsto	184300
prevista	184250
realizado	184200
realizada	184150
execução	184100
executado	184050
executada	184000
localização	183950
local	183900
locais	183850
fotografia	183800
fotografias	183750
medição	183700
medições	183650
quantidade	183600
quantidades	183550
unidade	183500
unidades	183450
comprimento	183400
largura	183350
altura	183300
área	183250
volume	183200
peso	183150
quilómetro	183100
quilómetros	183050
metro	183000
metros	182950
centímetro	182900
centímetros	182850
milímetro	182800
milímetros	182750
tonelada	182700
toneladas	182650
acerca	50000
ademais	49999
adeus	49998
agora	49997
ainda	49996
algo	49995
algumas	49994
alguns	49993
ali	49992
além	49991
ambas	49990
ambos	49989
antes	49988
ao	49987
aos	49986
apenas	49985
apoia	49984
apontar	49983
após	49982
aquela	49981
aquelas	49980
aquele	49979
aqueles	49978
aqui	49977
aquilo	49976
as	49975
assim	49974
através	49973
atrás	49972
até	49971
aí	49970
bastante	49969
bem	49968
breve	49967
cada	49966
caminho	49965
catorze	49964
cedo	49963
cento	49962
certamente	49961
certeza	49960
cinco	49959
coisa	49958
com	49957
como	49956
comprida	49955
comprido	49954
conhecida	49953
conhecido	49952
conselho	49951
contra	49950
contudo	49949
corrente	49948
cuja	49947
cujo	49946
custa	49945
cá	49944
da	49943
daquela	49942
daquele	49941
dar	49940
das	49939
de	49938
debaixo	49937
demais	49936
depois	49935
des	49934
desde	49933
dessa	49932
desse	49931
desta	49930
deste	49929
deve	49928
devem	49927
deverá	49926
dez	49925
dezanove	49924
dezasseis	49923
dezassete	49922
dezoito	49921
diante	49920
disso	49919
diz	49918
dizem	49917
dizer	49916
do	49915
dois	49914
dos	49913
doze	49912
duas	49911
dá	49910
dão	49909
ela	49908
elas	49907
ele	49906
eles	49905
em	49904
embora	49903
enquanto	49902
entre	49901
então	49900
era	49899
essa	49898
essas	49897
esse	49896
esses	49895
esta	49894
estar	49893
estará	49892
estas	49891
estava	49890
estes	49889
esteve	49888
estive	49887
estivemos	49886
estiveram	49885
estiveste	49884
estivestes	49883
estou	49882
está	49881
estás	49880
estão	49879
eu	49878
eventual	49877
exemplo	49876
falta	49875
fará	49874
faz	49873
fazeis	49872
fazem	49871
fazemos	49870
fazer	49869
fazes	49868
fazia	49867
faço	49866
fez	49865
fim	49864
final	49863
foi	49862
fomos	49861
for	49860
foram	49859
forma	49858
foste	49857
fostes	49856
fui	49855
geral	49854
grandes	49853
grupo	49852
inclusive	49851
iniciar	49850
inicio	49849
ir	49848
irá	49847
isso	49846
isto	49845
já	49844
lado	49843
lhe	49842
ligado	49841
logo	49840
longe	49839
lugar	49838
lá	49837
maioria	49836
maiorias	49835
mais	49834
mal	49833
mas	49832
me	49831
meio	49830
menos	49829
meses	49828
mesmo	49827
meu	49826
meus	49825
mil	49824
minha	49823
minhas	49822
muito	49821
muitos	49820
máximo	49819
na	49818
nada	49817
naquela	49816
naquele	49815
nas	49814
nem	49813
nenhuma	49812
nessa	49811
nesse	49810
nesta	49809
neste	49808
no	49807
nos	49806
nossa	49805
nossas	49804
nosso	49803
nossos	49802
novas	49801
nove	49800
novos	49799
num	49798
numa	49797
nunca	49796
nuns	49795
não	49794
nível	49793
nós	49792
número	49791
números	49790
oitava	49789
oitavo	49788
oito	49787
onde	49786
onze	49785
ora	49784
os	49783
ou	49782
outra	49781
outras	49780
outros	49779
para	49778
parece	49777
parte	49776
partir	49775
pegar	49774
pela	49773
pelas	49772
pelo	49771
pelos	49770
perto	49769
pode	49768
podem	49767
poder	49766
poderá	49765
podia	49764
pois	49763
ponto	49762
pontos	49761
por	49760
porquanto	49759
porque	49758
porquê	49757
portanto	49756
porém	49755
posição	49754
possivelmente	49753
posso	49752
pouca	49751
pouco	49750
povo	49749
primeira	49748
próprio	49747
próxima	49746
próximo	49745
puderam	49744
pôde	49743
põe	49742
põem	49741
quais	49740
qual	49739
qualquer	49738
quando	49737
quanto	49736
quarto	49735
quatro	49734
que	49733
quem	49732
quer	49731
querem	49730
quero	49729
questão	49728
quieta	49727
quieto	49726
quinto	49725
quinze	49724
quê	49723
relação	49722
sabe	49721
saber	49720
se	49719
sei	49718
seis	49717
sem	49716
sempre	49715
ser	49714
seria	49713
sete	49712
seu	49711
seus	49710
sexto	49709
sim	49708
sistema	49707
sob	49706
sobre	49705
sois	49704
somente	49703
somos	49702
sou	49701
sua	49700
suas	49699
são	49698
sétima	49697
sétimo	49696
só	49695
tais	49694
tal	49693
talvez	49692
também	49691
tanta	49690
tanto	49689
te	49688
tem	49687
temos	49686
tempo	49685
tendes	49684
tenho	49683
tens	49682
tentar	49681
tentaram	49680
tente	49679
tentei	49678
ter	49677
terceira	49676
teu	49675
teus	49674
teve	49673
tipo	49672
tive	49671
tivemos	49670
tiveram	49669
tiveste	49668
tivestes	49667
toda	49666
todas	49665
todo	49664
todos	49663
treze	49662
três	49661
tu	49660
tua	49659
tuas	49658
tudo	49657
tão	49656
têm	49655
um	49654
uma	49653
umas	49652
uns	49651
usa	49650
usar	49649
vai	49648
vais	49647
veja	49646
vem	49645
vens	49644
ver	49643
vez	49642
vezes	49641
vinda	49640
vindo	49639
vinte	49638
você	49637
vocês	49636
vos	49635
vossa	49634
vossas	49633
vosso	49632
vossos	49631
vários	49630
vão	49629
vêm	49628
vós	49627
zero	49626
às	49625
és	49624
último	49623
...	2500
abacateiro	2500
abacate	2500
abacaxi	2500
ábaco	2500
abade	2500
abadia	2500
abafante	2500
abafar	2500
abafo	2500
abaixar	2500
abaixo-assinado	2500
abaixo	2500
abalada	2500
abalançar	2500
abalar	2500
abalizar	2500
abalo	2500
abalroar	2500
abanadela	2500
abanadura	2500
abananado	2500
abanão	2500
abanar	2500
abandonar	2500
abandono	2500
abantesma	2500
aba	2500
abanico	2500
abano	2500
abarca	2500
abarcante	2500
abarcar	2500
abarrotar	2500
abastança	2500
abastardar	2500
abastar	2500
abastecedouro	2500
abastecer	2500
abastonar	2500
abatatar	2500
abate	2500
abater	2500
abaular	2500
abcesso	2500
abcissa	2500
abdicante	2500
abdicar	2500
abdicatário	2500
abdicativo	2500
abdicatório	2500
abdómen	2500
abdominal	2500
abdução	2500
abducente	2500
abdutivo	2500
abdutor	2500
abduzir	2500
abecedário	2500
á-bê-cê	2500
abeiçar	2500
abeirar	2500
abelha-mestra	2500
abelha	2500
abelhão	2500
abelhudo	2500
abeliano	2500
abencerragem	2500
abençoadeira	2500
abençoar	2500
aberração	2500
aberrante	2500
aberrar	2500
aberrativo	2500
aberta	2500
abertivo	2500
aberto	2500
abertura	2500
abesoirar	2500
abesourar	2500
abespinhar	2500
abeto	2500
abetumar	2500
abismal	2500
abismar	2500
abismo	2500
abissal	2500
abissínio	2500
abjeção	2500
abjeto	2500
abjudicar	2500
abjurar	2500
abjuratório	2500
ablação	2500
ablativo	2500
abnegar	2500
abnegativo	2500
abobadado	2500
abóbada	2500
abobar	2500
aboboral	2500
aboborar	2500
abóbora	2500
aboboreira	2500
abocamento	2500
abocanhar	2500
abolicionismo	2500
abolicionista	2500
abolir	2500
abolitivo	2500
abominar	2500
abonar	2500
abonatório	2500
abonecado	2500
abono	2500
abordagem	2500
abordar	2500
abordo	2500
aborígene	2500
aborrecer	2500
abortadeira	2500
abortar	2500
abortivo	2500
aborto	2500
abotoadeira	2500
abotoadura	2500
abotoar	2500
abracadabra	2500
abraçadeira	2500
abraçar	2500
abraço	2500
abrandar	2500
abrangência	2500
abranger	2500
abrasador	2500
abrasante	2500
abrasão	2500
abrasar	2500
abrasileirar	2500
abrasivo	2500
ab-reação	2500
abre-latas	2500
abrenunciar	2500
abreviar	2500
abreviativo	2500
abreviatura	2500
abrigada	2500
abrigadoiro	2500
abrigadouro	2500
abrigar	2500
abrigo	2500
abrilhantar	2500
abrolhar	2500
abrolhoso	2500
abrunhal	2500
abrunheiro	2500
abrunho	2500
abrupto	2500
absentismo	2500
absentista	2500
abside	2500
absíntio	2500
absinto	2500
absoluto	2500
absolutório	2500
absolver	2500
absolvição	2500
absorção	2500
absorto	2500
absorvedor	2500
absorvedouro	2500
absorvência	2500
absorvente	2500
absorver	2500
absorvibilidade	2500
abstémio	2500
abstenção	2500
abstencionismo	2500
abstencionista	2500
abster	2500
abstinência	2500
abstinente	2500
abstração	2500
abstracionismo	2500
abstrativo	2500
abstrato	2500
abstrair	2500
abstruso	2500
absurdeza	2500
absurdez	2500
absurdo	2500
abulia	2500
abúlico	2500
abundância	2500
abundante	2500
abundar	2500
aburguesar	2500
abusar	2500
abusivo	2500
abuso	2500
abutre	2500
acabadote	2500
acabar	2500
acabrunhado	2500
acácia	2500
academia	2500
académico	2500
academismo	2500
acádico	2500
açafrão	2500
açaimar	2500
açaime	2500
açaimo	2500
acalcar	2500
acalçar	2500
acalentar	2500
acalento	2500
acalmar	2500
acalmia	2500
acalorar	2500
acama	2500
acamar	2500
açambarcar	2500
açambarque	2500
acampar	2500
acanhar	2500
acanho	2500
acantonar	2500
acariciador	2500
acariciante	2500
acariciar	2500
acariciativo	2500
acarinhar	2500
ácaro	2500
acarretar	2500
acartar	2500
acasalar	2500
acaso	2500
acastanhado	2500
acastelar	2500
acatador	2500
acatar	2500
acatólico	2500
acato	2500
acautelar	2500
acavalado	2500
ação	2500
acionado	2500
acionador	2500
acional	2500
acionar	2500
acionista	2500
acedência	2500
acedente	2500
aceder	2500
acedioso	2500
acefalia	2500
acefálico	2500
acéfalo	2500
aceitabilidade	2500
aceitador	2500
aceitante	2500
aceitar	2500
aceite	2500
acelerador	2500
acelerante	2500
acelerar	2500
acenar	2500
acendalha	2500
acender	2500
aceno	2500
acento	2500
acentual	2500
acentuar	2500
aceção	2500
acepipe	2500
acerbar	2500
acercar	2500
aceroso	2500
acerrimamente	2500
acérrimo	2500
acertar	2500
acerto	2500
acervo	2500
aceso	2500
acessão	2500
acessar	2500
acessível	2500
acessório	2500
acetal	2500
acetato	2500
acético	2500
acetileno	2500
acetinar	2500
acetona	2500
achada	2500
achado	2500
acha	2500
achaque	2500
achar	2500
achatadela	2500
achatadura	2500
achatar	2500
achega	2500
achegar	2500
achego	2500
achincalhar	2500
achinelar	2500
achinesar	2500
achocolatado	2500
acicatar	2500
acicate	2500
acíclico	2500
acicular	2500
acidar	2500
acidental	2500
acidentar	2500
acidente	2500
acidez	2500
acidificante	2500
acidificar	2500
acidófilo	2500
ácido	2500
acilação	2500
acima	2500
acinético	2500
acinzar	2500
acinzentar	2500
acirrante	2500
acirrar	2500
acitrinar	2500
aclamar	2500
aclamativo	2500
aclarar	2500
aclimar	2500
aclimatar	2500
aclimatizar	2500
aclive	2500
acne	2500
acobardar	2500
acobertar	2500
acocado	2500
acocorar	2500
acoimar	2500
acoitar	2500
açoitar	2500
açoiteira	2500
açoite	2500
acoito	2500
acolá	2500
acolchetar	2500
acolchoadeira	2500
acolchoado	2500
acolchoar	2500
acolher	2500
acolhida	2500
acolia	2500
acólito	2500
acometer	2500
acometida	2500
acomodação	2500
acomodadiço	2500
acomodar	2500
acompadrar	2500
acompanhador	2500
acompanhar	2500
acompassar	2500
acompridar	2500
aconchegante	2500
aconchegar	2500
aconchego	2500
acondicionar	2500
acondimentar	2500
aconselhador	2500
aconselhar	2500
aconsoantar	2500
acontecer	2500
acontecimento	2500
acoplamento	2500
acoplagem	2500
acoplar	2500
açor	2500
açorda	2500
acordante	2500
acórdão	2500
acordar	2500
acordeão	2500
acorde	2500
acordeonista	2500
acordo	2500
acoria	2500
açoriano	2500
acoronhar	2500
acorrentar	2500
acorrer	2500
acossa	2500
acossar	2500
acostado	2500
acostagem	2500
acostar	2500
acostumar	2500
açoteado	2500
açoteia	2500
acotovelar	2500
açougueiro	2500
açougue	2500
açoute	2500
açoutar	2500
acovardar	2500
acre	2500
acreditador	2500
acreditar	2500
acre-doce	2500
acrescentar	2500
acrescente	2500
acrescento	2500
acrescer	2500
acrescido	2500
acréscimo	2500
acriançar	2500
acrílico	2500
acrítico	2500
acrobacia	2500
acrobata	2500
acrobático	2500
acrobatismo	2500
acromático	2500
acromatizar	2500
acrónico	2500
acrónimo	2500
acrópole	2500
ata	2500
actínia	2500
actínio	2500
ativante	2500
atividade	2500
ativismo	2500
ativista	2500
ativo	2500
ato	2500
ator	2500
atriz	2500
atuação	2500
atual	2500
atualismo	2500
atualista	2500
atualizado	2500
atualizar	2500
atuante	2500
atuar	2500
açucarar	2500
açucareiro	2500
açúcar	2500
açucena	2500
açudar	2500
açude	2500
acudir	2500
acuidade	2500
aculturação	2500
acume	2500
acumulação	2500
acumulador	2500
acumular	2500
acumulativo	2500
acupuntura	2500
acurar	2500
acurralar	2500
acurvar	2500
acusador	2500
acusar	2500
acusativo	2500
acusatório	2500
acusmático	2500
acusticamente	2500
acústica	2500
acústico	2500
acutangular	2500
acutângulo	2500
acutiladiço	2500
acutilância	2500
acutilante	2500
acutilar	2500
adaga	2500
adagial	2500
adagiário	2500
adagiar	2500
adágio	2500
adamado	2500
adamascar	2500
adamastor	2500
adaptabilidade	2500
adaptação	2500
adaptador	2500
adaptar	2500
adaptativo	2500
adaptómetro	2500
adega	2500
adegar	2500
adegueiro	2500
adejar	2500
adelgaçar	2500
adenda	2500
adenoma	2500
adenopatia	2500
adenosina	2500
adensar	2500
adentar	2500
adentrar	2500
adentro	2500
adepto	2500
adequar	2500
aderecista	2500
adereço	2500
aderência	2500
aderente	2500
aderir	2500
adesão	2500
adesivo	2500
adestrar	2500
adeusar	2500
adiabilidade	2500
adiamantar	2500
adiantar	2500
adiante	2500
adiar	2500
adição	2500
adicional	2500
adicionar	2500
adido	2500
adietar	2500
adipose	2500
adiposo	2500
adir	2500
aditar	2500
aditício	2500
aditivo	2500
adivinhador	2500
adivinha	2500
adivinhar	2500
adivinhatório	2500
adivinho	2500
adjacência	2500
adjacente	2500
adjetival	2500
adjetivar	2500
adjetivo	2500
adjudicador	2500
adjudicar	2500
adjudicatário	2500
adjudicatório	2500
adjunção	2500
adjunto	2500
adjuração	2500
adjurar	2500
adjuvante	2500
adjuvar	2500
administrar	2500
administrativo	2500
admirabilidade	2500
admirar	2500
admirativo	2500
admirável	2500
admissão	2500
admissível	2500
admitir	2500
admoestador	2500
admoestar	2500
admoestatório	2500
adobe	2500
adoçante	2500
adoçar	2500
adocicar	2500
adoecer	2500
adoentar	2500
adoestar	2500
adoidar	2500
adolescência	2500
adolescente	2500
adolescer	2500
adonde	2500
adonisar	2500
adónis	2500
adoção	2500
adotante	2500
adotar	2500
adotivo	2500
adorar	2500
adorativo	2500
adorável	2500
adormecer	2500
adormentar	2500
adornar	2500
adorno	2500
adquirente	2500
adquirir	2500
adrede	2500
adrenalina	2500
adriático	2500
adro	2500
adscrever	2500
adscrição	2500
adscrito	2500
adstrito	2500
aduaneiro	2500
adubadela	2500
adubador	2500
adubadura	2500
adubar	2500
adubo	2500
aduela	2500
adufe	2500
adulador	2500
adular	2500
adulatório	2500
adulterador	2500
adulterar	2500
adulterino	2500
adultério	2500
adúltero	2500
adulteroso	2500
adulto	2500
adutor	2500
aduzir	2500
advecção	2500
adventício	2500
adventismo	2500
adventista	2500
advento	2500
adverbial	2500
adverbializar	2500
adverbiar	2500
advérbio	2500
adversão	2500
adversário	2500
adversar	2500
adversativo	2500
adverso	2500
advertência	2500
advertir	2500
advindo	2500
advir	2500
advocacia	2500
advocatório	2500
advocatura	2500
advogado	2500
advogar	2500
aéreo	2500
aerobalística	2500
aeróbico	2500
aerodinâmica	2500
aerodinâmico	2500
aeródromo	2500
aeroduto	2500
aeroespacial	2500
aerogerador	2500
aerograma	2500
aeromodelismo	2500
aeromotor	2500
aeronauta	2500
aeronáutica	2500
aeronáutico	2500
aeronavegação	2500
aeronave	2500
aeroplanismo	2500
aeroplano	2500
aeroporto	2500
aeroportuário	2500
aeropostal	2500
aeroscopia	2500
aeroscópio	2500
aerossol	2500
aerotransportado	2500
afabilidade	2500
afabilíssimo	2500
afadigar	2500
afagador	2500
afagar	2500
afago	2500
afagoso	2500
afamar	2500
afanar	2500
afã	2500
afanoso	2500
afasia	2500
afásico	2500
afastador	2500
afastar	2500
afável	2500
afazeres	2500
afazer	2500
afeção	2500
afetante	2500
afetar	2500
afetivo	2500
afeto	2500
afetuoso	2500
afegão	2500
afeição	2500
afeiçoar	2500
afeito	2500
afélio	2500
afeminar	2500
aferente	2500
aferir	2500
aferrar	2500
aferroar	2500
aferrolhar	2500
afiadeira	2500
afiador	2500
afiambrar	2500
afiançar	2500
afiar	2500
afia-lápis	2500
aficionado	2500
afidalgar	2500
afifar	2500
afigurar	2500
afigurativo	2500
afilar	2500
afilhado	2500
afilhar	2500
afiliação	2500
afiliar	2500
afim	2500
afinador	2500
afinagem	2500
afinal	2500
afinar	2500
afincar	2500
afinco	2500
afinfar	2500
afinidade	2500
afirmação	2500
afirmar	2500
afirmativa	2500
afirmativo	2500
afivelar	2500
afixar	2500
afixo	2500
aflautar	2500
afleumar	2500
aflição	2500
afligir	2500
aflitivo	2500
aflito	2500
aflorar	2500
afluência	2500
afluente	2500
afluir	2500
afluxo	2500
afocinhar	2500
afofar	2500
afogadela	2500
afogadiço	2500
afogar	2500
afogo	2500
afoguear	2500
afoitar	2500
afoiteza	2500
afoito	2500
afolar	2500
afolhar	2500
afonia	2500
afónico	2500
afono	2500
afonsino	2500
afora	2500
aforar	2500
aforismo	2500
aforístico	2500
aformosear	2500
aforquilhar	2500
aforrar	2500
aforro	2500
afortalezar	2500
afortunar	2500
afracar	2500
afrancesar	2500
afranzinar	2500
afrechar	2500
afreguesar	2500
afretar	2500
africanar	2500
africanas	2500
africânder	2500
africanizar	2500
africano	2500
afro	2500
afrodisíaco	2500
afrodisia	2500
afrodita	2500
afroixamento	2500
afronhar	2500
afrontadiço	2500
afrontador	2500
afronta	2500
afrontar	2500
afrontoso	2500
afrouxar	2500
afta	2500
afugentar	2500
afumadura	2500
afumar	2500
afundar	2500
afunilar	2500
afuselado	2500
agachar	2500
agaiatar	2500
agargalado	2500
agarotar	2500
agarra	2500
agarrar	2500
agasalhar	2500
agasalho	2500
agastar	2500
ágata	2500
agemado	2500
agência	2500
agenciar	2500
agenda	2500
agendar	2500
agente	2500
agigantar	2500
ágil	2500
agilidade	2500
agilizar	2500
agiotagem	2500
agiota	2500
agiotar	2500
agir	2500
agitabilidade	2500
agitadiço	2500
agitador	2500
agitante	2500
agitar	2500
aglomerada	2500
aglomerado	2500
aglomerar	2500
aglutinação	2500
aglutinante	2500
aglutinar	2500
aglutinativo	2500
agnosticismo	2500
agnóstico	2500
agoirar	2500
agoireiro	2500
agoirento	2500
agoiro	2500
agonia	2500
agoniante	2500
agoniar	2500
agonística	2500
agonizante	2500
agonizar	2500
agorafobia	2500
agorinha	2500
agosteiro	2500
agostiniano	2500
agourar	2500
agoureiro	2500
agourentar	2500
agourento	2500
agouro	2500
agraciar	2500
agradar	2500
agradável	2500
agradecer	2500
agrado	2500
agrafador	2500
agrafar	2500
agrafia	2500
agrafo	2500
agrário	2500
agravante	2500
agravar	2500
agravativo	2500
agravatório	2500
agravo	2500
agre	2500
agredir	2500
agregado	2500
agregar	2500
agregativo	2500
agrela	2500
agremiação	2500
agressão	2500
agressivo	2500
agressor	2500
agreste	2500
agrial	2500
agrião	2500
agricultar	2500
agricultura	2500
agridoce	2500
agrilhoar	2500
agrimensão	2500
agrimensar	2500
agrimensor	2500
agrimensura	2500
agrisalhar	2500
agrografia	2500
agro	2500
agroalimentar	2500
agrologia	2500
agromania	2500
agronomia	2500
agrónomo	2500
agropecuária	2500
agropecuário	2500
agror	2500
agrosseirado	2500
agrupar	2500
agrura	2500
água-ardente	2500
aguaçal	2500
aguaça	2500
aguaceiro	2500
água-chilra	2500
aguada	2500
aguadeiro	2500
aguadilha	2500
água-forte	2500
água-furtada	2500
água-marinha	2500
água-oxigenada	2500
água-pé	2500
aguapé	2500
aguardar	2500
aguardenteiro	2500
aguardente	2500
aguardentoso	2500
aguarela	2500
aguarelar	2500
aguarelista	2500
aguarrás	2500
aguar	2500
águas-furtadas	2500
água-tinta	2500
aguçadeira	2500
aguçador	2500
aguçadura	2500
aguça	2500
aguçar	2500
aguço	2500
agudeza	2500
agudez	2500
agudizar	2500
agudo	2500
aguentar	2500
aguerrido	2500
aguerrilhar	2500
aguerrir	2500
águia	2500
aguilhão	2500
aguilhar	2500
aguilhoada	2500
aguilhoadela	2500
aguilhoar	2500
aguisar	2500
aguitarrar	2500
agulhada	2500
agulhagem	2500
agulha	2500
agulhar	2500
agulheado	2500
agulheiro	2500
agulheta	2500
ah	2500
ai	2500
ai-jesus	2500
aio	2500
aipo	2500
airoso	2500
ajanotar	2500
ajantarado	2500
ajardinar	2500
ajaulado	2500
ajeitar	2500
ajoelhar	2500
ajornalar	2500
ajoujar	2500
ajoujo	2500
ajudada	2500
ajuda	2500
ajudante	2500
ajudar	2500
ajuizar	2500
ajumentado	2500
ajuntador	2500
ajuntadouro	2500
ajunta	2500
ajuntar	2500
ajuramentar	2500
ajustador	2500
ajustar	2500
ajuste	2500
ajustiçar	2500
alabastro	2500
alacaiar	2500
alacridade	2500
alagadiço	2500
alagartado	2500
alagar	2500
alambique	2500
alameda	2500
álamo	2500
ala	2500
alanina	2500
alapar	2500
alaranjar	2500
alar	2500
alardear	2500
alarde	2500
alardo	2500
alargar	2500
alarido	2500
alarma	2500
alarmante	2500
alarmar	2500
alarme	2500
alarvado	2500
alarve	2500
alastradeira	2500
alastrar	2500
alaúde	2500
alavanca	2500
alavancagem	2500
alavancar	2500
albanês	2500
alba	2500
albano	2500
albarda	2500
albardar	2500
albardeiro	2500
albatroz	2500
albedo	2500
albergaria	2500
albergar	2500
albergueiro	2500
albergue	2500
albicastrense	2500
albinismo	2500
albino	2500
albufeira	2500
albufeirar	2500
albugínea	2500
albúmen	2500
albumina	2500
albuminar	2500
albuminoso	2500
álbum	2500
alcácer	2500
alcachofra	2500
alcáçova	2500
alçada	2500
alçadeira	2500
alçadura	2500
alcaide-mor	2500
alcaide	2500
alcaiotar	2500
alcalinizar	2500
alcalino	2500
alcalinoterroso	2500
alcaloide	2500
alcançar	2500
alcance	2500
alcanço	2500
alça	2500
alcantilado	2500
alcantil	2500
alçapão	2500
alçar	2500
alcateia	2500
alcatifar	2500
alcatra	2500
alcatrão	2500
alcatraz	2500
alcatroar	2500
alce	2500
alcobacense	2500
alcofa	2500
alcofar	2500
alcoolemia	2500
alcoólico	2500
alcoolificar	2500
alcoolismo	2500
alcoolizar	2500
álcool	2500
alcoolometria	2500
alcoolómetro	2500
alcorânico	2500
alcova	2500
alcoviteiro	2500
alcunha	2500
alcunhar	2500
alcunho	2500
aldeamento	2500
aldeão	2500
aldeia	2500
aldeído	2500
aldeola	2500
aldeota	2500
aldrabada	2500
aldrabão	2500
aldrabar	2500
aldrabeiro	2500
aldrabice	2500
aleatório	2500
aleatoriedade	2500
aleatorizar	2500
alecrim	2500
alegado	2500
alegante	2500
alegar	2500
alegoria	2500
alegórico	2500
alegorizar	2500
alegrão	2500
alegrar	2500
alegre	2500
alegria	2500
alegro	2500
alegrote	2500
aleijar	2500
aleitar	2500
aleluia	2500
alemânico	2500
além-fronteiras	2500
além-mar	2500
além-mundo	2500
alentar	2500
alentejano	2500
alento	2500
alergia	2500
alérgico	2500
alerta	2500
alertar	2500
alesmar	2500
aletria	2500
alevantar	2500
alevante	2500
alexandrino	2500
alexíaco	2500
alexia	2500
aléxico	2500
alfabetário	2500
alfabetar	2500
alfabético	2500
alfabetismo	2500
alfabetizar	2500
alfabeto	2500
alface	2500
alfacinha	2500
alfaia	2500
alfaiar	2500
alfaiataria	2500
alfaiatar	2500
alfaiate	2500
alfama	2500
alfamense	2500
alfândega	2500
alfandegário	2500
alfandegar	2500
alfa	2500
alfanumérico	2500
alfarrábio	2500
alfarrabista	2500
alfarrobal	2500
alfarroba	2500
alfarrobar	2500
alfarrobeira	2500
alfazema	2500
alfazemar	2500
alfena	2500
alferes	2500
alfinetada	2500
alfinetar	2500
alfineteira	2500
alfinete	2500
alfobre	2500
alforge	2500
alforjada	2500
alforjar	2500
alforrar	2500
alforreca	2500
algália	2500
algaliar	2500
alga	2500
algarismo	2500
algaraviada	2500
algarvio	2500
algazarra	2500
algazarrar	2500
álgebra	2500
algebricamente	2500
algébrico	2500
algebrizar	2500
algema	2500
algemar	2500
algeroz	2500
algibeira	2500
algodão	2500
algodão-doce	2500
algodoeiro	2500
algoritmia	2500
algorítmico	2500
algoritmo	2500
algoz	2500
alguém	2500
alguidar	2500
algum	2500
algures	2500
alhada	2500
alheamento	2500
alhear	2500
alheável	2500
alheio	2500
alheira	2500
alheiro	2500
alheta	2500
alho	2500
alho-porro	2500
alhos-porros	2500
aliança	2500
aliar	2500
aliás	2500
alibilidade	2500
álibi	2500
alicate	2500
alicerçar	2500
alicerce	2500
aliciação	2500
aliciador	2500
aliciante	2500
aliciar	2500
alienabilidade	2500
alienante	2500
alienar	2500
alienatário	2500
alienatório	2500
alienígena	2500
alienismo	2500
alienista	2500
aligeirar	2500
alijar	2500
alimentador	2500
alimentar	2500
alimentício	2500
alimentividade	2500
alimento	2500
alimentoso	2500
alimpar	2500
alindar	2500
alínea	2500
alinhar	2500
alinhavar	2500
alinhavo	2500
alisar	2500
alísio	2500
alistar	2500
aliviar	2500
alívio	2500
aljofrar	2500
aljubarrotense	2500
almaço	2500
almanaque	2500
alma	2500
almejante	2500
almejar	2500
almejo	2500
alminhas	2500
almirantado	2500
almiranta	2500
almirante	2500
almiscarar	2500
almiscareiro	2500
almíscar	2500
almoçar	2500
almoçadeira	2500
almoço	2500
almocrevar	2500
almocreve	2500
almofada	2500
almofadão	2500
almofadar	2500
almofadilha	2500
almofariz	2500
almôndega	2500
almotolia	2500
almude	2500
alocar	2500
alocução	2500
alogamia	2500
alô	2500
alojar	2500
alojo	2500
alombar	2500
alongar	2500
aloquete	2500
aloucar	2500
alourar	2500
aloirar	2500
alousar	2500
alpaca	2500
alparca	2500
alpendrado	2500
alpendrar	2500
alpendre	2500
alperce	2500
alpestre	2500
alpinismo	2500
alpinista	2500
alpino	2500
alpista	2500
alpisteiro	2500
alpiste	2500
alqueirão	2500
alqueirar	2500
alqueire	2500
alquimia	2500
alquimiar	2500
alquímico	2500
alsaciano	2500
alta	2500
altaneiro	2500
altar-mor	2500
altar	2500
altear	2500
alterabilidade	2500
alteração	2500
alterador	2500
alterante	2500
alterar	2500
alterável	2500
alter-ego	2500
altercação	2500
alterna	2500
alternado	2500
alternador	2500
alternância	2500
alternante	2500
alternar	2500
alternativa	2500
alternativo	2500
alter	2500
alterno	2500
alteroso	2500
alteza	2500
altifalante	2500
altímetro	2500
altiplano	2500
altista	2500
altitude	2500
altivez	2500
altivo	2500
alto	2500
alto-falante	2500
alto-relevo	2500
altos-fornos	2500
altruísmo	2500
altruísta	2500
altruístico	2500
aluadamente	2500
aluar	2500
alucinante	2500
alucinar	2500
alucinatório	2500
alucinogénio	2500
aludir	2500
alugador	2500
alugar	2500
aluguer	2500
aluir	2500
alumiar	2500
aluminato	2500
alumínio	2500
alunagem	2500
alunar	2500
alusão	2500
alusivo	2500
aluvial	2500
aluvião	2500
aluviar	2500
aluvionar	2500
alva	2500
alvará	2500
alvares	2500
alvarinho	2500
alvejante	2500
alvejar	2500
alvenaria	2500
alvéola	2500
alveolar	2500
alvéolo	2500
alvissarar	2500
alvíssaras	2500
alvitrar	2500
alvo	2500
alvoraçar	2500
alvorada	2500
alvorar	2500
alvorecer	2500
alvoredo	2500
alvor	2500
alvoroçante	2500
alvoroçar	2500
alvoroço	2500
alvura	2500
amabilidade	2500
amacacar	2500
amachucadela	2500
amachucar	2500
amaciar	2500
amadorense	2500
amador	2500
amadorismo	2500
amadrinhar	2500
amadurecer	2500
âmago	2500
amainar	2500
amalandrar	2500
amaldiçoar	2500
amálgama	2500
amalgamar	2500
amalgamento	2500
amalucar	2500
amamentar	2500
amancebado	2500
ama	2500
amanhar	2500
amanhecer	2500
amanhecida	2500
amanho	2500
amansar	2500
amansia	2500
amanteigado	2500
amante	2500
amantizar	2500
amaragem	2500
amarar	2500
amarelado	2500
amarelar	2500
amarelecer	2500
amarelo	2500
amarfanhar	2500
amargar	2500
amargo	2500
amargor	2500
amarguradamente	2500
amargura	2500
amargurar	2500
amaricar	2500
amarotado	2500
amarrador	2500
amarradura	2500
amarra	2500
amarrar	2500
amarrotar	2500
amartelar	2500
amarujar	2500
amar	2500
amassadeira	2500
amassadela	2500
amassadura	2500
amassar	2500
amatório	2500
amável	2500
amazelar	2500
amazona	2500
amazonense	2500
amazónico	2500
âmbar	2500
ambição	2500
ambicionar	2500
ambicioso	2500
ambidextro	2500
ambiência	2500
ambiental	2500
ambientar	2500
ambiente	2500
ambiguamente	2500
ambiguidade	2500
ambíguo	2500
âmbito	2500
amblíope	2500
ambrósia	2500
ambrosiano	2500
ambulacrário	2500
ambulância	2500
ambulante	2500
ambulativo	2500
ambulatório	2500
ameaçador	2500
ameaça	2500
ameaçante	2500
ameaçar	2500
amealhar	2500
amear	2500
ameba	2500
amedalhar	2500
amedrontador	2500
amedrontar	2500
ameia	2500
ameigar	2500
ameijoada	2500
amêijoa	2500
ameijoar	2500
ameijoeira	2500
ameixa	2500
ameixeira	2500
ameixial	2500
ameixieira	2500
ameixoal	2500
ameixoeira	2500
amelado	2500
ameloado	2500
amembranado	2500
amém	2500
amendoada	2500
amendoado	2500
amendoal	2500
amêndoa	2500
amendoeira	2500
amendoim	2500
ámen	2500
ameninar	2500
amenizar	2500
ameno	2500
americanada	2500
americana	2500
americanice	2500
americanizar	2500
americano	2500
ameríndio	2500
amesquinhar	2500
amestrar	2500
ametista	2500
amétrico	2500
amianto	2500
amiba	2500
amicíssimo	2500
amido	2500
amieiro	2500
amigaço	2500
amigalhaço	2500
amigalhão	2500
amigalhote	2500
amigar	2500
amigável	2500
amígdala	2500
amigdalar	2500
amigdalina	2500
amigdalite	2500
amigo	2500
amiloide	2500
amimar	2500
amimia	2500
aminoácido	2500
amistoso	2500
amiudar	2500
amiúde	2500
amizade	2500
amnésia	2500
amniótico	2500
amnistia	2500
amnistiar	2500
amoedar	2500
amofinar	2500
amofinativo	2500
amoirar	2500
amoitar	2500
amojar	2500
amojo	2500
amojudo	2500
amoladeira	2500
amolador	2500
amoladura	2500
amolar	2500
amoldar	2500
amolecar	2500
amolecer	2500
amolengar	2500
amolentar	2500
amolgadela	2500
amolgadura	2500
amolgar	2500
amoniacal	2500
amoníaco	2500
amónia	2500
amónio	2500
amonites	2500
amo	2500
amontanhar	2500
amontar	2500
amontoador	2500
amontoar	2500
amorado	2500
amoral	2500
amoralismo	2500
amoralizar	2500
amora	2500
amorangado	2500
amorável	2500
amordaçar	2500
amoreiral	2500
amoreira	2500
amorenar	2500
amores	2500
amorfia	2500
amorfismo	2500
amorfo	2500
amoricos	2500
amorífero	2500
amornar	2500
amor	2500
amoroso	2500
amor-perfeito	2500
amor-próprio	2500
amorrinhar	2500
amortalhar	2500
amortecedor	2500
amortecer	2500
amortiçar	2500
amortizar	2500
amorudo	2500
amorzeiro	2500
amossadela	2500
amossar	2500
amostragem	2500
amostral	2500
amostra	2500
amostrar	2500
amotinador	2500
amotinar	2500
amoucar	2500
amourar	2500
amouriscar	2500
amover	2500
amovibilidade	2500
amparar	2500
amparo	2500
ampere	2500
amperímetro	2500
ampliador	2500
ampliar	2500
ampliativo	2500
ampliatório	2500
amplidão	2500
amplificador	2500
amplificar	2500
amplificativo	2500
amplitude	2500
amplo	2500
ampola	2500
ampulheta	2500
amputar	2500
amuar	2500
amuleto	2500
amulherar	2500
amulherengar	2500
amumiar	2500
amuo	2500
amurada	2500
amuralhar	2500
amura	2500
amurar	2500
anabólico	2500
anabolismo	2500
anabolizante	2500
anaconda	2500
anacoreta	2500
anacrónico	2500
anacronismo	2500
anacronizar	2500
anaeróbio	2500
anaerobiose	2500
anafar	2500
anafe	2500
anáfora	2500
anafórico	2500
anaforismo	2500
anafrodisíaco	2500
anafrodisia	2500
anafrodita	2500
anafrodítico	2500
anagrama	2500
anal	2500
analepse	2500
analéptico	2500
analfabético	2500
analfabeto	2500
analgesia	2500
analgésico	2500
anagliptografia	2500
analisador	2500
analisar	2500
análise	2500
analista	2500
analítico	2500
analogamente	2500
analogia	2500
analogicamente	2500
analogismo	2500
analogístico	2500
análogo	2500
anamorfismo	2500
anamorfose	2500
ananás	2500
anão	2500
anaplasia	2500
anaplastia	2500
anaplástico	2500
anarmónico	2500
anarquia	2500
anarquizar	2500
anástrofe	2500
anatar	2500
anátema	2500
anatomia	2500
anatómico	2500
anatomizar	2500
anavalhar	2500
anca	2500
ancestral	2500
anciã	2500
ancião	2500
ancinhar	2500
ancinho	2500
anchova	2500
ancoradoiro	2500
ancoradouro	2500
ancoragem	2500
âncora	2500
ancorar	2500
ancudo	2500
andada	2500
andadeira	2500
andadeiro	2500
andador	2500
andadura	2500
andaimaria	2500
andaimar	2500
andaime	2500
andaimo	2500
andaluz	2500
andança	2500
andante	2500
andarejo	2500
andarilho	2500
andar	2500
andas	2500
andebol	2500
andino	2500
andorinha	2500
andorinho	2500
andor	2500
andrajoso	2500
androceu	2500
androfilia	2500
androfobia	2500
androgenesia	2500
androgenésico	2500
androide	2500
andrologia	2500
andromaníaca	2500
andromorfo	2500
andropausa	2500
anedota	2500
anedotário	2500
anedótico	2500
anedotista	2500
anedotizar	2500
anéis	2500
anelação	2500
anelar	2500
anelados	2500
aneladura	2500
anelídeo	2500
anelídeos	2500
anel	2500
anemia	2500
anemiante	2500
anemiar	2500
anémico	2500
anemizante	2500
anemizar	2500
anemómetro	2500
anémona-do-mar	2500
anémona	2500
anencefalia	2500
anencefálico	2500
anencéfalo	2500
anestesia	2500
anestesiante	2500
anestesiar	2500
anestésico	2500
anestesista	2500
anestético	2500
aneurisma	2500
aneuritmia	2500
aneurítmico	2500
aneurose	2500
anexar	2500
anexionismo	2500
anexionista	2500
anfetamina	2500
anfibiografia	2500
anfíbio	2500
anfibiologia	2500
anfiteatro	2500
anfitrião	2500
ânfora	2500
angariador	2500
angariar	2500
angelical	2500
angélica	2500
angélico	2500
angelismo	2500
angelitude	2500
angelizar	2500
angina	2500
anginoso	2500
angiologia	2500
anglicanismo	2500
anglicano	2500
anglicismo	2500
anglicizar	2500
anglofilia	2500
anglofobia	2500
anglófono	2500
anglo-luso	2500
anglomania	2500
anglo-saxão	2500
anglo-saxónico	2500
angola	2500
angolano	2500
angolense	2500
angorá	2500
angra	2500
angrense	2500
anguiforme	2500
angulado	2500
angular	2500
angularidade	2500
angulário	2500
angulometria	2500
angulómetro	2500
ângulo	2500
angulosidade	2500
anguloso	2500
angústia	2500
angustiante	2500
angustiar	2500
angustioso	2500
anho	2500
anião	2500
anichar	2500
anídrico	2500
anidrido	2500
anidrite	2500
anidro	2500
anilar	2500
anileiro	2500
anilha	2500
anilhar	2500
anil	2500
anilho	2500
anilina	2500
anilinar	2500
animador	2500
animalaço	2500
animalão	2500
animalejo	2500
animalesco	2500
animal	2500
animalismo	2500
animalista	2500
animalizar	2500
animalogia	2500
animante	2500
animar	2500
animatógrafo	2500
anímico	2500
animismo	2500
animista	2500
ânimo	2500
animosidade	2500
animoso	2500
aninhar	2500
aniquilador	2500
aniquilar	2500
anisar	2500
anis	2500
anisótropo	2500
aniversariante	2500
aniversariar	2500
aniversário	2500
anjo	2500
anodizar	2500
anodização	2500
ânodo	2500
anoftálmico	2500
anoitecer	2500
anojadiço	2500
anojar	2500
ano-luz	2500
anomalia	2500
anómalo	2500
anomia	2500
anonimado	2500
anonimamente	2500
anonimato	2500
anonímia	2500
anónimo	2500
anorético	2500
anorexia	2500
anormal	2500
anormalidade	2500
anortear	2500
anos-luz	2500
anoso	2500
anotação	2500
anotador	2500
anotar	2500
anovelar	2500
ansa	2500
anseio	2500
ânsia	2500
ansiar	2500
ansiedade	2500
ansioso	2500
antagónico	2500
antagonismo	2500
antagonista	2500
antagonizar	2500
anta	2500
antanho	2500
antártico	2500
anteato	2500
ante-à-ré	2500
anteboca	2500
antebraço	2500
antecâmara	2500
antecâmbrico	2500
ante	2500
antecedência	2500
antecedente	2500
anteceder	2500
antecessor	2500
antecipação	2500
antecipadamente	2500
antecipador	2500
antecipar	2500
anteclássico	2500
antecoluna	2500
anteconhecimento	2500
antecoro	2500
antedito	2500
antedizer	2500
antefosso	2500
anteguarda	2500
antemão	2500
antemostrar	2500
antemover	2500
antemural	2500
antemuralha	2500
antemurar	2500
antemuro	2500
antenado	2500
antenal	2500
antena	2500
anteniforme	2500
antenome	2500
antenupcial	2500
anteocular	2500
anteocupante	2500
anteocupar	2500
anteontem	2500
antepaga	2500
antepagar	2500
antepara	2500
anteparar	2500
anteparo	2500
anteparto	2500
antepassar	2500
antepasto	2500
antepenúltimo	2500
anteportada	2500
anteportal	2500
anteporta	2500
anteportaria	2500
anteporto	2500
antepor	2500
anteposição	2500
anteposto	2500
anteprograma	2500
anteprojeto	2500
anteproposta	2500
anterior	2500
anterioridade	2500
anteriorizar	2500
antestreia	2500
antever	2500
antevéspera	2500
antevidência	2500
antevidente	2500
antiabolicionismo	2500
antiabortivo	2500
antiacadémico	2500
antiaéreo	2500
antialcalino	2500
antialcoólico	2500
antialcoolismo	2500
antiaristocrata	2500
antiaristocrático	2500
antiartístico	2500
antiasmático	2500
antibiose	2500
antibioterapia	2500
antibiótico	2500
anticatolicismo	2500
anticatólico	2500
anticético	2500
anticientífico	2500
anticívico	2500
anticivismo	2500
anticlássico	2500
anticlerical	2500
anticlericalismo	2500
anticoagulante	2500
anticolérico	2500
anticomercial	2500
anticoncecional	2500
anticoncetivo	2500
anticoncílio	2500
anticonstitucional	2500
anticorpo	2500
anticorporativismo	2500
anticorporativo	2500
anticorrosivo	2500
anticosmético	2500
anticrepúsculo	2500
anticristão	2500
anticristianismo	2500
anticristo	2500
anticrítico	2500
antidiabético	2500
antidiarreico	2500
antidiftérico	2500
antidigestivo	2500
antidogmático	2500
antidogmatismo	2500
antídoto	2500
antidramático	2500
antieconómico	2500
antiescarlatinoso	2500
antiescorbútico	2500
antiespiritualismo	2500
antiestético	2500
antievangélico	2500
antifebril	2500
antiferruginoso	2500
antifilosófico	2500
antífrase	2500
antigamente	2500
antigás	2500
antigásico	2500
antigénico	2500
antigénio	2500
antigeométrico	2500
antigermânico	2500
antigório	2500
antigotoso	2500
antigovernamental	2500
antigramatical	2500
antigrevista	2500
antigripal	2500
antiguidade	2500
anti-hemorrágico	2500
anti-hemorroidal	2500
anti-hepático	2500
anti-hipnótico	2500
anti-infecioso	2500
anti-inflamatório	2500
antijurídico	2500
antiletárgico	2500
antiliberal	2500
antilogaritmo	2500
antilogismo	2500
antílope	2500
antimaçónico	2500
antimagnético	2500
antimatéria	2500
antimelancólico	2500
antimelódico	2500
antimetátese	2500
antimilitar	2500
antimilitarismo	2500
antimilitarista	2500
antimónico	2500
antimónio	2500
antimonióxido	2500
antimoral	2500
antinacional	2500
antinarcótico	2500
antinatural	2500
antineutrão	2500
antinevrálgico	2500
antinevrótico	2500
antinódoa	2500
antinomia	2500
antinomismo	2500
antinupcial	2500
antipapado	2500
antipapa	2500
antiparalelas	2500
antiparalelismo	2500
antiparasita	2500
antiparlamentarismo	2500
antipartícula	2500
antipatia	2500
antipatizar	2500
antipatriótico	2500
antipedagógico	2500
antiperiódico	2500
antiperistáltico	2500
antiplástico	2500
antípoda	2500
antípodes	2500
antipódico	2500
antipoético	2500
antipolítica	2500
antipolítico	2500
antipopular	2500
anti	2500
antiprotão	2500
antiquário	2500
antiquar	2500
antiquíssimo	2500
antirracional	2500
antirraquítico	2500
antirrealismo	2500
antirrugas	2500
antissético	2500
antisséptico	2500
antiteatro	2500
antiteísmo	2500
antitérmico	2500
antiterrorismo	2500
antítese	2500
antitetânico	2500
antitético	2500
antitoxina	2500
antituberculoso	2500
antivariólico	2500
antiviril	2500
antivirulento	2500
antivírus	2500
antologia	2500
antológico	2500
antoniano	2500
antonímia	2500
antónimo	2500
antracitoso	2500
antro	2500
antropocêntrico	2500
antropocentrismo	2500
antropofágico	2500
antropófago	2500
antropogénese	2500
antropogenesia	2500
antropogenético	2500
antropogenia	2500
antropoide	2500
antropologia	2500
antropométrico	2500
antropomorfia	2500
antropomorfismo	2500
antropomorfizar	2500
antropomorfo	2500
antropomorfose	2500
antroponímia	2500
antroponímico	2500
antropónimo	2500
antropoteísmo	2500
antropoterapia	2500
anual	2500
anualidade	2500
anuário	2500
anuência	2500
anuente	2500
anuidade	2500
anuir	2500
anulabilidade	2500
anulador	2500
anulante	2500
anular	2500
anulativo	2500
anulatório	2500
anunciada	2500
anunciador	2500
anunciante	2500
anunciar	2500
anunciativo	2500
anúncio	2500
ânus	2500
anuviar	2500
anzolado	2500
anzoleiro	2500
anzol	2500
aonde	2500
aorta	2500
aórtico	2500
apache	2500
apadrinhar	2500
apadroar	2500
apagador	2500
apaga	2500
apagar	2500
apaixonadiço	2500
apaixonado	2500
apaixonar	2500
apalaçar	2500
apalacianar	2500
apaladar	2500
apalancar	2500
apalavrar	2500
apalermar	2500
apalhaçar	2500
apalmar	2500
apalpadeira	2500
apalpadela	2500
apalpão	2500
apalpar	2500
apalpo	2500
apanágio	2500
apancar	2500
apanhado	2500
apanhador	2500
apanhadura	2500
apanha-moscas	2500
apanha	2500
apanhar	2500
apanho	2500
apanicar	2500
apaniguar	2500
apantufar	2500
apaparicar	2500
apaparicos	2500
apapoilado	2500
aparadeira	2500
aparador	2500
aparafusar	2500
apara-lápis	2500
apara	2500
aparar	2500
aparato	2500
aparatoso	2500
aparcamento	2500
aparceirar	2500
aparcelar	2500
aparecer	2500
aparelhagem	2500
aparelhar	2500
aparelho	2500
aparência	2500
aparentar	2500
aparente	2500
aparição	2500
aparo	2500
apartadiço	2500
aparta	2500
apartar	2500
aparte	2500
apartidário	2500
apartotel	2500
aparvalhar	2500
aparvoar	2500
apascentar	2500
apassivador	2500
apassivante	2500
apassivar	2500
apassivativo	2500
apatetado	2500
apatia	2500
apático	2500
apatifar	2500
apatite	2500
apátrida	2500
apatriota	2500
apatrulhar	2500
apavonar	2500
apavorante	2500
apavorar	2500
apaziguador	2500
apaziguar	2500
apeadeira	2500
apeadeiro	2500
apear	2500
apeçonhar	2500
apeçonhentar	2500
apedantado	2500
apedrar	2500
apedrejador	2500
apedrejar	2500
apegadiço	2500
apeganhar	2500
apegar	2500
apego	2500
apelabilidade	2500
apelador	2500
apelante	2500
apelar	2500
apelativo	2500
apelatório	2500
apelidar	2500
apelido	2500
apelo	2500
apendicectomia	2500
apêndice	2500
apendiciado	2500
apendicite	2500
apenhascado	2500
apeninsulado	2500
apenso	2500
apequenar	2500
aperaltar	2500
aperceber	2500
apercetibilidade	2500
apercetível	2500
apercetivo	2500
aperfeiçoar	2500
aperfilhar	2500
aperiódico	2500
aperitivo	2500
apertada	2500
apertadeira	2500
apertadela	2500
apertadoiro	2500
apertador	2500
apertadouro	2500
apertão	2500
apertar	2500
aperto	2500
aperuado	2500
apesar	2500
apestanado	2500
apetecer	2500
apetência	2500
apetente	2500
apetibilidade	2500
apetição	2500
apetitar	2500
apetite	2500
apetitivo	2500
apetitoso	2500
apetrechar	2500
apetrecho	2500
apicado	2500
ápice	2500
apicultural	2500
apicultura	2500
apiedar	2500
apifobia	2500
apiforme	2500
apilhar	2500
apimentar	2500
apincelar	2500
apingentar	2500
apinhar	2500
apinhoar	2500
apintalhar	2500
apipar	2500
apitar	2500
apito	2500
aplacar	2500
aplainador	2500
aplainar	2500
aplanador	2500
aplanar	2500
aplástico	2500
aplaudente	2500
aplaudir	2500
aplausível	2500
aplauso	2500
aplicabilidade	2500
aplicada	2500
aplicante	2500
aplicar	2500
aplicativo	2500
apneia	2500
apneísta	2500
apocalíptico	2500
apocalítico	2500
apócrifo	2500
apoderar	2500
apodítico	2500
apodrecer	2500
apodrentar	2500
apodrir	2500
apófase	2500
apófise	2500
apogeu	2500
apogiatura	2500
apoiar	2500
apólice	2500
apologética	2500
apologético	2500
apologia	2500
apologista	2500
apologizar	2500
apolvilhar	2500
aponevrótico	2500
apontador	2500
apontes	2500
apoplexia	2500
apoquentador	2500
apoquentar	2500
aporofobia	2500
aportar	2500
aportuguesar	2500
apor	2500
aposentadoria	2500
aposentar	2500
aposento	2500
aposição	2500
apossar	2500
aposta	2500
apostar	2500
apóstata	2500
aposto	2500
apostolado	2500
apostolar	2500
apostolicidade	2500
apostólico	2500
apostolizar	2500
apóstolo	2500
apostrofar	2500
apóstrofe	2500
apóstrofo	2500
apostura	2500
apotentar	2500
apoteosar	2500
apoteose	2500
apoteótico	2500
apótese	2500
apoucar	2500
aprazar	2500
aprazer	2500
aprazível	2500
apreçar	2500
apreciador	2500
apreciar	2500
apreciativo	2500
apreciável	2500
apreciavelmente	2500
apreço	2500
apreendedor	2500
apreender	2500
apreensão	2500
apreensiva	2500
apreensível	2500
apreensivo	2500
apreensor	2500
apreensório	2500
aprefixar	2500
apregoador	2500
apregoar	2500
apre	2500
aprender	2500
aprendizado	2500
aprendizagem	2500
aprendiz	2500
apresar	2500
apresentado	2500
apresentador	2500
apresentante	2500
apresentar	2500
apressar	2500
apressurar	2500
aprestamar	2500
apréstamo	2500
aprestar	2500
apreste	2500
apresto	2500
apresuntado	2500
aprimorar	2500
aprioridade	2500
apriorismo	2500
apriorista	2500
apriorístico	2500
aprisionar	2500
aproar	2500
aprofundar	2500
aprontar	2500
apropositar	2500
apropriado	2500
apropriador	2500
apropriar	2500
aprosar	2500
aprovador	2500
aprovar	2500
aprovativo	2500
aproveitabilidade	2500
aproveitador	2500
aproveitante	2500
aproveitar	2500
aprovisionar	2500
aproximação	2500
aproximadamente	2500
aproximar	2500
aproximativo	2500
aprumar	2500
aptidão	2500
aptitude	2500
apto	2500
apucarado	2500
apudorado	2500
apuliense	2500
apúlio	2500
apunhalante	2500
apunhalar	2500
apupada	2500
apupar	2500
apupo	2500
apurar	2500
apurativo	2500
apuro	2500
apurpurado	2500
aquadrelar	2500
aquadrilhar	2500
aquando	2500
aquário	2500
aquartelar	2500
aquartilhar	2500
aquático	2500
aquecedor	2500
aquecer	2500
aquecimento	2500
aqueduto	2500
àquele	2500
aquém	2500
aquém-fronteiras	2500
aquém-mar	2500
aquentar	2500
aqui-del-rei	2500
aquiescer	2500
aquietador	2500
aquietar	2500
aquífero	2500
aquilatar	2500
aquilhado	2500
àquilo	2500
aquinhoar	2500
aquisição	2500
aquisitividade	2500
aquisitivo	2500
aquosidade	2500
aquoso	2500
árabe	2500
arabesco	2500
arábias	2500
arábico	2500
arábio	2500
arabismo	2500
arabista	2500
arabizar	2500
aracnídeo	2500
aracnismo	2500
aracnofilia	2500
aracnoide	2500
aracnóideo	2500
arada	2500
aradar	2500
arado	2500
aradouro	2500
aradura	2500
aragem	2500
aragonês	2500
aramaico	2500
aramar	2500
arameiro	2500
arame	2500
araneífero	2500
araneiforme	2500
aranha	2500
aranhão	2500
aranheira	2500
aranheiro	2500
aranhiço	2500
aranhol	2500
aranhoso	2500
aranhuço	2500
araponga	2500
arara	2500
arar	2500
arauto	2500
arbitragem	2500
arbitral	2500
arbitrariedade	2500
arbitrário	2500
arbitrar	2500
arbitrativo	2500
arbítrio	2500
árbitro	2500
arbóreo	2500
arborescência	2500
arborescente	2500
arborescer	2500
arboricídio	2500
arborícola	2500
arboricultura	2500
arboriforme	2500
arborista	2500
arborizar	2500
arbúscula	2500
arbúsculo	2500
arbustáceo	2500
arbustal	2500
arbustiforme	2500
arbustivo	2500
arbusto	2500
arcaboiço	2500
arcabouçar	2500
arcabouço	2500
arcabuzada	2500
arcabuzaria	2500
arcabuzar	2500
arcabuzeiro	2500
arcabuz	2500
arcada	2500
arcadiano	2500
arcadura	2500
arcaico	2500
arcaísmo	2500
arcaísta	2500
arcaizante	2500
arca	2500
arcangélico	2500
arcanjo	2500
arcano	2500
arcar	2500
arcaz	2500
arcebispado	2500
arcebispal	2500
arcebispo	2500
arcediago	2500
archeiro	2500
archoteiro	2500
archote	2500
arciforme	2500
arcipreste	2500
arco-celeste	2500
arco-irisar	2500
arco-íris	2500
arco	2500
arcoso	2500
ártico	2500
ardência	2500
ardente	2500
ardentia	2500
ardentoso	2500
arder	2500
ardífero	2500
ardileza	2500
ardil	2500
ardiloso	2500
ardina	2500
ardor	2500
ardoroso	2500
ardósia	2500
arduamente	2500
ardume	2500
árduo	2500
areado	2500
areal	2500
areamento	2500
arear	2500
areeiro	2500
areento	2500
areia	2500
arejador	2500
arejar	2500
arejo	2500
arenação	2500
arenáceo	2500
arena	2500
arenário	2500
arenga	2500
arengar	2500
arengueiro	2500
arenito	2500
arenoso	2500
arenqueiro	2500
arenque	2500
aréola	2500
areolar	2500
areométrico	2500
areópago	2500
areoso	2500
arestado	2500
arestal	2500
aresta	2500
aresteiro	2500
aresto	2500
arestoso	2500
arfada	2500
arfadura	2500
arfante	2500
arfar	2500
argaço	2500
argamassa	2500
argamassar	2500
argelino	2500
argênteo	2500
argentífero	2500
argentino	2500
argila	2500
argiloide	2500
argiloso	2500
argolada	2500
argola	2500
argolão	2500
argolar	2500
argoleiro	2500
argonauta	2500
argonáutico	2500
árgon	2500
argúcia	2500
arguciar	2500
argucioso	2500
arguente	2500
arguir	2500
arguitivo	2500
argumental	2500
argumentar	2500
argumentativo	2500
argumentista	2500
argumento	2500
arguto	2500
ária	2500
arianizar	2500
ariano	2500
aridamente	2500
aridez	2500
árido	2500
aríete	2500
ariscar	2500
arisco	2500
aristocracia	2500
aristocratismo	2500
aristocratizar	2500
aristotélico	2500
aristotelismo	2500
aritmética	2500
aritmético	2500
arlequim	2500
armada	2500
armadilha	2500
armadilhar	2500
armador	2500
arma	2500
armaria	2500
armário	2500
armar	2500
armazém	2500
armazenagem	2500
armazenar	2500
armazenista	2500
armeiro	2500
arménio	2500
armilar	2500
arminho	2500
armistício	2500
ar	2500
aroma	2500
aromar	2500
aromaterapia	2500
aromaticidade	2500
aromático	2500
aromatismo	2500
aromatizante	2500
aromatizar	2500
aro	2500
arpão	2500
arpar	2500
arpear	2500
arpejo	2500
arpoar	2500
arpoeira	2500
arpoeiro	2500
arqueadura	2500
arquear	2500
arqueiro	2500
arqueologia	2500
arqueta	2500
arquétipo	2500
arquibancada	2500
arquidiocese	2500
arquiducado	2500
arquiducal	2500
arquiduque	2500
arquipélago	2500
arquitetar	2500
arquitetónica	2500
arquitetónico	2500
arquiteto	2500
arquitetor	2500
arquitetural	2500
arquivar	2500
arquivista	2500
arquivístico	2500
arquivologia	2500
arquivo	2500
arrabalde	2500
arrábido	2500
arrabujar	2500
arraçar	2500
arraçoamento	2500
arraiada	2500
arraial	2500
arraia-miúda	2500
arraia	2500
arraigado	2500
arrais	2500
arrancada	2500
arrancadeira	2500
arrancadela	2500
arrancador	2500
arrancadura	2500
arranca	2500
arrancão	2500
arrancar	2500
arranco	2500
arrancorar	2500
arranha-céu	2500
arranhadela	2500
arranhadura	2500
arranhão	2500
arranhar	2500
arranjadela	2500
arranjado	2500
arranjão	2500
arranjar	2500
arranjinho	2500
arranjismo	2500
arranjista	2500
arranjo	2500
arranque	2500
arrasar	2500
arrastadeira	2500
arrastadiço	2500
arrastador	2500
arrastadura	2500
arrastão	2500
arrastar	2500
arrasto	2500
arreador	2500
arrearia	2500
arrear	2500
arreata	2500
arrebanhadura	2500
arrebanhar	2500
arrebanho	2500
arrebatante	2500
arrebatar	2500
arrebate	2500
arrebato	2500
arrebentadiço	2500
arrebentão	2500
arrebentar	2500
arrebento	2500
arrebique	2500
arrebitaço	2500
arrebitar	2500
arrebite	2500
arrebito	2500
arrebolar	2500
arre-burrinho	2500
arrecadador	2500
arrecadar	2500
arrecuão	2500
arrecuar	2500
arrecuas	2500
arreda	2500
arredar	2500
arredondar	2500
arredor	2500
arredores	2500
arrefecedor	2500
arrefecer	2500
arrefentar	2500
arregaçada	2500
arregaçar	2500
arregalar	2500
arreganhada	2500
arreganhar	2500
arreganho	2500
arregimentar	2500
arregrar	2500
arre	2500
arreigada	2500
arreio	2500
arrelampar	2500
arrelia	2500
arreliar	2500
arreliento	2500
arrelvar	2500
arrematar	2500
arremate	2500
arremedar	2500
arremedo	2500
arremessão	2500
arremessar	2500
arremesso	2500
arremeter	2500
arremetida	2500
arremetimento	2500
arrendar	2500
arrendatário	2500
arrepanhar	2500
arrepanho	2500
arrepeladela	2500
arrepelar	2500
arrepelo	2500
arrepender	2500
arrepiar	2500
arrepio	2500
arrestante	2500
arrestar	2500
arresto	2500
arretadura	2500
arretar	2500
arreto	2500
arretrasado	2500
arrevesadamente	2500
arrevesar	2500
arreveso	2500
arriar	2500
arribadeiro	2500
arribadiço	2500
arribanceirado	2500
arriba	2500
arribar	2500
arribas	2500
arriscar	2500
arritmia	2500
arrítmico	2500
arritmo	2500
arrivismo	2500
arrivista	2500
arrizotónico	2500
arroba	2500
arrobar	2500
arrobustado	2500
arrodelar	2500
arrogância	2500
arrogante	2500
arrogar	2500
arroiar	2500
arroio	2500
arrojadiço	2500
arrojar	2500
arrojo	2500
arrolar	2500
arrolhar	2500
arrolho	2500
arromançar	2500
arrombada	2500
arrombadela	2500
arrombador	2500
arromba	2500
arrombar	2500
arrosetado	2500
arrotador	2500
arrotar	2500
arroteador	2500
arrotear	2500
arroteia	2500
arroto	2500
arroubamento	2500
arroubo	2500
arroxar	2500
arroxear	2500
arrozada	2500
arrozal	2500
arroz-doce	2500
arrozeira	2500
arrozeiro	2500
arroz	2500
arruaça	2500
arruaçar	2500
arruaceiro	2500
arruadeira	2500
arruar	2500
arruçar	2500
arrudense	2500
arruelado	2500
arrufada	2500
arrufadiço	2500
arrufar	2500
arrufo	2500
arrugar	2500
arruinar	2500
arruivado	2500
arrulhar	2500
arrulho	2500
arrumaços	2500
arrumadeira	2500
arrumadela	2500
arrumador	2500
arrumar	2500
arrumo	2500
arsenal	2500
arsénico	2500
arsénio	2500
arsenioso	2500
artefacto	2500
arte-maior	2500
arte	2500
arterial	2500
arterialidade	2500
arterializar	2500
artéria	2500
arteríola	2500
arteriosclerótico	2500
arterite	2500
artesanal	2500
artesanato	2500
artesão	2500
artesiano	2500
artes	2500
articulação	2500
articulante	2500
articular	2500
articulatório	2500
articulista	2500
artículo	2500
articuloso	2500
artífice	2500
artificial	2500
artificialidade	2500
artificialismo	2500
artificiar	2500
artifício	2500
artificioso	2500
artigo	2500
artilharia	2500
artilhar	2500
artilheiro	2500
artimanha	2500
artiodáctilo	2500
artista	2500
artístico	2500
artola	2500
artolar	2500
artrite	2500
artrítico	2500
artritismo	2500
artrópode	2500
artrópodes	2500
artrose	2500
artrozoário	2500
arvicultura	2500
arvoar	2500
arvoredo	2500
árvore	2500
asada	2500
asador	2500
asa	2500
asar	2500
ascendência	2500
ascendente	2500
ascender	2500
ascensão	2500
ascensional	2500
ascenso	2500
ascensor	2500
ascese	2500
asceta	2500
ascético	2500
asco	2500
ascórbico	2500
ascoroso	2500
aselha	2500
asfaltador	2500
asfaltar	2500
asfáltico	2500
asfaltite	2500
asfalto	2500
asfixia	2500
asfixiante	2500
asfixiar	2500
asiaticismo	2500
asiático	2500
asiatismo	2500
asilado	2500
asilar	2500
asilo	2500
asinha	2500
asma	2500
asmático	2500
asnada	2500
asnal	2500
asna	2500
asnaria	2500
asnático	2500
asnear	2500
asneirada	2500
asneira	2500
asneirar	2500
asneirão	2500
asneirento	2500
asneirola	2500
asnidade	2500
ás	2500
asno	2500
aso	2500
aspa	2500
aspectável	2500
aspeto	2500
aspetual	2500
asperamente	2500
aspereza	2500
áspero	2500
aspérrimo	2500
aspersão	2500
aspersor	2500
aspiração	2500
aspirador	2500
aspirante	2500
aspirar	2500
aspirativo	2500
aspiratório	2500
aspirina	2500
asqueroso	2500
assaborar	2500
assacar	2500
assadeira	2500
assadeiro	2500
assador	2500
assadura	2500
assalariar	2500
assalmonado	2500
assaloiado	2500
assaltada	2500
assaltar	2500
assalto	2500
assanhadiço	2500
assanhar	2500
assanho	2500
assapar	2500
assapatar	2500
assarapantar	2500
assarapanto	2500
assar	2500
assassinar	2500
assassinato	2500
assassínio	2500
assassino	2500
assaz	2500
assear	2500
assedar	2500
assediador	2500
assediar	2500
assédio	2500
assegurador	2500
assegurar	2500
asseio	2500
assembleia-geral	2500
assembleia	2500
assemelhar	2500
assenhorar	2500
assenhorear	2500
assentada	2500
assentador	2500
assentar	2500
assente	2500
assentir	2500
assento	2500
asséptico	2500
assético	2500
asseptol	2500
asserção	2500
asserenar	2500
asserir	2500
assertar	2500
assertivo	2500
asserto	2500
assertório	2500
assertor	2500
assessorado	2500
assessorial	2500
assessoria	2500
assessório	2500
assessor	2500
assestar	2500
assetar	2500
asseverante	2500
asseverar	2500
asseverativo	2500
assexo	2500
assexuado	2500
assexual	2500
assexualidade	2500
assidrar	2500
assiduamente	2500
assiduidade	2500
assíduo	2500
assilabia	2500
assilábico	2500
assim-assim	2500
assimetria	2500
assimilabilidade	2500
assimilador	2500
assimilar	2500
assimilativo	2500
assimptota	2500
assintota	2500
assimptótico	2500
assimulação	2500
assinado	2500
assinalante	2500
assinalar	2500
assinante	2500
assinar	2500
assincronamente	2500
assincronia	2500
assíncrono	2500
assindético	2500
assinergia	2500
assinérgico	2500
assingelar	2500
assintático	2500
assiriologia	2500
assírio	2500
assisado	2500
assísmico	2500
assistemático	2500
assistencial	2500
assistência	2500
assistente	2500
assistir	2500
assoadela	2500
assoalhada	2500
assoalhadura	2500
assoalhar	2500
assoar	2500
assoberbante	2500
assoberbar	2500
assobiada	2500
assobiadela	2500
assobiador	2500
assobiante	2500
assobiar	2500
assobio	2500
associabilidade	2500
associação	2500
associado	2500
assocializar	2500
associar	2500
associativo	2500
assolapar	2500
assolar	2500
assoldadar	2500
assoleimar	2500
assomada	2500
assomadiço	2500
assomar	2500
assombradiço	2500
assombrar	2500
assombrear	2500
assombro	2500
assombroso	2500
assomo	2500
assonância	2500
assonante	2500
assopradela	2500
assoprador	2500
assopradura	2500
assoprar	2500
assopro	2500
assorear	2500
assossegar	2500
assossego	2500
assotar	2500
assovinar	2500
assumir	2500
assunção	2500
assumptível	2500
assumptivo	2500
assustadiço	2500
assustador	2500
assustar	2500
assustoso	2500
astático	2500
astenia	2500
asterisco	2500
asteroide	2500
astral	2500
astralidade	2500
astralizar	2500
astrobiologia	2500
astrodinâmica	2500
astrofísica	2500
astrofísico	2500
astrofobia	2500
astroide	2500
astrolábio	2500
astrolatria	2500
astrologia	2500
astromancia	2500
astromante	2500
astrometria	2500
astrómetro	2500
astronauta	2500
astronáutica	2500
astronímia	2500
astrónimo	2500
astro	2500
astronomia	2500
astronómico	2500
astrónomo	2500
astroquímica	2500
astro-rei	2500
astroscopia	2500
astúcia	2500
astuciar	2500
astucioso	2500
asturiano	2500
astuto	2500
atabalhoar	2500
atabernar	2500
atacador	2500
atacadura	2500
ataca	2500
atacanhar	2500
atacante	2500
atacar	2500
atada	2500
atadeiro	2500
atado	2500
atadura	2500
atafegar	2500
atafulhar	2500
atalaia	2500
atalaiar	2500
atalhada	2500
atalhar	2500
atalho	2500
atamancar	2500
atamarado	2500
atapetar	2500
ataqueiro	2500
ataque	2500
atarantar	2500
ataranto	2500
atardar	2500
atarefar	2500
atarracar	2500
atarraxar	2500
atartarugado	2500
atar	2500
ataúde	2500
ataviar	2500
atavio	2500
atazanar	2500
ateador	2500
atear	2500
ateatrado	2500
atediar	2500
ateia	2500
ateísmo	2500
ateístico	2500
atelier	2500
atemorizador	2500
atemorizar	2500
atempado	2500
atempar	2500
atemporal	2500
atenção	2500
atencioso	2500
atendar	2500
atender	2500
ateniense	2500
atentado	2500
atentar	2500
atentatório	2500
atentivo	2500
atento	2500
atenuador	2500
atenuante	2500
atenuar	2500
atenuativo	2500
ater	2500
atermal	2500
atermia	2500
atérmico	2500
aterosclerótico	2500
aterrador	2500
aterragem	2500
aterraplenar	2500
aterrar	2500
aterroar	2500
aterrorizador	2500
aterrorizar	2500
atestado	2500
atestante	2500
atestar	2500
atesto	2500
ateu	2500
atiçador	2500
atiça	2500
atiçar	2500
atiçoar	2500
atigrado	2500
atijolar	2500
atilho	2500
atinar	2500
atinente	2500
atingir	2500
atino	2500
atintar	2500
atípico	2500
atirada	2500
atiradiço	2500
atirador	2500
atirar	2500
atitude	2500
atlântico	2500
atlas	2500
atleta	2500
atlética	2500
atlético	2500
atletismo	2500
atmosfera	2500
atmosférico	2500
à-toa	2500
atoalhar	2500
atoladeiro	2500
atoladela	2500
atoladiço	2500
atoladoiro	2500
atoladouro	2500
atolambar	2500
atolar	2500
atoleimar	2500
atoleiro	2500
atol	2500
atomatar	2500
atombar	2500
atomicidade	2500
atómico	2500
atomismo	2500
atomista	2500
atomístico	2500
atomizar	2500
átomo	2500
atonalidade	2500
atonar	2500
atonia	2500
atónico	2500
atónito	2500
átono	2500
atontadiço	2500
atontar	2500
atontear	2500
atorácico	2500
atordoador	2500
atordoante	2500
atordoar	2500
atormentadiço	2500
atormentador	2500
atormentar	2500
atoucado	2500
atoucinhar	2500
atoxicar	2500
atóxico	2500
atracadela	2500
atracadoiro	2500
atracadouro	2500
atracadura	2500
atracão	2500
atracar	2500
atração	2500
atratividade	2500
atrativo	2500
atraente	2500
atraiçoar	2500
atrair	2500
atrancar	2500
atranco	2500
atrapalhar	2500
atrasado	2500
atrasar	2500
atraso	2500
atravancar	2500
atravanco	2500
atravessadiço	2500
atravessadoiro	2500
atravessadouro	2500
atravessante	2500
atravessar	2500
atrelagem	2500
atrelar	2500
atrepar	2500
atrever	2500
atrevidaço	2500
atrevido	2500
atrevidote	2500
atribuição	2500
atribuir	2500
atribular	2500
atributivo	2500
atributo	2500
atrição	2500
atrigado	2500
atrigueirado	2500
atrincheirar	2500
átrio	2500
atrito	2500
atroador	2500
atroante	2500
atroar	2500
atrocidade	2500
atroçoar	2500
atrofiador	2500
atrofia	2500
atrofiante	2500
atrofiar	2500
atrombetado	2500
atroo	2500
atropar	2500
atropelador	2500
atropelante	2500
atropelar	2500
atropelo	2500
atroz	2500
atulhar	2500
atulho	2500
atum	2500
atumultuar	2500
aturar	2500
aturdir	2500
audácia	2500
audacioso	2500
audacíssimo	2500
audaz	2500
audibilidade	2500
audição	2500
audiência	2500
audiente	2500
audiofone	2500
audiofrequência	2500
audiograma	2500
audiometria	2500
audiómetro	2500
áudio	2500
audiovisual	2500
auditar	2500
auditivo	2500
auditoria	2500
auditório	2500
auditor	2500
audível	2500
auferir	2500
auge	2500
augir	2500
augurar	2500
augúrio	2500
augustal	2500
augustinianismo	2500
augustiniano	2500
augusto	2500
aula	2500
aumentador	2500
aumentar	2500
aumentativo	2500
aumento	2500
aura	2500
áureo	2500
auréola	2500
aureolar	2500
auricolo	2500
auricolor	2500
auriculado	2500
aurícula	2500
auricular	2500
aurífero	2500
aurificar	2500
aurífice	2500
aurifício	2500
aurífico	2500
auroral	2500
aurora	2500
aurorar	2500
auroreal	2500
aurorescer	2500
auscultadora	2500
auscultador	2500
auscultar	2500
ausência	2500
ausentar	2500
ausente	2500
auspiciar	2500
auspício	2500
auspicioso	2500
austeridade	2500
austerismo	2500
austerizar	2500
austero	2500
austral	2500
australásio	2500
australiano	2500
australo-africano	2500
australopiteco	2500
austríaco	2500
austro-húngaro	2500
austromancia	2500
autarca	2500
autarcia	2500
autarquia	2500
autenticamente	2500
autenticar	2500
autenticidade	2500
autêntico	2500
autentificar	2500
autismo	2500
autista	2500
autoajuda	2500
autoaprendizagem	2500
autoavaliar	2500
autoavaliação	2500
autobiografia	2500
autobomba	2500
autocarro	2500
autocatálise	2500
autociclo	2500
autocinese	2500
autocinesia	2500
autoclínica	2500
autoclismo	2500
autocolante	2500
autocombustão	2500
autocondução	2500
autoconfiança	2500
autocontrolo	2500
autocorreção	2500
autocorretivo	2500
autoconsciência	2500
autocontrole	2500
autocópia	2500
autocopiar	2500
autocorretor	2500
autocracia	2500
autocrático	2500
autocratismo	2500
autocrítica	2500
autocromia	2500
autóctone	2500
autoctonia	2500
autoctonismo	2500
autodecomposição	2500
autodefesa	2500
autodestruição	2500
autodeterminação	2500
autodeterminismo	2500
autodidata	2500
autodidática	2500
autodigestão	2500
autodinamia	2500
autodinâmico	2500
autodisciplina	2500
autódromo	2500
autoestima	2500
autoestrada	2500
autofecundação	2500
autofotografia	2500
autoformação	2500
autogamia	2500
autógamo	2500
autogéneo	2500
autogénese	2500
autogenético	2500
autogestão	2500
autognose	2500
autogolo	2500
autogoverno	2500
autografar	2500
autografia	2500
autográfico	2500
autógrafo	2500
auto-hemoterapia	2500
automação	2500
automatismo	2500
automatização	2500
automatizar	2500
autómato	2500
automobilismo	2500
automobilista	2500
automobilístico	2500
automobilizar	2500
automorfismo	2500
automotora	2500
automotor	2500
automóvel	2500
autónimo	2500
auto	2500
autonomamente	2500
autonomia	2500
autonomizar	2500
autónomo	2500
autopiano	2500
autoplastia	2500
autópsia	2500
autopsiar	2500
autopsicografia	2500
autóptico	2500
autorrádio	2500
autorretrato	2500
autoria	2500
autoridade	2500
autoritário	2500
autoritarismo	2500
autorizador	2500
autorizar	2500
autor	2500
autoscopia	2500
autoscópio	2500
autossuficiência	2500
autossugestão	2500
autossugestionar	2500
autotanque	2500
autotrófico	2500
autoviação	2500
autuar	2500
auxiliador	2500
auxiliante	2500
auxiliar	2500
auxiliário	2500
auxílio	2500
avaladar	2500
avalancha	2500
avalanche	2500
avaliador	2500
avaliar	2500
avalista	2500
avalizador	2500
avalizar	2500
aval	2500
avançada	2500
avançado	2500
avançar	2500
avanço	2500
avantajar	2500
avantesma	2500
avante	2500
avaqueirado	2500
avarandado	2500
avarento	2500
avareza	2500
avariar	2500
avaro	2500
avassalador	2500
avassalante	2500
avassalar	2500
ave	2500
aveia	2500
aveirense	2500
avelanado	2500
avelanal	2500
avelaneira	2500
avelã	2500
avelãzeira	2500
aveleiral	2500
aveleira	2500
avelhacar	2500
avelhar	2500
avelhentar	2500
aveludar	2500
ave-maria	2500
avenca	2500
avençal	2500
avença	2500
avençar	2500
avé	2500
avenida	2500
avental	2500
aventar	2500
aventura	2500
aventurar	2500
aventureiro	2500
aventuroso	2500
averbar	2500
averiguador	2500
averiguar	2500
avermelhar	2500
averrugar	2500
aversão	2500
avessar	2500
avessas	2500
avessia	2500
avessidade	2500
avesso	2500
avestruzeiro	2500
avestruz	2500
aviador	2500
avião	2500
aviário	2500
aviar	2500
avicida	2500
avicular	2500
aviculário	2500
avicultura	2500
avidamente	2500
avidez	2500
ávido	2500
avigorar	2500
avilanar	2500
aviltar	2500
avinagrar	2500
avincar	2500
avinhar	2500
aviolado	2500
avioletar	2500
avioneta	2500
avir	2500
avisador	2500
avisar	2500
aviso	2500
avistar	2500
avitaminose	2500
avivador	2500
avivar	2500
aviventar	2500
avizinhar	2500
avolumar	2500
avó	2500
avô	2500
avo	2500
à-vontade	2500
avós	2500
avozinha	2500
avulso	2500
avultações	2500
avultar	2500
avultoso	2500
axadrezado	2500
axial	2500
axiforme	2500
axila	2500
axilar	2500
axiologia	2500
axioma	2500
axiomática	2500
axiomático	2500
axoide	2500
azáfama	2500
azafamar	2500
azambujense	2500
azarado	2500
azarar	2500
azar	2500
azebrar	2500
azedar	2500
azedia	2500
azedo	2500
azedote	2500
azedume	2500
azeitada	2500
azeitar	2500
azeiteira	2500
azeiteiro	2500
azeite	2500
azeitona	2500
azeitonar	2500
azeitoneira	2500
azeitoneiro	2500
azenha	2500
azenheiro	2500
azerbaijanês	2500
azeviche	2500
azevinheiro	2500
azevinho	2500
azia	2500
ázimo	2500
azimutal	2500
azimute	2500
azinhaga	2500
azinhal	2500
azinha	2500
azinheiral	2500
azinheira	2500
azinheiro	2500
azinho	2500
azinhoso	2500
azo	2500
azotar	2500
azótico	2500
azoto	2500
azotoso	2500
azuláceo	2500
azular	2500
azul-celeste	2500
azuis-celestes	2500
azul-claro	2500
azuis-claros	2500
azul-escuro	2500
azuis-escuros	2500
azul-marinho	2500
azuis-marinhos	2500
azulejador	2500
azulejar	2500
azulejo	2500
azul	2500
babado	2500
babadouro	2500
babadura	2500
baba	2500
babão	2500
babar	2500
babeiro	2500
babélico	2500
babel	2500
babilónia	2500
babilónico	2500
babilónio	2500
baboseira	2500
baboso	2500
babugento	2500
babuíno	2500
babujar	2500
bacalhau	2500
bacalhoada	2500
bacalhoeiro	2500
bacalhuço	2500
bacamartada	2500
bacamarte	2500
bacanal	2500
bacanalizar	2500
bacelada	2500
bacelar	2500
baceleiro	2500
bacelo	2500
bacento	2500
bacharelada	2500
bacharelado	2500
bacharelando	2500
bacharela	2500
bacharelar	2500
bacharelato	2500
bachareleiro	2500
bacharel	2500
bacharelomania	2500
bachicar	2500
baciado	2500
bacia	2500
bacífero	2500
baciforme	2500
bacilar	2500
baciliforme	2500
bacilizar	2500
bacilo	2500
bacilose	2500
baciloso	2500
baciloterapia	2500
bacinete	2500
bacio	2500
bacoco	2500
baço	2500
baconiano	2500
baconismo	2500
bacoquismo	2500
bacorada	2500
bácoro	2500
bacteriáceo	2500
bactéria	2500
bacteriano	2500
bactérica	2500
bactericida	2500
bactérico	2500
bacteriologia	2500
bacterioscopia	2500
bacteriose	2500
baculífero	2500
baculiforme	2500
baculino	2500
báculo	2500
badalada	2500
badala	2500
badalão	2500
badalar	2500
badaleira	2500
badaleiro	2500
badalejar	2500
badalhoca	2500
badalo	2500
badameco	2500
badanal	2500
badana	2500
badanar	2500
baeta	2500
bafar	2500
bafejante	2500
bafejar	2500
bafejo	2500
bafiento	2500
bafio	2500
bafo	2500
baforada	2500
baforar	2500
bagaçal	2500
bagaceira	2500
bagaceiro	2500
bagaço	2500
bagada	2500
bagageira	2500
bagageiro	2500
bagagem	2500
bagagista	2500
bagalhão	2500
bagalho	2500
baga	2500
bagar	2500
bagateiro	2500
bagatela	2500
bagoado	2500
bago	2500
bagudo	2500
baguete	2500
bagulho	2500
baía	2500
baiano	2500
bailadeira	2500
bailadoiro	2500
bailado	2500
bailador	2500
bailadouro	2500
baila	2500
bailante	2500
bailarico	2500
bailarina	2500
bailarino	2500
bailariqueiro	2500
bailar	2500
baile	2500
bailete	2500
bailio	2500
bailomania	2500
bainha	2500
bainharia	2500
bainhar	2500
bainheiro	2500
baionetada	2500
baioneta	2500
bairro	2500
baixa-mar	2500
baixa	2500
baixar	2500
baixela	2500
baixel	2500
baixeza	2500
baixia	2500
baixinho	2500
baixio	2500
baixista	2500
baixo-relevo	2500
baixos-relevos	2500
baixote	2500
bajulador	2500
bajular	2500
bajulatório	2500
bajulice	2500
balaço	2500
balada	2500
baladeiro	2500
balalaica	2500
balança	2500
balançar	2500
balancear	2500
balanceiro	2500
balancé	2500
balancete	2500
balanço	2500
bala	2500
balão	2500
balaústre	2500
balázio	2500
balbuciadela	2500
balbuciante	2500
balbuciar	2500
balbuciente	2500
balbucio	2500
balbúrdia	2500
balburdiar	2500
balcânico	2500
balcão	2500
baldada	2500
balda	2500
baldar	2500
baldear	2500
balde	2500
baldio	2500
baldo	2500
baldroca	2500
baldrocar	2500
balé	2500
balear	2500
baleeira	2500
baleeiro	2500
balela	2500
baleote	2500
balir	2500
balista	2500
balística	2500
balístico	2500
balizador	2500
balizagem	2500
baliza	2500
balizar	2500
balnear	2500
balneário	2500
balneatório	2500
balneoterapia	2500
balofo	2500
baloiçar	2500
baloiço	2500
balote	2500
balouçar	2500
balouço	2500
balouçoso	2500
balsamar	2500
balsâmico	2500
balsamífero	2500
balsamizar	2500
bálsamo	2500
balsa	2500
báltico	2500
baluarte	2500
balúrdio	2500
bambaleadura	2500
bambaleante	2500
bambalear	2500
bambaleio	2500
bambino	2500
bambo	2500
bambolim	2500
bambolina	2500
bambual	2500
bambueira	2500
bambu	2500
bambuzal	2500
banal	2500
banalidade	2500
banalizar	2500
bananal	2500
banana	2500
bananeiral	2500
bananeira	2500
bananeiro	2500
bananista	2500
bananívoro	2500
bancada	2500
banca	2500
bancaria	2500
bancário	2500
bancarrota	2500
bancocracia	2500
bandalheira	2500
bandalho	2500
banda	2500
bandarilha	2500
bandarilhar	2500
bandarilheiro	2500
bandear	2500
bandeirada	2500
bandeiral	2500
bandeira	2500
bandeirante	2500
bandeirar	2500
bandeirinha	2500
bandeirismo	2500
bandeiro	2500
bandeirola	2500
bandeja	2500
bandido	2500
banditismo	2500
bandolear	2500
bandoleirismo	2500
bandoleiro	2500
bandolim	2500
bandolinada	2500
bandolinista	2500
bando	2500
bangaló	2500
banha	2500
banhar	2500
banheira	2500
banheiro	2500
banhista	2500
banho-maria	2500
banho	2500
banir	2500
banjo	2500
banqueiro	2500
banquetear	2500
banquete	2500
banto	2500
bantologia	2500
bantustão	2500
banzar	2500
banzeiro	2500
banzé	2500
batismal	2500
batismo	2500
batista	2500
batizado	2500
batizando	2500
batizante	2500
batizar	2500
batizo	2500
baquear	2500
baque	2500
baqueta	2500
barafunda	2500
barafusta	2500
barafustar	2500
baralhada	2500
baralhador	2500
baralha	2500
baralhar	2500
baralho	2500
barão	2500
barata	2500
baratear	2500
barateio	2500
barateiro	2500
barateza	2500
baraticida	2500
barato	2500
barba-azul	2500
barbaçudo	2500
barbada	2500
barbado	2500
barba	2500
barbante	2500
barbaramente	2500
barbaresco	2500
barbaria	2500
barbarice	2500
barbaridade	2500
barbárie	2500
barbarismo	2500
barbarizar	2500
bárbaro	2500
barbar	2500
barbatana	2500
barbearia	2500
barbear	2500
barbeirice	2500
barbeiro	2500
barbela	2500
barbica	2500
barbicha	2500
barbitúrico	2500
barbiturismo	2500
barbo	2500
barbudo	2500
barcaça	2500
barca	2500
barcarola	2500
barceiro	2500
barcelense	2500
barcelonês	2500
barco	2500
bárdico	2500
bardo	2500
bária	2500
barião	2500
baricentro	2500
bárico	2500
bário	2500
barítono	2500
barlaventear	2500
barlaventejar	2500
barlavento	2500
bar	2500
barógrafo	2500
barograma	2500
barometria	2500
barómetro	2500
baronesa	2500
baronete	2500
baronial	2500
baronia	2500
baronizar	2500
baroscópio	2500
barostática	2500
baróstato	2500
barotrópico	2500
barqueiro	2500
barqueta	2500
barraca	2500
barracão	2500
barracento	2500
barraco	2500
barracório	2500
barradela	2500
barrado	2500
barragem	2500
barranco	2500
barrancoso	2500
barra	2500
barraquim	2500
barrar	2500
barreiral	2500
barreira	2500
barreirar	2500
barreirense	2500
barrento	2500
barretada	2500
barreta	2500
barreteiro	2500
barrete	2500
barricada	2500
barrica	2500
barricar	2500
barrigada	2500
barrigal	2500
barrigana	2500
barriga	2500
barrigudo	2500
barrilada	2500
barrileira	2500
barril	2500
barroco	2500
barro	2500
barrosão	2500
barrosinho	2500
barrote	2500
barulhada	2500
barulhar	2500
barulheira	2500
barulheiro	2500
barulhento	2500
barulho	2500
basal	2500
basáltico	2500
basaltiforme	2500
basalto	2500
basbacaria	2500
basbaqueira	2500
basbaque	2500
basco	2500
báscula	2500
basculante	2500
basear	2500
basebol	2500
base	2500
basial	2500
basicidade	2500
básico	2500
basificar	2500
basilar	2500
basilical	2500
basílica	2500
basquetebolista	2500
basquetebol	2500
basta	2500
bastão	2500
bastardia	2500
bastardo	2500
bastar	2500
bastião	2500
bastidor	2500
bastilha	2500
basto	2500
bastonada	2500
bastonário	2500
bastonete	2500
batalhador	2500
batalha	2500
batalhante	2500
batalhão	2500
batalhar	2500
bata	2500
batatada	2500
batata-doce	2500
batatal	2500
batata	2500
batateiral	2500
batateira	2500
batateiro	2500
batatudo	2500
bate-chapa	2500
batedeira	2500
batedela	2500
batedoiro	2500
batedor	2500
batedouro	2500
bategada	2500
bátega	2500
batela	2500
batelada	2500
batelão	2500
bate-latas	2500
batel	2500
batente	2500
bate-papo	2500
bate-que-bate	2500
bateria	2500
baterista	2500
bater	2500
bate-sola	2500
batida	2500
batom	2500
batina	2500
batoque	2500
batota	2500
batotar	2500
batotear	2500
batoteiro	2500
batotice	2500
batracoide	2500
batráquio	2500
batráquios	2500
batucada	2500
batucar	2500
batuque	2500
batuta	2500
baunilha	2500
baú	2500
bávaro	2500
bazar	2500
bazófia	2500
bazofiar	2500
bazófio	2500
bê-á-bá	2500
beata	2500
beataria	2500
beateiro	2500
beatério	2500
beático	2500
beatificante	2500
beatificar	2500
beatificatório	2500
beatífico	2500
beatitude	2500
beato	2500
beatorro	2500
bêbado	2500
bebedeira	2500
bebedice	2500
bêbedo	2500
bebedoiro	2500
bebedolas	2500
bebedor	2500
bebedouro	2500
bebedura	2500
bebé	2500
beberagem	2500
beberar	2500
beberete	2500
bebericar	2500
beberrão	2500
beberricar	2500
beber	2500
bebes	2500
bebestíveis	2500
bebida	2500
beco	2500
bedelhar	2500
bedelheiro	2500
bedelho	2500
beduíno	2500
bege	2500
begónia	2500
behaviourismo	2500
beiçada	2500
beiçana	2500
beiça	2500
beicinho	2500
beiçola	2500
beiço	2500
beiçudo	2500
beijadela	2500
beija-flor	2500
beija-mão	2500
beija-pé	2500
beijar	2500
beijocada	2500
beijocadela	2500
beijoca	2500
beijocar	2500
beijo	2500
beijoqueiro	2500
beirada	2500
beirado	2500
beiral	2500
beira-mar	2500
beira	2500
beirão	2500
beirar	2500
beirense	2500
beirinha	2500
bejense	2500
belas-artes	2500
beldade	2500
belenense	2500
beleza	2500
belfo	2500
belga	2500
beliche	2500
belicismo	2500
belicista	2500
bélico	2500
belicosidade	2500
belicoso	2500
beligerância	2500
beligerante	2500
beliscadura	2500
beliscão	2500
beliscar	2500
belisco	2500
belo	2500
bel-prazer	2500
beltrano	2500
beluca	2500
beluga	2500
belzebútico	2500
bem-aventurança	2500
bem-aventurar	2500
bem-ditoso	2500
bem-disposto	2500
bem-dizer	2500
bem-estar	2500
bem-educado	2500
bem-falante	2500
bem-fazer	2500
bem-me-quer	2500
bem-merecer	2500
bemolar	2500
bemol	2500
bemolizar	2500
bem-parecido	2500
bem-posto	2500
bem-querente	2500
bem-querer	2500
bem-soante	2500
bem-vindo	2500
bem-visto	2500
bênção	2500
bendito	2500
bendizer	2500
beneditino	2500
beneditismo	2500
beneficamente	2500
beneficência	2500
beneficente	2500
beneficiação	2500
beneficiado	2500
beneficiador	2500
beneficial	2500
beneficiário	2500
beneficiar	2500
benefício	2500
benéfico	2500
benemerência	2500
benemerente	2500
benemérito	2500
beneplácito	2500
benesse	2500
benevolência	2500
benevolente	2500
benévolo	2500
benfeitor	2500
benfeitoria	2500
benfeitorizar	2500
benfiquista	2500
bengalada	2500
bengala	2500
bengalão	2500
bengaleira	2500
bengaleiro	2500
bengalês	2500
bengali	2500
benguelense	2500
benignidade	2500
benigno	2500
benjamim	2500
bê	2500
benquerença	2500
bento	2500
benzedeiro	2500
benzedela	2500
benzedura	2500
benzeno	2500
benzer	2500
benzina	2500
benzoico	2500
benzol	2500
bequadro	2500
bera	2500
berbequim	2500
berbere	2500
berbérico	2500
berbicacho	2500
berbigão	2500
berbigoeira	2500
berçário	2500
berço	2500
beribérico	2500
beribéri	2500
berílio	2500
berimbau	2500
beringela	2500
berlinda	2500
berlinde	2500
berlinense	2500
berloque	2500
berma	2500
bermudas	2500
bernardo	2500
bernense	2500
bernês	2500
berrador	2500
berra	2500
berrante	2500
berrão	2500
berrar	2500
berregar	2500
berreiro	2500
berro	2500
besante	2500
besoirar	2500
besoiro	2500
besourar	2500
besouro	2500
besta	2500
besta-quadrada	2500
bestaria	2500
bestearia	2500
besteira	2500
besteiro	2500
bestial	2500
bestialidade	2500
bestializar	2500
bestiário	2500
bestidade	2500
bestificante	2500
bestificar	2500
bestiola	2500
besugo	2500
besuntadela	2500
besuntão	2500
besuntar	2500
beta	2500
beterrabal	2500
beterraba	2500
betonagem	2500
betonar	2500
betoneira	2500
betumadeira	2500
betumar	2500
betume	2500
betuminoso	2500
bexiga	2500
bexigar	2500
bexigoso	2500
bexigueiro	2500
bexiguento	2500
bezerrada	2500
bezerro	2500
biangular	2500
bianual	2500
biarticulado	2500
biatómico	2500
bibe	2500
biberão	2500
biblíaco	2500
bíblia	2500
biblicismo	2500
bíblico	2500
biblioclepta	2500
bibliofilia	2500
bibliofobia	2500
bibliografar	2500
bibliografia	2500
bibliologia	2500
bibliomania	2500
biblioteca	2500
bibliotecário	2500
biblioteconomia	2500
biblista	2500
biblística	2500
bicada	2500
bical	2500
bicanço	2500
bica	2500
bicapsular	2500
bicarbonato	2500
bicar	2500
bicéfalo	2500
bicelular	2500
bicentenário	2500
bicha-cadela	2500
bichanada	2500
bichanar	2500
bichaneiro	2500
bicha	2500
bichano	2500
bicharada	2500
bicharia	2500
bicharoco	2500
bicharrão	2500
bichar	2500
bicha-solitária	2500
bicheira	2500
bicheiro	2500
bichento	2500
bichoca	2500
bicho-careta	2500
bicho-carpinteiro	2500
bichoco	2500
bicho-dada	2500
bicho-da-seda	2500
bichos-da-seda	2500
bicho-de-conta	2500
bicho-papão	2500
bicho	2500
bichoso	2500
bichouro	2500
bicicleta	2500
bicipital	2500
bicípite	2500
bicolor	2500
bicôncavo	2500
bico	2500
biconvexo	2500
bicorne	2500
bicórneo	2500
bicromia	2500
bicudo	2500
bidão	2500
bidé	2500
bidentado	2500
bidimensional	2500
bidirecional	2500
biela	2500
bielorrusso	2500
bienal	2500
biénio	2500
bifacial	2500
bifana	2500
bifeira	2500
bifendido	2500
bife	2500
bífido	2500
bifocal	2500
biforme	2500
bifronte	2500
bifurcar	2500
bigamia	2500
bigamizar	2500
bígamo	2500
biglandular	2500
biglanduloso	2500
bigle	2500
biglobular	2500
bignónia	2500
bigodaça	2500
bigodado	2500
bigodear	2500
bigodeira	2500
bigode	2500
bigorna	2500
bigrama	2500
bijectiva	2500
bijetiva	2500
bijutaria	2500
bijuteria	2500
bilabiado	2500
bilabial	2500
bilaminado	2500
bilateral	2500
bilénio	2500
bilha	2500
bilhão	2500
bilhardar	2500
bilhardeiro	2500
bilharista	2500
bilhar	2500
bilheteira	2500
bilheteiro	2500
bilhete	2500
bilhete-postal	2500
bilião	2500
biliar	2500
biliário	2500
bilingue	2500
bilinguismo	2500
bilionário	2500
bilioso	2500
bilirrubina	2500
bílis	2500
bilocular	2500
bilro	2500
biltre	2500
bimarginado	2500
bimba	2500
bimembre	2500
bimensal	2500
bimestral	2500
bimestre	2500
bimotor	2500
binário	2500
binascido	2500
bingo	2500
binocular	2500
binoculizar	2500
binóculo	2500
binomial	2500
binómio	2500
binuclear	2500
biocombustível	2500
biodinâmica	2500
biodiversidade	2500
bioeletricidade	2500
bioenergética	2500
bioengenharia	2500
biofísica	2500
biogénese	2500
biogenésico	2500
biogenia	2500
biogeografia	2500
biografar	2500
biografia	2500
biografista	2500
biologia	2500
biológico	2500
biologismo	2500
biologista	2500
bioluminescência	2500
biomagnetismo	2500
biomassa	2500
biombo	2500
biomecânica	2500
biomédico	2500
biometria	2500
biomolécula	2500
biónico	2500
biopsia	2500
bioquímica	2500
bioquímico	2500
biosfera	2500
biossíntese	2500
biotecnologia	2500
biótico	2500
biotipologia	2500
biótipo	2500
biótopo	2500
bióxido	2500
bíparo	2500
bipartir	2500
bipatente	2500
bípede	2500
biperfurado	2500
biplano	2500
bipolar	2500
bipolarizar	2500
biprisma	2500
biquadrado	2500
biqueirada	2500
biqueira	2500
biquíni	2500
biquotidiano	2500
birmã	2500
birmane	2500
birmanês	2500
birra	2500
birrar	2500
birrefração	2500
birrento	2500
bisão	2500
bisar	2500
bisavó	2500
bisavô	2500
bisavós	2500
bisbilhotar	2500
bisbilhoteiro	2500
bisbilhotice	2500
biscainho	2500
bisca	2500
biscar	2500
biscatear	2500
biscateiro	2500
biscate	2500
biscato	2500
biscoitada	2500
biscoitaria	2500
biscoitar	2500
biscoiteiro	2500
biscoito	2500
biscoutada	2500
biscoutaria	2500
biscoutar	2500
biscouteira	2500
biscouteiro	2500
biscouto	2500
bis	2500
bismutado	2500
bismútico	2500
bismuto	2500
bisnaga	2500
bisnagar	2500
bisneto	2500
bisonho	2500
bisonte	2500
bispado	2500
bispal	2500
bispável	2500
bispo	2500
bissecção	2500
bissetar	2500
bissetor	2500
bissetriz	2500
bissecular	2500
bissemanal	2500
bissemanário	2500
bisseriado	2500
bissexto	2500
bissexuado	2500
bissexual	2500
bissexualidade	2500
bissílabo	2500
bisturi	2500
bitaite	2500
bitola	2500
bitolar	2500
bitonalidade	2500
biunivocamente	2500
biunívoco	2500
bivalência	2500
bivalente	2500
bivalve	2500
bivaque	2500
bizantinismo	2500
bizantino	2500
bizarraço	2500
bizarria	2500
bizarro	2500
blasfemador	2500
blasfemar	2500
blasfematório	2500
blasfémia	2500
blasfemo	2500
blindado	2500
blindagem	2500
blindar	2500
bloco	2500
blogue	2500
bloqueador	2500
bloqueante	2500
bloquear	2500
bloqueio	2500
blusa	2500
blusão	2500
boa-fé	2500
boa-noite	2500
boa-nova	2500
boas-entradas	2500
boas-festas	2500
boas-noites	2500
boas-tardes	2500
boas-vindas	2500
boataria	2500
boatar	2500
boateiro	2500
boato	2500
boavisteiro	2500
boazinha	2500
bobagem	2500
bobalhão	2500
bobear	2500
bobinagem	2500
bobina	2500
bobinar	2500
bobo	2500
boca-aberta	2500
bocaça	2500
boca-doce	2500
bocado	2500
boçal	2500
boçalidade	2500
bocal	2500
boca	2500
bocarra	2500
bocejar	2500
bocejo	2500
boceta	2500
bochechada	2500
bochecha	2500
bochechão	2500
bochechar	2500
bochecho	2500
bochechudo	2500
boche	2500
bócio	2500
bocudo	2500
boda	2500
bodegada	2500
bodega	2500
bodegão	2500
bodegueiro	2500
bode	2500
boémia	2500
boémio	2500
bóer	2500
bofetada	2500
bofetão	2500
bofetear	2500
bofete	2500
bofes	2500
bófia	2500
boga	2500
boiada	2500
boia	2500
boiante	2500
boião	2500
boiardo	2500
boiar	2500
boicotagem	2500
boicotar	2500
boicotear	2500
boieira	2500
boieiro	2500
boi-marinho	2500
boina	2500
boi	2500
bojador	2500
bojadura	2500
bojança	2500
bojante	2500
bojarda	2500
bojar	2500
bojo	2500
bojudo	2500
bolachada	2500
bolacha	2500
bolacheirona	2500
bolacheiro	2500
bolachudo	2500
bolada	2500
bola	2500
bolar	2500
bolbo	2500
bolboso	2500
bolchevique	2500
bolchevismo	2500
bolchevista	2500
bolchevizante	2500
bolchevizar	2500
boleia	2500
boleiro	2500
bolero	2500
boletim	2500
boletineiro	2500
bolha	2500
bolhante	2500
bolhão	2500
bolhar	2500
bolhento	2500
bolhoso	2500
bólide	2500
bolina	2500
bolinar	2500
bolineiro	2500
boliviano	2500
bolonhês	2500
bolo	2500
bolorecer	2500
bolo-rei	2500
bolorência	2500
bolorento	2500
bolor	2500
bolotada	2500
bolota	2500
bolsada	2500
bolsa	2500
bolsão	2500
bolsar	2500
bolseiro	2500
bolso	2500
bombacho	2500
bombada	2500
bombagem	2500
bomba	2500
bombarato	2500
bombardear	2500
bombardeio	2500
bombardeira	2500
bombardeiro	2500
bombástico	2500
bombazine	2500
bombazina	2500
bombear	2500
bombeiro	2500
bombom	2500
bombo	2500
bombordo	2500
bom-senso	2500
bom-tom	2500
bonacheirão	2500
bonacheirice	2500
bonança	2500
bonançoso	2500
bondade	2500
bonde	2500
bondoso	2500
bonecada	2500
boneca	2500
boneco	2500
boné	2500
bonequeiro	2500
bonificar	2500
boníssimo	2500
bonitão	2500
boniteza	2500
bonito	2500
bonitote	2500
bonomia	2500
bons-dias	2500
bónus	2500
booleano	2500
boqueira	2500
boqueirão	2500
boquiaberto	2500
boquilha	2500
borato	2500
borboleta	2500
borboletear	2500
borborejar	2500
borbotar	2500
borboto	2500
borbulhaço	2500
borbulhagem	2500
borbulha	2500
borbulhante	2500
borbulhão	2500
borbulhar	2500
borbulhento	2500
borbulhoso	2500
bordadeira	2500
bordado	2500
bordador	2500
bordadura	2500
bordalense	2500
bordalês	2500
borda	2500
bordão	2500
bordar	2500
bordejar	2500
bordeleiro	2500
bordel	2500
bordéus	2500
bordoeira	2500
bordo	2500
boreal	2500
borgonha	2500
borgonhês	2500
borguista	2500
bórico	2500
borlado	2500
borla	2500
boroa	2500
boro	2500
borra-botas	2500
borracha	2500
borrachão	2500
borracheira	2500
borracho	2500
borrachudo	2500
borrada	2500
borradela	2500
borrador	2500
borradura	2500
borralheiro	2500
borralhento	2500
borralho	2500
borra	2500
borrão	2500
borrar	2500
borrasca	2500
borrascoso	2500
borrasqueiro	2500
borratada	2500
borratão	2500
borratar	2500
borregada	2500
borregar	2500
borrego	2500
borregueiro	2500
borrento	2500
borrifadela	2500
borrifador	2500
borrifar	2500
borrifo	2500
bosão	2500
bósnio	2500
bosque	2500
bosquímano	2500
bossa	2500
bostal	2500
bosta	2500
bostar	2500
bosteira	2500
bosteiro	2500
bota-fora	2500
bota	2500
botânica	2500
botânico	2500
botão	2500
botar	2500
botelharia	2500
botelheiro	2500
bote	2500
botequim	2500
botequineiro	2500
botica	2500
boticária	2500
boticário	2500
botija	2500
botim	2500
botina	2500
botoaria	2500
botoeira	2500
botoeiro	2500
botoneira	2500
bouça	2500
bouçar	2500
bovídeo	2500
bovino	2500
boxeador	2500
boxe	2500
braçada	2500
braçadeira	2500
braçado	2500
braçadura	2500
braçal	2500
bracamarte	2500
braça	2500
bracarense	2500
brácaro	2500
bracear	2500
braceiro	2500
bracejar	2500
bracejo	2500
braceleira	2500
bracelete	2500
braço	2500
bráctea	2500
braçudo	2500
bradados	2500
bradar	2500
bradejar	2500
bradicardia	2500
brado	2500
bragançano	2500
braganção	2500
bragancês	2500
braguês	2500
braguilha	2500
braile	2500
brâmane	2500
brama	2500
bramânico	2500
bramanismo	2500
bramar	2500
bramido	2500
bramir	2500
bramismo	2500
brancacento	2500
brancal	2500
branca	2500
branco	2500
brancor	2500
brancura	2500
brande	2500
brandir	2500
brando	2500
brandura	2500
branqueador	2500
branqueadura	2500
branquear	2500
branqueio	2500
branquejante	2500
branquejar	2500
branquiado	2500
branquial	2500
brânquia	2500
branquidão	2500
braquial	2500
braquicéfalo	2500
braquiossauro	2500
brasa	2500
brasão	2500
braseira	2500
braseiro	2500
brasileirada	2500
brasileirismo	2500
brasileiro	2500
brasileirote	2500
brasiliense	2500
brasiliófilo	2500
brasiliofobia	2500
brasonar	2500
brasuca	2500
bravata	2500
braveza	2500
bravio	2500
bravo-de-esmolfo	2500
bravo-de-mel	2500
bravo	2500
bravura	2500
brear	2500
brecada	2500
breca	2500
brecar	2500
brecha	2500
brejeirada	2500
brejeirar	2500
brejeiro	2500
brejeirote	2500
brejo	2500
brejoso	2500
breque	2500
bretão	2500
breu	2500
brevetar	2500
breviário	2500
bricolage	2500
brigada	2500
brigadeiro	2500
briga	2500
brigantino	2500
brigão	2500
brigar	2500
brigoso	2500
brigue	2500
briguento	2500
brilhante	2500
brilhantina	2500
brilhar	2500
brilharete	2500
brilho	2500
brincadeira	2500
brincalhão	2500
brinca	2500
brincão	2500
brincar	2500
brinco	2500
brincos-de-princesa	2500
brincos-de-viúva	2500
brindar	2500
brinde	2500
brinquedo	2500
briol	2500
brio	2500
brioso	2500
brisa	2500
britadeira	2500
britador	2500
brita	2500
britânico	2500
britanismo	2500
britar	2500
broa	2500
brocado	2500
broca	2500
brocar	2500
brocha	2500
brochar	2500
broche	2500
brochura	2500
brócolos	2500
bromar	2500
bromato	2500
brometo	2500
brómico	2500
bromídrico	2500
bromofórmio	2500
bromo	2500
bronca	2500
bronco	2500
broncopneumonia	2500
broncoscopia	2500
broncoscópio	2500
broncotomia	2500
bronquial	2500
bronquice	2500
bronquíolo	2500
brônquio	2500
bronquite	2500
brontossauro	2500
bronzeador	2500
bronzear	2500
bronze	2500
brônzeo	2500
brotar	2500
broto	2500
brucelose	2500
bruços	2500
brumaceiro	2500
brumal	2500
bruma	2500
brumoso	2500
brunir	2500
brusco	2500
brusquidão	2500
brutal	2500
brutalhada	2500
brutalidade	2500
brutalizar	2500
brutamontes	2500
bruteza	2500
brutidade	2500
brutidão	2500
bruto	2500
bruxaria	2500
bruxar	2500
bruxedo	2500
bruxo	2500
bucal	2500
buçal	2500
bucelar	2500
bucha	2500
bucho	2500
bucólica	2500
bucólico	2500
bucolismo	2500
buço	2500
búdico	2500
budismo	2500
budista	2500
bué	2500
bueiro	2500
búfalo	2500
bufão	2500
bufar	2500
bufete	2500
bufido	2500
bufo	2500
bugalha	2500
bugalho	2500
bugalhudo	2500
bugiaria	2500
bugiar	2500
bugiganga	2500
bugigangaria	2500
bujarda	2500
bujarrona	2500
bula	2500
bular	2500
bulbiforme	2500
bulbilho	2500
bulbo	2500
bulboso	2500
buldogue	2500
bule	2500
búlgaro	2500
bulha	2500
bulhão	2500
bulhar	2500
bulhento	2500
bulício	2500
buliçoso	2500
bulidela	2500
bulir	2500
bumba	2500
bumbum	2500
bum	2500
buraca	2500
buracão	2500
buracar	2500
buraco	2500
burburinhar	2500
burburinho	2500
burel	2500
burgomestre	2500
burgo	2500
burguês	2500
burguesia	2500
burguesismo	2500
buril	2500
burlador	2500
burla	2500
burlão	2500
burlar	2500
burlesco	2500
burloso	2500
burocracia	2500
burocracismo	2500
burocrático	2500
burocratismo	2500
burocratizar	2500
burrada	2500
burra	2500
burrão	2500
burreco	2500
burricada	2500
burrical	2500
burrico	2500
burrificar	2500
burriqueiro	2500
burro	2500
buscador	2500
busca	2500
buscante	2500
busca-polos	2500
buscar	2500
busílis	2500
bus	2500
bússola	2500
busto	2500
butano	2500
butique	2500
buxo	2500
buzinadela	2500
buzina	2500
buzinar	2500
búzio	2500
cabaçada	2500
cabaçal	2500
cabaceira	2500
cabaceiro	2500
cabacinha	2500
cabaço	2500
cabala	2500
cabal	2500
cabalar	2500
cabaleta	2500
cabalístico	2500
cabana	2500
cabaré	2500
cabazada	2500
cabazeiro	2500
cabaz	2500
cabeçada	2500
cabeçalho	2500
cabeça	2500
cabecear	2500
cabeceio	2500
cabeceira	2500
cabeceirense	2500
cabeceiro	2500
cabecilha	2500
cabecinha	2500
cabeço	2500
cabeçorra	2500
cabeçorro	2500
cabeçote	2500
cabeçudo	2500
cabedal	2500
cabeleira	2500
cabeleireiro	2500
cabeleiro	2500
cabelo	2500
cabeludo	2500
caber	2500
cabidela	2500
cabide	2500
cabido	2500
cabina	2500
cabinda	2500
cabine	2500
cabisbaixo	2500
cablagem	2500
cabo	2500
cabotagem	2500
cabotinagem	2500
cabotinismo	2500
cabotino	2500
cabo-verde	2500
cabo-verdiano	2500
cabra-cega	2500
cabrada	2500
cabra	2500
cabrão	2500
cabreira	2500
cabreiro	2500
cabresto	2500
cabril	2500
cabrinha	2500
cabriola	2500
cabriolar	2500
cabriolice	2500
cabritada	2500
cabrita	2500
cabritar	2500
cabriteiro	2500
cabrito	2500
cabrito-montês	2500
cábula	2500
cabular	2500
cabulice	2500
cacada	2500
caçada	2500
caçadeira	2500
caçador	2500
caça-minas	2500
caça-moscas	2500
caca	2500
caça	2500
caçante	2500
cação	2500
cacaracá	2500
cacarecos	2500
cacarejar	2500
cacarejo	2500
cacaria	2500
caçarola	2500
caçar	2500
cacatua	2500
cacaual	2500
cacaueiro	2500
cacau	2500
cacauzeiral	2500
cacauzeiro	2500
cacetada	2500
cacetear	2500
cacete	2500
caceteiro	2500
cachaça	2500
cachaceira	2500
cachaceiro	2500
cachaço	2500
cachaçudo	2500
cachalote	2500
cachão	2500
cachear	2500
cachecol	2500
cacheirada	2500
cacheira	2500
cacheiro	2500
cachê	2500
caché	2500
cachimbada	2500
cachimbador	2500
cachimbar	2500
cachimbo	2500
cachoante	2500
cachoeira	2500
cachoeirar	2500
cacholada	2500
cachola	2500
cacho	2500
cachopada	2500
cachopo	2500
cachorrada	2500
cachorra	2500
cachorro	2500
cachorro-quente	2500
cachuchar	2500
cachudo	2500
cacical	2500
cacicar	2500
cacifeiro	2500
cacifo	2500
cacifre	2500
cacifro	2500
cacilheiro	2500
cacique	2500
caciquismo	2500
caçoada	2500
caçoaria	2500
caçoar	2500
cacofonia	2500
caco	2500
cactiforme	2500
cactoide	2500
cato	2500
cadafalso	2500
cadastral	2500
cadastrar	2500
cadastro	2500
cadavérico	2500
cadáver	2500
cadeado	2500
cadeia	2500
cadeirado	2500
cadeiral	2500
cadeira	2500
cadeirão	2500
cadeireiro	2500
cadela	2500
cadelona	2500
cadência	2500
cadenciar	2500
cadencioso	2500
cadente	2500
cadernaço	2500
cadernal	2500
caderneta	2500
caderno	2500
cadete	2500
cadilho	2500
cadinho	2500
cádmio	2500
caducante	2500
caducário	2500
caducar	2500
caduceu	2500
caducidade	2500
caduco	2500
cafajeste	2500
cafeal	2500
cafeeiral	2500
cafeeiro	2500
cafeicultura	2500
cafeína	2500
cafeísmo	2500
café	2500
cafetaria	2500
cafeteira	2500
cafeteiro	2500
cafezada	2500
cafezal	2500
cafezeiral	2500
cafezeiro	2500
cafezito	2500
cáfila	2500
cagaçal	2500
cágado	2500
caganita	2500
cagarola	2500
cagar	2500
caiadela	2500
caiador	2500
caiadura	2500
caiaque	2500
caiar	2500
cãibra	2500
caída	2500
caieiro	2500
caimão	2500
caio	2500
caipirada	2500
caipira	2500
caiporismo	2500
caiqueiro	2500
caíque	2500
cair	2500
cais	2500
caixa	2500
caixão	2500
caixaria	2500
caixeirada	2500
caixeiral	2500
caixeiro	2500
caixeta	2500
caixilhame	2500
caixilharia	2500
caixilho	2500
caixinha	2500
caixotão	2500
caixotaria	2500
caixoteiro	2500
caixote	2500
cajadada	2500
cajado	2500
caju	2500
cajuada	2500
cajueiral	2500
cajueiro	2500
calaboiço	2500
calabouço	2500
calada	2500
calado	2500
calador	2500
calafate	2500
calafetagem	2500
calafetar	2500
calafeto	2500
calafrio	2500
calamidade	2500
calamitoso	2500
cala	2500
calão	2500
calar	2500
calcada	2500
calçada	2500
calcadeira	2500
calçadeira	2500
calcadela	2500
calçado	2500
calcadoiro	2500
calcadouro	2500
calcadura	2500
calçadura	2500
calcagem	2500
calça	2500
calcanhar	2500
calcanheira	2500
calção	2500
calcário	2500
calcar	2500
calçar	2500
calças	2500
calceiro	2500
calcetaria	2500
calcetar	2500
calceteiro	2500
cálcico	2500
calcificar	2500
calcinante	2500
calcinar	2500
calcinatório	2500
calcinhas	2500
cálcio	2500
calcite	2500
calcografar	2500
calcografia	2500
calço	2500
calcorreada	2500
calcorreador	2500
calcorreante	2500
calcorrear	2500
calçotas	2500
calçudo	2500
calculadora	2500
calculador	2500
calcular	2500
calculismo	2500
calculista	2500
calculoso	2500
caldaça	2500
calda	2500
caldar	2500
caldas	2500
caldear	2500
caldeirada	2500
caldeira	2500
caldeirão	2500
caldeiraria	2500
caldeirar	2500
caldeireiro	2500
caldeirinha	2500
caldeiro	2500
caldense	2500
caldeu	2500
caldo	2500
caldo-verde	2500
caledónio	2500
caleidoscópio	2500
caleidoscópico	2500
caleira	2500
calejar	2500
calendas	2500
calendário	2500
calendarizar	2500
cale	2500
calfe	2500
calhadoiro	2500
calhadouro	2500
calhamaçada	2500
calhamaço	2500
calhambeque	2500
calhanço	2500
calha	2500
calhar	2500
calhau	2500
calhe	2500
calhoada	2500
calhoar	2500
calhorda	2500
calibrador	2500
calibragem	2500
calibrar	2500
calibre	2500
cálice	2500
calicida	2500
caliciforme	2500
caliço	2500
calículo	2500
cálido	2500
calidoscópio	2500
califado	2500
califa	2500
californiano	2500
caliginar	2500
caliginoso	2500
caligrafar	2500
caligrafia	2500
calígrafo	2500
calinada	2500
calma	2500
calmante	2500
calmaria	2500
calmar	2500
calmeirão	2500
calmeiro	2500
calmo	2500
calmoso	2500
cal	2500
caloiro	2500
calo	2500
caloraça	2500
calorão	2500
calorento	2500
calorescência	2500
caloria	2500
caloricidade	2500
calórico	2500
calorífero	2500
calorificar	2500
calorífico	2500
calorímetro	2500
calor	2500
caloroso	2500
calosidade	2500
caloso	2500
calota	2500
calotear	2500
caloteiro	2500
calote	2500
caluda	2500
caluniador	2500
calúnia	2500
caluniar	2500
calunioso	2500
calvário	2500
calvar	2500
calvez	2500
calvície	2500
calvo	2500
camada	2500
camaleão	2500
cama	2500
camafeu	2500
câmara-ardente	2500
camaradagem	2500
camarada	2500
camaradão	2500
câmara	2500
camarão	2500
camarário	2500
camarata	2500
camareira	2500
camareiro	2500
camarilha	2500
camarim	2500
camaroeiro	2500
camaronês	2500
camaroteiro	2500
camarote	2500
camartelo	2500
cambada	2500
cambado	2500
cambaleante	2500
cambalear	2500
cambaleio	2500
cambalhota	2500
cambalhotar	2500
cambial	2500
cambiante	2500
cambiar	2500
câmbio	2500
cambismo	2500
cambista	2500
cambojano	2500
cambota	2500
cambras	2500
cambriano	2500
câmbrico	2500
cameleão	2500
cameleiro	2500
camélia	2500
cameliforme	2500
camelino	2500
camelo	2500
camião	2500
camiliana	2500
camiliano	2500
caminhada	2500
caminhante	2500
caminhão	2500
caminhar	2500
caminheiro	2500
caminhense	2500
caminheta	2500
camionagem	2500
camioneta	2500
camionete	2500
camionista	2500
camisa	2500
camisão	2500
camisaria	2500
camiseira	2500
camiseiro	2500
camiseta	2500
camisinha	2500
camisola	2500
camisolão	2500
camisoleiro	2500
camisote	2500
camoeca	2500
camomila	2500
camoniana	2500
camoniano	2500
campainhada	2500
campainha	2500
campainheiro	2500
campal	2500
campana	2500
campanário	2500
campa	2500
campanha	2500
campanólogo	2500
campanudo	2500
campanulado	2500
campânula	2500
campeão	2500
campeonato	2500
campesino	2500
campestre	2500
campina	2500
campino	2500
campomaiorense	2500
camponês	2500
campónio	2500
campo	2500
camuflagem	2500
camuflar	2500
camurça	2500
camurçar	2500
camurcina	2500
canada	2500
cana-de-açúcar	2500
canadense	2500
canadiana	2500
canadiano	2500
canalhada	2500
canalha	2500
canalhismo	2500
canalífero	2500
canaliforme	2500
canalizador	2500
canalizar	2500
canal	2500
cananeu	2500
cana	2500
canapé	2500
canarinho	2500
canário	2500
cana-sacarina	2500
canastrada	2500
canastrado	2500
canastra	2500
canastrão	2500
canastro	2500
canavês	2500
canavial	2500
canção	2500
cancelada	2500
canceladura	2500
cancela	2500
cancelar	2500
cancelo	2500
cancerar	2500
canceriforme	2500
cancerígeno	2500
cancerizar	2500
câncer	2500
canceroso	2500
cancioneiro	2500
cancionista	2500
cançoneta	2500
cancro	2500
candeeiro	2500
candeia	2500
candeio	2500
candelabro	2500
candelária	2500
candente	2500
candidamente	2500
candidatar	2500
candidato	2500
candidatura	2500
cândido	2500
candonga	2500
candongar	2500
candongueiro	2500
candor	2500
candura	2500
canecada	2500
caneca	2500
caneco	2500
caneiro	2500
canelada	2500
caneladura	2500
canela	2500
canelar	2500
caneleira	2500
caneleiro	2500
canelina	2500
caneta	2500
caneta-tinteiro	2500
cânfora	2500
canforar	2500
canforeira	2500
cangaceiro	2500
cangalhada	2500
cangalheiras	2500
cangalheiro	2500
cangalho	2500
canguru	2500
cânhamo	2500
canhão	2500
canheiro	2500
canhonaço	2500
canhonada	2500
canhonar	2500
canhonear	2500
canhoneira	2500
canhoneiro	2500
canhota	2500
canhoto	2500
canibalesco	2500
canibalizar	2500
canibal	2500
caniçada	2500
caniçado	2500
caniçalha	2500
caniçal	2500
caniça	2500
caniche	2500
caniço	2500
canícula	2500
canicultura	2500
canil	2500
canino	2500
canivetada	2500
caniveteiro	2500
canivete	2500
canja	2500
canoagem	2500
canoa	2500
canoeiro	2500
cânone	2500
canonical	2500
canonicidade	2500
canónico	2500
canónico-civil	2500
canonista	2500
canonizar	2500
cano	2500
canoro	2500
cansaço	2500
cansar	2500
cansativo	2500
canseira	2500
canseiroso	2500
cantábrico	2500
cantadeira	2500
cantadela	2500
cantadoira	2500
cantador	2500
cantadoura	2500
cantante	2500
cantão	2500
cântara	2500
cantarejar	2500
cantarejo	2500
cantarola	2500
cantarolar	2500
cântaro	2500
cantar	2500
cantata	2500
canteiro	2500
cântico	2500
cantiga	2500
cantilena	2500
cantil	2500
cantina	2500
cantonal	2500
cantoneira	2500
cantoneiro	2500
canto	2500
cantoria	2500
cantor	2500
canudo	2500
canzarrão	2500
canzeiro	2500
canzil	2500
canzoada	2500
canzoal	2500
cão	2500
caos	2500
caótico	2500
cão-tinhoso	2500
caotizar	2500
capacete	2500
capacheiro	2500
capacho	2500
capacidade	2500
capacitar	2500
capacitivo	2500
capada	2500
capadeira	2500
capado	2500
capador	2500
capadura	2500
capa	2500
capanga	2500
capão	2500
capar	2500
capataz	2500
capaz	2500
capear	2500
capelada	2500
capela-mor	2500
capela	2500
capelão	2500
capeleira	2500
capelista	2500
capelo	2500
capicua	2500
capiláceo	2500
capilar	2500
capilaridade	2500
capiliforme	2500
capilota	2500
capim	2500
capina	2500
capinar	2500
capinha	2500
capitação	2500
capitado	2500
capital	2500
capitalizar	2500
capitanear	2500
capitânia	2500
capitania	2500
capitão-general	2500
capitão-mor	2500
capitão	2500
capitão-tenente	2500
capitel	2500
capitoa	2500
capitólio	2500
capitulante	2500
capitular	2500
capítulo	2500
capoeira	2500
capoeiro	2500
capota	2500
capotar	2500
capotear	2500
capoteira	2500
capote	2500
capotilho	2500
caprichar	2500
capricho	2500
caprichoso	2500
capricórnio	2500
capríneos	2500
caprino	2500
cápsula	2500
capsular	2500
capsulífero	2500
captador	2500
captar	2500
captor	2500
capturador	2500
captura	2500
capturar	2500
capucha	2500
capuchar	2500
capuchinha	2500
capuchinho	2500
capucho	2500
capuz	2500
caquético	2500
caqueirada	2500
caqui	2500
carabinada	2500
carabina	2500
carabineiro	2500
caraça	2500
caracará	2500
caracolar	2500
caracol	2500
caracoleta	2500
caracteres	2500
carateres	2500
caracterial	2500
característica	2500
caraterística	2500
característico	2500
caraterístico	2500
caracterização	2500
caraterização	2500
caracterizante	2500
caraterizante	2500
caracterizar	2500
caraterizar	2500
carácter	2500
caráter	2500
caracterologia	2500
carago	2500
caraíba	2500
caramba	2500
carambola	2500
carambolar	2500
caramelizar	2500
caramelo	2500
cara-metade	2500
caramujo	2500
caramulano	2500
caramuleiro	2500
cara	2500
caranguejeiro	2500
caranguejola	2500
caranguejo	2500
carantonha	2500
carão	2500
caraoque	2500
carapaça	2500
carapau	2500
carapeta	2500
carapetão	2500
carapeteiro	2500
carapinha	2500
carapinho	2500
carapinhudo	2500
carapuça	2500
carapução	2500
carapuceiro	2500
carapuço	2500
caraté	2500
caravana	2500
caravela	2500
caraveleiro	2500
carboidrato	2500
carbonado	2500
carbonato	2500
carbóneo	2500
carboneto	2500
carbónico	2500
carbonífero	2500
carbonite	2500
carbonizar	2500
carbono	2500
carbonoso	2500
carboxílico	2500
carburador	2500
carburante	2500
carburar	2500
carcaça	2500
carcavelense	2500
carcerário	2500
carcereiro	2500
cárcere	2500
carcinoma	2500
cardápio	2500
cardar	2500
cardeal	2500
cardíaco	2500
cardinal	2500
cardiologia	2500
cardiopatia	2500
cardioscopia	2500
cardioscópio	2500
cardiovascular	2500
cardioversão	2500
cardioversor	2500
cardo	2500
cardume	2500
careca	2500
carecente	2500
carecer	2500
careiro	2500
carena	2500
carenciado	2500
carência	2500
carente	2500
carestia	2500
careta	2500
careteiro	2500
careto	2500
careza	2500
cargo	2500
cargueiro	2500
cariar	2500
caricato	2500
caricatural	2500
caricatura	2500
caricaturar	2500
carícia	2500
cariciar	2500
caricioso	2500
caridade	2500
caridoso	2500
cárie	2500
caril	2500
carimbador	2500
carimbagem	2500
carimbar	2500
carimbo	2500
carinho	2500
carinhoso	2500
carioca	2500
carioso	2500
cariótipo	2500
carisma	2500
carismático	2500
caritativo	2500
cariz	2500
carlinga	2500
carlista	2500
carmelita	2500
carmelitano	2500
carmesim	2500
carmim	2500
carmina	2500
carnaça	2500
carnação	2500
carnadura	2500
carnagem	2500
carnal	2500
carnalidade	2500
carnalizar	2500
carnaval	2500
carnavalesco	2500
carneirada	2500
carneira	2500
carneireiro	2500
carneiro	2500
carne	2500
cárneo	2500
carniçal	2500
carniça	2500
carniçaria	2500
carniceiro	2500
carnicento	2500
carnifazer	2500
carnificar	2500
carnífice	2500
carnificina	2500
carniforme	2500
carnismo	2500
carnivorismo	2500
carnívoro	2500
carnosidade	2500
carnoso	2500
carnudo	2500
caro	2500
caroçame	2500
carocha	2500
carochinha	2500
caroço	2500
caroçudo	2500
carola	2500
carolíngio	2500
carolino	2500
carolismo	2500
carótida	2500
carótide	2500
carpa	2500
carpela	2500
carpelo	2500
carpete	2500
carpideira	2500
carpido	2500
carpidura	2500
carpintaria	2500
carpinteirar	2500
carpinteiro	2500
carpir	2500
carqueja	2500
carraça	2500
carraçaria	2500
carrada	2500
carranca	2500
carrancudo	2500
carrão	2500
carrapato	2500
carrapicho	2500
carrapitas	2500
carrascão	2500
carrasco	2500
carrear	2500
carregadeira	2500
carregador	2500
carregar	2500
carrego	2500
carreira	2500
carreiro	2500
carreta	2500
carretear	2500
carreteiro	2500
carretel	2500
carrete	2500
carreto	2500
carriçal	2500
carriça	2500
carriço	2500
carrilar	2500
carrilhão	2500
carrilhonar	2500
carrinha	2500
carripana	2500
carroçada	2500
carroça	2500
carroção	2500
carroçaria	2500
carroçar	2500
carroceiro	2500
carro	2500
carro-patrulha	2500
carros-patrulha	2500
carrossel	2500
carruagem	2500
carta-branca	2500
cartada	2500
cartaginense	2500
cartaginês	2500
carta	2500
cartão	2500
cartaxeiro	2500
cartaxense	2500
cartaz	2500
carte	2500
carteira	2500
carteiro	2500
cartela	2500
cartel	2500
cárter	2500
cartesianismo	2500
cartesiano	2500
cartilagem	2500
cartilagíneo	2500
cartilaginoso	2500
cartilha	2500
cartografar	2500
cartografia	2500
cartolaço	2500
cartolada	2500
cartola	2500
cartolina	2500
cartomancia	2500
cartomante	2500
cartonageiro	2500
cartonagem	2500
cartoonista	2500
cartorário	2500
cartório	2500
cartucheira	2500
cartucheiro	2500
cartucho	2500
cartune	2500
cartunista	2500
cartuxo	2500
caruja	2500
carujar	2500
carujeiro	2500
caruma	2500
carumeira	2500
carunchar	2500
carunchento	2500
caruncho	2500
carunchoso	2500
carvalhal	2500
carvalheira	2500
carvalho	2500
carvão	2500
carvoaria	2500
carvoeira	2500
carvoeiro	2500
carvoejar	2500
carvoento	2500
casaca	2500
casacão	2500
casaco	2500
casadeiro	2500
casadoiro	2500
casados	2500
casadouro	2500
casa-forte	2500
casalar	2500
casaleiro	2500
casal	2500
casamentar	2500
casamenteiro	2500
casão	2500
casarão	2500
casaredo	2500
casaria	2500
casario	2500
casar	2500
casca-grossa	2500
cascalhada	2500
cascalhar	2500
cascalheira	2500
cascalhento	2500
cascalho	2500
cascalhoso	2500
cascalhudo	2500
casca	2500
cascão	2500
cascaria	2500
cascarrão	2500
cascar	2500
cascata	2500
cascatear	2500
cascavel	2500
casco	2500
cascoso	2500
cascudo	2500
casebre	2500
caseína	2500
caseínico	2500
caseira	2500
caseiro	2500
caserna	2500
caserneiral	2500
caserneiro	2500
casimira	2500
casinha	2500
casinhola	2500
casinholo	2500
casinhota	2500
casinhoto	2500
casino	2500
casmurrada	2500
casmurral	2500
casmurro	2500
caso	2500
casório	2500
casota	2500
casoto	2500
caspa	2500
casposo	2500
casqueira	2500
casqueiro	2500
casquento	2500
casquilhada	2500
casquilha	2500
casquilharia	2500
casquilhar	2500
casquilho	2500
casquinha	2500
casquinheiro	2500
cassete	2500
cassetete	2500
casta	2500
castanhal	2500
castanha	2500
castanhedo	2500
castanheira	2500
castanheiro	2500
castanho	2500
castanholar	2500
castanholas	2500
castanhoso	2500
castelã	2500
castelania	2500
castelão	2500
casteleiro	2500
castelhanismo	2500
castelhanizar	2500
castelhano	2500
castelo	2500
castelório	2500
castiçal	2500
castiçar	2500
casticidade	2500
casticismo	2500
castiço	2500
castidade	2500
castificar	2500
castigador	2500
castigar	2500
castigo	2500
castigueira	2500
casto	2500
castorenho	2500
castor	2500
castrador	2500
castrar	2500
castrense	2500
castro	2500
casual	2500
casualidade	2500
casualismo	2500
casuísta	2500
casuística	2500
casulo	2500
casuloso	2500
catabático	2500
cataclismo	2500
catacumbas	2500
catadupa	2500
catadupejar	2500
catalão	2500
catalisar	2500
catálise	2500
catalítico	2500
catalogador	2500
catalogal	2500
catalogar	2500
catálogo	2500
catalografia	2500
catanada	2500
catana	2500
cataplana	2500
catapulta	2500
catapultar	2500
catapus	2500
catarata	2500
catarral	2500
catarrear	2500
catarreira	2500
catarrento	2500
catarro	2500
catarroso	2500
catarse	2500
catarsia	2500
catártico	2500
catar	2500
catástrofe	2500
catastroficamente	2500
catastrófico	2500
catastrofismo	2500
catatua	2500
cata-vento	2500
catecismo	2500
catecumenado	2500
catedralesco	2500
catedral	2500
cátedra	2500
catedrático	2500
catedratizar	2500
categorial	2500
categoria	2500
categórico	2500
categorizar	2500
catenária	2500
catenoide	2500
catequese	2500
catequético	2500
catequista	2500
catequizador	2500
catequizante	2500
catequizar	2500
cateto	2500
catião	2500
catinga	2500
catingar	2500
catingoso	2500
catingueiro	2500
catita	2500
catitar	2500
cativante	2500
cativar	2500
cativeiro	2500
cativo	2500
catódico	2500
catódio	2500
catodoluminescência	2500
cátodo	2500
catolicidade	2500
catolicismo	2500
catolicizar	2500
católico	2500
catolizar	2500
catrafilar	2500
catraia	2500
catraio	2500
catre	2500
catrefada	2500
caução	2500
caucasiano	2500
caucásico	2500
caucionante	2500
caucionário	2500
caucionar	2500
caudal	2500
caudalosidade	2500
caudaloso	2500
cauda	2500
caudilho	2500
caule	2500
cauleoso	2500
caulescente	2500
caulícola	2500
caulículo	2500
caulífero	2500
caulificar	2500
caulifloro	2500
caulinite	2500
caulino	2500
causador	2500
causal	2500
causalidade	2500
causalizar	2500
causa	2500
causante	2500
causar	2500
causativo	2500
cáustica	2500
causticante	2500
causticar	2500
causticidade	2500
cáustico	2500
cautela	2500
cautelar	2500
cauteleiro	2500
cauteloso	2500
cauto	2500
cavaca	2500
cavacaria	2500
cavacar	2500
cavaco	2500
cavada	2500
cavadela	2500
cavadiço	2500
cavadora	2500
cavador	2500
cavadura	2500
cava	2500
cavalada	2500
cavalagem	2500
cavala	2500
cavalão	2500
cavalar	2500
cavalaria	2500
cavalariça	2500
cavaleira	2500
cavaleirar	2500
cavaleiresco	2500
cavaleiro	2500
cavaleiroso	2500
cavaleta	2500
cavalete	2500
cavalgada	2500
cavalgadura	2500
cavalgante	2500
cavalgar	2500
cavalheiresco	2500
cavalheiro	2500
cavalheiroso	2500
cavalidade	2500
cavalitas	2500
cavalo-marinho	2500
cavalo	2500
cavalório	2500
cavalo-vapor	2500
cavaqueador	2500
cavaquear	2500
cavaqueio	2500
cavaqueira	2500
cavaquinho	2500
cavar	2500
caveira	2500
caveiroso	2500
cave	2500
cavernal	2500
caverna	2500
cavernar	2500
cavernícola	2500
cavernoso	2500
caviar	2500
cavidade	2500
cavilha	2500
cavilhar	2500
cavitário	2500
cavo	2500
caxemira	2500
cear	2500
ceata	2500
cebolada	2500
cebolal	2500
cebola	2500
ceboleira	2500
cebolinha	2500
cebolo	2500
cebo	2500
cecal	2500
cê-cedilhado	2500
cedência	2500
cedente	2500
ceder	2500
cedilha	2500
cedilhar	2500
cedro	2500
cedro-do-mato	2500
cédula	2500
cefalálgico	2500
cefaleia	2500
cefalgia	2500
cefálico	2500
cefalite	2500
cefaloide	2500
cegar	2500
cegas	2500
cego	2500
cegonha	2500
cegueira	2500
cegueta	2500
ceia	2500
ceifa	2500
ceifão	2500
ceifar	2500
ceifeiro	2500
ceiote	2500
ceita	2500
cela	2500
celebérrimo	2500
celebrador	2500
celebrante	2500
celebrar	2500
célebre	2500
celebridade	2500
celebrizar	2500
celeireiro	2500
celeiro	2500
célere	2500
celeremente	2500
celeridade	2500
celerímetro	2500
celeste	2500
celestial	2500
celestino	2500
celeuma	2500
celeumar	2500
celha	2500
celíaco	2500
celibatário	2500
celibatarismo	2500
celibato	2500
celofane	2500
celta	2500
celtibérico	2500
celtibero	2500
céltico	2500
célula	2500
celular	2500
celulífero	2500
celuliforme	2500
celulite	2500
celuloide	2500
celulose	2500
celulósico	2500
celuloso	2500
cem	2500
cemiterial	2500
cemitério	2500
cenáculo	2500
cena	2500
cenário	2500
cénico	2500
cê	2500
cenografia	2500
cenoira	2500
cenoura	2500
censo	2500
censório	2500
censor	2500
censual	2500
censurador	2500
censura	2500
censurar	2500
centáureo	2500
centáurico	2500
centauro	2500
centavo	2500
centeal	2500
centeeira	2500
centeeiro	2500
centeio	2500
centelha	2500
centelhante	2500
centelhar	2500
centena	2500
centenar	2500
centenário	2500
centénio	2500
centenoso	2500
centesimal	2500
centésimo	2500
centígrado	2500
centigrama	2500
centilitro	2500
centil	2500
cêntimo	2500
centípede	2500
centola	2500
centopeia	2500
centragem	2500
central	2500
centralidade	2500
centralista	2500
centralizador	2500
centralizar	2500
centrar	2500
cêntrico	2500
centrifugador	2500
centrífuga	2500
centrifugar	2500
centrífugo	2500
centrípeto	2500
centro-direita	2500
centro-esquerda	2500
centro	2500
centuplicadamente	2500
centuplicar	2500
cêntuplo	2500
centurial	2500
centúria	2500
centurião	2500
centuriato	2500
cepáceo	2500
cepa	2500
cepo	2500
ceticismo	2500
cético	2500
cetro	2500
cepudo	2500
ceráceo	2500
cerâmica	2500
cerâmico	2500
ceramista	2500
cera	2500
cerca	2500
cercador	2500
cercadura	2500
cercania	2500
cercar	2500
cerceador	2500
cerceadura	2500
cercear	2500
cérceo	2500
cerco	2500
cerda	2500
cerdoso	2500
cereal	2500
cerealicultura	2500
cerealífero	2500
cerebelite	2500
cerebelo	2500
cerebração	2500
cerebral	2500
cerebralizar	2500
cerebroide	2500
cérebro	2500
cerejal	2500
cereja	2500
cerejeira	2500
cerífero	2500
cerimonial	2500
cerimónia	2500
cerimoniar	2500
cerimoniático	2500
cerimonioso	2500
cerneira	2500
cernelha	2500
cerne	2500
cernir	2500
ceroulas	2500
cerqueiro	2500
cerquinho	2500
cerrado	2500
cerradoiro	2500
cerradura	2500
cerrar	2500
certame	2500
certeiro	2500
certidão	2500
certificado	2500
certificador	2500
certificante	2500
certificar	2500
certificativo	2500
certificatório	2500
certo	2500
cervantesco	2500
cervantino	2500
cervejada	2500
cerveja	2500
cervejaria	2500
cervejeira	2500
cervejeiro	2500
cervical	2500
cervo	2500
cerzideira	2500
cerzido	2500
cerzir	2500
cesariana	2500
cesariano	2500
cesarismo	2500
cesarista	2500
césar	2500
césio	2500
cessante	2500
cessão	2500
cessar-fogo	2500
cessar	2500
cestada	2500
cesta	2500
cestão	2500
cestaria	2500
cesteiro	2500
cesto	2500
cesura	2500
cetáceo	2500
cetim	2500
cetina	2500
cetineta	2500
cetinoso	2500
cetona	2500
cetónico	2500
cetra	2500
céu	2500
cevada	2500
cevadeira	2500
chã	2500
chacal	2500
chacina	2500
chacinar	2500
chacoalhar	2500
chacota	2500
chacotear	2500
chafarica	2500
chafariqueiro	2500
chafariz	2500
chafurda	2500
chafurdar	2500
chafurdeira	2500
chafurdeiro	2500
chafurdo	2500
chaga	2500
chagar	2500
chagaz	2500
chaguento	2500
chalaçar	2500
chalacear	2500
chalaceiro	2500
chalaço	2500
chalado	2500
chaleira	2500
chalé	2500
chalreadura	2500
chalrear	2500
chalreio	2500
chalreta	2500
chalupa	2500
chamada	2500
chamador	2500
chama	2500
chamariz	2500
chamar	2500
chamativo	2500
chamejante	2500
chamejar	2500
chaminé	2500
champanha	2500
champanhe	2500
champanhizar	2500
champô	2500
chamuscada	2500
chamuscadela	2500
chamuscadoiro	2500
chamusca	2500
chamuscar	2500
chamusco	2500
chanca	2500
chancela	2500
chancelaria	2500
chancelar	2500
chanceler-mor	2500
chanceler	2500
chance	2500
chanfana	2500
chanfaneiro	2500
chanfrado	2500
chanfradura	2500
chantagear	2500
chá	2500
chanqueiro	2500
chantagem	2500
chantagista	2500
chantajar	2500
chantre	2500
chão	2500
chapada	2500
chapa	2500
chaparia	2500
chaparro	2500
chapar	2500
chapear	2500
chapeiro	2500
chapelada	2500
chapelaria	2500
chapelão	2500
chapeleira	2500
chapeleiro	2500
chapeleta	2500
chapelete	2500
chapéu	2500
chapim	2500
chapinar	2500
chapinhada	2500
chapinhar	2500
chapinheiro	2500
chapiscar	2500
chapisco	2500
chapuz	2500
charada	2500
charadístico	2500
charanga	2500
charangueiro	2500
charco	2500
charcoso	2500
charcutaria	2500
charlatanaria	2500
charlatanear	2500
charlatanice	2500
charlatanismo	2500
charlatão	2500
charlataria	2500
charme	2500
charneca	2500
charneira	2500
charro	2500
charruadeira	2500
charrua	2500
charruar	2500
charutaria	2500
charuteira	2500
charuteiro	2500
charuto	2500
chasco	2500
chata	2500
chatear	2500
chateza	2500
chatice	2500
chato	2500
chauvinismo	2500
chauvinista	2500
chavão	2500
chavaria	2500
chave-inglesa	2500
chaveiro	2500
chávena	2500
chave	2500
chaveta	2500
chavo	2500
checo	2500
checoslovaco	2500
chefe	2500
chefia	2500
chefiar	2500
chegada	2500
chegadela	2500
chegadiço	2500
chega	2500
chegante	2500
chegar	2500
cheia	2500
cheio	2500
cheirar	2500
cheireta	2500
cheirete	2500
cheirinha	2500
cheiro	2500
cheiroso	2500
cheque	2500
cheta	2500
chiada	2500
chiadeira	2500
chiadoiro	2500
chiadouro	2500
chiadura	2500
chiante	2500
chiar	2500
chibatada	2500
chibata	2500
chibatar	2500
chibo	2500
chiça	2500
chicana	2500
chicha	2500
chicharro	2500
chichi	2500
chicho	2500
chiclete	2500
chi-coração	2500
chicória	2500
chicotada	2500
chicoteador	2500
chicotear	2500
chicote	2500
chifrar	2500
chifre	2500
chila	2500
chilena	2500
chileno	2500
chilrar	2500
chilreada	2500
chilreante	2500
chilrear	2500
chilreio	2500
chilro	2500
chimpanzé	2500
china	2500
chincada	2500
chincadela	2500
chincalhar	2500
chinca	2500
chincar	2500
chinchila	2500
chinelada	2500
chinela	2500
chineleiro	2500
chinelo	2500
chinesada	2500
chinês	2500
chinesice	2500
chinesismo	2500
chinfrim	2500
chinfrinada	2500
chinfrinar	2500
chinfrineiro	2500
chi	2500
chino	2500
chinó	2500
chio	2500
chique	2500
chiqueiro	2500
chiquismo	2500
chirriante	2500
chirriar	2500
chispar	2500
chispe	2500
chiste	2500
chita	2500
choca	2500
choça	2500
chocadeira	2500
chocalhada	2500
chocalhar	2500
chocalheiro	2500
chocalho	2500
chocar	2500
chocarrice	2500
chochar	2500
chocho	2500
choco	2500
chocolateira	2500
chocolateiro	2500
chocolate	2500
chofrada	2500
chofrar	2500
chofre	2500
choldra	2500
choqueiro	2500
choque	2500
choquento	2500
choradeira	2500
choradinho	2500
choramingão	2500
choramingar	2500
choramingas	2500
choramingueiro	2500
chora	2500
chorão	2500
chorar	2500
choricas	2500
chorinca	2500
chorinhas	2500
chorinquento	2500
chorões	2500
choro	2500
choroso	2500
chorrilho	2500
chorriscar	2500
chorudo	2500
choupal	2500
choupana	2500
choupaneiro	2500
choupo	2500
chouriçada	2500
chouriça	2500
chouriceiro	2500
chouriço	2500
chovediço	2500
chover	2500
chuchadeira	2500
chucha	2500
chuchar	2500
chuchu	2500
chuço	2500
chucrute	2500
chularia	2500
chulé	2500
chulismo	2500
chulo	2500
chumaçar	2500
chumacete	2500
chumaço	2500
chumbada	2500
chumbar	2500
chumbo	2500
chupa-chupa	2500
chupadeira	2500
chupadela	2500
chupadoiro	2500
chupador	2500
chupadouro	2500
chupadura	2500
chupa	2500
chupar	2500
chupeta	2500
churrascaria	2500
churrasco	2500
churrasqueira	2500
chusma	2500
chutar	2500
chuteira	2500
chuto	2500
chuvada	2500
chuva	2500
chuveiro	2500
chuvinha	2500
chuvinhar	2500
chuviscar	2500
chuvisco	2500
chuviscoso	2500
chuvisqueiro	2500
chuvoso	2500
cianato	2500
cianeto	2500
ciânico	2500
cianídrico	2500
ciano	2500
ciática	2500
ciático	2500
cibercrime	2500
cibercriminalidade	2500
ciberdefesa	2500
ciberespaço	2500
ciberespião	2500
ciborgue	2500
ciberguerra	2500
ciberliteratura	2500
cibernética	2500
cibernético	2500
ciberpirata	2500
cibersegurança	2500
ciberterrorismo	2500
ciberespionagem	2500
cibersexo	2500
cicatricial	2500
cicatrizante	2500
cicatrizar	2500
cicatriz	2500
cicerone	2500
ciclicamente	2500
cíclico	2500
ciclismo	2500
ciclista	2500
cicloide	2500
ciclomotor	2500
ciclone	2500
ciclónico	2500
ciclo	2500
ciclope	2500
ciclópeo	2500
ciclópico	2500
ciclóptico	2500
ciclóstomo	2500
ciclotrão	2500
ciclovia	2500
cicuta	2500
cicutina	2500
cidadania	2500
cidadão	2500
cidade-estado	2500
cidadela	2500
cidadelha	2500
cidade	2500
cidra	2500
cidrão	2500
cidreira	2500
cieiro	2500
ciência	2500
ciente	2500
cientificar	2500
científico	2500
cientismo	2500
cientista	2500
cifra	2500
cifrante	2500
cifrão	2500
cifrar	2500
ciganada	2500
ciganagem	2500
cigana	2500
ciganaria	2500
ciganar	2500
ciganice	2500
cigano	2500
cigarrada	2500
cigarra	2500
cigarrar	2500
cigarreira	2500
cigarreiro	2500
cigarrilha	2500
cigarro	2500
cilada	2500
cilício	2500
cilindrada	2500
cilindragem	2500
cilindrar	2500
cilindricamente	2500
cilindricidade	2500
cilíndrico	2500
cilindriforme	2500
cilindroide	2500
cilindro	2500
cílio	2500
cimbalino	2500
címbalo	2500
cimeira	2500
cimeiro	2500
cimentar	2500
cimenteira	2500
cimento	2500
cimo	2500
cinábrio	2500
cinco-réis	2500
cindir	2500
cineasta	2500
cineclube	2500
cinefilia	2500
cinéfilo	2500
cinegética	2500
cinegético	2500
cinema	2500
cinemascópio	2500
cinemateca	2500
cinemática	2500
cinemático	2500
cinematografar	2500
cinematografia	2500
cinematoscópio	2500
cinescopia	2500
cinestesia	2500
cineteatro	2500
cinética	2500
cinético	2500
cingir	2500
cinicamente	2500
cínico	2500
cinismo	2500
cinquenta	2500
cinquentão	2500
cinquentavo	2500
cinquentenário	2500
cinta	2500
cintar	2500
cintilador	2500
cintilante	2500
cintilar	2500
cinto	2500
cintura	2500
cinturão	2500
cinturar	2500
cinza	2500
cinzar	2500
cinzeiro	2500
cinzelador	2500
cinzeladura	2500
cinzelagem	2500
cinzelar	2500
cinzel	2500
cinzento	2500
cinzento-azulado	2500
cinzento-claro	2500
cio	2500
cioso	2500
cipó	2500
ciprestal	2500
cipreste	2500
cipriota	2500
cirandar	2500
cirandeira	2500
circense	2500
circo	2500
circuitar	2500
circuito	2500
circulante	2500
circular	2500
circulatório	2500
círculo	2500
circum-navegador	2500
circum-navegar	2500
circum-navegação	2500
circuncidar	2500
circuncisão	2500
circunciso	2500
circundante	2500
circundar	2500
circunferencial	2500
circunferência	2500
circunflexão	2500
circunflexo	2500
circunscrever	2500
circunscrição	2500
circunscricional	2500
circunscritível	2500
circunscritivo	2500
circunscrito	2500
circunspecto	2500
circunspeto	2500
circunstancial	2500
circunstância	2500
circunstanciar	2500
circuntornar	2500
circunvagante	2500
circunvagar	2500
circunvalar	2500
circunvizinhança	2500
circunvizinho	2500
circunvolução	2500
circunvolucionário	2500
circunvolver	2500
cirílico	2500
círio	2500
cirrose	2500
cirroso	2500
cirurgia	2500
cirurgião	2500
cirúrgico	2500
cisão	2500
cisar	2500
cisco	2500
cisma	2500
cismar	2500
cismático	2500
cisne	2500
cisterciense	2500
cisterna	2500
citação	2500
citadino	2500
citador	2500
citânia	2500
cita	2500
citante	2500
cítara	2500
citara	2500
citar	2500
citatório	2500
citologia	2500
citoplasma	2500
citoplasmático	2500
citoplásmico	2500
citosina	2500
cítrico	2500
citricultura	2500
citrina	2500
citrino	2500
citrinos	2500
citro	2500
ciumaria	2500
ciumar	2500
ciumeira	2500
ciúme	2500
ciumento	2500
cível	2500
cívico	2500
civilidade	2500
civilista	2500
civilização	2500
civilizacional	2500
civilizar	2500
civilmente	2500
civismo	2500
clamante	2500
clamar	2500
clamor	2500
clamoroso	2500
clandestinidade	2500
clandestino	2500
clã	2500
claque	2500
claraboia	2500
clara	2500
clarão	2500
clarear	2500
clareira	2500
clarejar	2500
clareza	2500
clarificador	2500
clarificar	2500
clarificativo	2500
clarim	2500
clarimostrar	2500
clarinada	2500
clarinete	2500
clarissa	2500
claríssono	2500
clarito	2500
clarividência	2500
clarividente	2500
claro-escuro	2500
claro	2500
classe	2500
classicamente	2500
classicismo	2500
classicista	2500
clássico	2500
classificação	2500
classificador	2500
classificar	2500
classificativo	2500
claudicante	2500
claudicar	2500
claustral	2500
claustra	2500
claustrar	2500
claustrofobia	2500
claustromania	2500
claustro	2500
cláusula	2500
clausular	2500
clausura	2500
clausurar	2500
clava	2500
clave	2500
claviculado	2500
clavícula	2500
clavicular	2500
claviforme	2500
clemência	2500
clemenciar	2500
clemente	2500
cleptofobia	2500
cleptomania	2500
clerical	2500
clericalizar	2500
clericato	2500
clérigo	2500
clerocracia	2500
clerofobia	2500
clero	2500
clicar	2500
clicável	2500
cliché	2500
clientela	2500
clima	2500
climatérico	2500
climático	2500
climatismo	2500
climatizar	2500
climatologia	2500
clímax	2500
clinicamente	2500
clínica	2500
clínico	2500
clique	2500
clisterizar	2500
clister	2500
clítico	2500
clitóride	2500
clitoridismo	2500
clítoris	2500
clitóris	2500
clitoritomia	2500
clivagem	2500
clivar	2500
clivoso	2500
cloacal	2500
cloaca	2500
clonagem	2500
clonar	2500
clone	2500
clorado	2500
cloragem	2500
cloral	2500
clorato	2500
cloreto	2500
clórico	2500
clorídrico	2500
clorofila	2500
clorofilino	2500
clorofórmico	2500
clorofórmio	2500
cloroformizar	2500
cloro	2500
cloroplasta	2500
clube	2500
clubístico	2500
coabitante	2500
coabitar	2500
coação	2500
coativo	2500
coator	2500
coacusado	2500
coada	2500
coadaptar	2500
coadjutoria	2500
coadjutor	2500
coadjuvante	2500
coadjuvar	2500
coadministrador	2500
coadministrar	2500
coadoiro	2500
coador	2500
coadouro	2500
coadquirente	2500
coadquirir	2500
coadunabilidade	2500
coadunar	2500
coadura	2500
coagir	2500
coagulabilidade	2500
coagulante	2500
coagular	2500
coágulo	2500
coalhada	2500
coalhadoiro	2500
coalhadouro	2500
coalhadura	2500
coalhar	2500
coalheira	2500
coalho	2500
coaluno	2500
coa	2500
coaptidão	2500
coaquisição	2500
coarrendar	2500
coarrendatário	2500
coar	2500
coassociado	2500
coautoria	2500
coautor	2500
coaxante	2500
coaxar	2500
coaxial	2500
coaxo	2500
cobaia	2500
cobaio	2500
cobáltico	2500
cobaltífero	2500
cobaltite	2500
cobaltizar	2500
cobalto	2500
cobarde	2500
cobardia	2500
cobardice	2500
coberta	2500
coberto	2500
cobertor	2500
cobiçador	2500
cobiça	2500
cobiçante	2500
cobiçar	2500
cobiçoso	2500
cobra-capelo	2500
cobra-cascavel	2500
cobra-coral	2500
cobra-cuspideira	2500
cobra-de-água	2500
cobra-rateira	2500
cobrador	2500
cobrança	2500
cobra	2500
cobrar	2500
cobre	2500
cobrir	2500
cobro	2500
coçadura	2500
cocaína	2500
coca	2500
coça	2500
cocar	2500
coçar	2500
cocegante	2500
cocegar	2500
cócegas	2500
coceguento	2500
coceira	2500
cochar	2500
cocheiral	2500
cocheira	2500
cocheiro	2500
cochichar	2500
cochicho	2500
cocho	2500
cociente	2500
coco	2500
cocó	2500
cócoras	2500
cocorocó	2500
côdea	2500
codelinquência	2500
codelinquente	2500
codorniz	2500
codetentor	2500
codialeto	2500
códice	2500
codificador	2500
codificar	2500
código	2500
codiretor	2500
codonatário	2500
codornizão	2500
coeducar	2500
coeducativo	2500
coeficiência	2500
coeficiente	2500
coeleitor	2500
coelhada	2500
coelheira	2500
coelheiro	2500
coelho	2500
coentrada	2500
coentro	2500
coerção	2500
coercitivo	2500
coercível	2500
coercivo	2500
coerência	2500
coerente	2500
coerir	2500
coesão	2500
coesivo	2500
coeso	2500
coesor	2500
coessencial	2500
coessência	2500
coeternidade	2500
coeterno	2500
coexistência	2500
coexistente	2500
coexistir	2500
cofiar	2500
cofre	2500
cogerência	2500
cogerente	2500
cogitar	2500
cognição	2500
cognitivo	2500
cognome	2500
cognominar	2500
cogumelo	2500
co-herdar	2500
co-herdeiro	2500
coibir	2500
coicear	2500
coice	2500
coifa	2500
coima	2500
coimbrão	2500
coimeiro	2500
coincidência	2500
coincidente	2500
coincidir	2500
coindicante	2500
coindicar	2500
coinquilino	2500
coiote	2500
coirão	2500
coiro	2500
coisíssima	2500
coiso	2500
coitado	2500
coitaria	2500
coitar	2500
coiteiro	2500
coito	2500
colaboração	2500
colaborar	2500
colaborativo	2500
colador	2500
colagem	2500
cola	2500
colapsar	2500
colapso	2500
colarinho	2500
colar	2500
colateral	2500
colateralidade	2500
colatitude	2500
colativo	2500
colcha	2500
colchão	2500
colcheia	2500
colcheiro	2500
colcheta	2500
colchetear	2500
colchete	2500
colchoaria	2500
colchoar	2500
colchoeiro	2500
coldre	2500
coleção	2500
colecionador	2500
colecionar	2500
coletânea	2500
coletâneo	2500
coleta	2500
coletar	2500
coletividade	2500
coletivo	2500
coletor	2500
coletoria	2500
colega	2500
colegatário	2500
colegial	2500
colegiatura	2500
colégio	2500
coleguismo	2500
coleirado	2500
coleira	2500
cólera	2500
colérico	2500
colesterol	2500
coleteiro	2500
colete	2500
colheita	2500
colheraça	2500
colherada	2500
colherão	2500
colher	2500
colibri	2500
cólica	2500
colicitante	2500
cólico	2500
colidir	2500
coligar	2500
coligativo	2500
coligir	2500
colina	2500
colinear	2500
colinoso	2500
colírio	2500
colisão	2500
coliseu	2500
colite	2500
colitigante	2500
colitigar	2500
colmaçar	2500
colmaço	2500
colmado	2500
colmar	2500
colmatagem	2500
colmatar	2500
colmeal	2500
colmeeiro	2500
colmeia	2500
colmeiro	2500
colmo	2500
colocador	2500
colocar	2500
cologaritmo	2500
coloidal	2500
coloide	2500
colombiano	2500
colonato	2500
colonial	2500
colónia	2500
colonista	2500
colonização	2500
colonizador	2500
colonizar	2500
colo	2500
cólon	2500
colono	2500
colonoscopia	2500
coloquial	2500
colóquio	2500
colorante	2500
colorar	2500
colorau	2500
colorear	2500
colorido	2500
colorífico	2500
colorimetria	2500
colorímetro	2500
colorir	2500
colorização	2500
colossal	2500
colossalidade	2500
colosso	2500
columbino	2500
columbofilia	2500
coluna	2500
colunar	2500
colunata	2500
colunável	2500
comadre	2500
comadrice	2500
comadrio	2500
comanches	2500
comandante-chefe	2500
comandante	2500
comandar	2500
comandita	2500
comando	2500
coma	2500
comarca	2500
combalir	2500
combate	2500
combatente	2500
combater	2500
combatividade	2500
combativo	2500
combinação	2500
combinacional	2500
combinador	2500
combinar	2500
combinatório	2500
comboio-correio	2500
comboio	2500
comboniano	2500
combustão	2500
combustível	2500
combustivo	2500
começar	2500
começo	2500
comedeira	2500
comedeiro	2500
comédia	2500
comediante	2500
comedido	2500
comediógrafo	2500
comedir	2500
comedoiro	2500
comedor	2500
comedouro	2500
come-e-cala	2500
comemorar	2500
comemorativo	2500
comendador	2500
comenda	2500
comendatário	2500
comendatório	2500
comensalidade	2500
comensal	2500
comensurabilidade	2500
comensurar	2500
comentador	2500
comentário	2500
comentarista	2500
comentar	2500
comento	2500
comercial	2500
comercializar	2500
comerciante	2500
comerciar	2500
comércio	2500
comerete	2500
comer	2500
comes	2500
comestível	2500
cometa	2500
cometar	2500
cometário	2500
cometente	2500
cometer	2500
cometida	2500
comezaina	2500
comezinho	2500
comichão	2500
comichento	2500
comichona	2500
comichoso	2500
comicial	2500
comicidade	2500
comicieiro	2500
comício	2500
cómico	2500
comida	2500
comigo	2500
comilança	2500
comilão	2500
cominho	2500
comiserar	2500
comiserativo	2500
comissão	2500
comissariado	2500
comissariar	2500
comissário	2500
comissionar	2500
comissionista	2500
comité	2500
comitiva	2500
comoção	2500
comocional	2500
comocionar	2500
comodamente	2500
cómoda	2500
comodidade	2500
comodismo	2500
comodista	2500
cómodo	2500
comodoro	2500
comotividade	2500
comovedor	2500
comovente	2500
comover	2500
compactar	2500
compacto	2500
compactuar	2500
compadecer	2500
compadrado	2500
compadrar	2500
compadre	2500
compadrice	2500
compadrio	2500
compaginar	2500
compaixão	2500
companheirão	2500
companheirismo	2500
companheiro	2500
companhia	2500
comparabilidade	2500
comparação	2500
comparador	2500
comparar	2500
comparativo	2500
comparecência	2500
comparecente	2500
comparecer	2500
comparência	2500
comparsa	2500
comparte	2500
comparticipação	2500
comparticipar	2500
compartilha	2500
compartilhante	2500
compartilhar	2500
compartimentar	2500
compartimentação	2500
compartir	2500
compassadamente	2500
compassar	2500
compassível	2500
compassividade	2500
compassivo	2500
compasso	2500
compaternidade	2500
compatibilidade	2500
compatibilizar	2500
compatível	2500
compatrício	2500
compatriota	2500
compelação	2500
compelativo	2500
compelido	2500
compelir	2500
compêndio	2500
compenetradamente	2500
compenetrar	2500
compensacionismo	2500
compensador	2500
compensar	2500
compensativo	2500
compensatório	2500
competência	2500
competente	2500
competição	2500
competir	2500
competitivo	2500
compilador	2500
compilar	2500
compilatório	2500
complacência	2500
complacente	2500
complanar	2500
compleição	2500
compleicional	2500
compleiçoado	2500
complementar	2500
complementário	2500
complemento	2500
completar	2500
completivo	2500
completo	2500
completório	2500
completude	2500
complexado	2500
complexão	2500
complexidade	2500
complexidão	2500
complexo	2500
complicador	2500
complicar	2500
componente	2500
componível	2500
comportamental	2500
comporta	2500
comportar	2500
compor	2500
composição	2500
composicional	2500
compositivo	2500
compósito	2500
compositor	2500
compossessor	2500
compostagem	2500
compostelano	2500
composto	2500
compostura	2500
compota	2500
compoteira	2500
compradiço	2500
compra	2500
comprar	2500
comprativo	2500
compratório	2500
comprazer	2500
compreender	2500
compreensão	2500
compreensível	2500
compreensivo	2500
compreensor	2500
compressa	2500
compressão	2500
compressibilidade	2500
compressível	2500
compressivo	2500
compresso	2500
compressório	2500
compressor	2500
compridão	2500
comprimente	2500
comprimir	2500
comprobatório	2500
comprometedor	2500
comprometer	2500
compromissivo	2500
compromisso	2500
compromissório	2500
comprovador	2500
comprovante	2500
comprovar	2500
comprovativo	2500
compulsão	2500
compulsar	2500
compulsivo	2500
compulsória	2500
compulsório	2500
compunção	2500
compungir	2500
compungitivo	2500
computacional	2500
computar	2500
cômputo	2500
computorizar	2500
comum	2500
comunal	2500
comuna	2500
comungante	2500
comungar	2500
comunhão	2500
comunicabilidade	2500
comunicação	2500
comunicacional	2500
comunicado	2500
comunicante	2500
comunicar	2500
comunicativo	2500
comunidade	2500
comunismo	2500
comunista	2500
comunitário	2500
comunitarizar	2500
comutar	2500
comutativo	2500
conatural	2500
concatenar	2500
concavidade	2500
côncavo	2500
conceber	2500
concedente	2500
conceder	2500
conceito	2500
conceituar	2500
conceituoso	2500
concelebrante	2500
concelebrar	2500
concelheiro	2500
concelhio	2500
concelho	2500
concentração	2500
concentracionário	2500
concentrador	2500
concentralização	2500
concentrar	2500
concentricamente	2500
concentricidade	2500
concêntrico	2500
concentrismo	2500
conceção	2500
concecional	2500
concecionário	2500
conceptáculo	2500
concetáculo	2500
conceptibilidade	2500
concetibilidade	2500
conceptismo	2500
concetismo	2500
conceptista	2500
concetista	2500
conceptiva	2500
concetiva	2500
conceptível	2500
concetível	2500
concetivo	2500
conceptual	2500
concetual	2500
conceptualizar	2500
concetualizar	2500
concernência	2500
concernente	2500
concernir	2500
concertadamente	2500
concertador	2500
concertante	2500
concertar	2500
concertina	2500
concertino	2500
concerto	2500
concessão	2500
concessionário	2500
concessionar	2500
concessível	2500
concessivo	2500
concessório	2500
concessor	2500
conchada	2500
conchado	2500
concha	2500
concharia	2500
conchegar	2500
conchegativo	2500
conchego	2500
concho	2500
conchoide	2500
conchoso	2500
conchudo	2500
concidadania	2500
concidadão	2500
conciliador	2500
conciliante	2500
conciliar	2500
conciliário	2500
conciliativo	2500
conciliatório	2500
concílio	2500
concisão	2500
conciso	2500
concitar	2500
conclave	2500
concludência	2500
concludente	2500
conclusão	2500
conclusivo	2500
concluso	2500
concolor	2500
concomitância	2500
concomitante	2500
concordância	2500
concordante	2500
concordar	2500
concordata	2500
concordatário	2500
concorde	2500
concórdia	2500
concorpóreo	2500
concorrencial	2500
concorrência	2500
concorrente	2500
concorrer	2500
concretização	2500
concretizar	2500
concreto	2500
concriar	2500
concubinagem	2500
concubinal	2500
concubina	2500
concubinário	2500
concubinar	2500
concubinato	2500
concupiscência	2500
concurso	2500
concussão	2500
concussionário	2500
concussor	2500
concutir	2500
concutor	2500
condado	2500
condal	2500
condão	2500
condecoração	2500
condecorar	2500
condecorativo	2500
condenado	2500
condenador	2500
condenar	2500
condenatório	2500
conde	2500
condensabilidade	2500
condensadora	2500
condensador	2500
condensante	2500
condensar	2500
condescendência	2500
condescendente	2500
condescender	2500
condição	2500
condicente	2500
condicional	2500
condicionalidade	2500
condicionalismo	2500
condicionar	2500
condigno	2500
condimentar	2500
condimentício	2500
condimento	2500
condiscípulo	2500
condizente	2500
condizer	2500
condoído	2500
condoimento	2500
condolência	2500
condolente	2500
condomínio	2500
condómino	2500
condonatário	2500
condor	2500
conducente	2500
condutância	2500
conduta	2500
condutar	2500
condutício	2500
condutismo	2500
condutível	2500
condutividade	2500
condutivo	2500
conduto	2500
condutor	2500
conduzir	2500
conectar	2500
conectivo	2500
conetivo	2500
conector	2500
conetor	2500
cónego	2500
cone	2500
conexão	2500
conexidade	2500
conexivo	2500
conexo	2500
conezia	2500
confeção	2500
confecionador	2500
confecionar	2500
confederal	2500
confederar	2500
confederativo	2500
confeitaria	2500
confeitar	2500
confeiteira	2500
confeiteiro	2500
confeito	2500
conferencial	2500
conferência	2500
conferenciar	2500
conferencista	2500
conferente	2500
conferir	2500
confessando	2500
confessa	2500
confessar	2500
confessional	2500
confessionário	2500
confesso	2500
confessoral	2500
confessório	2500
confessor	2500
confiadamente	2500
confiança	2500
confiante	2500
confiar	2500
confidencial	2500
confidência	2500
confidenciar	2500
confidencioso	2500
confidente	2500
configuração	2500
configurar	2500
confim	2500
confinal	2500
confinante	2500
confinar	2500
confinidade	2500
confins	2500
confirmador	2500
confirmante	2500
confirmar	2500
confirmativo	2500
confirmatório	2500
confiscar	2500
confisco	2500
confissão	2500
conflagrar	2500
conflito	2500
conflitual	2500
conflituante	2500
conflituoso	2500
confluência	2500
confluente	2500
confluir	2500
conformador	2500
conformar	2500
conformativo	2500
conformável	2500
conformidade	2500
conformismo	2500
conformista	2500
confortabilidade	2500
confortador	2500
confortante	2500
confortar	2500
confortativo	2500
confortável	2500
conforto	2500
confrade	2500
confragoso	2500
confrangente	2500
confranger	2500
confraria	2500
confraternal	2500
confraternar	2500
confraternidade	2500
confraternizar	2500
confraterno	2500
confreire	2500
confrontante	2500
confrontar	2500
confronte	2500
confronto	2500
confucionismo	2500
confúcio	2500
confundir	2500
confusão	2500
confuso	2500
conga	2500
congelabilidade	2500
congelador	2500
congelante	2500
congelar	2500
congelativo	2500
congelo	2500
congeminante	2500
congeminar	2500
congeminativo	2500
congeminência	2500
congénere	2500
congeneridade	2500
congenial	2500
congenialidade	2500
congénito	2500
congestão	2500
congestionante	2500
congestionar	2500
congestivo	2500
conglobar	2500
conglomerado	2500
conglomerar	2500
conglomerático	2500
conglomerativo	2500
conglutinante	2500
conglutinar	2500
conglutinativo	2500
congolês	2500
congratulante	2500
congratular	2500
congratulatório	2500
congregação	2500
congregacional	2500
congregacionista	2500
congregado	2500
congregante	2500
congregar	2500
congressional	2500
congressista	2500
congresso	2500
congro	2500
côngrua	2500
congruência	2500
congruente	2500
conhaque	2500
conhecedor	2500
conhecer	2500
cónica	2500
conicidade	2500
cónico	2500
coníferas	2500
conimbricense	2500
conimbrigense	2500
conivência	2500
conivente	2500
conjetural	2500
conjetura	2500
conjeturar	2500
conjugal	2500
conjugar	2500
conjugativo	2500
cônjuge	2500
conjugicídio	2500
conjunção	2500
conjuncional	2500
conjuntar	2500
conjuntiva	2500
conjuntivite	2500
conjuntivo	2500
conjunto	2500
conjuntural	2500
conjuntura	2500
conjura	2500
conjurante	2500
conjurar	2500
conjuratório	2500
conjuro	2500
conluio	2500
connosco	2500
conoidal	2500
conoide	2500
conotação	2500
conotar	2500
conotativo	2500
conquanto	2500
conquífero	2500
conquiforme	2500
conquilha	2500
conquistador	2500
conquista	2500
conquistar	2500
consagrador	2500
consagrante	2500
consagrar	2500
consanguíneo	2500
consanguinidade	2500
consciencialismo	2500
consciencializar	2500
consciência	2500
consciencioso	2500
consciente	2500
cônscio	2500
consecução	2500
consecutivo	2500
conseguinte	2500
conseguir	2500
conselheiral	2500
conselheirático	2500
conselheirismo	2500
conselheiro	2500
consemelhança	2500
consenciente	2500
consenso	2500
consensual	2500
consensualizar	2500
consentaneidade	2500
consentâneo	2500
consentir	2500
consequencial	2500
consequência	2500
consequente	2500
consertar	2500
conserto	2500
conservabilidade	2500
conservador	2500
conservadorismo	2500
conserva	2500
conservante	2500
conservantismo	2500
conservaria	2500
conservar	2500
conservativo	2500
conservatória	2500
conservatório	2500
conserveiro	2500
conservo	2500
considerando	2500
considerar	2500
considerativo	2500
consideravelmente	2500
consignante	2500
consignar	2500
consignatário	2500
consignativo	2500
consigo	2500
consílio	2500
consistência	2500
consistente	2500
consistir	2500
consistorial	2500
consistório	2500
consoada	2500
consoante	2500
consoar	2500
consociável	2500
consócio	2500
consogra	2500
consolador	2500
consola	2500
consolar	2500
consolativo	2500
consolatório	2500
consolidante	2500
consolidar	2500
consolidativo	2500
consolo	2500
consonância	2500
consonantal	2500
consonante	2500
consonântico	2500
consonantismo	2500
consonantizar	2500
consonar	2500
consorciar	2500
consórcio	2500
consorte	2500
conspeção	2500
conspecto	2500
conspicuidade	2500
conspícuo	2500
conspirador	2500
conspirante	2500
conspirar	2500
conspirativo	2500
conspiratório	2500
conspurcar	2500
constância	2500
constante	2500
constantiniano	2500
constar	2500
constatar	2500
constelar	2500
consternador	2500
consternar	2500
constipar	2500
constipativo	2500
constitucional	2500
constitucionalidade	2500
constitucionalismo	2500
constitucionalista	2500
constitucionalizar	2500
constituição	2500
constituinte	2500
constituir	2500
constitutivo	2500
constrangedor	2500
constranger	2500
constrição	2500
constringente	2500
constringir	2500
constritivo	2500
constrito	2500
constritor	2500
construção	2500
construir	2500
construtivo	2500
construtor	2500
construtura	2500
consubstancial	2500
consubstancialidade	2500
consubstanciar	2500
consuetudinário	2500
consulado	2500
consular	2500
consulente	2500
consulesa	2500
cônsul	2500
consultadoria	2500
consulta	2500
consultante	2500
consultar	2500
consultivo	2500
consultoria	2500
consultório	2500
consultor	2500
consumar	2500
consumir	2500
consumismo	2500
consumo	2500
contabilidade	2500
contabilista	2500
contabilístico	2500
contabilizar	2500
conta-corrente	2500
contactar	2500
contacto	2500
contador	2500
contadoria	2500
contagem	2500
contagiante	2500
contagião	2500
contagiar	2500
contagional	2500
contágio	2500
contagiosidade	2500
contagioso	2500
conta-gotas	2500
contaminabilidade	2500
contaminação	2500
contaminador	2500
contaminar	2500
contanto	2500
conta-quilómetros	2500
contar	2500
conta-voltas	2500
contemplador	2500
contemplante	2500
contemplar	2500
contemplativa	2500
contemplatividade	2500
contemplativo	2500
contemporaneidade	2500
contemporâneo	2500
contemporizador	2500
contemporizante	2500
contemporizar	2500
contencioso	2500
contenda	2500
contendedor	2500
contendente	2500
contender	2500
contendor	2500
contensão	2500
contentadiço	2500
contentar	2500
contente	2500
contentivo	2500
contentor	2500
conterrâneo	2500
conter	2500
contestabilidade	2500
contestador	2500
contestante	2500
contestar	2500
contestatário	2500
contestável	2500
conteste	2500
conteúdo	2500
contexto	2500
contextual	2500
contextualizar	2500
contextuar	2500
contextura	2500
contia	2500
contigo	2500
contiguamente	2500
contiguar	2500
contiguidade	2500
contíguo	2500
continência	2500
continental	2500
continentalidade	2500
continente	2500
contingencial	2500
contingência	2500
contingente	2500
contingentismo	2500
continuador	2500
continuamente	2500
continuar	2500
continuativo	2500
continuidade	2500
contínuo	2500
conto	2500
contorção	2500
contorcer	2500
contorcionar	2500
contorcionismo	2500
contorcionista	2500
contornar	2500
contornear	2500
contorno	2500
contra-almirante	2500
contra-assalto	2500
contra-atacante	2500
contra-atacar	2500
contra-ataque	2500
contraterrorismo	2500
contrainformação	2500
contrabaixista	2500
contrabaixo	2500
contrabalançar	2500
contrabaluarte	2500
contrabanda	2500
contrabandear	2500
contrabandismo	2500
contrabandista	2500
contrabando	2500
contrabateria	2500
contrabater	2500
contrabordo	2500
contracaixilho	2500
contracâmbio	2500
contracampanha	2500
contracanto	2500
contracapa	2500
contracarril	2500
contração	2500
contracédula	2500
contracena	2500
contracenar	2500
contraceção	2500
contracetivo	2500
contracifra	2500
contracorrente	2500
contracosta	2500
contractivo	2500
contrativo	2500
contracto	2500
contratual	2500
contratuante	2500
contractura	2500
contratura	2500
contracunhar	2500
contracunho	2500
contracurva	2500
contradeclarar	2500
contradição	2500
contradita	2500
contraditar	2500
contradito	2500
contraditor	2500
contraditória	2500
contraditório	2500
contradizer	2500
contradomínio	2500
contraespionagem	2500
contrafação	2500
contrafazer	2500
contrafeitiço	2500
contrafeito	2500
contrafortar	2500
contraforte	2500
contrafosso	2500
contrafuga	2500
contragolpe	2500
contragosto	2500
contraindicação	2500
contraindicar	2500
contrair	2500
contralto	2500
contraluz	2500
contramandado	2500
contramandar	2500
contramanobra	2500
contramanobrar	2500
contramarca	2500
contramarcar	2500
contramarcha	2500
contramarchar	2500
contramaré	2500
contramestre	2500
contramurar	2500
contramuro	2500
contranatural	2500
contranaturalidade	2500
contraofensiva	2500
contraordem	2500
contraordenar	2500
contraparte	2500
contrapartida	2500
contrapasso	2500
contrapesar	2500
contrapeso	2500
contraplacado	2500
contraplacar	2500
contrapoder	2500
contrapontear	2500
contrapontista	2500
contrapontística	2500
contraponto	2500
contrapor	2500
contraposição	2500
contraposta	2500
contraposto	2500
contrapressão	2500
contraproducente	2500
contraproduzir	2500
contraprojeto	2500
contrapropaganda	2500
contrapropor	2500
contraproposta	2500
contraprova	2500
contraprovar	2500
contrapunho	2500
contraquartel	2500
contraquilha	2500
contrarregra	2500
contrarrelógio	2500
contrarrevolta	2500
contrarrevolução	2500
contrarrevolucionário	2500
contrariante	2500
contrariar	2500
contrariedade	2500
contrário	2500
contrassenha	2500
contrassenso	2500
contrastar	2500
contrastear	2500
contraste	2500
contrastivo	2500
contratadeira	2500
contratador	2500
contratante	2500
contratar	2500
contratempo	2500
contratestemunhar	2500
contratorpedeiro	2500
contratualizar	2500
contravapor	2500
contravenção	2500
contraveneno	2500
contravento	2500
contraventor	2500
contraverdade	2500
contraversão	2500
contraverter	2500
contravir	2500
contravolta	2500
contribuição	2500
contribuinte	2500
contribuir	2500
contributário	2500
contributivo	2500
contributo	2500
contrição	2500
contristar	2500
contrito	2500
controlar	2500
controlo	2500
controvérsia	2500
controverso	2500
controverter	2500
contumácia	2500
contumaz	2500
contumélia	2500
contundência	2500
contundente	2500
contundir	2500
conturbar	2500
conturbativo	2500
contusão	2500
contuso	2500
convalescença	2500
convalescente	2500
convalescer	2500
convecção	2500
convetor	2500
convenção	2500
convencedor	2500
convencer	2500
convencido	2500
convencional	2500
convencionalismo	2500
convencionar	2500
conveniência	2500
conveniente	2500
convénio	2500
conventicular	2500
conventículo	2500
convento	2500
conventual	2500
convergência	2500
convergente	2500
convergir	2500
conversadeira	2500
conversado	2500
conversador	2500
conversa	2500
conversão	2500
conversar	2500
conversibilidade	2500
conversível	2500
conversivo	2500
converso	2500
conversor	2500
convertedor	2500
converter	2500
convertido	2500
convertível	2500
convés	2500
convexão	2500
convexidade	2500
convexo	2500
convexo-côncavo	2500
convicção	2500
convicto	2500
convidado	2500
convidante	2500
convidar	2500
convidativo	2500
convincente	2500
convir	2500
convite	2500
convival	2500
conviva	2500
convivência	2500
convivente	2500
conviver	2500
convívio	2500
convocador	2500
convocar	2500
convocatória	2500
convocatório	2500
convolução	2500
convolver	2500
convosco	2500
convulsão	2500
convulsar	2500
convulsibilidade	2500
convulsionante	2500
convulsionário	2500
convulsionar	2500
convulsível	2500
convulsivo	2500
convulso	2500
coobrigar	2500
coocupante	2500
coocorrência	2500
cooperador	2500
cooperar	2500
cooperativa	2500
cooperativismo	2500
cooperativista	2500
cooperativo	2500
coopositor	2500
cooptar	2500
coordenação	2500
coordenada	2500
coordenado	2500
coordenador	2500
coordenar	2500
coordenativo	2500
coorientador	2500
copada	2500
copado	2500
copa	2500
coparceiro	2500
coparticipante	2500
coparticipar	2500
copas	2500
copázio	2500
copeira	2500
copeiro	2500
copépode	2500
copiador	2500
cópia	2500
copiar	2500
copiloto	2500
copiosidade	2500
copioso	2500
copista	2500
copito	2500
copo	2500
copra	2500
coprodução	2500
coprofagia	2500
coprófago	2500
coprofilia	2500
copropriedade	2500
coproprietário	2500
copta	2500
cópula	2500
copular	2500
copulativo	2500
coqueiral	2500
coqueiro	2500
coqueluche	2500
coquetel	2500
coração	2500
coracoide	2500
coradoiro	2500
coradouro	2500
coragem	2500
corajoso	2500
coraleira	2500
coraleiro	2500
coral	2500
coraliários	2500
coralífero	2500
coraliforme	2500
coralino	2500
coraloide	2500
corante	2500
corar	2500
corcel	2500
corço	2500
corcova	2500
corcovar	2500
corcovear	2500
corcunda	2500
cordado	2500
cordados	2500
corda	2500
cordão	2500
cordame	2500
cordato	2500
cordear	2500
cordeiro	2500
cordelinho	2500
cordel	2500
cordial	2500
cordiforme	2500
cordilheira	2500
cordoaria	2500
cordoar	2500
cordoeiro	2500
coriáceo	2500
coreano	2500
corredator	2500
corredentor	2500
correferência	2500
corregência	2500
corregente	2500
coreografar	2500
coreografia	2500
corresponsabilizar	2500
corresponsável	2500
coreto	2500
corréu	2500
corifeu	2500
corimbiforme	2500
coríntio	2500
corisco	2500
corista	2500
corja	2500
cornada	2500
corneal	2500
córnea	2500
cornear	2500
córneo	2500
cornetada	2500
corneta	2500
cornetão	2500
cornetear	2500
corneteiro	2500
cornetim	2500
cor	2500
cornicho	2500
cornichoso	2500
corniculado	2500
cornículo	2500
cornífero	2500
cornificar	2500
corniforme	2500
cornija	2500
corno	2500
cornucópia	2500
cornuda	2500
coroa	2500
coroar	2500
coroláceo	2500
corolado	2500
corola	2500
corolário	2500
corolífero	2500
coroliforme	2500
coronal	2500
coronário	2500
coronel	2500
coronhada	2500
coronha	2500
coronheiro	2500
coroniforme	2500
coro	2500
coroplastia	2500
corpaço	2500
corpanzil	2500
corpanzudo	2500
corpete	2500
corpo	2500
corporação	2500
corporal	2500
corporalidade	2500
corporalizar	2500
corpora	2500
corporativismo	2500
corporativista	2500
corporativo	2500
corporatura	2500
corporeidade	2500
corpóreo	2500
corporificar	2500
corporiforme	2500
corporizar	2500
corpulência	2500
corpulento	2500
corpuscular	2500
corpúsculo	2500
corpus	2500
correcional	2500
corre-corre	2500
corretivo	2500
corretoria	2500
corretório	2500
corretriz	2500
corredela	2500
corrediço	2500
corredio	2500
corredor	2500
corregedoria	2500
corregedor	2500
correger	2500
correia	2500
correlação	2500
correlacionante	2500
correlacionar	2500
correlatar	2500
correlatividade	2500
correlativo	2500
correlato	2500
correligionário	2500
correnteza	2500
correntio	2500
correntoso	2500
correria	2500
correr	2500
correspondência	2500
correspondente	2500
corresponder	2500
corretagem	2500
corretar	2500
corricar	2500
corrida	2500
corridinho	2500
corrimão	2500
corriqueirice	2500
corriqueiro	2500
corroborante	2500
corroborar	2500
corroborativo	2500
corroer	2500
corromper	2500
corrosão	2500
corrosibilidade	2500
corrosível	2500
corrosivo	2500
corrupção	2500
corruptível	2500
corruptivo	2500
corrupto	2500
corruptor	2500
corsário	2500
córsico	2500
corso	2500
cortadeira	2500
cortadela	2500
cortador	2500
cortadura	2500
corta-fogo	2500
corta-mar	2500
corta-mato	2500
corta	2500
cortante	2500
corta-papel	2500
cortar	2500
corta-vento	2500
cortejador	2500
cortejar	2500
cortejo	2500
corte	2500
cortesania	2500
cortesanice	2500
cortês	2500
cortesão	2500
cortesia	2500
córtex	2500
cortiçada	2500
cortiçado	2500
cortical	2500
cortiça	2500
corticeira	2500
corticeiro	2500
córtice	2500
corticiforme	2500
corticite	2500
cortícola	2500
cortiço	2500
cortiçoso	2500
corticotrofina	2500
cortinado	2500
cortina	2500
cortinar	2500
cortisona	2500
coruja	2500
corujar	2500
corujeira	2500
corujeiro	2500
corujento	2500
corujo	2500
corvense	2500
corveta	2500
corvídeo	2500
corvo-marinho	2500
corvo	2500
coscuvilhar	2500
coscuvilheiro	2500
coscuvilhice	2500
cossecante	2500
cosedor	2500
cosedura	2500
cosseno	2500
coser	2500
cosidela	2500
cossignatário	2500
cosmética	2500
cosmético	2500
cosmetologia	2500
cósmico	2500
cosmobiologia	2500
cosmobiologismo	2500
cosmogonia	2500
cosmografia	2500
cosmologia	2500
cosmometria	2500
cosmonauta	2500
cosmonomia	2500
cosmopolita	2500
cosmopolítico	2500
cosmopolitismo	2500
cosmopolizar	2500
cosmos	2500
cossaco	2500
costabaixo	2500
costada	2500
costado	2500
costal	2500
costa	2500
costa-riquenho	2500
costear	2500
costeiro	2500
costela	2500
costeleta	2500
costumança	2500
costumar	2500
costumeira	2500
costumeiro	2500
costume	2500
costura	2500
costurar	2500
costureiro	2500
cota	2500
cotangente	2500
cotão	2500
cotar	2500
cotejo	2500
cote	2500
cotilédone	2500
cotiloide	2500
cotizar	2500
cotonete	2500
cotonicultura	2500
coto	2500
cotovelada	2500
cotovelão	2500
cotovelar	2500
cotovelo	2500
cotovia	2500
coulomb	2500
couraça	2500
couraçar	2500
couraceiro	2500
coura	2500
courão	2500
courela	2500
couro	2500
cousada	2500
cousa	2500
cousica	2500
cousíssima	2500
coutada	2500
coutaria	2500
coutar	2500
couteiro	2500
couto	2500
couval	2500
couve-flor	2500
couveira	2500
couveiro	2500
couve-nabiça	2500
couve	2500
covalência	2500
covalente	2500
coval	2500
cova	2500
covão	2500
covarde	2500
covardia	2500
coveiro	2500
covil	2500
covinha	2500
covoada	2500
covo	2500
coxal	2500
coxa	2500
coxão	2500
coxeadura	2500
coxeante	2500
coxear	2500
coxeira	2500
coxia	2500
coxo	2500
cozedeira	2500
cozedura	2500
cozer	2500
cozinhada	2500
cozinhado	2500
cozinhar	2500
cozinheiro	2500
crachá	2500
cracoviano	2500
craniano	2500
craniologia	2500
crânio	2500
crápula	2500
crapulear	2500
crapuloso	2500
craque	2500
crase	2500
crasso	2500
cratera	2500
crateriforme	2500
cravadeira	2500
cravador	2500
cravadura	2500
cravagem	2500
cravar	2500
craveira	2500
craveiro	2500
cravejar	2500
cravelha	2500
cravina	2500
cravo	2500
creche	2500
credencial	2500
credenciário	2500
credenciar	2500
credibilidade	2500
credibilizar	2500
creditar	2500
crédito	2500
credível	2500
credo	2500
credor	2500
credulamente	2500
credulidade	2500
crédulo	2500
cremadeiro	2500
cremadoiro	2500
cremadouro	2500
cremalheira	2500
cremar	2500
crematório	2500
creme	2500
cremoso	2500
crença	2500
crendeirice	2500
crendeiro	2500
crendice	2500
crenoterapia	2500
crente	2500
creolina	2500
creosote	2500
crepe	2500
crepitante	2500
crepitar	2500
crepitoso	2500
crepuscular	2500
crepusculizar	2500
crepúsculo	2500
crer	2500
crescendo	2500
crescente	2500
crescer	2500
crescidote	2500
crespo	2500
crestadeira	2500
crestadura	2500
crestante	2500
crestar	2500
cretáceo	2500
cretácico	2500
cretão	2500
cretense	2500
cretinismo	2500
cretinizar	2500
cretino	2500
cretinoide	2500
cretinoso	2500
criação	2500
criacionismo	2500
criacionista	2500
criadagem	2500
criadeira	2500
criado	2500
criador	2500
criadouro	2500
criançada	2500
criança	2500
criançola	2500
cria	2500
criar	2500
criatividade	2500
criativo	2500
criatura	2500
criaturinha	2500
cricri	2500
crime	2500
criminação	2500
criminal	2500
criminalidade	2500
criminalista	2500
criminalizar	2500
criminável	2500
criminologia	2500
criminoso	2500
crina	2500
criogenia	2500
criogénico	2500
crioilo	2500
crioulo	2500
cripta	2500
críptico	2500
criptografia	2500
criptograma	2500
criptologia	2500
criptoméria	2500
crípton	2500
críquete	2500
crisálida	2500
crisântemo	2500
crise	2500
crismal	2500
crisma	2500
crismando	2500
crismar	2500
crisóstomo	2500
crispadura	2500
crispante	2500
crispar	2500
cristalaria	2500
cristaleira	2500
cristaleria	2500
cristalífero	2500
cristalinidade	2500
cristalino	2500
cristalizador	2500
cristalizar	2500
cristal	2500
cristalogia	2500
cristalografia	2500
cristaloide	2500
cristandade	2500
crista	2500
cristão	2500
cristianicida	2500
cristianismo	2500
cristianíssimo	2500
cristianizar	2500
cristologia	2500
critério	2500
criterioso	2500
criticador	2500
crítica	2500
criticante	2500
criticar	2500
criticismo	2500
criticista	2500
crítico	2500
critiqueiro	2500
critiquice	2500
crivar	2500
criveiro	2500
crivo	2500
croácio	2500
croata	2500
croché	2500
crocodilo	2500
cromagem	2500
cromar	2500
cromática	2500
cromático	2500
cromatina	2500
cromatismo	2500
cromatizar	2500
cromatóforo	2500
cromatografia	2500
cromato	2500
cromatoscopia	2500
cromeleque	2500
crómico	2500
crómio	2500
cromófilo	2500
cromófobo	2500
cromogéneo	2500
cromo	2500
cromoplasta	2500
cromoplastídio	2500
cromossoma	2500
cromossómico	2500
cromoterapia	2500
crónica	2500
cronicar	2500
cronicidade	2500
crónico	2500
croniqueiro	2500
croniquizar	2500
cronista	2500
cronografia	2500
cronograma	2500
cronologia	2500
cronológico	2500
cronometragem	2500
cronometrar	2500
cronometria	2500
cronometrista	2500
cronómetro	2500
croquete	2500
crosta	2500
crostoso	2500
crua	2500
cru	2500
crucial	2500
crucífero	2500
crucificador	2500
crucificar	2500
crucifixar	2500
crucifixo	2500
cruciforme	2500
crudelíssimo	2500
crude	2500
cruel	2500
crueldade	2500
crueza	2500
crural	2500
crustáceo	2500
crustaceologia	2500
crustáceos	2500
crusta	2500
cruzada	2500
cruzador	2500
cruzante	2500
cruzar	2500
cruzeiro	2500
cruzetado	2500
cruzeta	2500
cruz	2500
cuanza	2500
cuba	2500
cubano	2500
cubar	2500
cubata	2500
cúbico	2500
cubículo	2500
cubiforme	2500
cubismo	2500
cubista	2500
cubital	2500
cúbito	2500
cuboide	2500
cubo	2500
cuco	2500
cueca	2500
cuecas	2500
cueiro	2500
cuidadeira	2500
cuidado	2500
cuidador	2500
cuidadoso	2500
cuidar	2500
culatral	2500
culatra	2500
culinária	2500
culinário	2500
culminância	2500
culminante	2500
culminar	2500
culpabilidade	2500
culpabilizar	2500
culpa	2500
culpar	2500
culposo	2500
cultismo	2500
cultivador	2500
cultivar	2500
cultivo	2500
culto	2500
cultor	2500
cultural	2500
cultura	2500
culturismo	2500
culturista	2500
cume	2500
cúmplice	2500
cumpliciar	2500
cumplicidade	2500
cumprimentador	2500
cumprimentar	2500
cumprimenteiro	2500
cumprimento	2500
cumprir	2500
cumular	2500
cumulativo	2500
cúmulo	2500
cuneiforme	2500
cunhada	2500
cunhado	2500
cunhador	2500
cunhagem	2500
cunha	2500
cunhar	2500
cunho	2500
cu	2500
cupão	2500
cupidez	2500
cupidinoso	2500
cúpido	2500
cupido	2500
cupulado	2500
cúpula	2500
cupuliforme	2500
curabilidade	2500
curadoria	2500
curador	2500
curandeira	2500
curandeirismo	2500
curandeiro	2500
curandice	2500
cura	2500
curar	2500
curativo	2500
curato	2500
curdo	2500
curial	2500
curialidade	2500
curialismo	2500
cúria	2500
curião	2500
curie	2500
curiosidade	2500
curioso	2500
curralada	2500
curraleiro	2500
curral	2500
curricular	2500
currículo	2500
curro	2500
cursar	2500
cursista	2500
cursivo	2500
curso	2500
cursor	2500
curta-metragem	2500
curtas-metragens	2500
curteza	2500
curtidoiro	2500
curtidouro	2500
curtidura	2500
curtir	2500
curto	2500
curto-circuito	2500
curto-prazo	2500
curtume	2500
curva	2500
curvar	2500
curvatura	2500
curvejar	2500
curveta	2500
curvilíneo	2500
curvo	2500
cuspe	2500
cuspideira	2500
cuspidela	2500
cuspidouro	2500
cuspidura	2500
cuspir	2500
cuspo	2500
custar	2500
custear	2500
custeio	2500
custódia	2500
custodiar	2500
custódio	2500
custoso	2500
cutâneo	2500
cutela	2500
cutelão	2500
cutelaria	2500
cuteleiro	2500
cutelo	2500
cutícula	2500
cuticular	2500
cutilada	2500
cutilaria	2500
cutileiro	2500
dactílico	2500
dactilografar	2500
datilografar	2500
dactilografia	2500
datilografia	2500
dáctilo	2500
dada	2500
dádiva	2500
dado	2500
dador	2500
daí	2500
dáimio	2500
dalém	2500
dalgo	2500
dalguém	2500
dalgum	2500
dalgures	2500
dália	2500
dali	2500
dálmata	2500
daltónico	2500
daltonismo	2500
dama	2500
damasceno	2500
damasco	2500
damas	2500
damasqueiro	2500
danar	2500
dançadeira	2500
dançador	2500
dança	2500
dançante	2500
dançaricar	2500
dançarino	2500
dançar	2500
danificar	2500
daninho	2500
dano	2500
danoso	2500
dantes	2500
dantesco	2500
dântico	2500
danubiano	2500
daquém	2500
daqui	2500
daquilo	2500
dardejar	2500
dardo	2500
datador	2500
datal	2500
datar	2500
dativo	2500
dealbar	2500
deambulante	2500
deambular	2500
deambulatório	2500
deambulismo	2500
deão	2500
debalde	2500
debandada	2500
debandar	2500
debate	2500
debater	2500
debelar	2500
debelatório	2500
debicar	2500
débil	2500
debilidade	2500
debilitador	2500
debilitante	2500
debilitar	2500
debilmente	2500
debiqueiro	2500
debique	2500
debitar	2500
débito	2500
debochar	2500
deboche	2500
debruar	2500
debruçar	2500
debulhada	2500
debulhadeira	2500
debulhadora	2500
debulhador	2500
debulha	2500
debulhar	2500
debulho	2500
debutante	2500
debutar	2500
debuxar	2500
debuxo	2500
década	2500
decadência	2500
decadente	2500
decadentismo	2500
decadentista	2500
decagonal	2500
decágono	2500
decagrama	2500
decaída	2500
decaído	2500
decair	2500
decalcar	2500
decalcomania	2500
decalitro	2500
decálogo	2500
decalque	2500
decâmetro	2500
decanado	2500
decangular	2500
decania	2500
decano	2500
decantar	2500
decapitar	2500
decassilábico	2500
decassílabo	2500
decatlo	2500
decência	2500
decénio	2500
decente	2500
decepar	2500
deceção	2500
dececionar	2500
decetivo	2500
decerto	2500
decibel	2500
decididamente	2500
decidir	2500
decidível	2500
decídua	2500
decifrador	2500
decifrar	2500
decigrado	2500
decigrama	2500
decilitragem	2500
decilitrar	2500
decilitreiro	2500
decilitro	2500
decil	2500
decimal	2500
decimalidade	2500
decimalização	2500
décima	2500
decimável	2500
decímetro	2500
décimo	2500
decisão	2500
decisivo	2500
decisório	2500
declamador	2500
declamante	2500
declamar	2500
declamativo	2500
declamatório	2500
declaração	2500
declarador	2500
declarante	2500
declarar	2500
declarativo	2500
declaratório	2500
declinante	2500
declinar	2500
declinativo	2500
declinatório	2500
declínio	2500
declivar	2500
declive	2500
declividade	2500
declívio	2500
declivoso	2500
decomponente	2500
decomponibilidade	2500
decomponível	2500
decompor	2500
decomposição	2500
decoração	2500
decorador	2500
decorar	2500
decorativo	2500
decoro	2500
decoroso	2500
decorrência	2500
decorrente	2500
decorrer	2500
decotar	2500
decote	2500
decrementar	2500
decremento	2500
decrepitar	2500
decrépito	2500
decrepitude	2500
decrescença	2500
decrescente	2500
decrescer	2500
decréscimo	2500
decretar	2500
decreto-lei	2500
decretos-lei	2500
decreto	2500
decretório	2500
decúbito	2500
décuplo	2500
decurso	2500
dedada	2500
dedaleira	2500
dedáleo	2500
dedálica	2500
dedálico	2500
dedal	2500
dedão	2500
dedicado	2500
dedicar	2500
dedicatória	2500
dedilhar	2500
dedo	2500
dedução	2500
deducente	2500
deducional	2500
dedutível	2500
dedutivo	2500
deduzir	2500
defecador	2500
defecar	2500
defecatório	2500
defeção	2500
defetibilidade	2500
defetível	2500
defetividade	2500
defetivo	2500
defeito	2500
defeituoso	2500
defendente	2500
defender	2500
defensa	2500
defensar	2500
defensiva	2500
defensível	2500
defensivo	2500
defensor	2500
defensório	2500
deferencial	2500
deferência	2500
deferente	2500
deferir	2500
defesa	2500
defeso	2500
défice	2500
deficiência	2500
deficiente	2500
deficitário	2500
deficit	2500
definhador	2500
definhar	2500
definibilidade	2500
definição	2500
definir	2500
definitivo	2500
definitório	2500
deflação	2500
deflacionismo	2500
deflacionista	2500
deflagrador	2500
deflagrante	2500
deflagrar	2500
deflectir	2500
defletir	2500
deflector	2500
defletor	2500
deflexão	2500
deflorar	2500
defluência	2500
defluir	2500
defluxão	2500
defluxo	2500
deformação	2500
deformador	2500
deformar	2500
deformatório	2500
deformidade	2500
defraudador	2500
defraudar	2500
defrontante	2500
defrontar	2500
defronte	2500
defumadela	2500
defumador	2500
defumadouro	2500
defumadura	2500
defumar	2500
defunto	2500
degastar	2500
degelar	2500
degelo	2500
degenerar	2500
degenerativo	2500
degenerescência	2500
degenerescente	2500
deglutir	2500
degoladoiro	2500
degolador	2500
degoladouro	2500
degoladura	2500
degolar	2500
degradação	2500
degradador	2500
degradante	2500
degradar	2500
degrau	2500
degredado	2500
degredo	2500
degressivo	2500
degustar	2500
deidade	2500
deificar	2500
deiscente	2500
deísmo	2500
deitada	2500
deitadura	2500
deita	2500
deitar	2500
deixa	2500
deixar	2500
dejeção	2500
dejetar	2500
dejeto	2500
dejetório	2500
delação	2500
delambido	2500
delapidar	2500
delatar	2500
delator	2500
delatório	2500
dele	2500
delegacia	2500
delegado	2500
delegante	2500
delegar	2500
delegatário	2500
delegatório	2500
deleitante	2500
deleitar	2500
deleite	2500
deleitoso	2500
delével	2500
délfico	2500
delfim	2500
delfina	2500
delfinídeos	2500
delgadeza	2500
delgado	2500
deliberadamente	2500
deliberante	2500
deliberar	2500
deliberativo	2500
delicadeza	2500
delicado	2500
delícia	2500
deliciar	2500
delicioso	2500
delimitador	2500
delimitar	2500
delimitativo	2500
delineador	2500
delinear	2500
delineativo	2500
delinquência	2500
delinquente	2500
delirante	2500
delirar	2500
delírio	2500
delirium-tremens	2500
delito	2500
delituoso	2500
delonga	2500
delongar	2500
delta	2500
demagogia	2500
demagogice	2500
demagógico	2500
demagogismo	2500
demagogo	2500
demanda	2500
demandante	2500
demandar	2500
demão	2500
demarcador	2500
demarcar	2500
demarcativo	2500
demarcatório	2500
demasiado	2500
demasia	2500
demencial	2500
demência	2500
dementar	2500
demente	2500
demérito	2500
demeritório	2500
demissão	2500
demissibilidade	2500
demissionário	2500
demissível	2500
demisso	2500
demissor	2500
demissório	2500
demitir	2500
democracia	2500
democrata-cristão	2500
democrático	2500
democratizar	2500
demografar	2500
demografia	2500
demolhar	2500
demolir	2500
demolitório	2500
demoníaco	2500
demónio	2500
demo	2500
demonocracia	2500
demonolatria	2500
demonologia	2500
demonstrabilidade	2500
demonstração	2500
demonstrador	2500
demonstrante	2500
demonstrar	2500
demonstrativo	2500
demora	2500
demorar	2500
demoroso	2500
demostrativo	2500
demover	2500
dendrolatria	2500
dendrites	2500
denegar	2500
denegridor	2500
denegrir	2500
dengue	2500
denguice	2500
denominador	2500
denominar	2500
denominativo	2500
denotacional	2500
denotar	2500
denotativo	2500
densidade	2500
denso	2500
dentada	2500
dentadura	2500
dental	2500
dentário	2500
dentar	2500
dente	2500
dentição	2500
denticular	2500
dentículo	2500
dentiforme	2500
dentífrico	2500
dentista	2500
dentola	2500
dentre	2500
dentuço	2500
dentuça	2500
denudar	2500
denunciador	2500
denúncia	2500
denunciante	2500
denunciar	2500
denunciativo	2500
denunciatório	2500
deontologia	2500
deontologismo	2500
deparar	2500
departamental	2500
departamento	2500
depauperador	2500
depauperante	2500
depauperar	2500
depenar	2500
dependência	2500
dependente	2500
depender	2500
dependura	2500
dependurar	2500
depenicar	2500
depilar	2500
depilatório	2500
deplorar	2500
deplorativo	2500
deploratório	2500
depoente	2500
depoimento	2500
deponente	2500
deportação	2500
deportar	2500
depor	2500
deposição	2500
depositante	2500
depositário	2500
depositar	2500
depósito	2500
deposto	2500
depravador	2500
depravar	2500
depreciar	2500
depreciativo	2500
depredador	2500
depredar	2500
depredativo	2500
depredatório	2500
depreender	2500
depreensão	2500
depressa	2500
depressão	2500
depressível	2500
depressivo	2500
depressor	2500
deprimência	2500
deprimir	2500
depurador	2500
depurante	2500
depurar	2500
depurativo	2500
depuratório	2500
deputado	2500
deputar	2500
dérbi	2500
derivação	2500
derivada	2500
deriva	2500
derivante	2500
derivar	2500
derivativo	2500
derivatório	2500
dermático	2500
dermatologia	2500
dermatose	2500
derme	2500
dérmico	2500
derradeiro	2500
derramar	2500
derrame	2500
derrapagem	2500
derrapante	2500
derrapar	2500
derrear	2500
derreter	2500
derrocada	2500
derrocar	2500
derrogação	2500
derrogante	2500
derrogar	2500
derrogatório	2500
derrota	2500
derrotar	2500
derrotismo	2500
derrotista	2500
derrubador	2500
derruba	2500
derrubar	2500
derrube	2500
desabafar	2500
desabafo	2500
desabar	2500
desabe	2500
desabotoadura	2500
desabrido	2500
desabrigo	2500
desabrochar	2500
desacatar	2500
desacato	2500
desachegar	2500
desacoitar	2500
desacompassado	2500
desacordante	2500
desacorde	2500
desafeto	2500
desafiador	2500
desafiante	2500
desafiar	2500
desafinar	2500
desafio	2500
desafogadamente	2500
desafogar	2500
desafogo	2500
desaforadamente	2500
desaforar	2500
desaforido	2500
desaforo	2500
desafortunado	2500
desagastar	2500
desagradavelmente	2500
desagradecido	2500
desagravo	2500
desagregador	2500
desagregante	2500
desaguadouro	2500
desaguar	2500
desaguisar	2500
desairar	2500
desaire	2500
desajeitar	2500
desalentador	2500
desalentar	2500
desalento	2500
desalfandegar	2500
desaliar	2500
desalinhar	2500
desalinhavar	2500
desalinho	2500
desalmadamente	2500
desalmar	2500
desamão	2500
desambiguar	2500
desamor	2500
desancar	2500
desandadela	2500
desanda	2500
desandar	2500
desanimador	2500
desanimar	2500
desanuviar	2500
desaparecer	2500
desaparelho	2500
desaparentado	2500
desaparição	2500
desapartar	2500
desapegar	2500
desapego	2500
desaperto	2500
desapoiar	2500
desapoio	2500
desapontar	2500
desapoquentar	2500
desapossar	2500
desapreço	2500
desapropriação	2500
desapropriar	2500
desaprumar	2500
desaprumo	2500
desarmador	2500
desarmónico	2500
desarmonizar	2500
desarranchar	2500
desarranjar	2500
desarrochar	2500
desarrolhar	2500
desarrumo	2500
desarvorar	2500
desassombradamente	2500
desassombrar	2500
desassombro	2500
desassorear	2500
desassossegar	2500
desassossego	2500
desastrado	2500
desastre	2500
desastroso	2500
desatacar	2500
desatafulhar	2500
desatarraxar	2500
desatar	2500
desatenção	2500
desate	2500
desatentadamente	2500
desatentar	2500
desatento	2500
desaterro	2500
desatinar	2500
desatino	2500
desatolar	2500
desatordoar	2500
desatracar	2500
desatrelar	2500
desaurir	2500
desautorizar	2500
desavença	2500
desavergonhado	2500
desaviar	2500
desavindo	2500
desavir	2500
desavisadamente	2500
desavisar	2500
desbagar	2500
desbandar	2500
desbaratador	2500
desbaratar	2500
desbarate	2500
desbarato	2500
desbastador	2500
desbastar	2500
desbaste	2500
desbobinar	2500
desbordante	2500
desbordar	2500
desbordo	2500
desboroar	2500
desbotar	2500
desbotoar	2500
desbravador	2500
desbravar	2500
descabelar	2500
descaber	2500
descabido	2500
descaída	2500
descaidela	2500
descair	2500
descafeinado	2500
descalabrado	2500
descalabro	2500
descalçadeira	2500
descalçadura	2500
descalçar	2500
descalcificador	2500
descalcificante	2500
descalcificar	2500
descalço	2500
descamar	2500
descaminho	2500
descampado	2500
descampar	2500
descansar	2500
descanso	2500
descapotável	2500
descaracterizar	2500
descaraterizar	2500
descarado	2500
descarar	2500
descarga	2500
descargo	2500
descarnar	2500
descaroçar	2500
descarregador	2500
descarregadouro	2500
descarrega	2500
descarregar	2500
descarrilar	2500
descartar	2500
descasalar	2500
descascadeira	2500
descascadela	2500
descascador	2500
descascadura	2500
descascar	2500
descasque	2500
descendência	2500
descendente	2500
descender	2500
descente	2500
descerrar	2500
descer	2500
descida	2500
desclassificar	2500
descloretar	2500
descoagulante	2500
descoberta	2500
descoberto	2500
descobridor	2500
descobrir	2500
descoimar	2500
descolagem	2500
descolar	2500
descolorante	2500
descomodidade	2500
descómodo	2500
descomover	2500
descompadrar	2500
descompaixão	2500
descompassar	2500
descompassivo	2500
descompasso	2500
descompor	2500
descomposição	2500
descompostura	2500
descompressão	2500
descompressivo	2500
descomprimir	2500
descomprometido	2500
descomunal	2500
descomunalidade	2500
desconceito	2500
desconceituar	2500
desconcentrar	2500
desconcertante	2500
desconcertar	2500
desconcerto	2500
desconchavar	2500
desconchavo	2500
desconexão	2500
desconexo	2500
desconfiante	2500
desconformar	2500
desconforme	2500
desconformidade	2500
desconfortante	2500
desconfortar	2500
descongestionante	2500
descongestivo	2500
desconhecedor	2500
desconjugar	2500
desconjunção	2500
desconjuntar	2500
desconjuntura	2500
desconjurar	2500
desconsertar	2500
desconserto	2500
desconsiderar	2500
desconsoante	2500
desconsolado	2500
desconsolar	2500
desconsolativo	2500
desconsolo	2500
descontar	2500
descontextualizado	2500
descontínuo	2500
desconto	2500
desconversar	2500
desconverter	2500
descorado	2500
descortês	2500
descortiçar	2500
descortinar	2500
descosedura	2500
descoser	2500
descravar	2500
descrédito	2500
descrença	2500
descrente	2500
descrever	2500
descrição	2500
descriminar	2500
descritível	2500
descritivo	2500
descrito	2500
descritor	2500
descuidar	2500
descuido	2500
desculpa	2500
descuradamente	2500
descurar	2500
desdém	2500
desdenhar	2500
desdenhativo	2500
desdenho	2500
desdenhoso	2500
desdentada	2500
desdentar	2500
desdita	2500
desditoso	2500
desdizer	2500
desdobrar	2500
desejar	2500
desejável	2500
desejo	2500
desejoso	2500
deselegância	2500
deselegante	2500
desembainhar	2500
desembalar	2500
desembaraçar	2500
desembaraço	2500
desembaralhar	2500
desembargador	2500
desembargar	2500
desembargatório	2500
desembargo	2500
desembocadura	2500
desembocar	2500
desembolsar	2500
desembolso	2500
desembrenhar	2500
desembrulhar	2500
desembrulho	2500
desempenhar	2500
desempenho	2500
desemprego	2500
desencabelar	2500
desencachar	2500
desencadear	2500
desencaixe	2500
desencaixilhar	2500
desencalhe	2500
desencantar	2500
desencanto	2500
desencapotar	2500
desencarregar	2500
desencarreirar	2500
desencarrilar	2500
desencartar	2500
desencerrar	2500
desenclaustrar	2500
desenconchar	2500
desencontro	2500
desencovar	2500
desencrencar	2500
desenfadar	2500
desenfado	2500
desenfaixar	2500
desenfreadamente	2500
desenfrear	2500
desenfronhar	2500
desengaiolar	2500
desenganador	2500
desenganar	2500
desenganchar	2500
desengano	2500
desengarrafar	2500
desengasgar	2500
desengasgue	2500
desengatar	2500
desengate	2500
desengatilhar	2500
desengonçar	2500
desengonço	2500
desengordurante	2500
desengraçar	2500
desengrainhar	2500
desengrenar	2500
desenguiço	2500
desenhador	2500
desenhar	2500
desenhista	2500
desenjaular	2500
desenjoar	2500
desenjoativo	2500
desenjoo	2500
desenlaçar	2500
desenlace	2500
desenlamear	2500
desenquadrar	2500
desenraivecer	2500
desenrascar	2500
desenredar	2500
desenredo	2500
desenregelar	2500
desenrodilhar	2500
desenrolar	2500
desensaboar	2500
desentalar	2500
desentender	2500
desenterrado	2500
desenterrar	2500
desentorpecer	2500
desentranhar	2500
desentrelaçar	2500
desentrincheirar	2500
desentulhar	2500
desentulho	2500
desenvencilhar	2500
desenvergonhado	2500
desenvolto	2500
desenvoltura	2500
desenvolvente	2500
desenvolver	2500
desenvolvimento	2500
desenxabir	2500
desenxamear	2500
desenxofrar	2500
desenxovalhar	2500
desenxovalho	2500
desequilíbrio	2500
deserção	2500
deserdar	2500
desertar	2500
desértico	2500
desertificar	2500
deserto	2500
desertor	2500
desesperador	2500
desesperar	2500
desesperativo	2500
desespero	2500
desestagnar	2500
desfaçatez	2500
desfalcar	2500
desfalecente	2500
desfalecer	2500
desfalque	2500
desfasagem	2500
desfasar	2500
desfavor	2500
desfazedor	2500
desfear	2500
desfechar	2500
desfecho	2500
desfeita	2500
desfeitear	2500
desfeito	2500
desferir	2500
desferrar	2500
desfiar	2500
desfibrador	2500
desfibrante	2500
desfibrar	2500
desfigurador	2500
desfigurar	2500
desfilada	2500
desfiladeiro	2500
desfilar	2500
desfile	2500
desfilhar	2500
desflorar	2500
desflorescer	2500
desfocar	2500
desfolhada	2500
desfolhadouro	2500
desfolhadura	2500
desfolha	2500
desfolhar	2500
desforrar	2500
desfortúnio	2500
desfraldar	2500
desfranjar	2500
desfranzir	2500
desfruir	2500
desfrutar	2500
desfrute	2500
desgalvanização	2500
desgarrada	2500
desgarrar	2500
desgarre	2500
desgastante	2500
desgastar	2500
desgaste	2500
desgostar	2500
desgosto	2500
desgostoso	2500
desgovernar	2500
desgraçadamente	2500
desgraça	2500
desgraçar	2500
desgraceira	2500
desgraduar	2500
desgrenhar	2500
desgrilhoar	2500
desguedelhar	2500
desiderato	2500
designação	2500
designadamente	2500
designador	2500
designar	2500
designativo	2500
desígnio	2500
desigual	2500
desiludir	2500
desilusão	2500
desilusivo	2500
desilustrar	2500
desimpedir	2500
desincorporar	2500
desincrustar	2500
desinencial	2500
desinência	2500
desinfeção	2500
desinfecionar	2500
desinfetante	2500
desinfetar	2500
desinquietante	2500
desinquietar	2500
desintegrador	2500
desintegrar	2500
desinteligência	2500
desintoxicar	2500
desintrincar	2500
desirmanar	2500
desirmão	2500
desistência	2500
desistente	2500
desistir	2500
deslaçar	2500
deslapidar	2500
deslavar	2500
desleal	2500
deslealdade	2500
desleixar	2500
desleixo	2500
desligadura	2500
deslindar	2500
deslizante	2500
deslizar	2500
deslize	2500
deslocação	2500
deslocador	2500
deslocar	2500
deslouvor	2500
deslumbrante	2500
deslumbrar	2500
deslumbrativo	2500
deslumbroso	2500
desmagnetizante	2500
desmaiar	2500
desmaio	2500
desmalhar	2500
desmamadeira	2500
desmama	2500
desmamar	2500
desmame	2500
desmanchadiço	2500
desmancha	2500
desmancha-prazeres	2500
desmanchar	2500
desmancho	2500
desmandar	2500
desmando	2500
desmantelador	2500
desmantelar	2500
desmazelar	2500
desmazelo	2500
desmedida	2500
desmedido	2500
desmembrar	2500
desmentido	2500
desmentir	2500
desmérito	2500
desmesuradamente	2500
desmesurar	2500
desmineralizar	2500
desmiolar	2500
desmiudar	2500
desmobilar	2500
desmonopolizar	2500
desmontada	2500
desmonte	2500
desmoralizador	2500
desmoralizar	2500
desmoronar	2500
desmultiplicação	2500
desnasalar	2500
desnatadeira	2500
desnatar	2500
desnatural	2500
desnaturalidade	2500
desnaturalizar	2500
desnaturar	2500
desnublado	2500
desnudar	2500
desnudo	2500
desnudez	2500
desnutrir	2500
desobriga	2500
desobrigar	2500
desodorizante	2500
desodorizar	2500
desolado	2500
desolar	2500
desoneração	2500
desonestidade	2500
desopilante	2500
desopilar	2500
desopilativo	2500
desorganizador	2500
desorganizar	2500
desova	2500
desovar	2500
desoxidante	2500
desoxidar	2500
desoxigenar	2500
despachador	2500
despachante	2500
despachar	2500
despacho	2500
desparafusar	2500
despatriado	2500
despedaçar	2500
despedida	2500
despedir	2500
despegar	2500
despego	2500
despeitar	2500
despeito	2500
despeitorar	2500
despeitoso	2500
despejadamente	2500
despejadouro	2500
despejar	2500
despejo	2500
despender	2500
despenhadeiro	2500
despenhar	2500
despenitenciar	2500
despensa	2500
despentear	2500
desperceber	2500
despercebidamente	2500
desperdiçar	2500
desperdício	2500
despersonalizar	2500
despertador	2500
despertar	2500
despertativo	2500
desperto	2500
despesa	2500
despesão	2500
despetalar	2500
despicar	2500
despiciente	2500
despiedar	2500
despiolhar	2500
despique	2500
despir	2500
despistagem	2500
despistar	2500
desplantar	2500
desplante	2500
despoetizar	2500
despojar	2500
despojo	2500
despolarizante	2500
despolarizar	2500
despoletar	2500
despontante	2500
despontar	2500
despontuar	2500
desportismo	2500
desportista	2500
desportivismo	2500
desportivo	2500
desporto	2500
desposar	2500
déspota	2500
despótico	2500
despotismo	2500
despovoador	2500
desprazer	2500
despregar	2500
desprender	2500
despreocupar	2500
despreparo	2500
desprestígio	2500
despretensão	2500
despretensioso	2500
desprezador	2500
desprezar	2500
desprezativo	2500
desprezível	2500
desprezo	2500
desprimorar	2500
desprimor	2500
desprimoroso	2500
despronunciar	2500
desproporção	2500
despropositar	2500
desproveito	2500
desprover	2500
despudorado	2500
despudor	2500
desqualificador	2500
desqualificar	2500
desqualificativo	2500
desquerer	2500
desquitar	2500
desquite	2500
desratar	2500
desratizar	2500
desrealização	2500
desregrar	2500
desrelvar	2500
desrespeitador	2500
desrespeitar	2500
desrespeito	2500
desrespeitoso	2500
desrolhamento	2500
desselecionar	2500
destacar	2500
destaque	2500
destemido	2500
destemor	2500
destemperadamente	2500
destemperança	2500
destempero	2500
desterrar	2500
desterroar	2500
desterro	2500
destilador	2500
destilaria	2500
destilar	2500
destilatório	2500
destinador	2500
destinar	2500
destinatário	2500
destingir	2500
destino	2500
destituído	2500
destituir	2500
destoante	2500
destoar	2500
destrambelhar	2500
destratar	2500
destravar	2500
destreinar	2500
destreza	2500
destrinçador	2500
destrinça	2500
destrinçar	2500
destro	2500
destroçador	2500
destroçar	2500
destroço	2500
destronar	2500
destruir	2500
destrutível	2500
destrutividade	2500
destrutivo	2500
destrutor	2500
desumano	2500
desumidificador	2500
desumidificar	2500
desunhar	2500
desunião	2500
desunificar	2500
desunir	2500
desusar	2500
desuso	2500
desusual	2500
desvairar	2500
desvairo	2500
desvalido	2500
desvalorar	2500
desvalorizador	2500
desvanecedor	2500
desvanecer	2500
desvariar	2500
desvario	2500
desvelar	2500
desvendar	2500
desvenerar	2500
desventrar	2500
desventura	2500
desventurar	2500
desventuroso	2500
desviacionismo	2500
desviador	2500
desviar	2500
desvincular	2500
desvio	2500
desvirginar	2500
desvirilizar	2500
desvirtuar	2500
detalhado	2500
detalhar	2500
detalhe	2500
deteção	2500
detetar	2500
detetiva	2500
detetive	2500
detetor	2500
detença	2500
detenção	2500
detentor	2500
detergente	2500
deterioração	2500
deteriorante	2500
deteriorar	2500
determinação	2500
determinador	2500
determinante	2500
determinar	2500
determinativo	2500
determinismo	2500
determinista	2500
determinístico	2500
deter	2500
detestar	2500
detidamente	2500
detonador	2500
detonante	2500
detonar	2500
detração	2500
detrativo	2500
detrator	2500
detrás	2500
detrimento	2500
detrítico	2500
detrito	2500
deturpador	2500
deturpar	2500
deus-dará	2500
deus	2500
deusa	2500
deuses	2500
deuterão	2500
deutérico	2500
deutério	2500
devagar	2500
devagarinho	2500
devaneador	2500
devanear	2500
devaneio	2500
devassar	2500
devassidão	2500
devasso	2500
devastador	2500
devastar	2500
deveras	2500
deverbal	2500
deveres	2500
dever	2500
devesa	2500
devidamente	2500
devir	2500
devoção	2500
devocionário	2500
devolução	2500
devolutivo	2500
devoluto	2500
devolutório	2500
devolver	2500
devorador	2500
devorante	2500
devorar	2500
devotar	2500
devoto	2500
dextralidade	2500
dextra	2500
dezena	2500
dez-réis	2500
diabete	2500
diabetes	2500
diabético	2500
diabólico	2500
diabolismo	2500
diabolizar	2500
diabo	2500
diabrete	2500
diabrura	2500
diacho	2500
diaconia	2500
diácono	2500
diacrítico	2500
diacronia	2500
diacrónico	2500
diacústica	2500
diacústico	2500
diáfano	2500
diafonia	2500
diáfora	2500
diafragma	2500
diafragmático	2500
diagnose	2500
diagnosticar	2500
diagnóstico	2500
diagonal	2500
diagrama	2500
dialetal	2500
dialética	2500
dialético	2500
dialetologia	2500
dialeto	2500
diálise	2500
dialogal	2500
dialogar	2500
dialogístico	2500
diálogo	2500
diamante	2500
diamantífero	2500
diamantino	2500
diametral	2500
diâmetro	2500
diana	2500
dianteira	2500
dianteiro	2500
diapasão	2500
diapositivo	2500
diária	2500
diário	2500
diarreia	2500
diarreico	2500
diáspora	2500
diastrofismo	2500
diatónico	2500
diatonismo	2500
diatribe	2500
dica	2500
dicção	2500
dicionarista	2500
dicionarizar	2500
dicotiledóneo	2500
dicotomia	2500
dicotómico	2500
dicotomismo	2500
didata	2500
didática	2500
didático	2500
didatismo	2500
diédrico	2500
diedro	2500
dielétrico	2500
diencéfalo	2500
diérese	2500
diesel	2500
dieta	2500
dietética	2500
dietético	2500
dietista	2500
difamador	2500
difamante	2500
difamar	2500
difamatório	2500
difásico	2500
diferença	2500
diferençar	2500
diferencial	2500
diferenciar	2500
diferendo	2500
diferente	2500
diferir	2500
difícil	2500
dificílimo	2500
dificilmente	2500
dificuldade	2500
dificultar	2500
dificultoso	2500
difração	2500
difratar	2500
difrativo	2500
difteria	2500
diftérico	2500
difundir	2500
difusão	2500
difusibilidade	2500
difusível	2500
difusivo	2500
difuso	2500
difusor	2500
digástrico	2500
digénese	2500
digenético	2500
digenia	2500
digerir	2500
digestão	2500
digestibilidade	2500
digestível	2500
digestivo	2500
digestor	2500
digitação	2500
digitalizar	2500
digitar	2500
dígito	2500
dignar	2500
dignidade	2500
dignificador	2500
dignificante	2500
dignificar	2500
dignitário	2500
digno	2500
digressão	2500
digressionar	2500
digressionista	2500
digressivo	2500
dilação	2500
dilacerante	2500
dilacerar	2500
dilatação	2500
dilatador	2500
dilatante	2500
dilatar	2500
dilatório	2500
dilema	2500
dilemático	2500
diletante	2500
diletantismo	2500
diligência	2500
diligenciar	2500
diligente	2500
diluente	2500
diluir	2500
diluviano	2500
diluviar	2500
dilúvio	2500
diluvioso	2500
dimanante	2500
dimanar	2500
dimensão	2500
dimensional	2500
dimensionar	2500
dimensório	2500
diminuendo	2500
diminuição	2500
diminuir	2500
diminutivo	2500
diminuto	2500
dimorfismo	2500
dinamarquês	2500
dinamicamente	2500
dinâmica	2500
dinâmico	2500
dinamismo	2500
dinamitar	2500
dinamiteiro	2500
dinamite	2500
dinamizar	2500
dinamómetro	2500
dínamo	2500
dinar	2500
dinastia	2500
dinástico	2500
dine	2500
dinheirada	2500
dinheirão	2500
dinheiro	2500
dinossauro	2500
diocesano	2500
diocese	2500
díodo	2500
dioico	2500
dionisíaco	2500
dioptria	2500
dióptrica	2500
dióptrico	2500
dióspiro	2500
diospireiro	2500
dióxido	2500
dioxina	2500
diplococo	2500
diplomacia	2500
diploma	2500
diplomar	2500
diplomata	2500
diplomático	2500
diplopia	2500
dipolo	2500
díptico	2500
dique	2500
direção	2500
direcionado	2500
direcional	2500
direcionar	2500
diretiva	2500
diretivo	2500
direto	2500
diretor-geral	2500
diretor	2500
diretorial	2500
diretoria	2500
diretório	2500
diretriz	2500
direitista	2500
direito	2500
dirigente	2500
dirigibilidade	2500
dirigir	2500
dirigismo	2500
discar	2500
discência	2500
discente	2500
discernente	2500
discernir	2500
disciplinador	2500
disciplina	2500
disciplinante	2500
disciplinar	2500
discípulo	2500
discóbolo	2500
discófilo	2500
discografia	2500
discoide	2500
disco	2500
discordância	2500
discordante	2500
discordar	2500
discórdia	2500
discorrer	2500
discoteca	2500
discrepância	2500
discrepante	2500
discrepar	2500
discreta	2500
discretivo	2500
discreto	2500
discretório	2500
discrição	2500
discricional	2500
discricionário	2500
discriminadamente	2500
discriminador	2500
discriminante	2500
discriminar	2500
discriminativo	2500
discriminatório	2500
discursador	2500
discursar	2500
discursata	2500
discursivo	2500
discurso	2500
discussão	2500
discutir	2500
discutível	2500
disenteria	2500
disfarçar	2500
disfarce	2500
disfasia	2500
disferir	2500
disfonia	2500
disfónico	2500
disformar	2500
disforme	2500
disformidade	2500
disfunção	2500
disjunção	2500
disjuntar	2500
disjuntivo	2500
disjunto	2500
disjuntor	2500
dislate	2500
dislexia	2500
disléxico	2500
disparador	2500
díspar	2500
disparar	2500
disparatar	2500
disparate	2500
disparidade	2500
disparo	2500
dispêndio	2500
dispendioso	2500
dispensabilidade	2500
dispensador	2500
dispensa	2500
dispensário	2500
dispensar	2500
dispensatório	2500
dispenseiro	2500
dispepsia	2500
dispersão	2500
dispersar	2500
dispersivo	2500
disperso	2500
displicência	2500
displicente	2500
disponente	2500
disponibilidade	2500
disponibilizar	2500
dispor	2500
disposição	2500
dispositivo	2500
disposto	2500
disputador	2500
disputa	2500
disputante	2500
disputar	2500
disputativo	2500
disputatório	2500
disquete	2500
dissabor	2500
dissecador	2500
dissecante	2500
dissecar	2500
dissector	2500
dissetor	2500
dissemelhante	2500
disseminador	2500
disseminar	2500
dissensão	2500
dissertar	2500
dissidência	2500
dissidente	2500
dissilábico	2500
dissílabo	2500
dissimétrico	2500
dissimilante	2500
dissimilar	2500
dissimuladamente	2500
dissimulador	2500
dissimular	2500
dissimulatório	2500
dissipador	2500
dissipar	2500
dissociabilidade	2500
dissocial	2500
dissociar	2500
dissociativo	2500
dissolução	2500
dissolutivo	2500
dissoluto	2500
dissolúvel	2500
dissolvência	2500
dissolvente	2500
dissolver	2500
dissonância	2500
dissonante	2500
dissuadir	2500
dissuasão	2500
dissuasivo	2500
dissuasor	2500
dissuasório	2500
disrupção	2500
disruptivo	2500
distal	2500
distância	2500
distanciar	2500
distante	2500
distar	2500
distender	2500
distensão	2500
distensibilidade	2500
distensível	2500
distenso	2500
distensor	2500
dístico	2500
distinção	2500
distinguir	2500
distintivo	2500
distinto	2500
disto	2500
distorção	2500
distorcer	2500
distração	2500
distrativo	2500
distraidamente	2500
distraído	2500
distrair	2500
distratar	2500
distribuir	2500
distributividade	2500
distributivo	2500
distrital	2500
distrito	2500
distrofia	2500
disturbar	2500
distúrbio	2500
ditado	2500
ditador	2500
ditadura	2500
ditame	2500
dita	2500
ditar	2500
ditatorial	2500
diteísmo	2500
dito	2500
ditongal	2500
ditongar	2500
ditongo	2500
ditoso	2500
diurético	2500
diurno	2500
diuturnidade	2500
divagador	2500
divagante	2500
divagar	2500
diva	2500
divã	2500
divergência	2500
divergente	2500
divergir	2500
diversão	2500
diversidade	2500
diversificante	2500
diversificar	2500
diversivo	2500
diverso	2500
divertir	2500
dívida	2500
dividendo	2500
dividir	2500
divinação	2500
divinal	2500
divina	2500
divinatório	2500
divindade	2500
divinizante	2500
divinizar	2500
divino	2500
divisa	2500
divisão	2500
divisar	2500
divisional	2500
divisionário	2500
divisível	2500
divisor	2500
divisória	2500
divisório	2500
divorciar	2500
divórcio	2500
divulgador	2500
divulgar	2500
dizimador	2500
dízima	2500
dizimaria	2500
dizimar	2500
dízimo	2500
dlim	2500
doador	2500
doar	2500
dobadeira	2500
dobagem	2500
dobar	2500
dobrada	2500
dobradeira	2500
dobradiça	2500
dobradiço	2500
dobrador	2500
dobradura	2500
dobragem	2500
dobra	2500
dobrão	2500
dobrar	2500
dobre	2500
dobro	2500
doca	2500
doçaria	2500
doce	2500
doceira	2500
docência	2500
docente	2500
dócil	2500
docilidade	2500
docílimo	2500
documental	2500
documentário	2500
documentar	2500
documentativo	2500
doçura	2500
dodecaedro	2500
dodecagonal	2500
dodecágono	2500
doença	2500
doente	2500
doentio	2500
doer	2500
doestar	2500
dogma	2500
dogmática	2500
dogmático	2500
dogmatismo	2500
dogmatizante	2500
dogmatizar	2500
dogmatologia	2500
doidaria	2500
doidarrão	2500
doideira	2500
doidivanar	2500
doidivanas	2500
doido	2500
dói-dói	2500
dói	2500
doirada	2500
doiradinha	2500
doiradura	2500
doirar	2500
dojo	2500
dólar	2500
dolente	2500
dolicocéfalo	2500
dólman	2500
dólmen	2500
dolo	2500
dolorido	2500
doloroso	2500
doloso	2500
domabilidade	2500
domador	2500
domar	2500
domesticador	2500
domesticar	2500
domesticidade	2500
doméstico	2500
domiciliário	2500
domiciliar	2500
domicílio	2500
dominador	2500
dominância	2500
dominante	2500
dominar	2500
dominativo	2500
domingal	2500
domingueiro	2500
dominical	2500
dominicano	2500
domínio	2500
dominó	2500
dom-joão	2500
dom	2500
dom-quixote	2500
dom-quixotismo	2500
donatário	2500
donativo	2500
donde	2500
doninha	2500
dó	2500
dono	2500
donzela	2500
dopar	2500
doravante	2500
dórico	2500
dorido	2500
dormência	2500
dormente	2500
dormida	2500
dorminhoco	2500
dormir	2500
dormitar	2500
dormitivo	2500
dormitório	2500
dor	2500
dorsal	2500
dorso	2500
dosagem	2500
dosar	2500
dosear	2500
dose	2500
dossier	2500
dotar	2500
dote	2500
doudice	2500
dourada	2500
dourado	2500
dourador	2500
douradura	2500
dourar	2500
douto	2500
doutoraço	2500
doutorado	2500
doutoral	2500
doutorando	2500
doutorar	2500
doutoreco	2500
doutorice	2500
doutor	2500
doutrem	2500
doutrinado	2500
doutrinal	2500
doutrina	2500
doutrinante	2500
doutrinário	2500
doutrinar	2500
doutro	2500
doutrora	2500
dracma	2500
draconiano	2500
dragagem	2500
draga-minas	2500
draga	2500
dragão	2500
dragar	2500
drageia	2500
dragoeiro	2500
dragona	2500
drama	2500
dramática	2500
dramático	2500
dramatismo	2500
dramatizar	2500
dramatologia	2500
dramaturgo	2500
drástico	2500
drenar	2500
driblagem	2500
driblar	2500
drogado	2500
droga	2500
drogaria	2500
droguista	2500
dromedário	2500
druida	2500
druidismo	2500
druso	2500
drusos	2500
dual	2500
dualidade	2500
dualismo	2500
dualista	2500
dualizar	2500
dubiamente	2500
dubiedade	2500
dúbio	2500
dubitabilidade	2500
dubitativo	2500
dubitável	2500
ducado	2500
ducal	2500
ducentésimo	2500
duche	2500
duchista	2500
dúctil	2500
ductilidade	2500
duelar	2500
duelista	2500
duelo	2500
duende	2500
dueto	2500
dulcificar	2500
dulcineia	2500
dulcíssimo	2500
dulcíssono	2500
dulçoroso	2500
dum	2500
duna	2500
dundum	2500
duodecenal	2500
duodecénio	2500
duodecimal	2500
duodécimo	2500
duodécuplo	2500
duodenal	2500
duodeno	2500
duo	2500
dúplex	2500
duplicação	2500
duplicadamente	2500
duplicado	2500
duplicador	2500
duplicante	2500
duplicar	2500
duplicata	2500
duplicativo	2500
dúplice	2500
duplicidade	2500
duplo	2500
duque	2500
duquesa	2500
durabilidade	2500
duradoiro	2500
duradouro	2500
dura	2500
durante	2500
durão	2500
durar	2500
dureza	2500
duriense	2500
duro	2500
dúvida	2500
duvidar	2500
duvidoso	2500
duzentos	2500
dúzia	2500
ébano	2500
eborense	2500
ebriedade	2500
ébrio	2500
ebulição	2500
ebuliente	2500
ébulo	2500
eclético	2500
eclesial	2500
eclesiástico	2500
eclesiologia	2500
ecletismo	2500
eclipsar	2500
eclipse	2500
eclíptica	2500
eclítica	2500
eclíptico	2500
eclítico	2500
eclodir	2500
eclosão	2500
ecoar	2500
ecocentro	2500
ecografia	2500
ecologia	2500
ecológico	2500
ecometria	2500
economato	2500
ecónomo	2500
eco	2500
econometria	2500
economia	2500
economicista	2500
económico	2500
económico-social	2500
economizador	2500
economizar	2500
ecoponto	2500
ecossistema	2500
ecrã	2500
ectoderme	2500
ectoplasma	2500
ecumenicidade	2500
ecuménico	2500
ecumenismo	2500
eczema	2500
edema	2500
éden	2500
edição	2500
edito	2500
edificador	2500
edificante	2500
edificar	2500
edificativo	2500
edilidade	2500
edil	2500
édipo	2500
edital	2500
édito	2500
editorial	2500
editor	2500
edredão	2500
educabilidade	2500
educacional	2500
educador	2500
educando	2500
educar	2500
educativo	2500
efetivar	2500
efetível	2500
efetividade	2500
efetivo	2500
efetuador	2500
efetuar	2500
efeito	2500
efemeridade	2500
efeméride	2500
efemerizar	2500
efémero	2500
efémeros	2500
efeminar	2500
efeminizar	2500
eferente	2500
efervescência	2500
efervescente	2500
efervescer	2500
eficácia	2500
eficaz	2500
efígie	2500
efluência	2500
efluente	2500
efluir	2500
eflúvio	2500
efluxo	2500
eforia	2500
efusão	2500
efusivo	2500
efuso	2500
égide	2500
egípcio	2500
egiptologia	2500
egocêntrico	2500
egocentrismo	2500
egocentrista	2500
egoísmo	2500
egoísta	2500
egoístico	2500
ego	2500
egrégio	2500
égua	2500
eh	2500
eia	2500
einsteiniano	2500
eirada	2500
eirado	2500
eira	2500
eis	2500
eito	2500
eixo	2500
ejacular	2500
ejaculatório	2500
ejeção	2500
ejetar	2500
ejetor	2500
elaborado	2500
elaborar	2500
elasticidade	2500
elástico	2500
eldorado	2500
eletividade	2500
eletivo	2500
eletrão	2500
eletrão-volt	2500
eletrencefalograma	2500
eletricamente	2500
eletricidade	2500
eletricismo	2500
eletricista	2500
elétrico	2500
eletrificar	2500
eletrizante	2500
eletrizar	2500
eletrocardiograma	2500
eletrochoque	2500
eletrocinética	2500
eletrocussão	2500
eletrocutar	2500
eletrocutor	2500
eletrodinâmica	2500
eletrodinâmico	2500
eletrodinamismo	2500
eletrodoméstico	2500
elétrodo	2500
eletroencefalograma	2500
eletroíman	2500
eletrolisar	2500
eletrólise	2500
eletrolítico	2500
eletrólito	2500
eletroluminescência	2500
eletromagnete	2500
eletromagnético	2500
eletromagnetismo	2500
eletromecânica	2500
eletromecânico	2500
eletromotriz	2500
eletromóvel	2500
eletronegatividade	2500
eletronegativo	2500
eletrónica	2500
eletrónico	2500
elétron	2500
eletropositivo	2500
eletroquímica	2500
eletroquímico	2500
eletroscópio	2500
eletrostática	2500
eletrostático	2500
eletrotecnia	2500
eletrotécnico	2500
eletroterapia	2500
eletrotérmico	2500
eletrovalência	2500
elefanta	2500
elefante-do-mar	2500
elefante	2500
elefântico	2500
elegância	2500
elegante	2500
elegantismo	2500
eleger	2500
elegível	2500
eleição	2500
eleito	2500
eleitorado	2500
eleitoral	2500
eleitor	2500
elementar	2500
elementaridade	2500
elementário	2500
elemento	2500
elenco	2500
elevação	2500
elevado	2500
elevar	2500
elevatório	2500
eliciar	2500
elidir	2500
eliminador	2500
eliminar	2500
eliminatória	2500
eliminatório	2500
elipse	2500
elipsoidal	2500
elipsoide	2500
elipticidade	2500
elíptico	2500
elisão	2500
elite	2500
elixir	2500
elmo	2500
elocução	2500
elocutivo	2500
elogiador	2500
elogiar	2500
elogio	2500
elogioso	2500
elongação	2500
elo	2500
eloquência	2500
eloquente	2500
el-rei	2500
elucidário	2500
elucidar	2500
elucidativo	2500
eludir	2500
elvense	2500
emadeirar	2500
emagrecer	2500
emanação	2500
emanante	2500
emanar	2500
emancipador	2500
emancipar	2500
emancipatório	2500
emaranhar	2500
embaciar	2500
embaimento	2500
embainhar	2500
embaixada	2500
embaixador	2500
embaixatriz	2500
embaladeira	2500
embalador	2500
embalagem	2500
embalar	2500
embalo	2500
embalsamador	2500
embalsamante	2500
embalsamar	2500
embalsar	2500
embandeirar	2500
embaraçador	2500
embaraçante	2500
embaraçar	2500
embaraço	2500
embaraçoso	2500
embaralhar	2500
embaratecer	2500
embarcação	2500
embarcadoiro	2500
embarcadouro	2500
embarcar	2500
embargante	2500
embargar	2500
embargo	2500
embarque	2500
embarracar	2500
embarrancar	2500
embarrar	2500
embarretar	2500
embarricar	2500
embarrilação	2500
embarrilado	2500
embarrilar	2500
embasbacado	2500
embasbacar	2500
embate	2500
embater	2500
embatocar	2500
embatucar	2500
embebecer	2500
embebedar	2500
embeber	2500
embeiçar	2500
embelecer	2500
embelezador	2500
embelezante	2500
embelezar	2500
embevecer	2500
embicar	2500
embirrante	2500
embirrar	2500
embirrativo	2500
embirrento	2500
emblema	2500
emblemar	2500
emblemático	2500
embocadura	2500
emboço	2500
embodegar	2500
embolar	2500
embolia	2500
embolismo	2500
êmbolo	2500
embolsar	2500
embolso	2500
emborcar	2500
emborrachar	2500
emborrar	2500
emboscada	2500
emboscar	2500
embotadura	2500
embotar	2500
embraiagem	2500
embraiar	2500
embrandecer	2500
embranquecer	2500
embravecer	2500
embrenhar	2500
embriagante	2500
embriagar	2500
embriaguez	2500
embrião	2500
embriologia	2500
embriológico	2500
embrionado	2500
embrionário	2500
embromação	2500
embrulhada	2500
embrulhador	2500
embrulhar	2500
embrulho	2500
embrumar	2500
embrutecedor	2500
embrutecer	2500
embruxar	2500
embuçado	2500
emburguesar	2500
embustear	2500
embuste	2500
embustice	2500
embutidura	2500
embutir	2500
emenda	2500
emendar	2500
ementa	2500
ementar	2500
emergência	2500
emergente	2500
emergir	2500
emérito	2500
emersão	2500
emerso	2500
emigrador	2500
emigrante	2500
emigrar	2500
emigratório	2500
eminência	2500
eminenciar	2500
eminente	2500
emirado	2500
emir	2500
emissão	2500
emissário	2500
emissível	2500
emissividade	2500
emissivo	2500
emissora	2500
emissor	2500
emissório	2500
emitir	2500
emoção	2500
emocional	2500
emocionante	2500
emocionar	2500
emoldurar	2500
emolumento	2500
emotividade	2500
emotivo	2500
empacotadeira	2500
empacotador	2500
empacotar	2500
empada	2500
empadão	2500
empalação	2500
empalear	2500
empalhar	2500
empalheirar	2500
empalidecer	2500
empanada	2500
empanar	2500
empancar	2500
empandeirado	2500
empantanar	2500
empantufar	2500
empanturrar	2500
empapar	2500
empapelar	2500
emparceirar	2500
emparcelar	2500
emparedar	2500
emparelhar	2500
empastar	2500
empastelador	2500
empastelar	2500
empatador	2500
empata	2500
empatar	2500
empate	2500
empatia	2500
empático	2500
empecilhar	2500
empecilho	2500
empeçonhar	2500
empedernecer	2500
empedernir	2500
empedrar	2500
empenar	2500
empenhar	2500
empenho	2500
emperrar	2500
empertigar	2500
empestar	2500
empilhar	2500
empinadela	2500
empinar	2500
empinocar	2500
empiricamente	2500
empírico	2500
empirismo	2500
empirista	2500
emplastro	2500
emplumar	2500
empoar	2500
empobrecer	2500
empoeirar	2500
empola	2500
empolar	2500
empoleirar	2500
empolgadura	2500
empolgante	2500
empolgar	2500
emporcalhar	2500
emporcar	2500
empório	2500
empossar	2500
emposse	2500
empreendedor	2500
empreender	2500
empregabilidade	2500
empregado	2500
empregar	2500
emprego	2500
empregue	2500
empreitada	2500
empreitar	2500
empreiteiro	2500
empresariado	2500
empresarial	2500
empresário	2500
emprestador	2500
emprestar	2500
empréstimo	2500
emproar	2500
empunhar	2500
empurrador	2500
empurra	2500
empurrão	2500
empurrar	2500
empurro	2500
emudecer	2500
emular	2500
emulativo	2500
emulsão	2500
emulsina	2500
emulsionante	2500
emulsionar	2500
emulsivo	2500
ena	2500
enaltecedor	2500
enaltecer	2500
enamorar	2500
encabeçar	2500
encabeladura	2500
encabelar	2500
encadear	2500
encadeirado	2500
encadeirar	2500
encadernador	2500
encadernar	2500
encafuar	2500
encaixar	2500
encaixe	2500
encaixilhar	2500
encaixotador	2500
encaixotar	2500
encalacradela	2500
encalacrar	2500
encalço	2500
encaldeirar	2500
encalhar	2500
encalhe	2500
encalmar	2500
encaminhador	2500
encaminhar	2500
encamisar	2500
encanar	2500
encanastrar	2500
encancerar	2500
encandear	2500
encandecer	2500
encantar	2500
encanteirar	2500
encanto	2500
encapar	2500
encapelar	2500
encapoeirar	2500
encapotar	2500
encaprichar	2500
encapsular	2500
encapuçado	2500
encaracolar	2500
encaramelar	2500
encarapinhar	2500
encarapuçar	2500
encarar	2500
encarcerar	2500
encardir	2500
encarecedor	2500
encarecer	2500
encarecidamente	2500
encargo	2500
encarnação	2500
encarnar	2500
encarniçadamente	2500
encarniçamento	2500
encarniçar	2500
encaroçar	2500
encarrapitar	2500
encarregado	2500
encarregar	2500
encarregue	2500
encarreirar	2500
encartar	2500
encasacar	2500
encascar	2500
encastelar	2500
encastrar	2500
encasular	2500
encatrafiar	2500
encavacadela	2500
encavacar	2500
encavaleirar	2500
encavalgar	2500
encavalitar	2500
encavilhar	2500
encefalgia	2500
encefalia	2500
encefálico	2500
encefaloide	2500
encéfalo	2500
enceleirar	2500
encenador	2500
encenar	2500
enceradeira	2500
enceradora	2500
encerador	2500
enceradura	2500
encerar	2500
encerrar	2500
encerro	2500
encestar	2500
encetar	2500
encetativo	2500
enchapelado	2500
encharcar	2500
enchedeira	2500
enchedela	2500
enchedor	2500
enchedura	2500
enchente	2500
encher	2500
enchido	2500
enchouriçar	2500
enchumaçar	2500
enchumaço	2500
enchusmar	2500
encíclica	2500
encíclico	2500
enciclopédia	2500
enciclopédico	2500
enciclopedismo	2500
enciclopedista	2500
encimado	2500
encimar	2500
enciumar	2500
enclaustrar	2500
enclausura	2500
enclausurar	2500
enclave	2500
enclavinhar	2500
enclítico	2500
ênclise	2500
encoberta	2500
encoberto	2500
encobrideira	2500
encobridora	2500
encobrir	2500
encodear	2500
encoleirar	2500
encolerizar	2500
encolha	2500
encolhedela	2500
encolher	2500
encomenda	2500
encomendar	2500
encomendeiro	2500
encompridar	2500
encontradiço	2500
encontrão	2500
encontrar	2500
encontro	2500
encorajar	2500
encordoar	2500
encornanço	2500
encornar	2500
encoronhar	2500
encorpadura	2500
encorpar	2500
encorrilha	2500
encorrilhar	2500
encortinar	2500
encostadela	2500
encosta	2500
encostar	2500
encosto	2500
encovar	2500
encravadura	2500
encrava	2500
encravar	2500
encravo	2500
encrencar	2500
encrespar	2500
encriptar	2500
encrostar	2500
encruar	2500
encruzilhada	2500
encruzilhar	2500
encubar	2500
encurralar	2500
encurtar	2500
encurvar	2500
endémico	2500
endemizar	2500
endemoninhar	2500
endereçar	2500
endeusar	2500
endiabrar	2500
endinheirado	2500
endireita	2500
endireitar	2500
endireito	2500
endividar	2500
endocárdio	2500
endocardite	2500
endócrino	2500
endocrinologista	2500
endógeno	2500
endoidar	2500
endoidecer	2500
endoplasma	2500
endoplasmático	2500
endorfina	2500
endoscopia	2500
endossante	2500
endossar	2500
endosse	2500
endosso	2500
endóstoma	2500
endotélio	2500
endotérmico	2500
endovenoso	2500
endurecedor	2500
endurecer	2500
endurentar	2500
enegrecer	2500
energética	2500
energético	2500
energia	2500
energicamente	2500
enérgico	2500
energetismo	2500
enervante	2500
enervar	2500
enésimo	2500
enevoar	2500
enfadadiço	2500
enfadar	2500
enfadonho	2500
enfado	2500
enfaixar	2500
enfaixe	2500
enfardador	2500
enfardar	2500
enfarinhadela	2500
enfarinhar	2500
enfarpelar	2500
enfarruscar	2500
enfartar	2500
enfarte	2500
ênfase	2500
enfastiante	2500
enfastiar	2500
enfastioso	2500
enfático	2500
enfatizar	2500
enfatuar	2500
enfear	2500
enfebrecer	2500
enfeitador	2500
enfeitar	2500
enfeite	2500
enfeitiçador	2500
enfeitiçar	2500
enfeixar	2500
enfermagem	2500
enfermaria	2500
enfermar	2500
enfermeiro	2500
enfermiço	2500
enfermidade	2500
enfermo	2500
enferrujar	2500
enfestar	2500
enfeudar	2500
enfezado	2500
enfezamento	2500
enfiada	2500
enfiadura	2500
enfiar	2500
enfileirar	2500
enfim	2500
enfivelar	2500
enfolar	2500
enfolhar	2500
enfoque	2500
enforcar	2500
enformar	2500
enfornar	2500
enfortecer	2500
enfraquecer	2500
enfrascar	2500
enfrentar	2500
enfronhar	2500
enfunilar	2500
enfurecer	2500
engaiolar	2500
engajador	2500
engajar	2500
engalanar	2500
engalfinhar	2500
engalinhar	2500
enganadiço	2500
enganador	2500
enganar	2500
enganchar	2500
engano	2500
enganoso	2500
engarrafadeira	2500
engarrafador	2500
engarrafar	2500
engasgar	2500
engasgo	2500
engasgue	2500
engatar	2500
engate	2500
engatilhar	2500
engavetar	2500
engelhar	2500
engendrar	2500
engenhoca	2500
engenho	2500
engenhoqueiro	2500
engenhoso	2500
engessar	2500
englobante	2500
englobar	2500
engodar	2500
engodativo	2500
engodo	2500
engolir	2500
engomadeira	2500
engomadela	2500
engomadura	2500
engomagem	2500
engomar	2500
engonhar	2500
engorda	2500
engordar	2500
engordurar	2500
engraçar	2500
engradar	2500
engradear	2500
engrandecedor	2500
engrandecer	2500
engravatado	2500
engravidar	2500
engraxadela	2500
engraxador	2500
engraxa	2500
engraxar	2500
engrenagem	2500
engrenar	2500
engripar	2500
engrossar	2500
enguia	2500
enguiçar	2500
enguiço	2500
enigma	2500
enigmar	2500
enigmático	2500
enjaular	2500
enjeitar	2500
enjoadiço	2500
enjoar	2500
enjoativo	2500
enjoo	2500
enlaçar	2500
enlace	2500
enlambuzar	2500
enlameadura	2500
enlamear	2500
enlatar	2500
enlevar	2500
enlevo	2500
enlouquecer	2500
enlutar	2500
enluvar	2500
enobrecer	2500
enojadiço	2500
enojar	2500
enol	2500
enologia	2500
enorme	2500
enormidade	2500
enovelar	2500
enquadrar	2500
enquistar	2500
enrabichar	2500
enraivar	2500
enraivecer	2500
enraizar	2500
enrascada	2500
enrascadela	2500
enrascadura	2500
enrascar	2500
enredar	2500
enredo	2500
enregelante	2500
enregelar	2500
enriçar	2500
enrijar	2500
enriquecer	2500
enrobustecer	2500
enrodilhador	2500
enrodilhar	2500
enrolador	2500
enrolar	2500
enrolhar	2500
enroscadela	2500
enroscadura	2500
enroscar	2500
enroupar	2500
enrouquecer	2500
enrubescer	2500
enrudecer	2500
enrugar	2500
ensaboadela	2500
ensaboadura	2500
ensaboar	2500
ensacar	2500
ensaiador	2500
ensaiar	2500
ensaio	2500
ensaísmo	2500
ensalivar	2500
ensandecer	2500
ensanduichar	2500
ensanguentar	2500
ensardinhar	2500
ensarilhar	2500
enseada	2500
ensebar	2500
ensejar	2500
ensejo	2500
ensinadela	2500
ensinador	2500
ensinar	2500
ensino	2500
ensoalheirar	2500
ensolarado	2500
ensombrar	2500
ensombro	2500
ensonado	2500
ensonorentado	2500
ensopadela	2500
ensopar	2500
ensurdecedor	2500
ensurdecência	2500
ensurdecer	2500
entabuar	2500
entabular	2500
entaladela	2500
entalanço	2500
entala	2500
entalão	2500
entalar	2500
entalhador	2500
entalhadura	2500
entalha	2500
entalhar	2500
entalhe	2500
entalho	2500
entanto	2500
entardecer	2500
entarraxar	2500
enteado	2500
entear	2500
entediar	2500
entelhar	2500
entendedor	2500
entender	2500
ente	2500
entenrecer	2500
enternecedor	2500
enternecer	2500
enterradouro	2500
enterrar	2500
enterro	2500
entesoirar	2500
entesourar	2500
entidade	2500
entijolar	2500
entoador	2500
entoalhado	2500
entoar	2500
entomologia	2500
entontar	2500
entontecedor	2500
entontecer	2500
entorna	2500
entornar	2500
entorpecer	2500
entorpecente	2500
entorse	2500
entortadura	2500
entortar	2500
entrada	2500
entradote	2500
entrançar	2500
entranhadamente	2500
entranha	2500
entranhar	2500
entrapar	2500
entrar	2500
entravar	2500
entrave	2500
entreaberto	2500
entreabrir	2500
entreato	2500
entreajuda	2500
entrecho	2500
entrecortar	2500
entrecosto	2500
entregador	2500
entrega	2500
entregar	2500
entregue	2500
entrelaçar	2500
entrelinha	2500
entrelinhar	2500
entremear	2500
entrementes	2500
entreolhar	2500
entreposto	2500
entretanto	2500
entretém	2500
entretenimento	2500
entreter	2500
entrever	2500
entrevista	2500
entrevistar	2500
entrincheirar	2500
entristecer	2500
entroncar	2500
entronizar	2500
entropia	2500
entrópico	2500
entrosar	2500
entrudo	2500
entulhar	2500
entulho	2500
entupir	2500
enturvar	2500
enturvecer	2500
entusiasmar	2500
entusiasmo	2500
entusiasta	2500
entusiástico	2500
enublar	2500
enumerar	2500
enumerativo	2500
enunciado	2500
enunciador	2500
enunciar	2500
enunciativo	2500
envaidar	2500
envaidecer	2500
envaidecidamente	2500
envasilhar	2500
envelhacar	2500
envelhecer	2500
envelope	2500
envenenador	2500
envenenar	2500
enveredar	2500
envergadura	2500
envergar	2500
envergonhadela	2500
envergonhar	2500
envernizadela	2500
envernizador	2500
envernizar	2500
envesgar	2500
envidar	2500
envidraçar	2500
enviesar	2500
envinagrar	2500
enviuvar	2500
envolta	2500
envolto	2500
envoltório	2500
envoltura	2500
envolvência	2500
envolvente	2500
envolver	2500
enxabido	2500
enxadada	2500
enxada	2500
enxadão	2500
enxaguado	2500
enxaguar	2500
enxame	2500
enxaqueca	2500
enxaquetado	2500
enxaropar	2500
enxergar	2500
enxertador	2500
enxertadura	2500
enxertar	2500
enxertia	2500
enxerto	2500
enxofração	2500
enxofre	2500
enxotadura	2500
enxotar	2500
enxovalhar	2500
enxovalho	2500
enxoval	2500
enxugar	2500
enxurrada	2500
enxurrar	2500
enxurro	2500
enxuto	2500
enzima	2500
enzimático	2500
eocénico	2500
eólico	2500
epêntese	2500
epicálice	2500
epicamente	2500
epicarpo	2500
epicentral	2500
epicentro	2500
épico	2500
epicurismo	2500
epicurista	2500
epidemia	2500
epidemiar	2500
epidémico	2500
epidemiologia	2500
epiderme	2500
epidérmico	2500
epigástrio	2500
epiglote	2500
epigrafar	2500
epígrafe	2500
epigrafia	2500
epigrafista	2500
epigrama	2500
epilepsia	2500
epilético	2500
epilogar	2500
epílogo	2500
epimorfismo	2500
episcopado	2500
episcopal	2500
episódico	2500
episódio	2500
epistemologia	2500
epístola	2500
epistolar	2500
epistolário	2500
epistolografia	2500
epitáfio	2500
epitelial	2500
epitélio	2500
epíteto	2500
época	2500
epónimo	2500
epopeia	2500
epopeico	2500
equação	2500
equacional	2500
equacionar	2500
equador	2500
equalizador	2500
equatorial	2500
equatoriano	2500
equestre	2500
equidade	2500
equídeo	2500
equidistância	2500
equidistante	2500
equidistar	2500
equilateral	2500
equilátero	2500
equilibrante	2500
equilibrar	2500
equilíbrio	2500
equilibrismo	2500
equilibrista	2500
equimolecular	2500
equimose	2500
equinocial	2500
equinócio	2500
equinodermes	2500
equino	2500
equinos	2500
equipagem	2500
equipa	2500
equiparar	2500
equipar	2500
equipendente	2500
equipolência	2500
equipotencial	2500
equissonância	2500
equissonante	2500
equitação	2500
equitador	2500
equitativo	2500
equivalência	2500
equivalente	2500
equivaler	2500
equivocar	2500
equívoco	2500
erário	2500
erasmismo	2500
ereção	2500
erétil	2500
erectilidade	2500
eretilidade	2500
ereto	2500
eretor	2500
eremita	2500
ergativo	2500
erg	2500
ergofobia	2500
ergonomia	2500
erguer	2500
eriçar	2500
erigir	2500
ermida	2500
ermita	2500
ermitão	2500
ermo	2500
erosão	2500
erosivo	2500
erótico	2500
erotismo	2500
erotização	2500
erradicar	2500
erradicativo	2500
errância	2500
errante	2500
errar	2500
errata	2500
errático	2500
erroneamente	2500
erróneo	2500
erro	2500
erubescência	2500
erubescer	2500
erudição	2500
eruditismo	2500
erudito	2500
erupção	2500
eruptivo	2500
ervaçal	2500
ervanário	2500
erva	2500
ervilhal	2500
ervilha	2500
ervilheira	2500
esbaforir	2500
esbanjador	2500
esbanjar	2500
esbarrar	2500
esbarro	2500
esbater	2500
esbeltar	2500
esbelteza	2500
esbeltez	2500
esbelto	2500
esbirro	2500
esboçar	2500
esboço	2500
esbofeteador	2500
esbofetear	2500
esbordar	2500
esboroar	2500
esborrachar	2500
esborratar	2500
esbracejar	2500
esbranquiçar	2500
esbugalhar	2500
esbugalhado	2500
esburacar	2500
escabeche	2500
escabroso	2500
escacar	2500
escachar	2500
escada	2500
escadão	2500
escadaria	2500
escadório	2500
escadote	2500
escafandrista	2500
escafandro	2500
escalabitano	2500
escalada	2500
escalador	2500
escala	2500
escalão	2500
escalar	2500
escaldadela	2500
escaldadiço	2500
escaldadura	2500
escaldante	2500
escaldão	2500
escaldar	2500
escaleno	2500
escalfar	2500
escalonador	2500
escalonar	2500
escalope	2500
escalpar	2500
escalpelizar	2500
escamadeira	2500
escamadura	2500
escama	2500
escamaria	2500
escamar	2500
escamoso	2500
escamoteador	2500
escamotear	2500
escamoteio	2500
escanção	2500
escancarar	2500
escançar	2500
escandalizador	2500
escandalizar	2500
escândalo	2500
escandaloso	2500
escandinavo	2500
escanelado	2500
escangalhar	2500
escanhoadela	2500
escanhoar	2500
escaninho	2500
escantilhão	2500
escanzelado	2500
escapada	2500
escapadela	2500
escapadiço	2500
escaparate	2500
escapar	2500
escapatório	2500
escape	2500
escapular	2500
escapulir	2500
escaqueirar	2500
escarafunchar	2500
escaramuça	2500
escaramuçar	2500
escaravelho	2500
escarcéu	2500
escarlate	2500
escarlatina	2500
escarlatinoso	2500
escarnecedor	2500
escarnecer	2500
escárnio	2500
escarnir	2500
escarpada	2500
escarpa	2500
escarpar	2500
escarrachar	2500
escarrador	2500
escarradura	2500
escarranchar	2500
escarrapachar	2500
escarrar	2500
escarro	2500
escassear	2500
escasseza	2500
escassez	2500
escasso	2500
escatologia	2500
escavacar	2500
escavadora	2500
escavador	2500
escavar	2500
esclarecedor	2500
esclarecer	2500
esclerose	2500
escoador	2500
escoadouro	2500
escoadura	2500
escoante	2500
escoar	2500
escocês	2500
escócio	2500
escolar	2500
escolaridade	2500
escolarizar	2500
escolástica	2500
escolasticismo	2500
escolástico	2500
escolha	2500
escolho	2500
escólio	2500
escolta	2500
escoltar	2500
escombros	2500
escondedura	2500
esconderijo	2500
esconder	2500
escondidas	2500
esconjuntar	2500
esconjurador	2500
esconjurar	2500
esconjuro	2500
esconso	2500
escopo	2500
escorar	2500
escorbútico	2500
escorbuto	2500
escória	2500
escoriar	2500
escorpião	2500
escorraçar	2500
escorredoiro	2500
escorredouro	2500
escorregadela	2500
escorregadiço	2500
escorregadio	2500
escorregadoiro	2500
escorregadura	2500
escorregão	2500
escorregar	2500
escorreito	2500
escorrência	2500
escorrer	2500
escorva	2500
escoteiro	2500
escotilha	2500
escovadela	2500
escovado	2500
escova	2500
escovar	2500
escoveiro	2500
escovinha	2500
escrava	2500
escravaria	2500
escravatura	2500
escravidão	2500
escravizador	2500
escravizar	2500
escravo	2500
escrevedor	2500
escrevedura	2500
escrevente	2500
escrever	2500
escrevinhador	2500
escrevinhar	2500
escriba	2500
escrita	2500
escrito	2500
escritório	2500
escritor	2500
escritura	2500
escriturário	2500
escriturar	2500
escrivã	2500
escrivaninha	2500
escrivão	2500
escroque	2500
escrotal	2500
escroto	2500
escrúpulo	2500
escrupulosidade	2500
escrupuloso	2500
escrutinador	2500
escrutinar	2500
escrutínio	2500
escudar	2500
escudeirar	2500
escudeirice	2500
escudeiro	2500
escudete	2500
escudo	2500
esculpir	2500
escultural	2500
escultura	2500
esculturar	2500
escumadeira	2500
escumalha	2500
escuna	2500
escuras	2500
escurecer	2500
escuridão	2500
escuro	2500
escusa	2500
escusar	2500
escusatório	2500
escutador	2500
escuta	2500
escutar	2500
escuteiro	2500
escutismo	2500
escutista	2500
esdrúxulo	2500
esfacelar	2500
esfaimar	2500
esfalfante	2500
esfalfar	2500
esfaqueador	2500
esfaquear	2500
esfarelar	2500
esfarfalhada	2500
esfarrapar	2500
esfarripar	2500
esfenoide	2500
esfera	2500
esfericidade	2500
esférico	2500
esferográfica	2500
esferoidal	2500
esferoide	2500
esferovite	2500
esfinge	2500
esfíngico	2500
esfolar	2500
esfolhada	2500
esfomear	2500
esforçar	2500
esforricar	2500
esfregadeira	2500
esfregadela	2500
esfrega	2500
esfregão	2500
esfregar	2500
esfregona	2500
esfriante	2500
esfriar	2500
esfumaçar	2500
esfumar	2500
esfuziante	2500
esfuziar	2500
esgadanhar	2500
esgazear	2500
esganadura	2500
esgana	2500
esganar	2500
esganiçar	2500
esgaravatar	2500
esgazeado	2500
esgotador	2500
esgotadouro	2500
esgotadura	2500
esgotante	2500
esgotar	2500
esgravatar	2500
esgrima	2500
esgrimidura	2500
esgrimir	2500
esgrouviar	2500
esgueirar	2500
esgueiriço	2500
esguelha	2500
esguelhar	2500
esguichada	2500
esguichadela	2500
esguichar	2500
esguiche	2500
esguicho	2500
esguio	2500
eslávico	2500
eslavo	2500
eslavónico	2500
eslovaco	2500
esloveno	2500
esmagadela	2500
esmagador	2500
esmagadura	2500
esmagar	2500
esmaltador	2500
esmaltagem	2500
esmaltar	2500
esmalte	2500
esmegma	2500
esmeralda	2500
esmerar	2500
esmigalhar	2500
esmiuçar	2500
esmo	2500
esmocadela	2500
esmocar	2500
esmola	2500
esmorecer	2500
esmurrar	2500
esófago	2500
esotérico	2500
esoterismo	2500
espaçadamente	2500
espaçar	2500
espacejar	2500
espacial	2500
espaço	2500
espaçoso	2500
espaço-tempo	2500
espadachim	2500
espada	2500
espadarte	2500
espadaúdo	2500
espadela	2500
espadelada	2500
espadim	2500
espádua	2500
espairecer	2500
espaldar	2500
espalha-brasas	2500
espalhador	2500
espalhafatar	2500
espalhafato	2500
espalhafatoso	2500
espalhanço	2500
espalhar	2500
espalmar	2500
espampanante	2500
espanadela	2500
espanado	2500
espanador	2500
espancar	2500
espanholada	2500
espanholar	2500
espanholismo	2500
espanholizar	2500
espantadiço	2500
espantalho	2500
espantar	2500
espanto	2500
espantoso	2500
espargo	2500
espargueira	2500
esparguete	2500
esparramar	2500
esparregado	2500
esparregar	2500
esparrela	2500
esparrinhar	2500
esparso	2500
espartano	2500
espartilhar	2500
espartilho	2500
esparto	2500
espasmar	2500
espasmódico	2500
espasmo	2500
espatifar	2500
espátula	2500
espaventoso	2500
espavorir	2500
especar	2500
especiação	2500
especial	2500
especialidade	2500
especialista	2500
especialização	2500
especializar	2500
especiaria	2500
espécie	2500
especificação	2500
especificar	2500
especificativo	2500
especificidade	2500
específico	2500
espécime	2500
espécimen	2500
espetacular	2500
espetáculo	2500
espetaculosidade	2500
espetaculoso	2500
espetador	2500
espectral	2500
espetral	2500
espectrografia	2500
espetrografia	2500
espectrometria	2500
espetrometria	2500
espectrómetro	2500
espetrómetro	2500
espectro	2500
espetro	2500
espectroscopia	2500
espetroscopia	2500
espectroscópio	2500
espetroscópio	2500
especulação	2500
especular	2500
especulativo	2500
espeleologia	2500
espelhante	2500
espelhar	2500
espelhento	2500
espelho	2500
espelunca	2500
esperança	2500
esperançar	2500
esperançoso	2500
espera	2500
esperantista	2500
esperanto	2500
esperar	2500
esperma	2500
espermático	2500
espermatizar	2500
espermatose	2500
espermatozoide	2500
espernear	2500
espertalhaço	2500
espertalhão	2500
esperteza	2500
esperto	2500
espessar	2500
espessidão	2500
espesso	2500
espessura	2500
espetada	2500
espetadela	2500
espetão	2500
espetar	2500
espeto	2500
espevitadamente	2500
espevitar	2500
espezinhar	2500
espiador	2500
espia	2500
espião	2500
espiar	2500
espicaçadela	2500
espicaçar	2500
espichadela	2500
espichar	2500
espiga	2500
espigão	2500
espigar	2500
espigo	2500
espigoso	2500
espigueiro	2500
espinafre	2500
espinal	2500
espingardada	2500
espingarda	2500
espingardar	2500
espingardaria	2500
espingardear	2500
espingardeira	2500
espingardeiro	2500
espinha	2500
espinhal	2500
espinhar	2500
espinheiro	2500
espinhela	2500
espinhense	2500
espinhento	2500
espinho	2500
espinhoso	2500
espionagem	2500
espionar	2500
espiráculo	2500
espiral	2500
espira	2500
espirita	2500
espírita	2500
espiritismo	2500
espiritista	2500
espírito	2500
espirituais	2500
espiritual	2500
espiritualidade	2500
espiritualismo	2500
espiritualista	2500
espiritualização	2500
espiritualizar	2500
espirituoso	2500
espirrar	2500
espirro	2500
esplanada	2500
esplendecente	2500
esplendecer	2500
esplendidamente	2500
esplêndido	2500
esplendor	2500
esplendoroso	2500
esplenectomia	2500
espojo	2500
espoleta	2500
espoliante	2500
espoliar	2500
espolinhar	2500
espólio	2500
espongiforme	2500
esponja	2500
esponjar	2500
esponjosidade	2500
esponjoso	2500
espontaneamente	2500
espontaneidade	2500
espontâneo	2500
esporadicamente	2500
esporádico	2500
espora	2500
esporângio	2500
esporão	2500
esporar	2500
esporo	2500
esposa	2500
esposar	2500
esposendense	2500
esposo	2500
espreguiçadeira	2500
espreguiçadela	2500
espreguiçadoiro	2500
espreguiçadouro	2500
espreguiçar	2500
espreitadeira	2500
espreitadela	2500
espreita	2500
espreitante	2500
espreitar	2500
espremedela	2500
espremediço	2500
espremedor	2500
espremedura	2500
espremer	2500
espumadeira	2500
espuma	2500
espumante	2500
espumarada	2500
espumar	2500
espumosidade	2500
espumoso	2500
espúrio	2500
esquadra	2500
esquadrão	2500
esquadrar	2500
esquadria	2500
esquadrilha	2500
esquadrilhar	2500
esquadrinhar	2500
esquadro	2500
esquartejar	2500
esquartelar	2500
esquecer	2500
esquelético	2500
esqueleto	2500
esquema	2500
esquemático	2500
esquematismo	2500
esquematizar	2500
esquentada	2500
esquentadiço	2500
esquentador	2500
esquentar	2500
esquerdino	2500
esquerdista	2500
esquerdo	2500
esquiador	2500
esquiar	2500
esquife	2500
esquilo	2500
esquimó	2500
esquina	2500
esquinar	2500
esqui	2500
esquinudo	2500
esquisito	2500
esquisso	2500
esquiva	2500
esquivar	2500
esquivo	2500
esquizofrenia	2500
esquizofrénico	2500
esquizoide	2500
essencial	2500
essência	2500
essoutro	2500
estabelecer	2500
estabilizar	2500
estábulo	2500
estacada	2500
estacar	2500
estacionário	2500
estacionar	2500
estada	2500
estadia	2500
estádio	2500
estadismo	2500
estadista	2500
estado-maior	2500
estado-membro	2500
estados-membros	2500
estadual	2500
estafa	2500
estafante	2500
estafar	2500
estafe	2500
estafermo	2500
estafeta	2500
estagiário	2500
estagiar	2500
estágio	2500
estagnante	2500
estagnar	2500
estalactite	2500
estalactítico	2500
estalada	2500
estaladiço	2500
estalagem	2500
estalagmite	2500
estalajadeiro	2500
estalante	2500
estalar	2500
estaleiro	2500
estalidar	2500
estalido	2500
estalo	2500
estame	2500
estaminal	2500
estampagem	2500
estampa	2500
estamparia	2500
estampar	2500
estampido	2500
estancar	2500
estância	2500
estandardizar	2500
estandarte	2500
estanhagem	2500
estanhar	2500
estanho	2500
estanque	2500
estante	2500
estapafúrdico	2500
estapafúrdio	2500
estardalhaço	2500
estardalhar	2500
estarola	2500
estarrecer	2500
estatal	2500
estateladamente	2500
estatelar	2500
estática	2500
estaticista	2500
estático	2500
estatística	2500
estatístico	2500
estatizar	2500
estator	2500
estatuado	2500
estatual	2500
estátua	2500
estatuário	2500
estatueta	2500
estatura	2500
estatutário	2500
estatutivo	2500
estatuto	2500
estável	2500
esteio	2500
esteira	2500
esteiro	2500
estelante	2500
estelar	2500
estendal	2500
estendedoiro	2500
estendedouro	2500
estender	2500
estenografar	2500
estenografia	2500
estenose	2500
estepe	2500
estequiometria	2500
estercadura	2500
esterco	2500
estereofónico	2500
estéreo	2500
estereoscopia	2500
estereoscópico	2500
estereoscópio	2500
estereotipar	2500
estereotipia	2500
estereótipo	2500
esterificado	2500
estéril	2500
esterilidade	2500
esterilizar	2500
esterlino	2500
esterno	2500
esteroide	2500
esterqueira	2500
esterqueiro	2500
esterquice	2500
esteta	2500
estética	2500
esteticismo	2500
esteticista	2500
estético	2500
estetizar	2500
estetoscópio	2500
esteva	2500
estiada	2500
estiagem	2500
estiar	2500
estibordo	2500
esticadela	2500
esticador	2500
esticanço	2500
estica	2500
esticão	2500
esticar	2500
estigma	2500
estigmático	2500
estigmatismo	2500
estigmatizado	2500
estigmatizar	2500
estilete	2500
estilhaçar	2500
estilhaço	2500
estilhar	2500
estilismo	2500
estilista	2500
estilística	2500
estilístico	2500
estilizar	2500
estilo	2500
estima	2500
estimar	2500
estimativa	2500
estimativo	2500
estimulação	2500
estimulante	2500
estimular	2500
estímulo	2500
estimuloso	2500
estio	2500
estipulante	2500
estipular	2500
estiraço	2500
estirada	2500
estirado	2500
estirador	2500
estirar	2500
estirpe	2500
estivador	2500
estival	2500
estivar	2500
estocada	2500
estocar	2500
estocástico	2500
estofador	2500
estofar	2500
estofo	2500
estoicamente	2500
estoicidade	2500
estoicismo	2500
estoico	2500
estoirado	2500
estoirar	2500
estoiro	2500
estojo	2500
estola	2500
estolho	2500
estomacal	2500
estômago	2500
estomatite	2500
estomatologia	2500
estomatologista	2500
estónio	2500
estonteante	2500
estontear	2500
estontecer	2500
estopa	2500
estopinha	2500
estore	2500
estória	2500
estorninho	2500
estorricar	2500
estorva	2500
estorvar	2500
estorvo	2500
estourar	2500
estouro	2500
estoutro	2500
estouvado	2500
estouvamento	2500
estrábico	2500
estrabismo	2500
estradal	2500
estradar	2500
estradeiro	2500
estradista	2500
estrado	2500
estragar	2500
estrago	2500
estrangeirada	2500
estrangeirar	2500
estrangeirismo	2500
estrangeirista	2500
estrangeiro	2500
estrangular	2500
estranhar	2500
estranheza	2500
estranho	2500
estratagema	2500
estratégia	2500
estrategicamente	2500
estratégico	2500
estrategista	2500
estratego	2500
estratificar	2500
estratiforme	2500
estratigrafia	2500
estrato	2500
estratosfera	2500
estreante	2500
estrear	2500
estrebaria	2500
estrebuchar	2500
estreia	2500
estreitar	2500
estreiteza	2500
estreito	2500
estrela-cadente	2500
estrela-do-mar	2500
estrela	2500
estrelante	2500
estrelar	2500
estrelato	2500
estrelinha	2500
estremadura	2500
estremar	2500
estremecer	2500
estremenho	2500
estremunhar	2500
estrépito	2500
estreptococo	2500
estriado	2500
estria	2500
estribar	2500
estribeira	2500
estribilho	2500
estribo	2500
estridência	2500
estridente	2500
estripar	2500
estrito	2500
estrofe	2500
estroina	2500
estroinar	2500
estroncar	2500
estrondo	2500
estrondoso	2500
estropiar	2500
estrugido	2500
estrumada	2500
estrumadela	2500
estrumal	2500
estrumar	2500
estrumeira	2500
estrume	2500
estrutural	2500
estruturar	2500
estuário	2500
estucagem	2500
estucar	2500
estudantaço	2500
estudantada	2500
estudantado	2500
estudanteco	2500
estudante	2500
estudantil	2500
estudar	2500
estúdio	2500
estudioso	2500
estufadeira	2500
estufado	2500
estufa-fria	2500
estufagem	2500
estufa	2500
estufar	2500
estupefação	2500
estupefaciente	2500
estupefactivo	2500
estupefativo	2500
estupefacto	2500
estupendo	2500
estupidamente	2500
estupidecer	2500
estupidez	2500
estupidificante	2500
estupidificar	2500
estúpido	2500
estuporante	2500
estuporar	2500
estupor	2500
estuporoso	2500
estuprar	2500
estupro	2500
estuque	2500
esturjão	2500
esturrar	2500
esturricar	2500
esturrice	2500
esturro	2500
esvaecer	2500
esvair	2500
esvaziar	2500
esventrar	2500
esverdeado	2500
esvoaçante	2500
esvoaçar	2500
etanol	2500
etano	2500
etapa	2500
etário	2500
etéreo	2500
eterificar	2500
eternal	2500
eternar	2500
eternidade	2500
eternizar	2500
éter	2500
eterno	2500
eticamente	2500
ética	2500
ético	2500
etileno	2500
etílico	2500
etilizar	2500
etimologia	2500
etimológico	2500
etimologismo	2500
etimologista	2500
étimo	2500
etiologia	2500
etíope	2500
etiquetador	2500
etiquetagem	2500
etiqueta	2500
etiquetar	2500
etnia	2500
etnicamente	2500
etnicidade	2500
étnico	2500
etnografia	2500
etnologia	2500
etnomusicologia	2500
etnónimo	2500
etrusco	2500
eucalipto	2500
eucarístico	2500
euclidiano	2500
eufémico	2500
eufemismo	2500
eufonia	2500
euforia	2500
eufórico	2500
eugénico	2500
eunuco	2500
eunucoidismo	2500
eurasiático	2500
euritmia	2500
eurítmico	2500
euro-asiático	2500
eurodeputado	2500
euro	2500
europeia	2500
europeísmo	2500
europeísta	2500
europeizar	2500
europeu	2500
eutanásia	2500
evacuante	2500
evacuar	2500
evacuativo	2500
evacuatório	2500
evadir	2500
evangelho	2500
evangélico	2500
evangelismo	2500
evangelista	2500
evangelização	2500
evangelizante	2500
evangelizar	2500
evaporante	2500
evaporar	2500
evaporativo	2500
evaporatório	2500
evaporizar	2500
evasão	2500
evasiva	2500
evasivo	2500
evento	2500
evidência	2500
evidenciar	2500
evidente	2500
evitar	2500
evocação	2500
evocante	2500
evocar	2500
evocativo	2500
evocatório	2500
evolução	2500
evolucional	2500
evolucionário	2500
evolucionar	2500
evolucionismo	2500
evolucionista	2500
evoluir	2500
evolutivo	2500
evolvente	2500
evolver	2500
exacerbar	2500
exatibilidade	2500
exatidão	2500
exato	2500
exagerar	2500
exagerativo	2500
exagero	2500
exalante	2500
exalar	2500
exaltar	2500
examinador	2500
examinando	2500
examinar	2500
exarar	2500
exasperar	2500
exaspero	2500
exaustão	2500
exaustivo	2500
exausto	2500
exaustor	2500
excedentário	2500
excedente	2500
exceder	2500
excelência	2500
excelente	2500
excelso	2500
excentricidade	2500
excêntrico	2500
exceção	2500
excecional	2500
excecionalidade	2500
excetivo	2500
exceto	2500
excetuar	2500
excerto	2500
excessividade	2500
excessivo	2500
excesso	2500
excisão	2500
excipiente	2500
excitabilidade	2500
excitante	2500
excitar	2500
excitativo	2500
excitatório	2500
exclamar	2500
exclamativo	2500
exclamatório	2500
excluído	2500
excluir	2500
exclusão	2500
exclusiva	2500
exclusive	2500
exclusividade	2500
exclusivismo	2500
exclusivo	2500
excomungar	2500
excomunhal	2500
excomunhão	2500
excreção	2500
excrementício	2500
excremento	2500
excrementoso	2500
excrescência	2500
excrescente	2500
excrescer	2500
excretar	2500
excretor	2500
excursão	2500
excursionar	2500
excursionismo	2500
excursionista	2500
execrabilidade	2500
execrar	2500
executante	2500
executar	2500
executivo	2500
executória	2500
executório	2500
executor	2500
exegese	2500
exegético	2500
exemplar	2500
exemplaridade	2500
exemplarismo	2500
exemplificar	2500
exemplificativo	2500
exequibilidade	2500
exequível	2500
exéquia	2500
exercer	2500
exercício	2500
exercitante	2500
exercitar	2500
exército	2500
exibicionismo	2500
exibicionista	2500
exibir	2500
exibitivo	2500
exibitório	2500
exigência	2500
exigente	2500
exigibilidade	2500
exigir	2500
exiguidade	2500
exíguo	2500
exilar	2500
exílio	2500
exímio	2500
eximir	2500
existencial	2500
existencialismo	2500
existencialista	2500
existência	2500
existente	2500
existir	2500
êxito	2500
ex-libris	2500
êxodo	2500
exoforia	2500
exoftalmia	2500
exógeno	2500
exonerabilidade	2500
exonerar	2500
exoneratório	2500
exorbitância	2500
exorbitante	2500
exorbitar	2500
exorcismo	2500
exorcistado	2500
exorcista	2500
exorcizar	2500
exortar	2500
exortativo	2500
exortatório	2500
exosfera	2500
exoterismo	2500
exotérmico	2500
exótico	2500
exotismo	2500
expandir	2500
expansão	2500
expansibilidade	2500
expansionismo	2500
expansionista	2500
expansível	2500
expansividade	2500
expansivo	2500
expatriar	2500
expectador	2500
expetador	2500
expectante	2500
expetante	2500
expectar	2500
expetar	2500
expectativa	2500
expetativa	2500
expectatório	2500
expetatório	2500
expetorante	2500
expetorar	2500
expedição	2500
expedicionário	2500
expedidor	2500
expediência	2500
expediente	2500
expedir	2500
expeditivo	2500
expedito	2500
expeditório	2500
expelir	2500
expensas	2500
experiencial	2500
experiência	2500
experiente	2500
experimental	2500
experimenta	2500
experimentar	2500
experimento	2500
experto	2500
expiar	2500
expiatório	2500
expirante	2500
expirar	2500
explanação	2500
explanar	2500
explanatório	2500
explicabilidade	2500
explicação	2500
explicador	2500
explicando	2500
explicar	2500
explicativo	2500
explicitamente	2500
explicitar	2500
explícito	2500
explodir	2500
explorabilidade	2500
exploração	2500
explorador	2500
explorar	2500
exploratório	2500
explosão	2500
explosível	2500
explosivo	2500
expoente	2500
exponenciação	2500
exponencial	2500
exponenciar	2500
exponente	2500
exportador	2500
exportar	2500
expor	2500
exposição	2500
expositivo	2500
expositor	2500
exposto	2500
expressão	2500
expressar	2500
expressionismo	2500
expressionista	2500
expressividade	2500
expressivo	2500
expresso	2500
exprimir	2500
expropriar	2500
expugnar	2500
expulsão	2500
expulsar	2500
expulsivo	2500
expulso	2500
expulsor	2500
expulsório	2500
expurgo	2500
expurgar	2500
expurgatório	2500
êxtase	2500
extasiar	2500
extemporaneamente	2500
extemporaneidade	2500
extemporâneo	2500
extensão	2500
extensibilidade	2500
extensímetro	2500
extensível	2500
extensividade	2500
extensivo	2500
extenso	2500
extensómetro	2500
extensor	2500
extenuadamente	2500
extenuante	2500
extenuar	2500
extenuativo	2500
exterior	2500
exterioridade	2500
exteriorizar	2500
exterminante	2500
exterminar	2500
extermínio	2500
externato	2500
externo	2500
extinção	2500
extinguir	2500
extintivo	2500
extinto	2500
extintor	2500
extirpar	2500
extorquir	2500
extorsão	2500
extorsionário	2500
extorsivo	2500
extorso	2500
extração	2500
extraconjugal	2500
extracontinental	2500
extracontratual	2500
extrativo	2500
extrato	2500
extrator	2500
extradição	2500
extraditar	2500
extraescolar	2500
extrafino	2500
extra-humano	2500
extrair	2500
extralegal	2500
extramuros	2500
extra	2500
extraordinário	2500
extraparlamentar	2500
extrapolação	2500
extrapolar	2500
extraprograma	2500
extrarregulamentar	2500
extras	2500
extraterrestre	2500
extraterritorial	2500
extraterritorialidade	2500
extrassensorial	2500
extrassolar	2500
extrauterino	2500
extravagância	2500
extravaganciar	2500
extravagante	2500
extravaginal	2500
extravasação	2500
extravasado	2500
extravasante	2500
extravasão	2500
extravasar	2500
extraversão	2500
extraviar	2500
extravio	2500
extrema-direita	2500
extrema-esquerda	2500
extremar	2500
extremidade	2500
extremismo	2500
extremo	2500
extremamente	2500
extremoso	2500
extrínseco	2500
extrospeção	2500
extrospetivo	2500
extroversão	2500
extrovertido	2500
extrudir	2500
exuberância	2500
exuberante	2500
exuberar	2500
exular	2500
exultante	2500
exultar	2500
exumar	2500
ex-voto	2500
fábrica	2500
fabricante	2500
fabricar	2500
fabrico	2500
fabril	2500
fábula	2500
fabulário	2500
fabulista	2500
fabuloso	2500
facada	2500
facalhão	2500
faca	2500
façanha	2500
façanhoso	2500
façanhudo	2500
facão	2500
fação	2500
faccionário	2500
faccionar	2500
facciosidade	2500
facciosismo	2500
faccioso	2500
face	2500
faceta	2500
facetar	2500
fachada	2500
facho	2500
facial	2500
fácil	2500
facilidade	2500
facílimo	2500
facilitar	2500
facilitismo	2500
facilmente	2500
facínora	2500
facinoroso	2500
fac-similar	2500
fac-símile	2500
factício	2500
factível	2500
facto	2500
fatorial	2500
fatorizar	2500
fator	2500
factual	2500
faturar	2500
faculdade	2500
facultar	2500
facultativo	2500
facultoso	2500
fada	2500
fadar	2500
fadiga	2500
fadigar	2500
fadigoso	2500
fadista	2500
fado	2500
fagócito	2500
fagocitose	2500
fagote	2500
fagulha	2500
fagulhar	2500
fagulhento	2500
faialense	2500
faiança	2500
faia	2500
faina	2500
faisão	2500
faísca	2500
faiscante	2500
faiscar	2500
faixa	2500
faixar	2500
falácia	2500
fala-barato	2500
falacioso	2500
faladeira	2500
fala	2500
falangeal	2500
falangeano	2500
falange	2500
falangeta	2500
falângico	2500
falanginha	2500
falangista	2500
falante	2500
falar	2500
falatório	2500
falcão	2500
falcão-peregrino	2500
falcões-peregrinos	2500
falcata	2500
falcatrua	2500
falcatruar	2500
falcatrueiro	2500
falcatruíce	2500
falcoada	2500
falcoaria	2500
falcoar	2500
falcoeiro	2500
falecer	2500
falência	2500
falésia	2500
falhanço	2500
falha	2500
falhar	2500
falho	2500
falibilidade	2500
fálico	2500
falir	2500
falo	2500
falsa	2500
falsário	2500
falsear	2500
falsidade	2500
falsificar	2500
falso	2500
faltar	2500
falto	2500
faltoso	2500
falua	2500
famalicense	2500
fama	2500
famigerado	2500
familiar	2500
familiaridade	2500
familiarizar	2500
familória	2500
faminto	2500
famoso	2500
fanar	2500
fanático	2500
fanatismo	2500
fanatizar	2500
fandango	2500
fandanguear	2500
fandangueiro	2500
faneca	2500
fanerogâmico	2500
fanfarrada	2500
fanfarra	2500
fanfarrão	2500
fanfarraria	2500
fanfarrear	2500
fanfarrice	2500
fanfarronada	2500
fanfarronar	2500
fanfarronice	2500
fanfar	2500
fã	2500
fanhoso	2500
fanicar	2500
fanico	2500
fá	2500
fantasia	2500
fantasiar	2500
fantasioso	2500
fantasista	2500
fantasmagoria	2500
fantasmagórico	2500
fantasmagorizar	2500
fantasmal	2500
fantasma	2500
fantástico	2500
fantochada	2500
fantochar	2500
fantoche	2500
faqueiro	2500
faquirismo	2500
faquir	2500
faraday	2500
farad	2500
faraónico	2500
faraó	2500
fardamenta	2500
fardamento	2500
farda	2500
fardar	2500
fardeta	2500
fardo	2500
farejar	2500
farelento	2500
farelo	2500
farense	2500
farfalhudo	2500
farináceo	2500
faringe	2500
faringite	2500
farinha	2500
farinheiro	2500
farinhento	2500
farinhoso	2500
fariseu	2500
farmacêutico	2500
farmácia	2500
farmacologia	2500
fármaco	2500
farnel	2500
farnicoques	2500
faroeste	2500
farofa	2500
farofeiro	2500
farófia	2500
faroleiro	2500
farolete	2500
farolim	2500
farolizar	2500
farol	2500
faro	2500
farpa	2500
farpante	2500
farpão	2500
farpar	2500
farpela	2500
farra	2500
farrapada	2500
farraparia	2500
farrapar	2500
farrapeira	2500
farrapeiro	2500
farrapento	2500
farrapilha	2500
farrapo	2500
farripa	2500
farrusca	2500
farrusco	2500
farsada	2500
farsa	2500
farsante	2500
farsista	2500
fartadela	2500
fartança	2500
fartar	2500
farto	2500
fartote	2500
fartura	2500
fasciculado	2500
fascículo	2500
fascinante	2500
fascinar	2500
fascínio	2500
fascismo	2500
fascista	2500
fasear	2500
fase	2500
fasquiado	2500
fasquia	2500
fasquiar	2500
fastidioso	2500
fastiento	2500
fastio	2500
fastioso	2500
fasto	2500
fatal	2500
fatalidade	2500
fatalismo	2500
fatalista	2500
fatia	2500
fatiar	2500
fatídico	2500
fatigante	2500
fatigar	2500
fatiota	2500
fato-macaco	2500
fato	2500
fatuidade	2500
fátuo	2500
faúlha	2500
fauna	2500
fauno	2500
fausto	2500
faustoso	2500
fautor	2500
faval	2500
fava	2500
faveira	2500
favela	2500
favo	2500
favorável	2500
favorecer	2500
favorita	2500
favoritismo	2500
favorito	2500
faxina	2500
faxinar	2500
fazedura	2500
fazenda	2500
fazendeiro	2500
faz-tudo	2500
fealdade	2500
febra	2500
febrão	2500
febre-amarela	2500
febre	2500
febril	2500
febrilidade	2500
febroso	2500
fecal	2500
fechadura	2500
fecho	2500
fécula	2500
feculência	2500
feculento	2500
fecundante	2500
fecundar	2500
fecundativo	2500
fecundez	2500
fecundidade	2500
fecundizante	2500
fecundizar	2500
fecundo	2500
fedelhice	2500
fedelho	2500
fedelhote	2500
federal	2500
federalismo	2500
federalista	2500
federalizar	2500
federar	2500
federativo	2500
feder	2500
fedorenta	2500
fedorento	2500
fedor	2500
feérico	2500
feição	2500
feijão-frade	2500
feijão-verde	2500
feijão	2500
feijoada	2500
feijoal	2500
feijoa	2500
feijoca	2500
feijoeiro	2500
feio	2500
feira	2500
feirante	2500
feirar	2500
feitiçaria	2500
feiticeiro	2500
feiticista	2500
feitiço	2500
feitio	2500
feito	2500
feitor	2500
feitoria	2500
feitorizar	2500
feitura	2500
feixe	2500
felação	2500
felicidade	2500
felicíssimo	2500
felicitar	2500
felino	2500
felinos	2500
feliz	2500
felizão	2500
felizardo	2500
fel	2500
felpudo	2500
feltro	2500
fêmea	2500
fementido	2500
fêmeo	2500
feminidade	2500
feminil	2500
feminilidade	2500
feminino	2500
feminismo	2500
feminista	2500
feminizar	2500
femoral	2500
fémur	2500
fenação	2500
fenda	2500
fendente	2500
fender	2500
fé	2500
fenício	2500
fénix	2500
fenol	2500
fenomenal	2500
fenomenalidade	2500
fenoménico	2500
fenomenismo	2500
fenomenologia	2500
fenómeno	2500
feno	2500
feracidade	2500
fera	2500
féretro	2500
fereza	2500
ferial	2500
féria	2500
feriar	2500
férias	2500
feridade	2500
ferida	2500
ferir	2500
fermentáceo	2500
fermentar	2500
fermentativo	2500
fermentescível	2500
fermento	2500
fermentoso	2500
fermião	2500
fermi	2500
férmio	2500
fernandino	2500
ferocidade	2500
ferocíssimo	2500
feroz	2500
ferradela	2500
ferrado	2500
ferrador	2500
ferradura	2500
ferragem	2500
ferramental	2500
ferramenteiro	2500
ferrão	2500
ferrar	2500
ferreiro	2500
ferrenho	2500
férreo	2500
ferreta	2500
ferrete	2500
férrico	2500
ferrimagnético	2500
ferrimagnetismo	2500
ferrite	2500
ferroada	2500
ferroadela	2500
ferroar	2500
ferrocrómio	2500
ferrolhar	2500
ferrolho	2500
ferromagnético	2500
ferromagnetismo	2500
ferro	2500
ferroso	2500
ferro-velho	2500
ferrovial	2500
ferrugem	2500
ferrugenta	2500
ferrugento	2500
ferrugíneo	2500
ferruginoso	2500
fértil	2500
fertilidade	2500
fertilíssimo	2500
fertilizante	2500
fertilizar	2500
fervedoiro	2500
fervedor	2500
fervedouro	2500
fervedura	2500
fervência	2500
fervente	2500
ferver	2500
fervescente	2500
fervilhar	2500
fervor	2500
fervoroso	2500
fervura	2500
festança	2500
festa	2500
festeiro	2500
festejar	2500
festejo	2500
festim	2500
festival	2500
festividade	2500
festivo	2500
fetação	2500
fetáceo	2500
fetal	2500
fetichista	2500
fétido	2500
feto	2500
feudal	2500
feudalidade	2500
feudalismo	2500
feudalista	2500
feudatário	2500
feudo	2500
fêvera	2500
fevra	2500
fezes	2500
fiada	2500
fiadeira	2500
fiado	2500
fiador	2500
fiadouro	2500
fiadura	2500
fiambreira	2500
fiambre	2500
fiapo	2500
fiança	2500
fiar	2500
fiasco	2500
fiável	2500
fibra	2500
fibrilação	2500
fibrilar	2500
fibrilhar	2500
fibrilhação	2500
fibriloso	2500
fibrocitológico	2500
fibroide	2500
fibroma	2500
fibromuscular	2500
fibrose	2500
fibroso	2500
ficada	2500
ficar	2500
ficção	2500
ficcional	2500
ficha	2500
fichar	2500
fictício	2500
fidalgaço	2500
fidalgo	2500
fidalgoso	2500
fidalgote	2500
fidalguia	2500
fidedignidade	2500
fidedigno	2500
fidelidade	2500
fidelíssimo	2500
fidelizar	2500
fiducial	2500
fidúcia	2500
fiduciário	2500
fiel-amigo	2500
fiel	2500
fífia	2500
fifi	2500
figadal	2500
figadeira	2500
fígado	2500
figa	2500
figo	2500
figueiral	2500
figueira	2500
figueiredo	2500
figueirense	2500
figurabilidade	2500
figuração	2500
figuradamente	2500
figural	2500
figura	2500
figurante	2500
figurão	2500
figurar	2500
figurativo	2500
figurino	2500
figurista	2500
filadelfiano	2500
filadelfiense	2500
filamentar	2500
filamentoso	2500
fila	2500
filantropia	2500
filantrópico	2500
filantropismo	2500
filantropo	2500
filão	2500
filarmónico	2500
filar	2500
filatelia	2500
filatélico	2500
filatelismo	2500
filatelista	2500
fileira	2500
filete	2500
filharada	2500
filhento	2500
filho	2500
filhó	2500
filhoses	2500
filhote	2500
filial	2500
filiar	2500
filicíneas	2500
filigrana	2500
filigranar	2500
filigranista	2500
filipino	2500
filisteu	2500
filmagem	2500
filmar	2500
filme	2500
filogénese	2500
filogenesia	2500
filogenético	2500
filogenia	2500
filologia	2500
filo	2500
filosofal	2500
filosofante	2500
filosofar	2500
filosofia	2500
filosoficamente	2500
filosófico	2500
filosofismo	2500
filósofo	2500
filtrado	2500
filtragem	2500
filtrar	2500
filtro	2500
fímbria	2500
finalidade	2500
finalismo	2500
finalizar	2500
finança	2500
financeiro	2500
financial	2500
financiar	2500
financista	2500
fina	2500
finar	2500
finca-pé	2500
fincar	2500
findar	2500
findo	2500
fineza	2500
fingir	2500
finidade	2500
finisterra	2500
finito	2500
finlandês	2500
fino	2500
finório	2500
finta	2500
fintar	2500
finto	2500
finura	2500
fio	2500
fiorde	2500
firmal	2500
firmamental	2500
firma	2500
firmar	2500
firme	2500
firmeza	2500
fiscal	2500
fiscalizar	2500
fisco	2500
fisgada	2500
fisga	2500
fisgar	2500
fisiatra	2500
fisicalismo	2500
fisicamente	2500
física	2500
fisicismo	2500
fisicista	2500
físico	2500
físico-químico	2500
fisiogénese	2500
fisiogenia	2500
fisiografia	2500
fisiologia	2500
fisiológico	2500
fisionomia	2500
fisiopatia	2500
fisioterapeuta	2500
fisioterapia	2500
físsil	2500
fissuração	2500
fissura	2500
fístula	2500
fita-cola	2500
fita	2500
fitar	2500
fito	2500
fitoterapia	2500
fitoplâncton	2500
fivela	2500
fiveleta	2500
fixador	2500
fixa	2500
fixante	2500
fixar	2500
fixativo	2500
fixe	2500
fixidez	2500
fixo	2500
fixura	2500
flacidez	2500
flácido	2500
flagelante	2500
flagelantes	2500
flagelar	2500
flagelativo	2500
flagelo	2500
flagrância	2500
flagrante	2500
flamância	2500
flamante	2500
flamejante	2500
flamejar	2500
flamenco	2500
flamengo	2500
flamingo	2500
flanco	2500
flandrino	2500
flanela	2500
flanquear	2500
flatulência	2500
flatulento	2500
flatuloso	2500
flatuosidade	2500
flatuoso	2500
flausina	2500
flauta	2500
flautar	2500
flautear	2500
flauteio	2500
flautim	2500
flautista	2500
flava	2500
flavescência	2500
flavescente	2500
flavescer	2500
flaviense	2500
flechada	2500
flecha	2500
flechar	2500
fletir	2500
fleuma	2500
fleumático	2500
flexão	2500
flexibilidade	2500
flexibilizar	2500
flexional	2500
flexionar	2500
flexionismo	2500
flexível	2500
flexivo	2500
flexor	2500
floco	2500
flóculo	2500
floração	2500
florais	2500
floral	2500
flora	2500
florão	2500
flor-de-lis	2500
floreado	2500
floreal	2500
florear	2500
floreio	2500
floreira	2500
florentino	2500
florescência	2500
florescente	2500
florescer	2500
flores-de-lis	2500
florestal	2500
floresta	2500
florestar	2500
florete	2500
floricultura	2500
florífero	2500
florim	2500
florir	2500
florista	2500
flor	2500
flostria	2500
fluência	2500
fluente	2500
fluidez	2500
fluido	2500
fluir	2500
fluminense	2500
fluorescência	2500
fluorescente	2500
fluoreto	2500
fluorídrico	2500
fluorite	2500
flúor	2500
flutuabilidade	2500
flutuador	2500
flutuante	2500
flutuar	2500
fluvial	2500
fluxograma	2500
fluxo	2500
fobia	2500
focagem	2500
focal	2500
focalizar	2500
foca	2500
focar	2500
focinhada	2500
focinhar	2500
focinheira	2500
focinho	2500
focinhudo	2500
foco	2500
fofo	2500
fogaça	2500
fofocar	2500
fogaceira	2500
fogacho	2500
fogão	2500
fogareiro	2500
fogo-fátuo	2500
fogo	2500
fogosidade	2500
fogoso	2500
foguear	2500
fogueira	2500
foguetada	2500
foguetão	2500
foguetaria	2500
foguetear	2500
fogueteiro	2500
foguete	2500
foguetório	2500
foição	2500
foice	2500
foicinha	2500
folar	2500
folclore	2500
folclórico	2500
folclorismo	2500
folclorista	2500
fôlego	2500
foleiro	2500
fole	2500
folgadamente	2500
folga	2500
folgante	2500
folgar	2500
folgazão	2500
folguedo	2500
folhada	2500
folhagem	2500
folha	2500
folhão	2500
folhar	2500
folheado	2500
folhear	2500
folhedo	2500
folheio	2500
folheiro	2500
folheta	2500
folheteiro	2500
folhetim	2500
folhetinesco	2500
folhetinista	2500
folhetinístico	2500
folhetinizar	2500
folheto	2500
folhinha	2500
folho	2500
folhoso	2500
folhudo	2500
foliáceo	2500
foliador	2500
folia	2500
folião	2500
foliar	2500
folículo	2500
foliento	2500
fólio	2500
folíolo	2500
fome	2500
fomentar	2500
fomentativo	2500
fomentista	2500
fomento	2500
fonema	2500
fonética	2500
foneticismo	2500
fonético	2500
fonetismo	2500
fonia	2500
fónico	2500
fonofilme	2500
fonofobia	2500
fonografia	2500
fonograma	2500
fonologia	2500
fonológico	2500
fonometria	2500
fonómetro	2500
fontainha	2500
fontal	2500
fontanal	2500
fontanário	2500
fontano	2500
fontela	2500
fonte	2500
fontista	2500
foragido	2500
foraleiro	2500
foral	2500
forasteiro	2500
forçadamente	2500
forcado	2500
forca	2500
força	2500
forcar	2500
forçar	2500
forçoso	2500
forçudo	2500
foreiro	2500
forense	2500
forint	2500
forjadura	2500
forja	2500
forjar	2500
formação	2500
formador	2500
formal	2500
formalidade	2500
formalismo	2500
formalista	2500
formalizar	2500
formando	2500
formar	2500
formatar	2500
formativo	2500
formato	2500
formatura	2500
fórmica	2500
formicídio	2500
formicívoro	2500
fórmico	2500
formidável	2500
formiga	2500
formigante	2500
formigão	2500
formigar	2500
formigueiro	2500
formol	2500
formoso	2500
formosura	2500
formulação	2500
fórmula	2500
formular	2500
formulário	2500
formulista	2500
fornaça	2500
fornaceiro	2500
fornada	2500
fornalha	2500
fornecer	2500
fornicar	2500
forno	2500
foro	2500
forquilha	2500
forquilhar	2500
forquilhoso	2500
forragem	2500
forrar	2500
forreta	2500
forrobodó	2500
forro	2500
forró	2500
fortalecer	2500
fortaleza	2500
forte	2500
fortidão	2500
fortificação	2500
fortificante	2500
fortificar	2500
fortim	2500
fortuito	2500
fortuna	2500
fortunoso	2500
fórum	2500
foscar	2500
fosco	2500
fosfatar	2500
fosfato	2500
fosforar	2500
fosforear	2500
fosforeira	2500
fosforeiro	2500
fosfóreo	2500
fosforescência	2500
fosforescente	2500
fosforescer	2500
fosfórico	2500
fosforífero	2500
fosforizar	2500
fósforo	2500
fosforoso	2500
fosquinha	2500
fossado	2500
fossa	2500
fossar	2500
fosseta	2500
fóssil	2500
fossilífero	2500
fossilista	2500
fossilizar	2500
fosso	2500
fotão	2500
foteado	2500
fotocisão	2500
fotocondutividade	2500
fotocópia	2500
fotocopiar	2500
fotocromia	2500
fotocrómico	2500
fotodesintegração	2500
fotoeletrão	2500
fotoelétrico	2500
fotoemissão	2500
fotogénese	2500
fotogénico	2500
fotografar	2500
fotograma	2500
fotogravura	2500
fotoionização	2500
fotólise	2500
fotolitografia	2500
fotolito	2500
fotologia	2500
fotoluminescência	2500
fotomagnético	2500
fotomagnetismo	2500
fotomecânica	2500
fotometria	2500
fotómetro	2500
fotomontagem	2500
foto	2500
fotoquímica	2500
fotoquímico	2500
fotoquinese	2500
fotorrecetor	2500
fotorreceptor	2500
fotossensível	2500
fotossíntese	2500
fototeca	2500
fotovoltaico	2500
fouce	2500
foucinha	2500
foucinho	2500
foz	2500
fracalhão	2500
fracassar	2500
fracasso	2500
fração	2500
fracionário	2500
fracionar	2500
fraco	2500
fracote	2500
fratura	2500
fraturar	2500
frade	2500
fradicida	2500
fradinho	2500
fraga	2500
fragata	2500
frágil	2500
fragilidade	2500
fragilizar	2500
fragmentário	2500
fragmentar	2500
fragmento	2500
fragosidade	2500
fragor	2500
fragoso	2500
fragrância	2500
fralda	2500
fraldão	2500
fraldoso	2500
framboesa	2500
francesinha	2500
francesismo	2500
francesista	2500
franchisador	2500
frâncio	2500
franciscana	2500
franciscano	2500
franco	2500
franco-atirador	2500
francofilia	2500
francofobia	2500
francofonia	2500
francófono	2500
franco-mação	2500
franco-maçonaria	2500
franco-maçónico	2500
frangalho	2500
frangalhote	2500
franganada	2500
franganito	2500
franganote	2500
frango	2500
frangote	2500
franjado	2500
franja	2500
franjar	2500
franquear	2500
franquense	2500
franqueza	2500
franquia	2500
franquiar	2500
franquismo	2500
franquista	2500
franzino	2500
franzinote	2500
franzir	2500
fraqueira	2500
fraque	2500
fraquejar	2500
fraqueza	2500
frascaria	2500
frasco	2500
fraseado	2500
frasear	2500
frásico	2500
fraterna	2500
fraternal	2500
fraternidade	2500
fraternizar	2500
fraterno	2500
fratricídio	2500
fraude	2500
fraudulento	2500
freático	2500
freguesia	2500
freguês	2500
frei	2500
freio	2500
freira	2500
freire	2500
freirice	2500
freirinha	2500
fremente	2500
fremir	2500
frémito	2500
frenar	2500
frenesim	2500
frenético	2500
frente	2500
frequência	2500
frequencímetro	2500
frequentar	2500
frequente	2500
fresadora	2500
fresagem	2500
fresa	2500
fresar	2500
fresca	2500
fresco	2500
frescura	2500
fresta	2500
fretar	2500
frete	2500
freudiano	2500
freudismo	2500
friagem	2500
frialdade	2500
friável	2500
fricativo	2500
fricção	2500
friccionar	2500
frieza	2500
frigidamente	2500
frigideira	2500
frigidez	2500
frigidíssimo	2500
frígido	2500
frigorífero	2500
frigorífico	2500
frincha	2500
frinchoso	2500
frio	2500
friorento	2500
frisada	2500
frisa	2500
frisante	2500
frisar	2500
friso	2500
fritada	2500
fritadeira	2500
frita	2500
fritar	2500
frito	2500
fritura	2500
frivolamente	2500
frivolidade	2500
frívolo	2500
froixo	2500
fronde	2500
frondoso	2500
fronha	2500
frontal	2500
frontaria	2500
fronteira	2500
fronteiriço	2500
fronteiro	2500
fronte	2500
frontispício	2500
frota	2500
frouxidão	2500
frouxo	2500
frugal	2500
frugalidade	2500
fruir	2500
frustração	2500
frustrar	2500
fruta	2500
frutado	2500
fruteira	2500
fruteiro	2500
fruticultura	2500
frutífero	2500
frutificar	2500
frutívoro	2500
fruto	2500
frutuoso	2500
fuça	2500
fugacidade	2500
fuga	2500
fugaz	2500
fugida	2500
fugidela	2500
fugidiço	2500
fugidio	2500
fugir	2500
fugitivo	2500
fuinha	2500
fuinho	2500
fujão	2500
fula	2500
fulanizar	2500
fulano	2500
fulcrado	2500
fulcral	2500
fulcro	2500
fulgente	2500
fulgir	2500
fulgor	2500
fulgurância	2500
fulgurante	2500
fulgurar	2500
fuligem	2500
fuliginosidade	2500
fuliginoso	2500
fulminante	2500
fulminar	2500
fulminato	2500
fulminatório	2500
fulminoso	2500
fulo	2500
fumaçada	2500
fumaça	2500
fumaceira	2500
fumacento	2500
fumada	2500
fumagem	2500
fumão	2500
fumarada	2500
fumarento	2500
fumar	2500
fumatório	2500
fumegante	2500
fumegar	2500
fumeiro	2500
fumo	2500
funâmbulo	2500
função	2500
funchalense	2500
funcho	2500
funcional	2500
funcionalismo	2500
funcionário	2500
funcionar	2500
functor	2500
fundamental	2500
fundamentar	2500
fundamento	2500
funda	2500
fundão	2500
fundar	2500
fundear	2500
fundiário	2500
fundilho	2500
fundir	2500
fundo	2500
fundura	2500
fúnebre	2500
funeral	2500
funerário	2500
funestar	2500
funesto	2500
fungada	2500
fungadeira	2500
fungão	2500
fungar	2500
fungicida	2500
fungícola	2500
fungível	2500
fungo	2500
fungosidade	2500
fungoso	2500
funículo	2500
funilaria	2500
funileiro	2500
funil	2500
fura-bolos	2500
furacão	2500
furadoiro	2500
furador	2500
fura	2500
furão	2500
fura-paredes	2500
furar	2500
furgão	2500
furgoneta	2500
fúria	2500
furibundo	2500
furiosidade	2500
furioso	2500
furna	2500
furo	2500
furor	2500
furriel	2500
furtadela	2500
furtar	2500
furtivo	2500
furto	2500
furuncular	2500
furúnculo	2500
furunculose	2500
furunculoso	2500
fusa	2500
fusão	2500
fusco	2500
fuseiro	2500
fuselado	2500
fuselagem	2500
fusíveis	2500
fusível	2500
fuso	2500
fustigada	2500
fustigadela	2500
fustiga	2500
fustigante	2500
fustigar	2500
fustigo	2500
futebolista	2500
futebolístico	2500
futebol	2500
fútil	2500
futilidade	2500
futilizar	2500
futuridade	2500
futurismo	2500
futurista	2500
futuro	2500
futurologia	2500
futuroso	2500
fuzil	2500
fuzilada	2500
fuzilante	2500
fuzilaria	2500
fuzilar	2500
fuzileiro	2500
gabaço	2500
gabadela	2500
gabadinho	2500
gabança	2500
gabanço	2500
gabardina	2500
gabarito	2500
gabarola	2500
gabar	2500
gabatório	2500
gabinete	2500
gabiru	2500
gadanha	2500
gadanhar	2500
gadanheiro	2500
gadanho	2500
gado	2500
gafanhotada	2500
gafanhoto	2500
gafa	2500
gafo	2500
gago	2500
gagueira	2500
gaguejar	2500
gaguez	2500
gaiatada	2500
gaiatice	2500
gaiato	2500
gaiense	2500
gaiola	2500
gaiolim	2500
gaita	2500
gaiteirice	2500
gaiteiro	2500
gaivão	2500
gaivota	2500
gajada	2500
gajão	2500
gajice	2500
gajo	2500
galáctico	2500
galactose	2500
galaico	2500
galaico-português	2500
gala	2500
galanice	2500
galã	2500
galantaria	2500
galantear	2500
galante	2500
galanteio	2500
galão	2500
galardão	2500
galardoar	2500
galarim	2500
galar	2500
gálata	2500
galáxia	2500
galdéria	2500
galdério	2500
galeão	2500
galear	2500
galécio-português	2500
galegada	2500
galega	2500
galego	2500
galego-português	2500
galé	2500
galera	2500
galeria	2500
galeriano	2500
galês	2500
galga	2500
galgar	2500
galgo	2500
galhardamente	2500
galhardear	2500
galhardete	2500
galhardia	2500
galhardo	2500
galheteiro	2500
galhofada	2500
galhofa	2500
galhofar	2500
galhofeiro	2500
galhofento	2500
galho	2500
galicano	2500
galiciano	2500
galicismo	2500
galicizar	2500
gálico	2500
galileu	2500
galináceas	2500
galináceo	2500
galinada	2500
galinhaça	2500
galinha	2500
galinheiro	2500
galinhola	2500
galinhota	2500
galinicultura	2500
gálio	2500
galocha	2500
galo-hispano	2500
galo	2500
galopada	2500
galopante	2500
galopar	2500
galope	2500
galvânico	2500
galvanismo	2500
galvanizante	2500
galvanizar	2500
gamanço	2500
gamão	2500
gamar	2500
gamba	2500
gambiarra	2500
gambito	2500
gambozinos	2500
gamela	2500
gamelo	2500
gâmeta	2500
gamo	2500
ganadaria	2500
ganância	2500
gananciar	2500
ganancioso	2500
gana	2500
ganapada	2500
ganapa	2500
ganapo	2500
ganchar	2500
gancheta	2500
gancho	2500
ganchoso	2500
gandulo	2500
ganês	2500
ganga	2500
ganglioma	2500
ganglionar	2500
gânglio	2500
gangrena	2500
gangrenar	2500
gangrenoso	2500
ganhadeiro	2500
ganha-pão	2500
ganhar	2500
ganho	2500
ganido	2500
ganir	2500
ganso-bravo	2500
ganso	2500
garagem	2500
garagista	2500
garanhão	2500
garante	2500
garantia	2500
garantir	2500
garatujar	2500
garavetar	2500
garaveto	2500
garbo	2500
garbosidade	2500
garboso	2500
garça	2500
garça-real	2500
garçota	2500
gare	2500
garfada	2500
garfado	2500
garfar	2500
garfeira	2500
garfo	2500
gargaleira	2500
gargaleiro	2500
gargalhada	2500
gargalhar	2500
gargalheira	2500
gargalo	2500
gargaludo	2500
garganta	2500
garganteio	2500
gargantilha	2500
gárgula	2500
garimpar	2500
garimpeiro	2500
garimpo	2500
garnisé	2500
garotada	2500
garotal	2500
garotar	2500
garotete	2500
garotito	2500
garoto	2500
garotote	2500
garrafal	2500
garrafa	2500
garrafão	2500
garrafaria	2500
garrafeira	2500
garraiada	2500
garraio	2500
garranchada	2500
garrancha	2500
garrancho	2500
garranchoso	2500
garra	2500
garrettiana	2500
garrettiano	2500
garridice	2500
garrir	2500
garrotar	2500
garrote	2500
garupa	2500
garupada	2500
gasear	2500
gaseificar	2500
gaseiforme	2500
gasganete	2500
gasificar	2500
gás	2500
gasoduto	2500
gasógeno	2500
gasóleo	2500
gasolina	2500
gasolineira	2500
gasómetro	2500
gasosa	2500
gasoso	2500
gaspacho	2500
gaspeadeira	2500
gáspea	2500
gaspear	2500
gastador	2500
gastar	2500
gasto	2500
gástrica	2500
gástrico	2500
gastrite	2500
gastroenterite	2500
gastronomia	2500
gastrónomo	2500
gastrópode	2500
gata-borralheira	2500
gatafunhar	2500
gatafunhos	2500
gata	2500
gataria	2500
gatarrão	2500
gateiro	2500
gatice	2500
gatilho	2500
gatinhar	2500
gato-bravo	2500
gato-montês	2500
gato	2500
gato-pingado	2500
gatorro	2500
gato-sapato	2500
gatunagem	2500
gatunar	2500
gatunice	2500
gatunismo	2500
gatuno	2500
gaúcho	2500
gáudio	2500
gaudioso	2500
gaulês	2500
gaussiano	2500
gauss	2500
gávea	2500
gaveta	2500
gavetão	2500
gaveto	2500
gavião	2500
gavinha	2500
gavinhoso	2500
gazeante	2500
gazear	2500
gazela	2500
gaze	2500
gazeta	2500
gazetear	2500
gazeteiro	2500
gazua	2500
geada	2500
gear	2500
geento	2500
geco	2500
geiser	2500
gelada	2500
geladeira	2500
geladiço	2500
gelado	2500
gelador	2500
geladura	2500
gelar	2500
gelatina	2500
gelatiniforme	2500
gelatinizar	2500
gelatinoso	2500
geleia	2500
geleira	2500
gélido	2500
gelificar	2500
gel	2500
gelo	2500
gemada	2500
gema	2500
gemar	2500
gemedoiro	2500
gemedouro	2500
gémeo	2500
gemer	2500
gemido	2500
geminar	2500
genealogia	2500
genealogista	2500
genebrense	2500
genebrês	2500
genebrino	2500
gene	2500
generacionismo	2500
generalato	2500
general	2500
generalidade	2500
generalista	2500
generalizador	2500
generalizar	2500
generante	2500
generativo	2500
generatriz	2500
genérico	2500
género	2500
generosidade	2500
generoso	2500
génese	2500
genesíaco	2500
genética	2500
geneticismo	2500
geneticista	2500
genético	2500
gengibre	2500
gengival	2500
gengiva	2500
gengivite	2500
genial	2500
genialidade	2500
genica	2500
génio	2500
genital	2500
genitivo	2500
genocídio	2500
genoma	2500
genovense	2500
genovês	2500
genro	2500
gentaça	2500
gentalha	2500
gente	2500
gentil	2500
gentileza	2500
gentil-homem	2500
gentilício	2500
gentílico	2500
gentilidade	2500
gentilismo	2500
gentilizar	2500
gentio	2500
genuinamente	2500
genuinidade	2500
genuíno	2500
geocêntrico	2500
geocentrismo	2500
geocíclico	2500
geocinético	2500
geodésico	2500
geofísica	2500
geofísico	2500
geografia	2500
geográfico	2500
geologia	2500
geológico	2500
geometral	2500
geómetra	2500
geometria	2500
geometricamente	2500
geoplano	2500
geopolítico	2500
geoquímica	2500
georgiano	2500
georreferenciar	2500
geosfera	2500
geotectónico	2500
geotérmico	2500
geotermismo	2500
geração	2500
gerador	2500
gerânio	2500
gerar	2500
gerativo	2500
geratriz	2500
gerência	2500
gerente	2500
geriatra	2500
geriatria	2500
gerigonça	2500
geringonça	2500
gerir	2500
germânico	2500
germânio	2500
germanismo	2500
germanista	2500
germanizar	2500
germano	2500
germe	2500
gérmen	2500
germicida	2500
germinadoiro	2500
germinador	2500
germinadouro	2500
germinal	2500
germinante	2500
germinar	2500
germinativo	2500
germinabilidade	2500
gerundial	2500
gerúndio	2500
gerundivo	2500
gessar	2500
gesso	2500
gessoso	2500
gestação	2500
gesta	2500
gestante	2500
gestão	2500
gestatório	2500
gesticular	2500
gesto	2500
gestor	2500
gestual	2500
giboso	2500
gibraltino	2500
giestal	2500
giesta	2500
giga	2500
gigahertz	2500
gigantear	2500
gigante	2500
gigantesco	2500
gigântico	2500
gigantismo	2500
gigantizar	2500
gil-vicentino	2500
gim	2500
gimnodesportivo	2500
ginasial	2500
ginasiano	2500
ginásio	2500
ginasta	2500
ginástica	2500
ginástico	2500
gincana	2500
gineceu	2500
ginecocracia	2500
ginecofobia	2500
ginecologia	2500
ginecologista	2500
ginete	2500
gineto	2500
gingante	2500
gingão	2500
gingar	2500
ginjal	2500
ginja	2500
ginjeira	2500
giração	2500
gira-discos	2500
girafa	2500
girândola	2500
gira	2500
girante	2500
girar	2500
girassol	2500
giratório	2500
gíria	2500
girino	2500
giro	2500
girondino	2500
giroscópio	2500
giróstato	2500
gizar	2500
giz	2500
glabela	2500
glabro	2500
glacial	2500
glaciar	2500
glaciário	2500
gladiador	2500
gladiar	2500
gladiatório	2500
gladiatura	2500
gladíolo	2500
gládio	2500
glande	2500
glândula	2500
glandular	2500
glanduloso	2500
glaucoma	2500
gleba	2500
glicerina	2500
glicerol	2500
glícido	2500
glicol	2500
glicose	2500
glifo	2500
global	2500
globalismo	2500
globalístico	2500
globalização	2500
globalizar	2500
globo	2500
globosidade	2500
globoso	2500
globular	2500
globulina	2500
glóbulo	2500
globuloso	2500
glomérulo	2500
glória	2500
gloriar	2500
glorificador	2500
glorificante	2500
glorificar	2500
glorioso	2500
glosa	2500
glossário	2500
glossematismo	2500
glote	2500
glótica	2500
glótico	2500
glotite	2500
glúcido	2500
glucose	2500
gluglu	2500
glutão	2500
glúteo	2500
glúten	2500
gnoma	2500
gnómico	2500
gnomo	2500
gnose	2500
gnoseologia	2500
gnosticismo	2500
gnóstico	2500
godé	2500
godo	2500
goela	2500
goelar	2500
goense	2500
goês	2500
goiabada	2500
goiaba	2500
goiabeira	2500
golada	2500
gola	2500
golear	2500
golejar	2500
gole	2500
golfada	2500
golfar	2500
golfejar	2500
golfe	2500
golfinho	2500
golfo	2500
golo	2500
golpada	2500
golpeadura	2500
golpeante	2500
golpear	2500
golpe	2500
goma	2500
gome	2500
gomo	2500
gomosidade	2500
gomoso	2500
gónada	2500
gôndola	2500
gondolar	2500
gondoleiro	2500
gondomarense	2500
gongo	2500
gonorreia	2500
gonorreico	2500
gonzo	2500
gorar	2500
gordaço	2500
gordalhaço	2500
gordalhão	2500
górdio	2500
gordo	2500
gordote	2500
gorducho	2500
gordura	2500
gordurento	2500
gorduroso	2500
gorgolar	2500
gorgolejante	2500
gorgolejar	2500
gorila	2500
gorjear	2500
gorjeio	2500
gorjeta	2500
gorra	2500
gorro	2500
gostar	2500
gosto	2500
gostoso	2500
gota	2500
gotear	2500
goteira	2500
gotejante	2500
gotejar	2500
gótico	2500
gotícula	2500
goto	2500
gotoso	2500
governador-civil	2500
governador-geral	2500
governador	2500
governal	2500
governamental	2500
governamentalizar	2500
governanta	2500
governante	2500
governar	2500
governativo	2500
governismo	2500
governista	2500
governo	2500
gozar	2500
gozo	2500
graal	2500
graça	2500
gracejar	2500
gracejo	2500
graceta	2500
grácil	2500
gracilidade	2500
gracílimo	2500
gracinha	2500
graciosidade	2500
gracioso	2500
graçola	2500
graçolar	2500
gradação	2500
gradagem	2500
gradar	2500
gradativo	2500
gradeado	2500
gradear	2500
grade	2500
gradiente	2500
graduadamente	2500
gradual	2500
graduando	2500
graduar	2500
grã-duquesa	2500
grafar	2500
grafema	2500
grafia	2500
gráfica	2500
gráfico	2500
grafite	2500
grafítico	2500
grafitização	2500
grafologia	2500
grafo	2500
grafonola	2500
grainha	2500
gralha	2500
gralhar	2500
gramada	2500
gramadeira	2500
gramado	2500
grama	2500
gramar	2500
gramatical	2500
gramaticalismo	2500
gramática	2500
gramático	2500
gramaticólogo	2500
gramatiquice	2500
gramatista	2500
gramatologia	2500
gramínea	2500
gramofone	2500
grampo	2500
granada	2500
granadeiro	2500
granal	2500
granar	2500
grandalhão	2500
grandessíssimo	2500
grandeza	2500
grandiloquência	2500
grandíloquo	2500
grandiosidade	2500
grandioso	2500
grandote	2500
granel	2500
granífero	2500
graniforme	2500
granisé	2500
granítico	2500
granitização	2500
granitoide	2500
granito	2500
granitoso	2500
granívoro	2500
granizada	2500
granizar	2500
granizo	2500
granja	2500
granjaria	2500
granjeador	2500
granjearia	2500
granjear	2500
granjeeiro	2500
granjeio	2500
granoso	2500
granuladora	2500
granulagem	2500
granular	2500
granularidade	2500
granuliforme	2500
granuloma	2500
granulosidade	2500
granuloso	2500
grão-de-bico	2500
grão-ducado	2500
grão-ducal	2500
grão-duque	2500
grão-mestrado	2500
grão-mestre	2500
grão	2500
grão-vizirato	2500
grão-vizir	2500
grasnada	2500
grasnadela	2500
grasnante	2500
grasnar	2500
grasnido	2500
grasno	2500
grassar	2500
gratidão	2500
gratificar	2500
grátis	2500
gratitude	2500
grato	2500
gratuitidade	2500
gratuito	2500
gratulatório	2500
graúdo	2500
grau	2500
gravador	2500
gravadura	2500
gravar	2500
gravata	2500
gravataria	2500
gravateiro	2500
gravatinha	2500
gravativo	2500
grave	2500
gravetar	2500
graveto	2500
graveza	2500
gravidade	2500
gravidar	2500
gravidez	2500
grávido	2500
gravilha	2500
gravitacional	2500
gravitante	2500
gravitão	2500
gravitar	2500
gravítico	2500
gravoso	2500
gravura	2500
graxa	2500
greco-latino	2500
greco-romano	2500
gregal	2500
gregário	2500
gregários	2500
gregarismo	2500
grego	2500
gregoriano	2500
grei	2500
grelar	2500
grelhador	2500
grelha	2500
grelhar	2500
grelo	2500
gremial	2500
grémio	2500
grés	2500
gretadura	2500
greta	2500
gretar	2500
grevas	2500
greve	2500
grifo	2500
grilhão	2500
grilheta	2500
grilo	2500
grinalda	2500
gringo	2500
gripal	2500
gripar	2500
gripe	2500
grisalhar	2500
grisalho	2500
grisar	2500
gritada	2500
gritadeira	2500
gritador	2500
grita	2500
gritante	2500
gritaria	2500
gritar	2500
griteira	2500
grito	2500
grogue	2500
gronelandês	2500
grosa	2500
groselha	2500
grosseirão	2500
grosseirismo	2500
grosseiro	2500
grossense	2500
grosseria	2500
grossista	2500
grosso	2500
grossura	2500
grotesco	2500
grou	2500
grua	2500
grudar	2500
grude	2500
grugulejar	2500
grugulejo	2500
grumete	2500
grunhidela	2500
grunhido	2500
grunhir	2500
grupelho	2500
gruta	2500
guache	2500
guacho	2500
guapo	2500
guarani	2500
guarda-chuva	2500
guarda-costas	2500
guardadeira	2500
guardador	2500
guarda-fatos	2500
guarda-fiscal	2500
guarda-florestal	2500
guarda-freio	2500
guarda-joias	2500
guarda-lama	2500
guarda-livros	2500
guarda-loiça	2500
guarda-louça	2500
guarda-marinha	2500
guardanapo	2500
guarda	2500
guarda-noturno	2500
guarda-redes	2500
guarda-republicano	2500
guarda-rios	2500
guarda-roupa	2500
guarda-sol	2500
guarda-vento	2500
guarda-vestidos	2500
guardear	2500
guardense	2500
guardião	2500
guarida	2500
guarir	2500
guarita	2500
guarnecer	2500
guarnição	2500
guatemalteco	2500
guedelha	2500
guedelhudo	2500
gueixa	2500
guelra	2500
guerra	2500
guerrear	2500
guerreiro	2500
guerrilha	2500
guerrilhar	2500
guerrilheiro	2500
gueto	2500
guiador	2500
guia	2500
guianense	2500
guianês	2500
guião	2500
guiar	2500
guiché	2500
guilhotina	2500
guilhotinar	2500
guinada	2500
guinar	2500
guinchante	2500
guinchar	2500
guincho	2500
guindar	2500
guindaste	2500
guineense	2500
guionista	2500
guisadeira	2500
guisado	2500
guisa	2500
guisar	2500
guita	2500
guitarrada	2500
guitarra	2500
guitarrear	2500
guitarreiro	2500
guitarrilha	2500
guitarrista	2500
guizo	2500
gula	2500
gulodice	2500
gulosar	2500
guloseima	2500
gulosice	2500
guloso	2500
gume	2500
gumoso	2500
guru	2500
gustação	2500
gustativo	2500
gustatório	2500
guterrista	2500
hábil	2500
habilidade	2500
habilidoso	2500
habilitador	2500
habilitanço	2500
habilitante	2500
habilitar	2500
habilmente	2500
habitabilidade	2500
habitacional	2500
habitáculo	2500
habitador	2500
habitante	2500
habitar	2500
habitat	2500
hábito	2500
habitual	2500
habitualismo	2500
habituar	2500
hã	2500
haitiano	2500
halação	2500
hálito	2500
halogenação	2500
halogenar	2500
halogéneo	2500
halogeneto	2500
halo	2500
haltere	2500
halterofilia	2500
halterofilismo	2500
hambúrguer	2500
hamburguês	2500
handebol	2500
hangar	2500
hanoveriano	2500
haploide	2500
harém	2500
harmonia	2500
harmónica	2500
harmónico	2500
harmónio	2500
harmonioso	2500
harmonista	2500
harmonizador	2500
harmonizar	2500
harpa	2500
harpar	2500
harpear	2500
harpejar	2500
harpejo	2500
harpista	2500
hasta	2500
hastário	2500
hastear	2500
haste	2500
havaiano	2500
havanês	2500
havano	2500
haver	2500
haxixe	2500
hebraico	2500
hebraísmo	2500
hebraísta	2500
hebraizar	2500
hebreu	2500
hectare	2500
hectograma	2500
hectolitro	2500
hectométrico	2500
hectómetro	2500
hediondo	2500
hedónico	2500
hedonismo	2500
hegelianismo	2500
hegeliano	2500
hegelismo	2500
hegemonia	2500
hegemónico	2500
hegemonizar	2500
helénico	2500
helenismo	2500
helenista	2500
helenístico	2500
helenizar	2500
heleno	2500
helião	2500
hélice	2500
helicoidal	2500
helicóptero	2500
heliocêntrico	2500
heliocentrismo	2500
heliografia	2500
hélio	2500
helioterapia	2500
heliporto	2500
helvécio	2500
helvético	2500
hemático	2500
hematologia	2500
hematoma	2500
hematose	2500
hemicíclico	2500
hemiciclo	2500
hemisférico	2500
hemisfério	2500
hemisferoidal	2500
hemisferoide	2500
hemodiálise	2500
hemofilia	2500
hemofílico	2500
hemoglobina	2500
hemolítico	2500
hemorragia	2500
hemorrágico	2500
hemorroidal	2500
hemorroida	2500
hemorroide	2500
hemotoxina	2500
henriquino	2500
hepática	2500
hepático	2500
hepatite	2500
heptaedro	2500
heptagonal	2500
heptágono	2500
heptatlo	2500
heráldico	2500
herança	2500
hera	2500
herbáceo	2500
herbário	2500
herbanário	2500
herbicida	2500
herbívoro	2500
herborizar	2500
hercúleo	2500
hércules	2500
herdade	2500
herdança	2500
herdar	2500
herdeiro	2500
hereditariedade	2500
hereditário	2500
herege	2500
heresia	2500
herético	2500
hermafrodita	2500
hermafroditismo	2500
hermafrodito	2500
hermenêutico	2500
hermeticidade	2500
hermético	2500
hermetismo	2500
hernial	2500
hérnia	2500
hérnico	2500
hernioso	2500
heroicamente	2500
heroicidade	2500
heroicizar	2500
heroico	2500
heroificar	2500
heroína	2500
herói	2500
heroísmo	2500
herpes	2500
hertziano	2500
hertz	2500
hesitante	2500
hesitar	2500
heterodoxia	2500
heterodoxo	2500
heterogeneidade	2500
heterogéneo	2500
heterónimo	2500
heterossexual	2500
heureca	2500
heurético	2500
heurística	2500
heurístico	2500
hexadecimal	2500
hexagonal	2500
hexágono	2500
hiato	2500
hibernáculo	2500
hibernal	2500
hibernante	2500
hibernar	2500
hibridação	2500
hibridez	2500
hibridismo	2500
híbrido	2500
hidra	2500
hidratante	2500
hidratar	2500
hidrato	2500
hidraulicamente	2500
hidráulico	2500
hídrico	2500
hidroagricultura	2500
hidroavião	2500
hidrocarbonato	2500
hidrocarboneto	2500
hidrodinâmica	2500
hidrodinâmico	2500
hidroelétrico	2500
hidrofilia	2500
hidrofobia	2500
hidrogenar	2500
hidrogénio	2500
hidrografia	2500
hidrolisável	2500
hidrólise	2500
hidrologia	2500
hidroplano	2500
hidrostática	2500
hidrosfera	2500
hidróxido	2500
hiena	2500
hierarquia	2500
hierarquicamente	2500
hierarquizar	2500
hierático	2500
hierocracia	2500
hieroglífico	2500
hieróglifo	2500
hifenizar	2500
hífen	2500
higiene	2500
higiénico	2500
higienista	2500
higienizar	2500
higrómetro	2500
higroscópico	2500
hilariante	2500
hilaridade	2500
himenal	2500
himenial	2500
hímen	2500
hindi	2500
hindu	2500
hinduísmo	2500
hinógrafo	2500
hino	2500
hiperácido	2500
hipérbole	2500
hiperbólico	2500
hiperbolismo	2500
hiperbolizar	2500
hiperboloide	2500
hipercrítico	2500
hiperespaço	2500
hipericão	2500
hipermédia	2500
hipermercado	2500
hipersensibilidade	2500
hipersensível	2500
hipertensão	2500
hipertensivo	2500
hipertenso	2500
hipertexto	2500
hipertrofia	2500
hipertrofiar	2500
hipervitaminose	2500
hípico	2500
hipismo	2500
hipnoide	2500
hipnologia	2500
hipnose	2500
hipnótico	2500
hipnotismo	2500
hipnotista	2500
hipnotizar	2500
hipocentro	2500
hipocondríaco	2500
hipocrisia	2500
hipócrita	2500
hipocritamente	2500
hipoderme	2500
hipodérmico	2500
hipódromo	2500
hipofisário	2500
hipófise	2500
hipopótamo	2500
hipotálamo	2500
hipoteca	2500
hipotecário	2500
hipotecar	2500
hipotensão	2500
hipotensivo	2500
hipotenusa	2500
hipótese	2500
hipotético	2500
hipotrofia	2500
hirteza	2500
hirto	2500
hispânico	2500
hispanismo	2500
hispanista	2500
hispanizar	2500
hispano-americano	2500
histerese	2500
histeria	2500
histericismo	2500
histérico	2500
histerismo	2500
histograma	2500
histológico	2500
histologista	2500
historiador	2500
historial	2500
história	2500
historiar	2500
historicidade	2500
historicismo	2500
histórico	2500
historieta	2500
historiografia	2500
hitita	2500
holandês	2500
holandizar	2500
holiganismo	2500
holístico	2500
holismo	2500
holocausto	2500
holofote	2500
holografia	2500
holograma	2500
hombridade	2500
homem	2500
homenagear	2500
homenagem	2500
homenzarrão	2500
homeomorfismo	2500
homeopatia	2500
homérico	2500
homessa	2500
homicídio	2500
homilia	2500
homiliar	2500
homiliasta	2500
hominídeo	2500
hominívoro	2500
homofobia	2500
homofonia	2500
homofonismo	2500
homófono	2500
homogamia	2500
homogeneamente	2500
homogeneidade	2500
homogeneizador	2500
homogeneizar	2500
homogéneo	2500
homografia	2500
homologar	2500
homologatório	2500
homologia	2500
homólogo	2500
homomorfismo	2500
homónimo	2500
homo	2500
homossexual	2500
homossexualidade	2500
homossexualismo	2500
homotetia	2500
homozigoto	2500
homúnculo	2500
hondurenho	2500
honestidade	2500
honestizar	2500
honesto	2500
honorabilidade	2500
honorário	2500
honorários	2500
honorável	2500
honoravelmente	2500
honorificar	2500
honorificência	2500
honorífico	2500
honor	2500
honradamente	2500
honradez	2500
honra	2500
honraria	2500
honrar	2500
honroso	2500
hóquei	2500
horário	2500
horda	2500
horizontal	2500
horizontalidade	2500
horizonte	2500
hormonal	2500
hormona	2500
horoscópio	2500
horóscopo	2500
horrendo	2500
horrente	2500
hórrido	2500
horrífico	2500
horripilante	2500
horripilar	2500
horrível	2500
horrorífico	2500
horrorizar	2500
horror	2500
horroroso	2500
hortaliça	2500
hortaliceira	2500
horta	2500
hortelã	2500
hortelão	2500
hortense	2500
horticultura	2500
horto	2500
hospedagem	2500
hospedaria	2500
hospedar	2500
hóspede	2500
hospedeiro	2500
hospício	2500
hospitalar	2500
hospitalário	2500
hospitaleira	2500
hospitaleiro	2500
hospitalidade	2500
hospitalizar	2500
hospital	2500
hoste	2500
hóstia	2500
hostil	2500
hostilidade	2500
hostilizar	2500
hotelaria	2500
hoteleiro	2500
hotel	2500
hui	2500
hulha	2500
hulhífero	2500
humanado	2500
humanal	2500
humanidade	2500
humanismo	2500
humanista	2500
humanístico	2500
humanitário	2500
humanitarismo	2500
humanizar	2500
humano	2500
humanos	2500
humanoide	2500
humedecer	2500
hum	2500
húmico	2500
humícola	2500
humidade	2500
humidamente	2500
humidificação	2500
humidificador	2500
húmido	2500
humífero	2500
humificação	2500
humildade	2500
humildar	2500
humilde	2500
humildoso	2500
humilhante	2500
humilhar	2500
humilhoso	2500
humílimo	2500
humo	2500
humorado	2500
humoral	2500
humorismo	2500
humorista	2500
humorístico	2500
humor	2500
humoroso	2500
húmus	2500
húngaro	2500
huno	2500
hurra	2500
iâmbico	2500
iambo	2500
ianque	2500
ião	2500
iate	2500
ibérico	2500
ibério	2500
iberizar	2500
ibero-americano	2500
ibero	2500
íbis	2500
ícaro	2500
içar	2500
icebergue	2500
icnografia	2500
ícone	2500
icónico	2500
iconoclasta	2500
iconoclastia	2500
iconofilia	2500
iconografia	2500
iconolatria	2500
iconologia	2500
iconóstase	2500
iconoteca	2500
icterícia	2500
iterícia	2500
idade	2500
ida	2500
ideal	2500
idealidade	2500
idealismo	2500
idealista	2500
idealístico	2500
idealizador	2500
idealizar	2500
ideário	2500
ideia	2500
idem	2500
idempotência	2500
idempotente	2500
identicamente	2500
idêntico	2500
identidade	2500
identificação	2500
identificar	2500
identificativo	2500
identitário	2500
ideográfico	2500
ideograma	2500
ideologia	2500
ideológico	2500
idilicamente	2500
idílico	2500
idiólatra	2500
idiolatria	2500
idiolátrico	2500
idiomático	2500
idiopático	2500
idiossincrasia	2500
idiossincrásico	2500
idiossincrático	2500
idiota	2500
idiotia	2500
idiótico	2500
idiotismo	2500
idiotizar	2500
idolatradamente	2500
idólatra	2500
idolatrar	2500
idolatria	2500
idolatrizar	2500
ídolo	2500
idoneidade	2500
idoneísmo	2500
idóneo	2500
idoso	2500
iemenita	2500
iene	2500
iglu	2500
ígnea	2500
ignição	2500
ignóbil	2500
ignobilidade	2500
ignobilmente	2500
ignomínia	2500
ignominioso	2500
ignorância	2500
ignorante	2500
ignorantismo	2500
ignorar	2500
ignoto	2500
igreja	2500
igrejeiro	2500
igrejinha	2500
igrejola	2500
igual	2500
igualar	2500
igualdade	2500
igualitário	2500
igualitarismo	2500
igualitarista	2500
igualizar	2500
iguana	2500
iguano	2500
iguaria	2500
ilação	2500
ilativo	2500
ilegal	2500
ilegalidade	2500
ilegalizar	2500
ilegitimamente	2500
ilegitimidade	2500
ilegítimo	2500
ilegível	2500
ileocecal	2500
ileso	2500
iletrado	2500
ilhal	2500
ilha	2500
ilharga	2500
ilhar	2500
ilhéu	2500
ilhota	2500
ilíaco	2500
ilíada	2500
ilibar	2500
ilicitamente	2500
ilícito	2500
ilicitude	2500
ilidível	2500
ilimitado	2500
ilimitável	2500
ilíquido	2500
iliteracia	2500
iliterato	2500
ilógico	2500
iludente	2500
iludir	2500
iluminador	2500
iluminante	2500
iluminar	2500
iluminativo	2500
iluminismo	2500
iluminista	2500
iluminura	2500
ilusão	2500
ilusionismo	2500
ilusionista	2500
ilusor	2500
ilusório	2500
ilustração	2500
ilustrador	2500
ilustrar	2500
ilustrativo	2500
ilustre	2500
imaculabilidade	2500
imaculado	2500
imaculável	2500
imaculidade	2500
imagem	2500
imagético	2500
imaginador	2500
imaginante	2500
imaginária	2500
imaginário	2500
imaginar	2500
imaginativa	2500
imaginativo	2500
imaginoso	2500
imago	2500
imame	2500
imane	2500
imanência	2500
imanente	2500
imanentismo	2500
imã	2500
íman	2500
imaterial	2500
imaterialidade	2500
imaterialismo	2500
imaterializar	2500
imaturidade	2500
imaturo	2500
imbatível	2500
imbecil	2500
imbecilidade	2500
imbecilizar	2500
imberbe	2500
imbicar	2500
imbricação	2500
imbricado	2500
imbricante	2500
imbricar	2500
imbróglio	2500
imbuir	2500
imediação	2500
imediato	2500
imemorável	2500
imemorial	2500
imensidade	2500
imensidão	2500
imenso	2500
imensurabilidade	2500
imensurável	2500
imerecido	2500
imergente	2500
imergir	2500
imérito	2500
imersão	2500
imersivo	2500
imerso	2500
imersor	2500
imigrante	2500
imigrar	2500
imigratório	2500
iminência	2500
iminente	2500
imiscuir	2500
imitabilidade	2500
imitação	2500
imitador	2500
imitante	2500
imitar	2500
imitativo	2500
imóbil	2500
imobiliário	2500
imobilidade	2500
imobilismo	2500
imobilista	2500
imobilizar	2500
imoderação	2500
imoderado	2500
imolador	2500
imolante	2500
imolar	2500
imoral	2500
imoralidade	2500
imoralismo	2500
imoralista	2500
imortal	2500
imortalidade	2500
imortalizar	2500
imóvel	2500
impaciência	2500
impacientar	2500
impaciente	2500
impactar	2500
impacte	2500
impacto	2500
impagável	2500
ímpar	2500
imparável	2500
imparcial	2500
imparcialidade	2500
imparcializar	2500
imparidade	2500
impasse	2500
impassibilidade	2500
impassibilizar	2500
impassível	2500
impassividade	2500
impassivo	2500
impavidamente	2500
impávido	2500
impecabilidade	2500
impecável	2500
impedância	2500
impedir	2500
impeditivo	2500
impelente	2500
impelir	2500
impenetrabilidade	2500
impenetrável	2500
impenhorável	2500
impenitência	2500
impensado	2500
impensável	2500
imperador	2500
imperante	2500
imperar	2500
imperativo	2500
imperatriz	2500
impercetível	2500
imperdoável	2500
imperfeição	2500
imperial	2500
imperialismo	2500
imperialista	2500
imperícia	2500
império	2500
imperiosidade	2500
imperioso	2500
impermanência	2500
impermanente	2500
impermeabilidade	2500
impermeabilizar	2500
impermeável	2500
impermutabilidade	2500
impermutável	2500
imperscrutável	2500
impertinência	2500
impertinenciar	2500
impertinente	2500
imperturbabilidade	2500
imperturbado	2500
imperturbável	2500
impessoal	2500
impessoalidade	2500
ímpeto	2500
impetuosidade	2500
impetuoso	2500
impiamente	2500
impiedade	2500
impiedoso	2500
impingidela	2500
impingir	2500
ímpio	2500
implacabilidade	2500
implacável	2500
implantar	2500
implante	2500
implementar	2500
implemento	2500
implicação	2500
implicância	2500
implicante	2500
implicar	2500
implicativo	2500
implicatório	2500
implicitamente	2500
implícito	2500
implorante	2500
implorar	2500
implorativo	2500
implosão	2500
impoluível	2500
impoluto	2500
imponderabilidade	2500
imponderação	2500
imponderado	2500
imponderáveis	2500
imponderável	2500
imponência	2500
imponente	2500
imponível	2500
impontar	2500
impopular	2500
impopularidade	2500
impopularizar	2500
importação	2500
importador	2500
importância	2500
importar	2500
importunância	2500
importunar	2500
importunidade	2500
importuno	2500
impor	2500
imposição	2500
impositivo	2500
impositor	2500
impossibilitar	2500
impossível	2500
imposto	2500
impostor	2500
impostura	2500
imposturar	2500
imposturice	2500
impotabilidade	2500
impotável	2500
impotência	2500
impotente	2500
impraticabilidade	2500
impraticável	2500
imprecação	2500
imprecatado	2500
imprecativo	2500
imprecatório	2500
imprecaução	2500
imprecisão	2500
impreciso	2500
impreenchível	2500
impregnar	2500
impremeditado	2500
imprensa	2500
imprensar	2500
imprescindível	2500
imprescritibilidade	2500
imprescritível	2500
impressão	2500
impressibilidade	2500
impressionabilidade	2500
impressionante	2500
impressionar	2500
impressionismo	2500
impressionista	2500
impressível	2500
impressivo	2500
impresso	2500
impressor	2500
impressora	2500
imprestável	2500
impreterível	2500
imprevidência	2500
imprevidente	2500
imprevisão	2500
imprevisível	2500
imprevisto	2500
imprimação	2500
imprimir	2500
improbabilidade	2500
improbar	2500
improbidade	2500
improcedência	2500
improcedente	2500
improceder	2500
improdução	2500
improducente	2500
improdutível	2500
improdutividade	2500
improdutivo	2500
improferível	2500
improficiência	2500
improficiente	2500
improficuamente	2500
improficuidade	2500
improfícuo	2500
improgressivo	2500
improlífico	2500
impropério	2500
improporcionalidade	2500
impropriamente	2500
impropriar	2500
impropriedade	2500
impróprio	2500
improrrogabilidade	2500
improrrogável	2500
improtelável	2500
improvar	2500
improvidência	2500
improvidente	2500
improvido	2500
improvisador	2500
improvisar	2500
improvisata	2500
improviso	2500
imprudência	2500
impúbere	2500
impubescência	2500
impubescente	2500
impudência	2500
impudente	2500
impudico	2500
impudor	2500
impugnabilidade	2500
impugnar	2500
impugnativo	2500
impulsão	2500
impulsar	2500
impulsionador	2500
impulsionar	2500
impulsivismo	2500
impulsivo	2500
impulso	2500
impulsor	2500
impune	2500
impunidade	2500
impunível	2500
impureza	2500
impuridade	2500
impurificar	2500
impuro	2500
imputabilidade	2500
imputar	2500
imputável	2500
imudável	2500
imundície	2500
imundo	2500
imune	2500
imunidade	2500
imunitário	2500
imunizante	2500
imunizar	2500
imunodeficiência	2500
imunologia	2500
imutabilidade	2500
imutar	2500
inabalável	2500
inabdicável	2500
inábil	2500
inabilidade	2500
inabilitar	2500
inabitar	2500
inabordável	2500
inacabado	2500
inacabável	2500
inaceitável	2500
inaciano	2500
inacomodável	2500
inacostumado	2500
inacreditável	2500
inativo	2500
inatual	2500
inacusável	2500
inadaptação	2500
inadaptado	2500
inadaptável	2500
inadequado	2500
inaderente	2500
inadiável	2500
inadmissão	2500
inadmissibilidade	2500
inadmissível	2500
inadquirível	2500
inadvertência	2500
inadvertido	2500
inalador	2500
inalante	2500
inalar	2500
inaliável	2500
inalienabilidade	2500
inalienação	2500
inalienável	2500
inalterabilidade	2500
inalterado	2500
inalterável	2500
inamissibilidade	2500
inamissível	2500
inamolgável	2500
inamovibilidade	2500
inamovível	2500
inanalisável	2500
inanimado	2500
inapelabilidade	2500
inapelável	2500
inapetência	2500
inaplicabilidade	2500
inaplicado	2500
inaplicável	2500
inapreciável	2500
inapreensível	2500
inapropriado	2500
inaptidão	2500
inapto	2500
inarmonia	2500
inarmónico	2500
inarrável	2500
inassimilável	2500
inatacabilidade	2500
inatacável	2500
inatendível	2500
inatingível	2500
inatismo	2500
inato	2500
inaudito	2500
inaudível	2500
inauferível	2500
inaugurador	2500
inaugural	2500
inaugurar	2500
inautenticidade	2500
inautêntico	2500
inavegável	2500
inaveriguável	2500
inçadoiro	2500
inçadouro	2500
incalcinável	2500
incalculável	2500
incandescência	2500
incandescente	2500
incandescer	2500
inca	2500
incansabilidade	2500
incansável	2500
incapacidade	2500
incapacitante	2500
incapacitar	2500
incapaz	2500
incaracterístico	2500
incaraterístico	2500
incarnar	2500
incasto	2500
incauto	2500
incendiário	2500
incendiar	2500
incendido	2500
incendimento	2500
incêndio	2500
incensador	2500
incensar	2500
incenso	2500
incensurável	2500
incentivar	2500
incentivo	2500
incerimonioso	2500
incerteza	2500
incerto	2500
incessante	2500
incessável	2500
incessibilidade	2500
incessível	2500
incestar	2500
incesto	2500
incestuosamente	2500
incestuoso	2500
inchaço	2500
inchadura	2500
inchar	2500
incicatrizável	2500
incidência	2500
incidentado	2500
incidental	2500
incidente	2500
incidir	2500
incinerar	2500
incipiente	2500
incircuncidado	2500
incircunciso	2500
incisão	2500
incisar	2500
incisivo	2500
inciso	2500
incisor	2500
incisório	2500
incitador	2500
incitante	2500
incitar	2500
incitativo	2500
incivil	2500
incivilidade	2500
incivilizado	2500
incivilizável	2500
incivilmente	2500
incivismo	2500
inclassificado	2500
inclassificável	2500
inclemência	2500
inclemente	2500
inclinação	2500
inclinar	2500
incluir	2500
inclusa	2500
inclusão	2500
inclusiva	2500
inclusivo	2500
incluso	2500
incoadunável	2500
incoagulável	2500
incobrável	2500
incoercibilidade	2500
incoercível	2500
incoerência	2500
incoerente	2500
incoesão	2500
incoexistência	2500
incoexistente	2500
incognitamente	2500
incógnita	2500
incógnito	2500
incognoscível	2500
incolor	2500
incólume	2500
incolumidade	2500
incombinável	2500
incombustibilidade	2500
incombustível	2500
incombusto	2500
incomensurabilidade	2500
incomensurável	2500
incomerciável	2500
incomodamente	2500
incomodante	2500
incomodar	2500
incomodativo	2500
incomodidade	2500
incomparável	2500
incompassível	2500
incompassivo	2500
incompatibilizar	2500
incompatível	2500
incompensável	2500
incompetência	2500
incompetente	2500
incomplacência	2500
incomplacente	2500
incompleto	2500
incompletude	2500
incomportável	2500
incompreendido	2500
incompreensão	2500
incompreensível	2500
incompressibilidade	2500
incompressível	2500
incomputável	2500
incomunicabilidade	2500
incomunicante	2500
incomunicar	2500
incomutabilidade	2500
incomutável	2500
inconcebível	2500
inconceptível	2500
inconcessível	2500
inconciliabilidade	2500
inconciliação	2500
inconciliável	2500
inconcludente	2500
inconcutível	2500
incondicional	2500
incondicionalidade	2500
inconfessado	2500
inconfessável	2500
inconfesso	2500
inconfidencial	2500
inconfidência	2500
inconfidente	2500
inconformação	2500
inconformidade	2500
inconfortável	2500
inconfundível	2500
incongelável	2500
incongruência	2500
incongruente	2500
inconivente	2500
inconjugável	2500
inconjurável	2500
inconquistado	2500
inconquistável	2500
inconsciência	2500
inconsciencioso	2500
inconsciente	2500
inconsequência	2500
inconsequente	2500
inconsideração	2500
inconsiderado	2500
inconsistência	2500
inconsistente	2500
inconsolabilidade	2500
inconsolado	2500
inconsolável	2500
inconsonância	2500
inconsonante	2500
inconstância	2500
inconstante	2500
inconstitucional	2500
inconstitucionalidade	2500
inconstitucionalissimamente	2500
inconsumível	2500
incontactável	2500
incontaminado	2500
incontaminável	2500
incontável	2500
incontestabilidade	2500
incontestado	2500
incontestável	2500
incontinência	2500
incontinente	2500
incontingência	2500
incontingente	2500
incontinuidade	2500
incontínuo	2500
incontornável	2500
incontrariável	2500
incontrastável	2500
incontrolado	2500
incontrolável	2500
incontroverso	2500
inconvencível	2500
inconveniência	2500
inconveniente	2500
inconversável	2500
inconversível	2500
inconvertível	2500
incorporal	2500
incorporalidade	2500
incorporar	2500
incorporativo	2500
incorporeidade	2500
incorpóreo	2500
incorreção	2500
incorrer	2500
incorrigível	2500
incorrupção	2500
incorruptibilidade	2500
incorruptível	2500
incorrupto	2500
incredibilidade	2500
incredulidade	2500
incrédulo	2500
incremental	2500
incrementar	2500
incrementício	2500
incremento	2500
increr	2500
incriminar	2500
incristalizável	2500
incrivelmente	2500
incrustar	2500
incubadora	2500
incubador	2500
incubar	2500
inculcador	2500
inculca	2500
inculcar	2500
inculpabilidade	2500
inculpar	2500
inculposo	2500
incultivável	2500
inculto	2500
incultura	2500
incumbência	2500
incumbente	2500
incumbir	2500
incunábulo	2500
incurabilidade	2500
incurável	2500
incurial	2500
incurialidade	2500
incúria	2500
incursão	2500
incurso	2500
incutir	2500
indagador	2500
indagar	2500
indagativo	2500
indagatório	2500
indecência	2500
indecente	2500
indecidido	2500
indecifrável	2500
indecisão	2500
indeciso	2500
indeclarável	2500
indeclinabilidade	2500
indeclinável	2500
indecomponível	2500
indecoro	2500
indecoroso	2500
indefetibilidade	2500
indefetível	2500
indefensável	2500
indefensível	2500
indefenso	2500
indeferir	2500
indefeso	2500
indefesso	2500
indeficiente	2500
indefinido	2500
indefinível	2500
indelebilidade	2500
indelével	2500
indelevelmente	2500
indeliberação	2500
indeliberado	2500
indelicadeza	2500
indelicado	2500
indelineável	2500
indemnizador	2500
indemnizar	2500
indemonstrado	2500
indemonstrável	2500
indentar	2500
independência	2500
independente	2500
indescobrível	2500
indescritível	2500
indesculpável	2500
indesejado	2500
indesfrutável	2500
indesmentível	2500
indestrinçável	2500
indestronável	2500
indestrutibilidade	2500
indestrutível	2500
indesvendável	2500
indeterminadamente	2500
indeterminar	2500
indeterminativo	2500
indeterminismo	2500
indevido	2500
indevoção	2500
indevoto	2500
indexada	2500
indexar	2500
índex	2500
indianismo	2500
indianista	2500
indianizar	2500
indiano	2500
indianologia	2500
indicação	2500
indicador	2500
indicar	2500
indicativo	2500
indicatório	2500
índice	2500
indiciado	2500
indiciador	2500
indiciário	2500
indiciar	2500
indício	2500
indicioso	2500
índico	2500
indiferença	2500
indiferenciado	2500
indiferente	2500
indiferentismo	2500
indiferentista	2500
indígena	2500
indigência	2500
indigente	2500
indigerível	2500
indigestão	2500
indigestibilidade	2500
indigestível	2500
indigesto	2500
indigitar	2500
indignar	2500
indignativo	2500
indignidade	2500
indigno	2500
indiligência	2500
indiligente	2500
índio	2500
indireta	2500
indireto	2500
indirigível	2500
indiscernibilidade	2500
indiscernível	2500
indisciplina	2500
indisciplinar	2500
indiscreto	2500
indiscrição	2500
indiscriminação	2500
indiscriminado	2500
indiscriminável	2500
indiscutibilidade	2500
indiscutível	2500
indisfarçável	2500
indispensabilidade	2500
indispensável	2500
indisponibilidade	2500
indisponível	2500
indispor	2500
indisposição	2500
indisposto	2500
indisputabilidade	2500
indisputado	2500
indisputável	2500
indissociável	2500
indissolução	2500
indissoluvelmente	2500
indistinção	2500
indistinguível	2500
indistinto	2500
inditoso	2500
individual	2500
individualidade	2500
individualismo	2500
individualista	2500
individualizar	2500
individuante	2500
individuar	2500
indivíduo	2500
indivisão	2500
indivisibilidade	2500
indivisível	2500
indiviso	2500
indizível	2500
indobrável	2500
indochina	2500
indo-chinês	2500
indochinês	2500
indócil	2500
indocilidade	2500
indocilizar	2500
indocumentado	2500
indo-europeia	2500
indo-europeu	2500
indolência	2500
índole	2500
indolente	2500
indolor	2500
indomado	2500
indomável	2500
indomesticado	2500
indomesticável	2500
indoméstico	2500
indominável	2500
indómito	2500
indonésio	2500
indo-português	2500
indouto	2500
indrominar	2500
indubitado	2500
indubitável	2500
indução	2500
indulgência	2500
indulgenciar	2500
indulgente	2500
indultário	2500
indultar	2500
indulto	2500
indumentária	2500
indumentário	2500
indumentar	2500
induração	2500
industrial	2500
industrializar	2500
indústria	2500
industriar	2500
industrioso	2500
indutância	2500
indutar	2500
indutivo	2500
indutor	2500
induzir	2500
inebriador	2500
inebriante	2500
inebriar	2500
inédito	2500
inefabilidade	2500
inefável	2500
ineficácia	2500
ineficaz	2500
inegável	2500
inegociável	2500
inelástico	2500
inelegância	2500
inelegante	2500
inelegibilidade	2500
inelegível	2500
inenarrável	2500
inenrugável	2500
inépcia	2500
ineptidão	2500
ineptitude	2500
inepto	2500
inequação	2500
inequacional	2500
inequivocamente	2500
inequívoco	2500
inércia	2500
inerciar	2500
inerência	2500
inerente	2500
inerme	2500
inermes	2500
inerrante	2500
inerte	2500
inervar	2500
inescrutabilidade	2500
inescrutável	2500
inescurecível	2500
inescusável	2500
inesgotável	2500
inesperado	2500
inesquecível	2500
inestendível	2500
inestético	2500
inestimado	2500
inestimável	2500
inevitável	2500
inexatidão	2500
inexato	2500
inexaminável	2500
inexaurível	2500
inexcedível	2500
inexcitabilidade	2500
inexcitável	2500
inexequibilidade	2500
inexequível	2500
inexistência	2500
inexistente	2500
inexorabilidade	2500
inexorado	2500
inexorável	2500
inexperiência	2500
inexperiente	2500
inexpiado	2500
inexpiável	2500
inexplicabilidade	2500
inexplicável	2500
inexplorado	2500
inexplorável	2500
inexpressível	2500
inexpressivo	2500
inexprimível	2500
inexpugnabilidade	2500
inexpugnável	2500
inextensão	2500
inextensibilidade	2500
inextensível	2500
inexterminável	2500
inextinguível	2500
inextirpável	2500
infalibilidade	2500
infalibilismo	2500
infalível	2500
infalsificável	2500
infamar	2500
infamatório	2500
infame	2500
infâmia	2500
infância	2500
infanta	2500
infantaria	2500
infantário	2500
infante	2500
infanticídio	2500
infantil	2500
infantilidade	2500
infantilismo	2500
infantilizar	2500
infantojuvenil	2500
infatigabilidade	2500
infatigável	2500
infeção	2500
infeccionar	2500
infecionar	2500
infeccioso	2500
infecioso	2500
infectocontagioso	2500
infetocontagioso	2500
infetante	2500
infetar	2500
infecto	2500
infeto	2500
infectuoso	2500
infetuoso	2500
infecundar	2500
infecundidade	2500
infecundo	2500
infelicidade	2500
infelicitar	2500
infeliz	2500
inferencial	2500
inferência	2500
inferior	2500
inferioridade	2500
inferiorizar	2500
inferir	2500
infernal	2500
infernalidade	2500
infernar	2500
infernizar	2500
inferno	2500
infértil	2500
infertilidade	2500
infertilizar	2500
infestação	2500
infestador	2500
infestante	2500
infestar	2500
infesto	2500
infidelíssimo	2500
infiel	2500
infiltrador	2500
infiltrar	2500
ínfimo	2500
infindável	2500
infinidade	2500
infinitesimal	2500
infinitésimo	2500
infinitivo	2500
infinito	2500
inflacionar	2500
inflação	2500
inflamabilidade	2500
inflamador	2500
inflamante	2500
inflamar	2500
inflamativo	2500
inflamatório	2500
infletir	2500
inflexão	2500
inflexibilidade	2500
inflexível	2500
inflexivo	2500
infligir	2500
inflorescência	2500
influência	2500
influenciar	2500
influente	2500
influir	2500
influxo	2500
informacional	2500
informador	2500
informal	2500
informante	2500
informar	2500
informática	2500
informático	2500
informativo	2500
informatização	2500
informatizar	2500
informe	2500
informidade	2500
infortificável	2500
infortunadamente	2500
infortuna	2500
infortunar	2500
infortúnio	2500
infortunoso	2500
infração	2500
infrator	2500
infraestrutura	2500
infrarrenal	2500
infrassom	2500
infravermelho	2500
infrequência	2500
infrequentado	2500
infrequente	2500
infringente	2500
infringir	2500
infrutífero	2500
infrutuoso	2500
infundado	2500
infundir	2500
infusão	2500
infusível	2500
infuso	2500
ingenuamente	2500
ingénua	2500
ingenuidade	2500
ingénuo	2500
ingerência	2500
ingerir	2500
ingerível	2500
ingestão	2500
inglesada	2500
inglesar	2500
inglesice	2500
inglesismo	2500
inglório	2500
inglorioso	2500
ingovernável	2500
ingratidão	2500
ingrato	2500
ingrediente	2500
íngreme	2500
ingre	2500
ingressão	2500
ingressar	2500
ingresso	2500
inguinal	2500
inibir	2500
inibitivo	2500
inibitória	2500
inibitório	2500
iniciado	2500
iniciador	2500
inicial	2500
inicializar	2500
iniciando	2500
iniciático	2500
iniciativa	2500
início	2500
inigualável	2500
iniludível	2500
inimaginável	2500
inimicíssimo	2500
inimigo	2500
inimitável	2500
inimizade	2500
inimizar	2500
ininteligível	2500
ininterrupção	2500
ininterrupto	2500
ininvestigável	2500
iniquamente	2500
iniquidade	2500
iníquo	2500
injeção	2500
injetar	2500
injetivo	2500
injetor	2500
injúria	2500
injuriante	2500
injuriar	2500
injurioso	2500
injustiçoso	2500
injustiçado	2500
injustificação	2500
injustificado	2500
inobservância	2500
inobservante	2500
inobservável	2500
inocência	2500
inocentar	2500
inocente	2500
inocuamente	2500
inocuidade	2500
inoculabilidade	2500
inoculador	2500
inocular	2500
inocultável	2500
inócuo	2500
inocupado	2500
inodoro	2500
inofensivo	2500
inolente	2500
inolvidável	2500
inominado	2500
inominável	2500
inoperância	2500
inoperante	2500
inopinado	2500
inopinável	2500
inoportunidade	2500
inoportuno	2500
inorgânico	2500
inóspito	2500
inovação	2500
inovador	2500
inovar	2500
inoxidável	2500
inox	2500
inqualificável	2500
inquebrável	2500
inquérito	2500
inquestionável	2500
inquietante	2500
inquietar	2500
inquieto	2500
inquietude	2500
inquilinato	2500
inquilino	2500
inquinar	2500
inquirição	2500
inquiridoria	2500
inquirir	2500
inquisição	2500
inquisidor	2500
inquisitivo	2500
inquisitorial	2500
inquisitório	2500
inrestaurável	2500
insaciabilidade	2500
insaciado	2500
insaciável	2500
insaciedade	2500
insalivar	2500
insalubre	2500
insalubridade	2500
insanável	2500
insaneável	2500
insanidade	2500
insano	2500
insarável	2500
insatisfação	2500
insatisfeito	2500
insaturado	2500
insaturável	2500
inscrever	2500
inscrição	2500
inscritível	2500
inscrito	2500
insecável	2500
inseticida	2500
insectívoro	2500
insetívoro	2500
inseto	2500
inseminar	2500
insensatez	2500
insensibilidade	2500
insensibilizar	2500
insensitivo	2500
insensível	2500
inseparabilidade	2500
inseparável	2500
inserção	2500
inserir	2500
inserto	2500
insídia	2500
insidiar	2500
insidioso	2500
insigne	2500
insígnia	2500
insignificância	2500
insignificante	2500
insignificativo	2500
insinuador	2500
insinuante	2500
insinuar	2500
insinuativo	2500
insipidamente	2500
insípido	2500
insipiência	2500
insistência	2500
insistente	2500
insistir	2500
insociabilidade	2500
insocial	2500
insociável	2500
insofismável	2500
insofrível	2500
insolar	2500
insolência	2500
insolente	2500
insólito	2500
insolúvel	2500
insolvabilidade	2500
insolvência	2500
insolvente	2500
insolvibilidade	2500
insolvível	2500
insondabilidade	2500
insondado	2500
insondável	2500
insónia	2500
insonolência	2500
insonoridade	2500
insonorizar	2500
insonoro	2500
insonso	2500
insossar	2500
insosso	2500
inspecionar	2500
inspetar	2500
inspetor-geral	2500
inspetor	2500
inspetoria	2500
inspirador	2500
inspirar	2500
inspirativo	2500
inspiratório	2500
instabilidade	2500
instalação	2500
instalador	2500
instalar	2500
instância	2500
instanciar	2500
instantaneamente	2500
instantaneidade	2500
instantâneo	2500
instante	2500
instar	2500
instaurador	2500
instaurar	2500
instigador	2500
instigar	2500
instilar	2500
instintividade	2500
instintivo	2500
instinto	2500
institucional	2500
institucionalizar	2500
instituição	2500
instituir	2500
instituto	2500
instrução	2500
instruendo	2500
instruído	2500
instruir	2500
instrumental	2500
instrumentalizar	2500
instrumentar	2500
instrumentista	2500
instrumento	2500
instrutivo	2500
instrutor	2500
instrutório	2500
insubordinar	2500
insubornável	2500
insubsistência	2500
insubsistente	2500
insubstancial	2500
insubstancialidade	2500
insubstituível	2500
insuficiência	2500
insuficiente	2500
insuflador	2500
insuflar	2500
insuflável	2500
ínsula	2500
insular	2500
insulina	2500
insulinoterapia	2500
insultador	2500
insultante	2500
insultar	2500
insulto	2500
insultuoso	2500
insuperável	2500
insuportável	2500
insuprível	2500
insurdescência	2500
insurgir	2500
insurrecional	2500
insurrecionar	2500
insurreto	2500
insurreição	2500
insuscetível	2500
insuspeição	2500
insuspeitado	2500
insuspeito	2500
intacto	2500
intangibilidade	2500
intangível	2500
integérrimo	2500
integrador	2500
integral	2500
integralismo	2500
integralista	2500
integramente	2500
íntegra	2500
integrante	2500
integrar	2500
integridade	2500
integrismo	2500
integrista	2500
íntegro	2500
inteirar	2500
inteireza	2500
inteiriço	2500
inteiro	2500
intelecção	2500
inteleção	2500
intelecto	2500
intelectual	2500
intelectualidade	2500
intelectualizar	2500
inteligência	2500
inteligibilidade	2500
inteligível	2500
intemperança	2500
intemperante	2500
intemperar	2500
intempérie	2500
intempestividade	2500
intempestivo	2500
intemporal	2500
intenção	2500
intencionado	2500
intencional	2500
intencionalidade	2500
intencionável	2500
intencionismo	2500
intendência	2500
intendente	2500
intender	2500
intensidade	2500
intensificar	2500
intensivo	2500
intenso	2500
intentar	2500
intentona	2500
intento	2500
interação	2500
interativo	2500
interatuar	2500
interagir	2500
interatómico	2500
intercalar	2500
intercambial	2500
intercambiável	2500
intercâmbio	2500
intercedente	2500
interceder	2500
intercelular	2500
interceção	2500
intercetar	2500
intercetor	2500
intercessão	2500
intercessor	2500
intercidades	2500
interclavicular	2500
intercomunicação	2500
intercomunicador	2500
interconexão	2500
intercontinental	2500
intercósmico	2500
intercultural	2500
interdepartamental	2500
interdependência	2500
interdependente	2500
interdepender	2500
interdição	2500
interdigital	2500
interdisciplinar	2500
interditar	2500
interdito	2500
interdizer	2500
interescolar	2500
interessante	2500
interessar	2500
interesseiro	2500
interesse	2500
interestadual	2500
interestelar	2500
interface	2500
interferência	2500
interferente	2500
interferir	2500
interferometria	2500
interfrásico	2500
interfloral	2500
intergaláctico	2500
interglaciar	2500
interglaciário	2500
intergovernamental	2500
interinado	2500
interinato	2500
interinidade	2500
interino	2500
interior	2500
interioridade	2500
interiorizar	2500
interjecional	2500
interjetivo	2500
interjeição	2500
interligar	2500
interlinear	2500
interlocução	2500
interlocutório	2500
interlocutor	2500
interlúdio	2500
intermediário	2500
intermediar	2500
intermédio	2500
intermenstruação	2500
intermenstrual	2500
interminável	2500
intérmino	2500
intermissão	2500
intermitência	2500
intermitente	2500
intermitentemente	2500
intermitir	2500
intermodal	2500
intermodalidade	2500
intermolecular	2500
intermural	2500
intermuscular	2500
internacional	2500
internacionalidade	2500
internacionalista	2500
internacionalizar	2500
internado	2500
internar	2500
internato	2500
interno	2500
internuclear	2500
interoceânico	2500
interocular	2500
interoperabilidade	2500
interparietal	2500
interpelador	2500
interpelante	2500
interpelar	2500
interpenetrar	2500
interpeninsular	2500
interpessoal	2500
interplanetário	2500
interpolação	2500
interpolar	2500
interpor	2500
interposição	2500
interposto	2500
interpotente	2500
interpretação	2500
interpretador	2500
interpretante	2500
interpretar	2500
interpretativo	2500
intérprete	2500
inter-regional	2500
interregno	2500
inter-relacionar	2500
interrogador	2500
interrogante	2500
interrogar	2500
interrogativo	2500
interrogatório	2500
interromper	2500
interrupção	2500
interrupto	2500
interruptor	2500
interrutor	2500
intersecção	2500
interseção	2500
interseccional	2500
intersecional	2500
intersectar	2500
intersetar	2500
interstelar	2500
intersticial	2500
interstício	2500
intersubjetividade	2500
intersubjetivo	2500
intertropical	2500
interuniversitário	2500
interurbano	2500
intervaladamente	2500
intervalar	2500
intervalo	2500
intervenção	2500
intervencionismo	2500
intervencionista	2500
interveniente	2500
interventivo	2500
interventor	2500
interventricular	2500
interversão	2500
intervertebral	2500
interverter	2500
intervir	2500
intervocal	2500
intervocálico	2500
intestável	2500
intestinal	2500
intestino	2500
intimador	2500
intimamente	2500
intimar	2500
intimativa	2500
intimativo	2500
intimidade	2500
intimidador	2500
intimidar	2500
intimidativo	2500
intimismo	2500
intimista	2500
íntimo	2500
intitular	2500
intocável	2500
intolerabilidade	2500
intolerância	2500
intolerante	2500
intolerantismo	2500
intolerável	2500
intonação	2500
intoxicação	2500
intoxicar	2500
intracelular	2500
intradorso	2500
intraduzível	2500
intragável	2500
intra-hepático	2500
intramuros	2500
intranquilidade	2500
intranquilo	2500
intransferível	2500
intransigência	2500
intransigente	2500
intransitado	2500
intransitável	2500
intransitivo	2500
intransmissibilidade	2500
intransmissível	2500
intransponível	2500
intransportável	2500
intrapélvico	2500
intra	2500
intratabilidade	2500
intratável	2500
intratelúrico	2500
intrauterino	2500
intravável	2500
intravenoso	2500
intraversão	2500
intravertido	2500
intrepidamente	2500
intrepidez	2500
intrépido	2500
intriga	2500
intrigante	2500
intrigar	2500
intriguista	2500
intrincar	2500
intrinsecamente	2500
intrínseco	2500
introdução	2500
introdutivo	2500
introdutor	2500
introdutório	2500
introduzir	2500
introito	2500
intrometediço	2500
intrometer	2500
intromissão	2500
introspeção	2500
introspetivo	2500
introversão	2500
introverso	2500
introverter	2500
introvertido	2500
intruja	2500
intrujão	2500
intrujar	2500
intrujice	2500
intrusão	2500
intrusivo	2500
intruso	2500
intuicionismo	2500
intuicionista	2500
intuir	2500
intuitivo	2500
intuito	2500
inumanidade	2500
inumano	2500
inumerável	2500
inúmero	2500
inumeroso	2500
inundante	2500
inundar	2500
inusitado	2500
inútil	2500
inutilidade	2500
inutilizar	2500
inutilmente	2500
invadir	2500
invaginação	2500
invaginante	2500
invalidade	2500
invalidar	2500
invalidez	2500
invariabilidade	2500
invariância	2500
invariante	2500
invariável	2500
invasão	2500
invasivo	2500
invasor	2500
invetiva	2500
invetivar	2500
invetivo	2500
invedável	2500
inveja	2500
invejar	2500
invejoso	2500
invenção	2500
invencibilidade	2500
invencível	2500
invendável	2500
invendível	2500
inventariante	2500
inventariar	2500
inventário	2500
inventar	2500
inventiva	2500
inventivo	2500
invento	2500
inventor	2500
inventriz	2500
inverdade	2500
invericidade	2500
inverídico	2500
inverificável	2500
invernada	2500
invernadoiro	2500
invernadouro	2500
invernal	2500
invernante	2500
invernar	2500
inverneira	2500
invernia	2500
inverniço	2500
invernoso	2500
inverosimilhança	2500
inverosimilhante	2500
inversa	2500
inversão	2500
inversivo	2500
inverso	2500
inversor	2500
invertebrado	2500
inverter	2500
invés	2500
investida	2500
investidura	2500
investigação	2500
investigador	2500
investigante	2500
investigar	2500
investir	2500
inveterar	2500
inviabilidade	2500
inviabilizar	2500
inviável	2500
invicto	2500
ínvio	2500
inviolabilidade	2500
inviolado	2500
inviolável	2500
invisibilidade	2500
invisual	2500
invitar	2500
invitatório	2500
invocação	2500
invocador	2500
invocar	2500
invocativo	2500
invocatória	2500
invocatório	2500
involução	2500
involucral	2500
invólucro	2500
involuntário	2500
invulgar	2500
invulnerabilidade	2500
invulnerado	2500
invulnerável	2500
iodar	2500
iodato	2500
iodeto	2500
iódico	2500
iodídrico	2500
iodífero	2500
iodo	2500
ioga	2500
iogurte	2500
ioiô	2500
iónico	2500
iónio	2500
ionizante	2500
ionizar	2500
ionosfera	2500
iorquino	2500
ípsilon	2500
ira	2500
iraniano	2500
irânico	2500
iraquiano	2500
irar	2500
irascibilidade	2500
irascível	2500
irídico	2500
irídio	2500
irisar	2500
íris	2500
irlandês	2500
irmãmente	2500
irmanar	2500
irmandade	2500
irmão	2500
ironia	2500
irónico	2500
ironista	2500
ironizar	2500
iroso	2500
irracionável	2500
irradiação	2500
irradiador	2500
irradiante	2500
irradiar	2500
irradioso	2500
irra	2500
irreal	2500
irrealizável	2500
irreclamável	2500
irreconciliado	2500
irreconciliável	2500
irreconhecível	2500
irrecuperável	2500
irrecusável	2500
irredimível	2500
irredutibilidade	2500
irredutível	2500
irreduzível	2500
irrefletidamente	2500
irrefletido	2500
irreflexão	2500
irreflexivo	2500
irreflexo	2500
irreformável	2500
irrefreável	2500
irrefutabilidade	2500
irrefutável	2500
irregenerável	2500
irrelevante	2500
irreligião	2500
irreligiosidade	2500
irreligioso	2500
irremediável	2500
irremissibilidade	2500
irremissível	2500
irremível	2500
irremovível	2500
irremunerado	2500
irremunerável	2500
irrenunciável	2500
irreparável	2500
irreplicável	2500
irrepreensibilidade	2500
irrepreensível	2500
irrepresentável	2500
irrepressível	2500
irreprimível	2500
irrequietismo	2500
irrequieto	2500
irresgatável	2500
irresignável	2500
irresistibilidade	2500
irresistível	2500
irresoluto	2500
irresolúvel	2500
irresolvível	2500
irrespirabilidade	2500
irrespirável	2500
irrespondível	2500
irrestaurável	2500
irrestringível	2500
irretratável	2500
irretroatividade	2500
irreverência	2500
irreverenciar	2500
irreverencioso	2500
irreverente	2500
irreversível	2500
irreversivelmente	2500
irrevogabilidade	2500
irrevogável	2500
irrigador	2500
irrigar	2500
irrigatório	2500
irrisão	2500
irrisório	2500
irritabilidade	2500
irritadiço	2500
irritamente	2500
irritante	2500
irritar	2500
irritativo	2500
irromper	2500
irrupção	2500
irruptivo	2500
isca	2500
iscar	2500
isco	2500
isenção	2500
isentar	2500
isento	2500
islâmico	2500
islamismo	2500
islamista	2500
islamita	2500
islamizar	2500
islandês	2500
ismaelita	2500
isobárica	2500
isobárico	2500
isobarométrico	2500
isodinâmico	2500
isogamia	2500
isogonal	2500
isogónico	2500
isógono	2500
isolacionismo	2500
isolacionista	2500
isoladamente	2500
isolador	2500
isolar	2500
isómero	2500
isometria	2500
isomorfia	2500
isomorfismo	2500
isomorfo	2500
isóscele	2500
isósceles	2500
isotérico	2500
isotérmica	2500
isotérmico	2500
isotónico	2500
isótono	2500
isotópico	2500
isótopo	2500
isqueiro	2500
isquemia	2500
israeliano	2500
israelita	2500
israelítico	2500
istmo	2500
italianada	2500
italianismo	2500
italianizar	2500
itálico	2500
item	2500
iterar	2500
iterativo	2500
itinerante	2500
itinerário	2500
jacente	2500
jacinto	2500
jacaré	2500
jacobeus	2500
jacobino	2500
jactância	2500
jato	2500
jaculatória	2500
jaculatório	2500
jade	2500
jaguar	2500
jagunço	2500
jamaicano	2500
jamais	2500
janeiras	2500
janeleiro	2500
janelo	2500
jangada	2500
jangadeiro	2500
janotada	2500
janota	2500
janotar	2500
janotice	2500
janotismo	2500
janta	2500
jantarada	2500
jantarão	2500
jantar	2500
jante	2500
japoneira	2500
japonesar	2500
japonês	2500
japonesismo	2500
japónico	2500
japonizar	2500
jaqueta	2500
jaquetão	2500
jararaca	2500
jarda	2500
jardim-escola	2500
jardim	2500
jardinagem	2500
jardinar	2500
jardineira	2500
jardineiro	2500
jargão	2500
jarra	2500
jarrão	2500
jarreta	2500
jarrinha	2500
jarro	2500
jasmim	2500
jaula	2500
javalina	2500
javali	2500
javalino	2500
javanês	2500
javardo	2500
jazer	2500
jazida	2500
jazigo	2500
jazz	2500
jeco	2500
jeito	2500
jeitoso	2500
jejuar	2500
jejum	2500
jeovismo	2500
jerical	2500
jerico	2500
jeropiga	2500
jesuitada	2500
jesuíta	2500
jesuitice	2500
jesuítico	2500
jesuitismo	2500
jesus	2500
jiboia	2500
jigajoga	2500
jipe	2500
joalharia	2500
joalheiro	2500
joanense	2500
joanete	2500
joaninha	2500
joanino	2500
joão-pestana	2500
joões-pestanas	2500
jocosidade	2500
jocoso	2500
joelhada	2500
joelhar	2500
joelheira	2500
joelheiro	2500
joelho	2500
jogada	2500
joga	2500
jogão	2500
jogar	2500
jogata	2500
jogatar	2500
jogatina	2500
jogo	2500
jogralice	2500
jogralidade	2500
jogral	2500
joguetar	2500
joguete	2500
joia	2500
joio	2500
jónico	2500
jónio	2500
jóquei	2500
jordano	2500
jornada	2500
jornalada	2500
jornaleco	2500
jornaleiro	2500
jornalismo	2500
jornalista	2500
jornalístico	2500
jornal	2500
jorrar	2500
jorro	2500
jota	2500
joule	2500
jovem	2500
jovial	2500
jovialidade	2500
jovializar	2500
jubado	2500
juba	2500
jubilação	2500
jubilar	2500
jubileu	2500
júbilo	2500
jubiloso	2500
judaico	2500
judaísmo	2500
judaísta	2500
judaizante	2500
judaizar	2500
judas	2500
judeu	2500
judia	2500
judiaria	2500
judiar	2500
judicial	2500
judiciário	2500
judiciar	2500
judicioso	2500
judio	2500
judoca	2500
judo	2500
jugo	2500
jugoslavo	2500
jugular	2500
juíza	2500
juízes	2500
juiz	2500
juízo	2500
julgador	2500
julgar	2500
juliano	2500
jumentada	2500
jumental	2500
jumentico	2500
jumento	2500
juncada	2500
juncal	2500
junção	2500
juncar	2500
junco	2500
juncoso	2500
júnior	2500
juniores	2500
junquilho	2500
juntada	2500
junta	2500
juntar	2500
junto	2500
jupiteriano	2500
juramentar	2500
jura	2500
jurar	2500
jurássico	2500
juratório	2500
juridicamente	2500
jurídico	2500
júri	2500
jurisconsulto	2500
jurisdição	2500
jurisdicional	2500
jurisprudência	2500
jurista	2500
juro	2500
jusante	2500
jusnaturalismo	2500
jus	2500
justa	2500
justapor	2500
justaposição	2500
justaposto	2500
justeza	2500
justiça	2500
justiçar	2500
justiceiro	2500
justiçoso	2500
justificação	2500
justificador	2500
justificante	2500
justificar	2500
justificativo	2500
justificatório	2500
justificável	2500
justo	2500
juvenil	2500
juvenilidade	2500
juventude	2500
kantiano	2500
kantismo	2500
kepleriano	2500
kuwaitiano	2500
labareda	2500
labelo	2500
labiado	2500
labial	2500
labializar	2500
lábia	2500
lábio	2500
labioso	2500
labiríntico	2500
labirinto	2500
laboral	2500
laborar	2500
laboratorial	2500
laboratório	2500
laboratorista	2500
laboriosidade	2500
laborioso	2500
labor	2500
labrador	2500
labregada	2500
labregar	2500
labrego	2500
labreguice	2500
labutador	2500
labuta	2500
labutar	2500
laçada	2500
lacaiada	2500
lacaio	2500
laca	2500
laçarote	2500
laçar	2500
lacear	2500
lacerante	2500
lacerar	2500
lacete	2500
lacónico	2500
laconismo	2500
laconizar	2500
laço	2500
lacrar	2500
lacrau	2500
lacreada	2500
lacrear	2500
lacre	2500
lacrimação	2500
lacrimal	2500
lacrimante	2500
lacrimável	2500
lacrimejar	2500
lacrimogéneo	2500
lacrimoso	2500
lactante	2500
lactário	2500
lactar	2500
lactente	2500
lácteo	2500
lacticínio	2500
laticínio	2500
lacticinoso	2500
laticinoso	2500
láctico	2500
lático	2500
lactífero	2500
lactose	2500
lactoso	2500
lacuna	2500
lacunar	2500
lacunário	2500
lacunoso	2500
lacustre	2500
ladainha	2500
ladear	2500
ladeira	2500
ladeirar	2500
ladeirento	2500
ladeiro	2500
ladino	2500
ladra	2500
ladrão	2500
ladrar	2500
ladrilhador	2500
ladrilhar	2500
ladrilheiro	2500
ladrilho	2500
ladroagem	2500
ladroar	2500
ladroeira	2500
ladroíce	2500
lagareiro	2500
lagar	2500
lagarta	2500
lagarteira	2500
lagartixa	2500
lagarto	2500
lagoa	2500
lago	2500
lagosta	2500
lagosteira	2500
lagosteiro	2500
lagostim	2500
lagrimal	2500
lágrima	2500
lagrimante	2500
laguna	2500
lagunar	2500
laia	2500
laical	2500
laicidade	2500
laicismo	2500
laicizar	2500
laico	2500
laivo	2500
lajear	2500
lamaçal	2500
lamaceira	2500
lamaceiro	2500
lamacento	2500
lama	2500
lambaças	2500
lambada	2500
lambança	2500
lambão	2500
lambareiro	2500
lambarice	2500
lambariscar	2500
lambda	2500
lambear	2500
lambedela	2500
lambedor	2500
lambedura	2500
lambeiro	2500
lambeta	2500
lamber	2500
lambida	2500
lambidela	2500
lambiscar	2500
lambisgoia	2500
lambisqueiro	2500
lambreta	2500
lambuzada	2500
lambuzadela	2500
lambuzar	2500
lamecense	2500
lamecha	2500
lamechar	2500
lamechismo	2500
lameiral	2500
lameira	2500
lameirento	2500
lameiro	2500
lamela	2500
lamelar	2500
lamelibrânquio	2500
lameloso	2500
lamentar	2500
lamentável	2500
lamento	2500
lamentoso	2500
laminador	2500
laminagem	2500
lâmina	2500
laminar	2500
laminoso	2500
lamínula	2500
lamiré	2500
lâmpada	2500
lampadeiro	2500
lamparina	2500
lampeiro	2500
lampejante	2500
lampejar	2500
lampejo	2500
lampião	2500
lampreia	2500
lamuriante	2500
lamuriar	2500
lamuriento	2500
lamurioso	2500
lanar	2500
lança-bombas	2500
lança-chamas	2500
lançada	2500
lançadeira	2500
lançadiço	2500
lançador	2500
lançadura	2500
lança-foguetes	2500
lança-granadas	2500
lança	2500
lançar	2500
lança-torpedos	2500
lancear	2500
lanceiro	2500
lance	2500
lanceolado	2500
lancetada	2500
lanceta	2500
lancetar	2500
lanchão	2500
lancha	2500
lanchar	2500
lancheira	2500
lancheiro	2500
lanche	2500
lancheta	2500
lancil	2500
lancinante	2500
lancinar	2500
lanço	2500
landgrave	2500
lã	2500
languidez	2500
lânguido	2500
lanha	2500
lanhar	2500
lanho	2500
lanifício	2500
lanosidade	2500
lanoso	2500
lantanídeo	2500
lantejoila	2500
lantejoula	2500
lantejoular	2500
lanterna	2500
lanterneiro	2500
lanudo	2500
lanugem	2500
lanuginoso	2500
lanzudo	2500
lapada	2500
lapa	2500
lapão	2500
láparo	2500
lapela	2500
lapidagem	2500
lapidar	2500
lapidária	2500
lapidaria	2500
lapidário	2500
lápide	2500
lapisada	2500
lapisar	2500
lápis	2500
lapiseira	2500
lápis-lazúli	2500
lapónio	2500
lapso	2500
laquear	2500
laranjada	2500
laranjal	2500
laranja	2500
laranjeira	2500
laranjinha	2500
larápio	2500
lareira	2500
lareiro	2500
lares	2500
laréu	2500
largada	2500
larga	2500
largar	2500
largo	2500
larguear	2500
largueto	2500
largueza	2500
laringe	2500
laríngeo	2500
laringiano	2500
laringite	2500
lar	2500
laroca	2500
larval	2500
larva	2500
larvar	2500
lasanha	2500
lasca	2500
lascar	2500
lascívia	2500
lascivo	2500
lassar	2500
lasseiro	2500
lassidão	2500
lassitude	2500
lasso	2500
lástima	2500
lastimar	2500
lastimoso	2500
lastrar	2500
lastro	2500
latada	2500
lata	2500
latagão	2500
latão	2500
lateiro	2500
latejante	2500
latejar	2500
latejo	2500
latência	2500
latente	2500
lateral	2500
lateralidade	2500
lateralização	2500
látex	2500
latido	2500
latifundiário	2500
latifúndio	2500
latim	2500
latinice	2500
latinidade	2500
latinista	2500
latinizar	2500
latino	2500
latir	2500
latitude	2500
lato	2500
latoada	2500
latoaria	2500
latoeiro	2500
latosa	2500
latria	2500
latrina	2500
latrinário	2500
latrocínio	2500
laudativo	2500
laudatório	2500
laudável	2500
laurear	2500
lausperene	2500
lauto	2500
lavabo	2500
lavadeira	2500
lavadela	2500
lavadiço	2500
lavadoiro	2500
lavador	2500
lavadoura	2500
lavadouro	2500
lavadura	2500
lavagem	2500
lava-louça	2500
lavandaria	2500
lavandeira	2500
lavandeiro	2500
lava	2500
lavar	2500
lavatório	2500
lavoira	2500
lavor	2500
lavoso	2500
lavoura	2500
lavourar	2500
lavrada	2500
lavradeira	2500
lavradeiro	2500
lavradio	2500
lavrador	2500
lavragem	2500
lavra	2500
lavrante	2500
lavrar	2500
laxação	2500
laxante	2500
laxativo	2500
laxismo	2500
laxo	2500
lazer	2500
lãzudo	2500
leal	2500
lealdade	2500
lealdar	2500
lealdoso	2500
lealismo	2500
leão-marinho	2500
leão	2500
leãozete	2500
lebracho	2500
lebrada	2500
lebrão	2500
lebreiro	2500
lebre	2500
lecionando	2500
lecionar	2500
lecionista	2500
letivo	2500
ledo	2500
legação	2500
legacia	2500
legado	2500
legal	2500
legalidade	2500
legalismo	2500
legalista	2500
legalizar	2500
legar	2500
legatário	2500
legatório	2500
legendagem	2500
legenda	2500
legendar	2500
legendário	2500
legião	2500
legionário	2500
legislação	2500
legislador	2500
legislar	2500
legislativo	2500
legislatório	2500
legislatura	2500
legista	2500
legitimador	2500
legitimamente	2500
legítima	2500
legitimar	2500
legitimidade	2500
legitimista	2500
legítimo	2500
legível	2500
légua	2500
legume	2500
leguminoso	2500
leigaço	2500
leigal	2500
leigar	2500
leigo	2500
leilão	2500
leiloar	2500
leiloeiro	2500
lei	2500
leira	2500
leiriense	2500
leitado	2500
leitão	2500
leitaria	2500
leite-creme	2500
leiteira	2500
leiteiro	2500
leite	2500
leitoada	2500
leitoado	2500
leitoa	2500
leito	2500
leitor	2500
leitoso	2500
leitura	2500
leiva	2500
lema	2500
lemático	2500
lembradiço	2500
lembrador	2500
lembrança	2500
lembrar	2500
lembrete	2500
leme	2500
lemnisco	2500
lémure	2500
lémures	2500
lemúria	2500
lena	2500
lençaria	2500
lençol	2500
lenço	2500
lenda	2500
lendário	2500
lêndea	2500
lendeoso	2500
lengalenga	2500
lenga-lenga	2500
lengalengar	2500
lenhador	2500
lenhal	2500
lenha	2500
lenhar	2500
lenheiro	2500
lenho	2500
lenhoso	2500
lenocínio	2500
lentar	2500
lentejoila	2500
lentejoula	2500
lentejoular	2500
lente	2500
lenteza	2500
lentícula	2500
lenticular	2500
lentidão	2500
lentiforme	2500
lentilha	2500
lento	2500
leonês	2500
leónico	2500
leonino	2500
leopardado	2500
leopardo	2500
lépido	2500
lepra	2500
leprosaria	2500
leprose	2500
leproso	2500
leptão	2500
leque	2500
léria	2500
ler	2500
lesa-majestade	2500
lesante	2500
lesão	2500
lesa-pátria	2500
lesar	2500
lesbiana	2500
lesbianismo	2500
lesbiano	2500
lésbico	2500
lésbio	2500
lesionar	2500
lesivo	2500
lesma	2500
lesmar	2500
lesmento	2500
lés	2500
lestada	2500
leste	2500
lesto	2500
letal	2500
letalidade	2500
letão	2500
letargia	2500
letargiar	2500
letárgico	2500
lético	2500
letífero	2500
letradice	2500
letrado	2500
letra-morta	2500
letra	2500
letreiro	2500
leucemia	2500
leucócito	2500
leucocitose	2500
leucoma	2500
leucotomia	2500
léu	2500
levada	2500
levadiço	2500
levadura	2500
leva	2500
levantada	2500
levantadiço	2500
levantador	2500
levantadura	2500
levantar	2500
levante	2500
levar	2500
leve	2500
levezinha	2500
levedadura	2500
levedar	2500
levedura	2500
leveza	2500
leviandade	2500
leviano	2500
levidade	2500
levitar	2500
lexema	2500
lexical	2500
lexicalmente	2500
lexicografar	2500
lexicografia	2500
lexicologia	2500
léxico	2500
lexiologia	2500
lezíria	2500
lho	2500
liamba	2500
libação	2500
libanês	2500
libelinha	2500
libelo	2500
libélula	2500
liberal	2500
liberalidade	2500
liberalizar	2500
liberar	2500
liberativo	2500
liberatório	2500
liberdade	2500
liberiano	2500
libério	2500
libérrimo	2500
libertador	2500
libertário	2500
libertar	2500
libertinagem	2500
libertino	2500
libertista	2500
liberto	2500
libidinagem	2500
libidinoso	2500
libido	2500
líbio	2500
libra	2500
libreto	2500
liça	2500
lição	2500
liceal	2500
licença	2500
licenciando	2500
licenciar	2500
licenciatura	2500
licenciosidade	2500
licencioso	2500
liceu	2500
licitamente	2500
licitar	2500
lícito	2500
licitude	2500
licorista	2500
licor	2500
licoroso	2500
lidador	2500
lida	2500
lidar	2500
lide	2500
líder	2500
liderança	2500
liderar	2500
ligação	2500
ligadura	2500
ligamentoso	2500
liga	2500
ligar	2500
ligeira	2500
ligeireza	2500
ligeirice	2500
ligeiro	2500
lignito	2500
lilás	2500
liliputiano	2500
limador	2500
limadura	2500
limagem	2500
limalha	2500
lima	2500
limão	2500
limar	2500
límbico	2500
limbo	2500
limiar	2500
liminar	2500
limitado	2500
limitar	2500
limitativo	2500
limite	2500
limítrofe	2500
limoal	2500
limoeiro	2500
limonada	2500
limo	2500
limosidade	2500
limpa-chaminés	2500
limpadela	2500
limpador	2500
limpadura	2500
limpa	2500
limpar	2500
limpeza	2500
limpidamente	2500
limpidez	2500
límpido	2500
limpo	2500
limposo	2500
limusina	2500
lince	2500
linchador	2500
linchagem	2500
linchar	2500
linda	2500
lindeza	2500
lindo	2500
lindote	2500
linear	2500
linearizar	2500
linfa	2500
linfático	2500
linfatismo	2500
linfócito	2500
linfose	2500
lingerie	2500
lingote	2500
lingrinhas	2500
linguado	2500
linguagem	2500
lingual	2500
língua	2500
linguareiro	2500
linguarejar	2500
linguarice	2500
linguarudo	2500
lingueta	2500
linguete	2500
linguiça	2500
linguista	2500
linguística	2500
linguístico	2500
linhaça	2500
linhagem	2500
linheiro	2500
linho	2500
lípidos	2500
lipogénese	2500
liquefazer	2500
liquefeito	2500
líquen	2500
liquidador	2500
liquidar	2500
liquidatário	2500
liquidez	2500
liquidificante	2500
liquidificar	2500
líquido	2500
lira	2500
lírica	2500
lírico	2500
lírio	2500
lirismo	2500
lisboês	2500
lisboeta	2500
lisbonense	2500
liso	2500
lisonja	2500
lisonjaria	2500
lisonjeador	2500
lisonjear	2500
lisonjeiro	2500
listagem	2500
lista	2500
listão	2500
listar	2500
listra	2500
listrão	2500
listrar	2500
lisura	2500
liteira	2500
liteireiro	2500
literacia	2500
literal	2500
literário	2500
literataço	2500
literatice	2500
literatiqueiro	2500
literatismo	2500
literato	2500
literatura	2500
lítico	2500
litigante	2500
litigar	2500
litígio	2500
litigioso	2500
lítio	2500
litografia	2500
litolatria	2500
litologia	2500
litoral	2500
litorâneo	2500
litosfera	2500
litro	2500
lituânio	2500
lituano	2500
liturgia	2500
litúrgico	2500
lividez	2500
lívido	2500
livra	2500
livraria	2500
livrar	2500
livre	2500
livre-câmbio	2500
livre-cambismo	2500
livre-cambista	2500
livreco	2500
livreiro	2500
livremente	2500
livre-pensador	2500
livresco	2500
livrete	2500
livro	2500
lixadela	2500
lixa	2500
lixar	2500
lixeira	2500
lixeiro	2500
lixento	2500
lixívia	2500
lixivioso	2500
lixo	2500
lixoso	2500
ló	2500
lobacho	2500
lobado	2500
lobal	2500
loba	2500
lobão	2500
lobeiro	2500
lobisomem	2500
lobito	2500
lobo-marinho	2500
lobo	2500
lobotomia	2500
lobregar	2500
lôbrego	2500
lobreguidão	2500
lobular	2500
lóbulo	2500
lobuloso	2500
locador	2500
localidade	2500
localizar	2500
loção	2500
locar	2500
locatário	2500
locativo	2500
lo	2500
locomobilidade	2500
locomoção	2500
locomotiva	2500
locomotividade	2500
locomotivo	2500
locomotor	2500
locomotriz	2500
locomóvel	2500
locomover	2500
loco	2500
locução	2500
loculicida	2500
locutor	2500
lodaçal	2500
lodacento	2500
lodo	2500
lodoso	2500
logaritmação	2500
logarítmico	2500
logaritmo	2500
lógica	2500
logicismo	2500
lógico	2500
logística	2500
logístico	2500
logógrafo	2500
logos	2500
logótipo	2500
logradeira	2500
logradoiro	2500
logradouro	2500
lograr	2500
logrativo	2500
logro	2500
loiça	2500
loiçaria	2500
loiceiro	2500
loiraça	2500
loirar	2500
loirecer	2500
loireiro	2500
loirejante	2500
loiro	2500
loisa	2500
loja	2500
lojeca	2500
lojista	2500
lombada	2500
lomba	2500
lombalgia	2500
lombar	2500
lombarda	2500
lombeiro	2500
lombo	2500
lombriga	2500
lona	2500
londrês	2500
londrino	2500
longa	2500
longal	2500
longa-metragem	2500
longas-metragens	2500
longes	2500
longevidade	2500
longilíneo	2500
longínquo	2500
longitude	2500
longitudinal	2500
longo	2500
lontra	2500
loquacidade	2500
loquaz	2500
lorde	2500
loreno	2500
lorpa	2500
lorpice	2500
losango	2500
lota	2500
lotaria	2500
lotar	2500
lotear	2500
lote	2500
loteria	2500
loto	2500
louça	2500
loução	2500
louçaria	2500
louceira	2500
louceiro	2500
louco	2500
loucura	2500
louletano	2500
louraça	2500
loura	2500
lourar	2500
lourecer	2500
loureiro	2500
lourejante	2500
lourejar	2500
louro	2500
lousa	2500
louseira	2500
louseiro	2500
louva-a-deus	2500
louvada	2500
louvado	2500
louvar	2500
louvavelmente	2500
louvor	2500
luandense	2500
lua	2500
luarento	2500
luar	2500
lubricamente	2500
lubricar	2500
lubricidade	2500
lúbrico	2500
lubrificante	2500
lubrificar	2500
lucidez	2500
lúcido	2500
luciférico	2500
luciferino	2500
lúcio	2500
lucrar	2500
lucrativo	2500
lucro	2500
lucubrar	2500
luculiano	2500
ludibriante	2500
ludibriar	2500
ludibrioso	2500
lúdico	2500
ludo	2500
ludoteca	2500
lufada	2500
lufa-lufa	2500
lufar	2500
lugar-comum	2500
lugarejo	2500
lugares-comuns	2500
lugar-tenente	2500
lúgubre	2500
lugubridade	2500
lula	2500
lulu	2500
lume	2500
lúmen	2500
luminância	2500
luminescência	2500
luminescente	2500
luminosidade	2500
luminoso	2500
lunar	2500
lunático	2500
luneta	2500
lupa	2500
lúpulo	2500
lúpus	2500
lura	2500
lusco	2500
lusco-fusco	2500
lusíada	2500
lusitânico	2500
lusitanidade	2500
lusitano	2500
luso	2500
luso-brasileiro	2500
lusofonia	2500
lusófono	2500
lustradela	2500
lustral	2500
lustrar	2500
lustre	2500
lustro	2500
lustroso	2500
luta	2500
lutar	2500
lutécio	2500
luterano	2500
luto	2500
luva	2500
luvaria	2500
luveiro	2500
luxar	2500
luxemburguês	2500
luxento	2500
luxo	2500
luxuosidade	2500
luxuoso	2500
luxúria	2500
luxuriante	2500
luxuriar	2500
luxurioso	2500
luzeiro	2500
luzente	2500
luzerna	2500
luzidamente	2500
luzidio	2500
luzir	2500
luz	2500
macabeu	2500
macabrismo	2500
macabro	2500
macacada	2500
macacal	2500
macaca	2500
macacão	2500
macacaria	2500
macaco	2500
maçada	2500
maçadiço	2500
maçadoiro	2500
maçador	2500
maçadoria	2500
maçadouro	2500
maçadura	2500
macaense	2500
macambuzice	2500
macambúzio	2500
maçaneta	2500
maca	2500
maçã	2500
mação	2500
macaqueador	2500
macaquear	2500
macaqueiro	2500
maçarico	2500
macarrão	2500
macarrónico	2500
macarronismo	2500
maçar	2500
maçaroca	2500
maçãzeira	2500
macedónia	2500
macedónico	2500
macedónio	2500
maceira	2500
macerar	2500
macete	2500
machadada	2500
machada	2500
machadar	2500
machadinha	2500
machado	2500
macha	2500
machão	2500
macho	2500
machucadura	2500
machucar	2500
macicez	2500
maciço	2500
macieira	2500
macieza	2500
maciez	2500
macilência	2500
macilento	2500
macio	2500
maçonaria	2500
maconha	2500
maçónico	2500
maçonismo	2500
maçonizar	2500
maço	2500
maçote	2500
macrobiótica	2500
macrobiotismo	2500
macrocefalia	2500
macrocefálico	2500
macrocéfalo	2500
macroeconomia	2500
macroscópico	2500
macroscópio	2500
macrósporo	2500
maçudo	2500
mácula	2500
macular	2500
madama	2500
madamismo	2500
madeirada	2500
madeirar	2500
madeireiro	2500
madeirense	2500
madeiro	2500
madeixa	2500
madona	2500
madrasta	2500
madre	2500
madrepérola	2500
madressilva	2500
madrileno	2500
madrilense	2500
madrinha	2500
madrugada	2500
madrugador	2500
madrugar	2500
madurar	2500
maduro	2500
mãe	2500
maestro	2500
mafarrico	2500
má-fé	2500
máfia	2500
mafioso	2500
mafrense	2500
maganão	2500
maga	2500
maganice	2500
magazine	2500
magenta	2500
magia	2500
magiar	2500
magicar	2500
mágico	2500
magistério	2500
magistrado	2500
magistral	2500
magistralidade	2500
magistrático	2500
magistratura	2500
magma	2500
magmático	2500
magmatismo	2500
magnanimamente	2500
magnanimidade	2500
magnânimo	2500
magnata	2500
magnate	2500
magnesiano	2500
magnésio	2500
magnetão	2500
magnete	2500
magnético	2500
magnetismo	2500
magnetite	2500
magnetizante	2500
magnetizar	2500
magneto	2500
magnificador	2500
magnífica	2500
magnificar	2500
magnificatório	2500
magnificência	2500
magnificente	2500
magnífico	2500
magniloquência	2500
magnitude	2500
magno	2500
magnólia	2500
magnólio	2500
magnório	2500
mágoa	2500
magoar	2500
magoativo	2500
mago	2500
magote	2500
magrebino	2500
magrete	2500
magreza	2500
magricela	2500
magro	2500
magrote	2500
magusto	2500
má	2500
maia	2500
maiato	2500
maionese	2500
maioral	2500
maioríssimo	2500
maioritário	2500
mais-que-perfeito	2500
mais-que-tudo	2500
mais-valia	2500
maisena	2500
maiúscula	2500
maiúsculo	2500
majestade	2500
majestático	2500
majestoso	2500
majoria	2500
major	2500
malabar	2500
malabarismo	2500
malabarista	2500
mal-aconselhado	2500
mal-agradecido	2500
mal-educado	2500
mal-encarado	2500
malaguenho	2500
malagueta	2500
malaio	2500
malandraço	2500
malandragem	2500
malandrão	2500
malandrar	2500
malandrete	2500
malandrim	2500
malandro	2500
malandrote	2500
mala	2500
mala-posta	2500
malaquês	2500
malária	2500
malar	2500
mal-aventurado	2500
malbaratar	2500
malbaratear	2500
malcheiroso	2500
malcozer	2500
malcriadez	2500
malcriado	2500
maldade	2500
maldição	2500
maldiçoar	2500
maldisposto	2500
maldita	2500
maldito	2500
malditoso	2500
maldizente	2500
maldizer	2500
maldoso	2500
maleabilidade	2500
maleabilizar	2500
maleável	2500
maledicência	2500
maledicente	2500
maleita	2500
maleficência	2500
malefício	2500
maléfico	2500
mal-empregado	2500
males	2500
mal-estar	2500
maleta	2500
malevolamente	2500
malevolência	2500
malevolente	2500
malévolo	2500
malfadar	2500
malfalante	2500
malfazente	2500
malfazer	2500
malfeito	2500
malfeitoria	2500
malfeitor	2500
malferido	2500
malformação	2500
malga	2500
malgovernar	2500
malhada	2500
malhadela	2500
malhadiço	2500
malhador	2500
malha	2500
malhão	2500
malhar	2500
malheiro	2500
malho	2500
mal-humorado	2500
maliano	2500
malícia	2500
malicioso	2500
malignante	2500
malignar	2500
malignidade	2500
maligno	2500
má-língua	2500
maliquismo	2500
malissimamente	2500
malíssimo	2500
maljeitoso	2500
malmequer	2500
malograr	2500
malogro	2500
malote	2500
malparar	2500
malparir	2500
malquerença	2500
malquerente	2500
malquerer	2500
malquisto	2500
malta	2500
malte	2500
maltês	2500
maltose	2500
maltrapilho	2500
maltratar	2500
malucar	2500
maluco	2500
maluquear	2500
maluqueira	2500
malvadeza	2500
malvadez	2500
malvado	2500
malvasia	2500
malventuroso	2500
mamada	2500
mamadeira	2500
mamadouro	2500
mamadura	2500
mamãe	2500
mamal	2500
mamalhudo	2500
mamã	2500
mama	2500
mamão	2500
mamário	2500
mamarracho	2500
mamar	2500
mambo	2500
mameluco	2500
mamífero	2500
mamíferos	2500
mamiforme	2500
mamila	2500
mamilar	2500
mamiliforme	2500
mamilo	2500
mamiloso	2500
mamoca	2500
mamoeiro	2500
mamografia	2500
mamoso	2500
mamudo	2500
mamute	2500
manada	2500
manancial	2500
manjericão	2500
maná	2500
manápula	2500
manar	2500
mancar	2500
manceba	2500
mancebia	2500
mancebo	2500
mancha	2500
manchar	2500
manchete	2500
manchinha	2500
manchu	2500
manco	2500
mandachuva	2500
mandado	2500
mandador	2500
mandante	2500
mandão	2500
mandarete	2500
mandarim	2500
mandarino	2500
mandar	2500
mandatário	2500
mandatar	2500
mandato	2500
mandíbula	2500
mandibular	2500
mandioca	2500
mando	2500
mandrião	2500
mandriar	2500
mandriona	2500
mandrionar	2500
manducar	2500
maneabilidade	2500
maneável	2500
maneio	2500
maneirado	2500
maneira	2500
maneirinho	2500
maneirismo	2500
maneirista	2500
maneiro	2500
maneiroso	2500
manejador	2500
manejar	2500
manejo	2500
manequim	2500
maneta	2500
manga	2500
manganês	2500
manganésio	2500
mangão	2500
mangar	2500
mangueiral	2500
mangueira	2500
manguito	2500
manha	2500
manhãzinha	2500
manhoso	2500
maníaco	2500
mania	2500
manicomial	2500
manicómio	2500
manicura	2500
manifestação	2500
manifestante	2500
manifestar	2500
manifesto	2500
manigância	2500
manilha	2500
manipulador	2500
manipular	2500
manipulativo	2500
manípulo	2500
maniqueísmo	2500
maniqueísta	2500
manivela	2500
manivelar	2500
manjar	2500
manjedoira	2500
manjedoura	2500
manjerico	2500
manjerona	2500
manobrador	2500
manobra	2500
manobrar	2500
manobreiro	2500
manobrista	2500
mano	2500
manométrico	2500
manómetro	2500
manquejante	2500
manquejar	2500
manquitar	2500
mansão	2500
mansarda	2500
mansidão	2500
manso	2500
manta	2500
manteiga	2500
manteigoso	2500
manteigueira	2500
manteigueiro	2500
manteiguento	2500
manter	2500
mantilha	2500
mantissa	2500
manto	2500
manual	2500
manuelino	2500
manuelista	2500
manufator	2500
manufatura	2500
manufaturar	2500
manufatureiro	2500
manuscrever	2500
manuscrito	2500
manusear	2500
manuseio	2500
manutenível	2500
mão-cheia	2500
maoista	2500
maometa	2500
maometanismo	2500
maometanizar	2500
maometano	2500
maometismo	2500
mão	2500
mãozinha	2500
mãos-largas	2500
mãos-rotas	2500
mãozada	2500
mãozeira	2500
mãozudo	2500
mapa-múndi	2500
mapa-mundo	2500
mapa	2500
mapear	2500
mapira	2500
maqueiro	2500
maqueta	2500
maquia	2500
maquiavelice	2500
maquiavélico	2500
maquiavelismo	2500
maquiavelista	2500
maquiavelizar	2500
maquilhagem	2500
maquilhar	2500
maquinabilidade	2500
maquinagem	2500
maquinal	2500
máquina	2500
maquinaria	2500
maquinar	2500
maquineta	2500
maquinismo	2500
maquinista	2500
maracujá	2500
marajá	2500
marasmar	2500
marasmático	2500
marasmo	2500
maratona	2500
maravilha	2500
maravilhar	2500
maravilhoso	2500
marcação	2500
marcadoiro	2500
marcador	2500
marcadouro	2500
marca	2500
marcante	2500
marcar	2500
marcenaria	2500
marceneirar	2500
marceneiro	2500
marchador	2500
marcha	2500
marchante	2500
marchar	2500
marcial	2500
marciano	2500
marco	2500
mareante	2500
marear	2500
marechal	2500
marejar	2500
maremoto	2500
maré	2500
maresia	2500
marfim	2500
marga	2500
margarida	2500
margarina	2500
margarita	2500
margem	2500
marginador	2500
marginal	2500
marginalidade	2500
marginalismo	2500
marginalizado	2500
marginalizar	2500
marginar	2500
margoso	2500
margraviado	2500
marial	2500
marialva	2500
mariana	2500
mariano	2500
maricão	2500
maricas	2500
maridança	2500
marido	2500
marijuana	2500
marimbar	2500
marinada	2500
marina	2500
marinar	2500
marinhagem	2500
marinha	2500
marinhar	2500
marinheiro	2500
marinho	2500
mariola	2500
mariolar	2500
mariolice	2500
marioneta	2500
mariposa	2500
mariquice	2500
mariquinhas	2500
mariscar	2500
marisco	2500
marisqueira	2500
marisqueiro	2500
maritabilidade	2500
marital	2500
marítimo	2500
marmanjão	2500
marmanjaria	2500
marmanjola	2500
marmanjo	2500
marmelada	2500
marmeladeira	2500
marmeleiro	2500
marmelo	2500
marmita	2500
marmorear	2500
marmoreira	2500
marmoreiro	2500
mármore	2500
marmóreo	2500
marmorista	2500
marmorizar	2500
marmota	2500
mar	2500
marosca	2500
marotagem	2500
marotear	2500
maroteira	2500
maroto	2500
marquesa	2500
marquês	2500
marquise	2500
marrada	2500
marrão	2500
marrar	2500
marreca	2500
marreco	2500
marretada	2500
marreta	2500
marretar	2500
marroquino	2500
marselhesa	2500
marselhês	2500
marsupial	2500
marta	2500
martelada	2500
martelador	2500
martelão	2500
martelar	2500
marteleiro	2500
martelejar	2500
martelo	2500
martírio	2500
martirizar	2500
mártir	2500
martirológio	2500
marujada	2500
marujar	2500
marxismo-leninismo	2500
marxismo	2500
marxista	2500
mascarada	2500
máscara	2500
mascarar	2500
mascarilha	2500
mascar	2500
mascote	2500
masculinidade	2500
masculinizar	2500
masculino	2500
másculo	2500
maser	2500
masmorra	2500
masoquismo	2500
masoquista	2500
massacrar	2500
massacre	2500
massagem	2500
massagista	2500
massajar	2500
massa	2500
massaroca	2500
massaroco	2500
masseira	2500
mássico	2500
massificar	2500
massivamente	2500
massivo	2500
massudo	2500
mastigada	2500
mastigado	2500
mastigadoiro	2500
mastigadouro	2500
mastigar	2500
mastigatório	2500
mastodonte	2500
mastodôntico	2500
mastrear	2500
mastro	2500
masturbar	2500
mata-bicho	2500
mata-borrão	2500
matacão	2500
matadela	2500
matadoiro	2500
matador	2500
matadouro	2500
matagal	2500
matagoso	2500
mata-moscas	2500
matança	2500
mata	2500
mata-ratos	2500
matar	2500
mate	2500
matemática	2500
matemático	2500
matematizar	2500
materialidade	2500
materialismo	2500
materialista	2500
materializante	2500
materializar	2500
matéria	2500
matéria-prima	2500
matérias-primas	2500
maternal	2500
maternidade	2500
materno	2500
matilha	2500
matilheiro	2500
matinal	2500
matinar	2500
matizar	2500
matiz	2500
mato-grossense	2500
mato	2500
matosinhense	2500
matoso	2500
matraca	2500
matracar	2500
matraquear	2500
matraquilho	2500
matreiro	2500
matriarcado	2500
matriarca	2500
matricial	2500
matrícula	2500
matricular	2500
matrilinear	2500
matrimonial	2500
matrimoniar	2500
matrimónio	2500
matriz	2500
matronal	2500
matrona	2500
matulão	2500
matulo	2500
maturar	2500
maturativo	2500
maturidade	2500
matusalém	2500
matutar	2500
matutice	2500
matutino	2500
mau	2500
maubere	2500
mau-humor	2500
mau-olhado	2500
mauritano	2500
mausoléu	2500
mavioso	2500
maxila	2500
maxilar	2500
maxiloso	2500
maximamente	2500
máxima	2500
maximizar	2500
mazela	2500
mazelar	2500
mazelento	2500
meada	2500
meado	2500
mealha	2500
mealheiro	2500
meandrar	2500
meândrico	2500
meandro	2500
meato	2500
mecanicamente	2500
mecânica	2500
mecanicismo	2500
mecanicista	2500
mecânico	2500
mecanismo	2500
mecanizar	2500
mecanografia	2500
mecenas	2500
mecenato	2500
mecha	2500
meco	2500
medalha	2500
medalhão	2500
medalhar	2500
medalheiro	2500
medalhista	2500
medalhística	2500
meda	2500
médão	2500
mediação	2500
mediador	2500
medial	2500
mediamente	2500
mediana	2500
medianeira	2500
medianeiro	2500
média	2500
mediania	2500
medianismo	2500
medianizar	2500
mediano	2500
mediante	2500
mediar	2500
mediatário	2500
mediático	2500
mediatismo	2500
mediativo	2500
mediatizar	2500
mediato	2500
mediatriz	2500
medical	2500
medicamentar	2500
medicamente	2500
medicamentoso	2500
medicando	2500
médica	2500
medicante	2500
medicar	2500
medicativo	2500
medicinal	2500
medicina	2500
medicinar	2500
médico	2500
médico-legal	2500
medida	2500
medieval	2500
medíocre	2500
mediocremente	2500
mediocridade	2500
mediocrizar	2500
médio	2500
medir	2500
meditação	2500
meditadamente	2500
meditador	2500
meditar	2500
meditativo	2500
mediterrâneo	2500
mediterrânico	2500
médium	2500
medonho	2500
medo	2500
medrança	2500
medrançoso	2500
medra	2500
medrar	2500
medrica	2500
medricas	2500
medronhal	2500
medronheiro	2500
medronho	2500
medroso	2500
medula	2500
medular	2500
medulina	2500
medulite	2500
meduloso	2500
medusa	2500
megaciclo	2500
megadine	2500
megafone	2500
megahertz	2500
megajoule	2500
megalítico	2500
megalomania	2500
megera	2500
meia-final	2500
meia-idade	2500
meia-lua	2500
meia-noite	2500
meias-finais	2500
meias-medidas	2500
meias	2500
meias-palavras	2500
meigo	2500
meio-campo	2500
meio-dia	2500
meio-irmão	2500
meio-termo	2500
meio-tom	2500
meirinho	2500
melaceiro	2500
melaço	2500
melada	2500
melancial	2500
melancia	2500
melancieira	2500
melancolia	2500
melancólico	2500
melancolizar	2500
melanoma	2500
melão	2500
melar	2500
melga	2500
melhorador	2500
melhoras	2500
melhorativo	2500
melhoria	2500
meliante	2500
melífero	2500
melificar	2500
melífico	2500
melindrabilidade	2500
melindrar	2500
melindre	2500
melindroso	2500
mel	2500
melena	2500
meloa	2500
meloal	2500
melodia	2500
melodiar	2500
melódica	2500
melódico	2500
melodioso	2500
melodista	2500
melodizar	2500
melodrama	2500
melodramático	2500
melodramatizar	2500
meloeiro	2500
melomania	2500
meloso	2500
melro	2500
membrado	2500
membranáceo	2500
membrana	2500
membranoso	2500
membro	2500
membrudo	2500
memorando	2500
memorativo	2500
memorável	2500
memorial	2500
memorialista	2500
memória	2500
memoriar	2500
memorioso	2500
memorizar	2500
memoroso	2500
menagem	2500
menção	2500
mencionar	2500
mendacidade	2500
mendeliana	2500
mendicante	2500
mendicidade	2500
mendigar	2500
mendigo	2500
mendinho	2500
menear	2500
meneio	2500
menineiro	2500
meninez	2500
meninge	2500
meníngeo	2500
meningite	2500
meningítico	2500
meninice	2500
menino-bonito	2500
menino	2500
menino-prodígio	2500
menir	2500
menisco	2500
menopausa	2500
menorizar	2500
menoscabo	2500
menosprezar	2500
menosprezativo	2500
menosprezo	2500
mensageiro	2500
mensal	2500
mensalidade	2500
mensário	2500
menstruada	2500
menstrual	2500
menstruar	2500
mênstruo	2500
mensurabilidade	2500
mensural	2500
mensura	2500
mensurar	2500
mental	2500
mentalidade	2500
mentalizar	2500
menta	2500
mentecapto	2500
mente	2500
mentira	2500
mentireiro	2500
mentirola	2500
mentiroso	2500
mentir	2500
mentol	2500
mentor	2500
menu	2500
mercadejar	2500
mercado	2500
mercadoria	2500
mercador	2500
mercante	2500
mercantil	2500
mercantilismo	2500
mercantilista	2500
mercantilizar	2500
mercar	2500
mercearia	2500
merceeiro	2500
mercenário	2500
mercenarismo	2500
mercê	2500
mercurial	2500
mercúrico	2500
mercúrio	2500
mercuroso	2500
merda	2500
merecedor	2500
merecer	2500
merecidamente	2500
merenda	2500
merendar	2500
merendeira	2500
merendeiro	2500
meretriz	2500
mergulhador	2500
mergulhante	2500
mergulhão	2500
mergulhar	2500
mergulho	2500
meridiana	2500
meridiano	2500
meridional	2500
meritíssimo	2500
mérito	2500
meritocracia	2500
meritório	2500
mero	2500
mertolense	2500
mesada	2500
mesa	2500
mesão	2500
mescal	2500
mescla	2500
mesclar	2500
mesentério	2500
meseta	2500
mésico	2500
mesóclise	2500
mesmeriano	2500
mesmerismo	2500
mesmidade	2500
mesmíssimo	2500
mesopotâmico	2500
mesozoico	2500
mesquinharia	2500
mesquinhar	2500
mesquinhez	2500
mesquinho	2500
mesquita	2500
messe	2500
messiado	2500
messiânico	2500
messianismo	2500
mesteiral	2500
mester	2500
mestiçagem	2500
mestiçar	2500
mestiço	2500
mestraço	2500
mestrado	2500
mestrando	2500
mestra	2500
mestral	2500
mestrança	2500
mestrão	2500
mestre-escola	2500
mestre	2500
mestria	2500
mesuradamente	2500
mesurar	2500
mesureiro	2500
metabólico	2500
metabolismo	2500
metacarpo	2500
metade	2500
metadona	2500
metáfase	2500
metafísica	2500
metafisicar	2500
metafisicismo	2500
metafísico	2500
metafonia	2500
metafónico	2500
metáfora	2500
metafórico	2500
metaforismo	2500
metaforizar	2500
metáfrase	2500
metafrasta	2500
metafrástico	2500
metalescência	2500
metalescente	2500
metalicidade	2500
metálico	2500
metalífero	2500
metalificação	2500
metaliforme	2500
metalinguagem	2500
metalizar	2500
metal	2500
metalógica	2500
metaloide	2500
metalomecânico	2500
metalurgia	2500
metalúrgico	2500
metamorfismo	2500
metamorfosear	2500
metamorfose	2500
meta	2500
metanol	2500
metano	2500
metástase	2500
metastático	2500
metastável	2500
metátese	2500
metediço	2500
metedor	2500
meteórico	2500
meteorismo	2500
meteorito	2500
meteorizar	2500
meteorologia	2500
meteorológico	2500
meteorologista	2500
meteoro	2500
meter	2500
metical	2500
meticulosidade	2500
meticuloso	2500
metileno	2500
metílico	2500
metódico	2500
metodismo	2500
metodista	2500
metodizar	2500
metodologia	2500
metodológico	2500
método	2500
metonímia	2500
metonímico	2500
metragem	2500
metralhada	2500
metralhadora	2500
metralhador	2500
metralha	2500
metralhar	2500
métrica	2500
métrico	2500
metrologia	2500
metrologista	2500
metrópole	2500
metrónomo	2500
metropolita	2500
metropolitano	2500
mexedela	2500
mexediço	2500
mexedura	2500
mexericada	2500
mexericar	2500
mexerico	2500
mexeriqueira	2500
mexeriqueiro	2500
mexer	2500
mexicano	2500
mexida	2500
mexidos	2500
mexilhão	2500
mexilhoeira	2500
mezinha	2500
mezinhar	2500
mezinheiro	2500
mezinhice	2500
miada	2500
miadela	2500
miado	2500
miadura	2500
mialgia	2500
miar	2500
miasma	2500
miau	2500
mica	2500
micélio	2500
micénico	2500
micose	2500
micra	2500
microbial	2500
microbiano	2500
microbicida	2500
microbiologia	2500
microbiologista	2500
micróbio	2500
microcefalia	2500
microcéfalo	2500
microclima	2500
microcomputador	2500
microcósmico	2500
microcosmo	2500
microfilmagem	2500
microfilme	2500
microfísica	2500
micrófito	2500
microflora	2500
microfone	2500
microfonia	2500
microfónico	2500
micrófono	2500
microfotografia	2500
micrograma	2500
microgravar	2500
microlite	2500
microlítico	2500
microlitro	2500
micrométrico	2500
micrómetro	2500
micro	2500
mícron	2500
micronutriente	2500
micro-onda	2500
micro-organismo	2500
microprocessador	2500
microrganismo	2500
microrradiografia	2500
microscopia	2500
microscópico	2500
microscópio	2500
micrótomo	2500
mictório	2500
migalha	2500
migalharia	2500
migalhice	2500
migalho	2500
migar	2500
migas	2500
migo	2500
migração	2500
migrador	2500
migrante	2500
migrar	2500
migratório	2500
miguelismo	2500
miguelista	2500
mijada	2500
mijadeira	2500
mijadeiro	2500
mijadela	2500
mijadoiro	2500
mijadouro	2500
mija	2500
mijão	2500
mijar	2500
mijinha	2500
mijoca	2500
mijona	2500
mijo	2500
milagreira	2500
milagreiro	2500
milagre	2500
milagrento	2500
milagrório	2500
milagroso	2500
milanês	2500
míldio	2500
milenar	2500
milenário	2500
milénio	2500
milésima	2500
milésimo	2500
mil-folhas	2500
milhaça	2500
milhafre	2500
milhal	2500
milha	2500
milhão	2500
milharada	2500
milhar	2500
milheiral	2500
milho	2500
miliampere	2500
miliário	2500
milibar	2500
milícia	2500
miliciano	2500
miligrama	2500
mililitro	2500
milionário	2500
milionésimo	2500
milissegundo	2500
militância	2500
militante	2500
militar	2500
militarão	2500
militarizar	2500
milorde	2500
mimalheiro	2500
mimalho	2500
mimanço	2500
mimar	2500
mim	2500
mimético	2500
mimetismo	2500
mimetizar	2500
mimicamente	2500
mímica	2500
mimice	2500
mímico	2500
mimo	2500
mimosear	2500
mimóseo	2500
mimoso	2500
minagem	2500
mina	2500
minar	2500
minarete	2500
mindinho	2500
mineiro	2500
mineral	2500
mineralizar	2500
mineralogia	2500
mineralógico	2500
mineralogista	2500
mineralurgia	2500
mineralúrgico	2500
minerar	2500
minério	2500
minerva	2500
minga	2500
mingar	2500
míngua	2500
minguante	2500
minguar	2500
minhoca	2500
minhoquices	2500
minhoteiro	2500
minhotismo	2500
minhoto	2500
miniatural	2500
miniatura	2500
miniaturar	2500
miniaturista	2500
minifúndio	2500
minimal	2500
minimalista	2500
minimamente	2500
minimidade	2500
minimizar	2500
mínimo	2500
mini	2500
minissaia	2500
ministerial	2500
ministerialismo	2500
ministeriável	2500
ministério	2500
ministrado	2500
ministral	2500
ministrante	2500
ministrar	2500
ministro-adjunto	2500
ministro	2500
mi	2500
minorada	2500
minorante	2500
minorar	2500
minorativo	2500
minorca	2500
minoria	2500
minoritário	2500
minotaurizar	2500
minúcia	2500
minuciosidade	2500
minucioso	2500
minusculamente	2500
minúscula	2500
minúsculo	2500
minuta	2500
minutar	2500
miocárdio	2500
miocénico	2500
miolada	2500
mioleira	2500
miolo	2500
mioloso	2500
mioludo	2500
míope	2500
miopia	2500
miosótis	2500
mirabolante	2500
miracular	2500
miraculoso	2500
mirada	2500
miradoiro	2500
miradouro	2500
miragem	2500
mirandense	2500
mirandês	2500
mira	2500
mirante	2500
mirar	2500
miríada	2500
miríade	2500
mirolho	2500
mirone	2500
mirra	2500
mirrar	2500
mirtilo	2500
mirtoso	2500
misantropia	2500
misantrópico	2500
misantropismo	2500
misantropo	2500
míscaro	2500
miscelânea	2500
miscigenação	2500
miscível	2500
miseramente	2500
miserar	2500
miserável	2500
miseravelmente	2500
miséria	2500
misericórdia	2500
misericordioso	2500
mísero	2500
misérrimo	2500
misogamia	2500
misógamo	2500
misoginia	2500
misógino	2500
missal	2500
missa	2500
missanga	2500
missão	2500
missar	2500
misseiro	2500
míssil	2500
missionário	2500
missionarismo	2500
missionar	2500
mississipiano	2500
missiva	2500
missivo	2500
mistela	2500
mistério	2500
misterioso	2500
mister	2500
mística	2500
misticidade	2500
misticismo	2500
místico	2500
mistificador	2500
mistificar	2500
misto	2500
mistral	2500
misturada	2500
misturadeira	2500
mistura	2500
misturar	2500
mistureiro	2500
mítico	2500
mitificar	2500
mitigador	2500
mitigar	2500
mitigativo	2500
mitigatório	2500
mitismo	2500
mitógrafo	2500
mitologia	2500
mitologista	2500
mitómano	2500
mitonímia	2500
mito	2500
mitose	2500
mitral	2500
mitra	2500
mitrar	2500
miudagem	2500
miudamente	2500
miudeza	2500
miudinho	2500
miúdo	2500
mixordeiro	2500
mixórdia	2500
mnemónica	2500
mnemónico	2500
mnemonizar	2500
mnésico	2500
moagem	2500
mobilador	2500
móbil	2500
mobilar	2500
mobília	2500
mobiliário	2500
mobilidade	2500
mobilismo	2500
mobilista	2500
mobilizador	2500
mobilizar	2500
mocada	2500
moçada	2500
moçalhão	2500
moçambicano	2500
moçambique	2500
moca	2500
moção	2500
moçárabe	2500
moçarábico	2500
mo	2500
mocetão	2500
mochila	2500
mocho	2500
mocidade	2500
mocinha	2500
moço	2500
modal	2500
modalidade	2500
moda	2500
modelador	2500
modelagem	2500
modelar	2500
modelizar	2500
modelo	2500
moderador	2500
moderante	2500
moderar	2500
moderativo	2500
modernidade	2500
modernizar	2500
moderno	2500
modestaço	2500
modéstia	2500
modesto	2500
modicar	2500
modicidade	2500
módico	2500
modificação	2500
modificador	2500
modificar	2500
modificativo	2500
modista	2500
modo	2500
modorral	2500
modorra	2500
modorrar	2500
modorrento	2500
modulador	2500
modulagem	2500
modular	2500
módulo	2500
moeda	2500
moedeira	2500
moedeiro	2500
moedela	2500
moedor	2500
moedouro	2500
moedura	2500
moela	2500
moer	2500
mofar	2500
mofento	2500
mofo	2500
mofoso	2500
mogno	2500
moído	2500
moina	2500
moinante	2500
moinar	2500
moinho	2500
moira	2500
moiriscado	2500
moirisco	2500
moiro	2500
moiseísmo	2500
moiseísta	2500
moita	2500
moitense	2500
mola	2500
molangueirão	2500
molanqueirão	2500
molanqueirice	2500
molanqueiro	2500
molar	2500
moldador	2500
moldagem	2500
moldar	2500
moldavo	2500
molde	2500
moldura	2500
moldurar	2500
moldureiro	2500
mole	2500
molecada	2500
molécula	2500
molecular	2500
moleira	2500
moleirinha	2500
moleiro	2500
molenga	2500
molengão	2500
molengar	2500
molengueiro	2500
moleque	2500
molestador	2500
molestar	2500
moléstia	2500
molesto	2500
moleta	2500
molete	2500
moleza	2500
molhada	2500
molhadela	2500
molhadura	2500
molhagem	2500
molhança	2500
molha	2500
molhar	2500
molheira	2500
molhe	2500
molho	2500
molibdénio	2500
moliceiro	2500
moliço	2500
molieresco	2500
molificante	2500
molificar	2500
molificativo	2500
molinar	2500
molinete	2500
molinha	2500
molinhar	2500
molinheira	2500
molinheiro	2500
moluscoide	2500
molusco	2500
momentaneamente	2500
momentâneo	2500
momentoso	2500
monacal	2500
monada	2500
mónade	2500
mona	2500
monarca	2500
monarquia	2500
monárquico	2500
monarquismo	2500
monarquista	2500
monarquizar	2500
monasterial	2500
monastical	2500
monástico	2500
monção	2500
monco	2500
moncoso	2500
mondar	2500
monetário	2500
monetarismo	2500
monetarista	2500
monetizar	2500
monge	2500
mongol	2500
mongólico	2500
mongoloide	2500
monhé	2500
monismo	2500
monista	2500
monístico	2500
monitorado	2500
monitorial	2500
monitoria	2500
monitorização	2500
monitorizar	2500
monitor	2500
monjal	2500
monja	2500
mó	2500
monoácido	2500
monoatómico	2500
monocarpelar	2500
monocárpico	2500
monocelular	2500
monocíclico	2500
monociclo	2500
monoclínico	2500
monocórdico	2500
monocórdio	2500
monocordo	2500
monocromático	2500
monocromatismo	2500
monocromia	2500
monocromo	2500
monocular	2500
monoculizar	2500
monóculo	2500
monocultura	2500
monódico	2500
monogamia	2500
monogâmico	2500
monógamo	2500
monogénese	2500
monogenético	2500
monogenia	2500
monogénico	2500
monogenismo	2500
monografia	2500
monograma	2500
monogramático	2500
mono	2500
monoide	2500
monoideísmo	2500
monolátrico	2500
monolingue	2500
monolítico	2500
monolitismo	2500
monólito	2500
monologar	2500
monologia	2500
monólogo	2500
monolugar	2500
monomorfismo	2500
mononucleose	2500
monoparental	2500
monopólio	2500
monopolista	2500
monopolizador	2500
monopolizar	2500
monorrítmico	2500
monossilábico	2500
monossilabismo	2500
monossílabo	2500
monoteísmo	2500
monotelismo	2500
monotelita	2500
monotonamente	2500
monotonia	2500
monótono	2500
monovalente	2500
monovolume	2500
monóxido	2500
monsenhorado	2500
monsenhoria	2500
monsenhor	2500
monstro	2500
monstruosidade	2500
monstruoso	2500
monta-cargas	2500
montada	2500
montado	2500
montador	2500
montagem	2500
monta	2500
montanha	2500
montanha-russa	2500
montanheira	2500
montanheiro	2500
montanhês	2500
montanhismo	2500
montanhoso	2500
montano	2500
montão	2500
montaria	2500
montar	2500
montenegrino	2500
monte	2500
montês	2500
montesinho	2500
montesino	2500
montículo	2500
montijo	2500
montra	2500
monumental	2500
monumentalidade	2500
monumentalizar	2500
monumento	2500
monumentoso	2500
morada	2500
moradia	2500
moradio	2500
morador	2500
moral	2500
moralidade	2500
moralismo	2500
moralista	2500
moralizador	2500
moralizar	2500
mor	2500
mora	2500
morangal	2500
morango	2500
morangueira	2500
morangueiro	2500
morar	2500
moratória	2500
moratório	2500
morbideza	2500
morbidez	2500
mórbido	2500
morcegal	2500
morcegão	2500
morcego	2500
morcela	2500
mordaça	2500
mordacidade	2500
mordaz	2500
mordedela	2500
mordedura	2500
mordente	2500
morder	2500
mordicante	2500
mordicar	2500
mordicativo	2500
mordidela	2500
mordiscar	2500
mordomado	2500
mordomar	2500
mordomeiro	2500
mordomia	2500
mordomice	2500
mordomo	2500
moreia	2500
morenado	2500
morena	2500
moreno	2500
morfema	2500
morfético	2500
morfina	2500
morfinismo	2500
morfinizar	2500
morfismo	2500
morfogenia	2500
morfologia	2500
morfológico	2500
morfossintático	2500
morgadia	2500
morgadio	2500
morgado	2500
morgue	2500
moribundo	2500
mormente	2500
mormonismo	2500
mórmon	2500
morna	2500
morno	2500
morosidade	2500
moroso	2500
morra	2500
morrediço	2500
morredoiro	2500
morredouro	2500
morrer	2500
morrinha	2500
morrinhar	2500
morrinhento	2500
morrinhice	2500
morrinhoso	2500
morro	2500
morsa	2500
mortadela	2500
mortalha	2500
mortalhar	2500
mortal	2500
mortalidade	2500
mortandade	2500
morteirada	2500
morteiro	2500
morte	2500
morticínio	2500
mortiço	2500
mortífero	2500
mortificador	2500
mortificante	2500
mortificar	2500
mortificativo	2500
morto	2500
mortório	2500
mortualha	2500
mortuário	2500
mortuoso	2500
mosaico	2500
mosaísta	2500
moscado	2500
mosca-do-vinagre	2500
mosca-morta	2500
mosca	2500
moscão	2500
moscardo	2500
moscaria	2500
moscatel	2500
moscovita	2500
mosquedo	2500
mosqueiro	2500
mosquetada	2500
mosquetaria	2500
mosquetear	2500
mosqueteiro	2500
mosquete	2500
mosquinha-morta	2500
mosquitada	2500
mosquiteiro	2500
mosquito	2500
mossa	2500
mossar	2500
mostardal	2500
mostarda	2500
mostardeira	2500
mostardeiro	2500
mosteiro	2500
mosto	2500
mostradela	2500
mostrador	2500
mostragem	2500
mostra	2500
mostrar	2500
mostrengar	2500
mostrengo	2500
mostruário	2500
mota	2500
motel	2500
mote	2500
motejo	2500
motilidade	2500
motim	2500
motinada	2500
motinar	2500
motineiro	2500
motinoso	2500
motivação	2500
motivacional	2500
motivador	2500
motivar	2500
motivo	2500
motocicleta	2500
motociclismo	2500
motociclista	2500
motociclo	2500
motonáutica	2500
moto	2500
motora	2500
motor	2500
motoreta	2500
motorista	2500
motorizar	2500
motricidade	2500
motriz	2500
mouco	2500
mouqueira	2500
mouquice	2500
moura	2500
mourão	2500
mouraria	2500
mourejar	2500
mourisca	2500
mourisco	2500
mouro	2500
mousse	2500
movediço	2500
móvel	2500
movente	2500
mover	2500
movimentar	2500
movimento	2500
mozárabe	2500
muar	2500
muchacho	2500
mucoide	2500
muco	2500
mucosa	2500
mucosidade	2500
mucoso	2500
muçulmanismo	2500
muçulmano	2500
mudadiço	2500
mudança	2500
mudar	2500
mudez	2500
mudo	2500
mugido	2500
mugir	2500
mui	2500
mulada	2500
mula	2500
mulataria	2500
mulato	2500
muletada	2500
muleta	2500
muleteiro	2500
mulheraça	2500
mulherão	2500
mulherengo	2500
mulherico	2500
mulheril	2500
mulherinha	2500
mulherio	2500
mulher	2500
mulherzinha	2500
multa	2500
multar	2500
multiangular	2500
multiatómico	2500
multibanco	2500
multicelular	2500
multicolor	2500
multicolorir	2500
multicor	2500
multicultural	2500
multiculturalismo	2500
multidão	2500
multidimensional	2500
multidisciplinar	2500
multiface	2500
multifacetado	2500
multifloro	2500
multiforme	2500
multifunção	2500
multilateral	2500
multilíngua	2500
multilingue	2500
multimédia	2500
multímetro	2500
multimilionário	2500
multimodal	2500
multinacional	2500
multipartidário	2500
multiplamente	2500
multiplataforma	2500
multiplexado	2500
multiplicador	2500
multiplicando	2500
multiplicar	2500
multiplicativo	2500
multíplice	2500
multiplicidade	2500
múltiplo	2500
multipolar	2500
multi	2500
multirracial	2500
multissecular	2500
multitude	2500
multiusos	2500
múmia	2500
mumificador	2500
mumificante	2500
mumificar	2500
mundanal	2500
mundanalidade	2500
mundanidade	2500
mundanismo	2500
mundano	2500
mundial	2500
mundializar	2500
mundividência	2500
mundo	2500
mungida	2500
mungidura	2500
mungir	2500
municipal	2500
municipalidade	2500
municipalizar	2500
munícipe	2500
município	2500
munir	2500
mural	2500
muralha	2500
muralhar	2500
murário	2500
murar	2500
murcha	2500
murchar	2500
murchidão	2500
murcho	2500
murciano	2500
murmuradeira	2500
murmurante	2500
murmurar	2500
murmurativo	2500
murmurejar	2500
murmurejo	2500
murmúrio	2500
murmuroso	2500
murraça	2500
murro	2500
musal	2500
musa	2500
musaranho	2500
muscoso	2500
musculado	2500
muscular	2500
musculatura	2500
músculo	2500
musculosidade	2500
musculoso	2500
museologia	2500
museu	2500
musgo	2500
musgoso	2500
musguento	2500
musical	2500
musicalidade	2500
música	2500
musicante	2500
musicar	2500
musicata	2500
músico	2500
musicologia	2500
musiqueta	2500
mutabilidade	2500
mutação	2500
mutacionismo	2500
mutante	2500
mutatório	2500
mutável	2500
mutilador	2500
mutilar	2500
mutismo	2500
mutual	2500
mutualidade	2500
mutualismo	2500
mutualista	2500
mutuamente	2500
mutuante	2500
mutuário	2500
mutuar	2500
mútuo	2500
nababo	2500
nabada	2500
nabal	2500
nabiçal	2500
nabiça	2500
nabinha	2500
nabo	2500
nacada	2500
nação	2500
nacarado	2500
nacional	2500
nacionalidade	2500
nacionalização	2500
nacionalizar	2500
nacional-socialismo	2500
nacional-socialista	2500
naco	2500
nadadeira	2500
nadador	2500
nadador-salvador	2500
nadadores-salvadores	2500
nadadura	2500
nadante	2500
nadar	2500
nadegada	2500
nádega	2500
nadegudo	2500
nadegueiro	2500
nadinha	2500
nado	2500
naftaleno	2500
naftalina	2500
nafta	2500
nagalho	2500
naifada	2500
naifa	2500
naipada	2500
naipeiro	2500
naipe	2500
nalgum	2500
namibiano	2500
namoradeiro	2500
namoradiço	2500
namorado	2500
namorador	2500
namorar	2500
namoratório	2500
namoricar	2500
namorico	2500
namoriscar	2500
namorismo	2500
namoro	2500
nana	2500
nanar	2500
nano	2500
nanotecnologia	2500
napoleão	2500
napoleónico	2500
napoleonismo	2500
napolitano	2500
naqueloutro	2500
naquilo	2500
narcisar	2500
narcisismo	2500
narcisoide	2500
narciso	2500
narcomania	2500
narcose	2500
narcoterapia	2500
narcótico	2500
narcotina	2500
narcotismo	2500
narcotizar	2500
narcotraficante	2500
narcotráfico	2500
narigada	2500
narigão	2500
narigudo	2500
narigueiro	2500
narigueta	2500
narina	2500
nariz	2500
narração	2500
narrador	2500
narrar	2500
narrativa	2500
narrativo	2500
nasal	2500
nasalar	2500
nasalidade	2500
nasalizar	2500
nascediço	2500
nascedoiro	2500
nascedouro	2500
nascença	2500
nascente	2500
nascer	2500
nascida	2500
nascituro	2500
nastro	2500
natação	2500
natadeira	2500
natado	2500
natal	2500
natalense	2500
natalício	2500
natalidade	2500
nata	2500
natátil	2500
natatório	2500
natento	2500
natividade	2500
nativismo	2500
nativista	2500
nativo	2500
nato	2500
natural	2500
naturalidade	2500
naturalismo	2500
naturalista	2500
naturalizar	2500
natura	2500
natureza	2500
naturezas-mortas	2500
naturismo	2500
naturista	2500
naufragante	2500
naufragar	2500
naufrágio	2500
náufrago	2500
naufragoso	2500
nau	2500
nauseabundo	2500
náusea	2500
nauseante	2500
nausear	2500
nauseativo	2500
nauseento	2500
nauseoso	2500
náutica	2500
náutico	2500
naval	2500
navalhada	2500
navalha	2500
navalhão	2500
navalhar	2500
navalheira	2500
navarro	2500
navegabilidade	2500
navegação	2500
navegador	2500
navegante	2500
navegar	2500
nave	2500
navio	2500
navio-escola	2500
navios-escola	2500
nazareno	2500
nazi	2500
nazismo	2500
nazista	2500
neblina	2500
nebulização	2500
nebulizador	2500
nebulosa	2500
nebulosidade	2500
nebuloso	2500
necessidade	2500
necessitante	2500
necessitar	2500
necessitoso	2500
necrofilia	2500
necrofobia	2500
necrologia	2500
necrológio	2500
necrópole	2500
necrose	2500
necrotério	2500
nectarífero	2500
nectário	2500
nectarizar	2500
néctar	2500
neerlandês	2500
nefasto	2500
nefrite	2500
nefrologia	2500
negador	2500
nega	2500
negar	2500
negativa	2500
negativar	2500
negatividade	2500
negativismo	2500
negativista	2500
negativo	2500
negatório	2500
negligência	2500
negligenciar	2500
negligente	2500
negociabilidade	2500
negociação	2500
negociador	2500
negocial	2500
negociante	2500
negociar	2500
negociata	2500
negócio	2500
negocioso	2500
negraço	2500
negrada	2500
negrão	2500
negraria	2500
negreiro	2500
negridão	2500
negritude	2500
negro	2500
negroide	2500
negrume	2500
negrura	2500
nele	2500
nematoide	2500
nené	2500
nenhum	2500
nenhures	2500
nê	2500
nenúfar	2500
neocatolicismo	2500
neocatólico	2500
neoclassicismo	2500
neoclássico	2500
neocolonialismo	2500
neocolonialista	2500
neocriticismo	2500
neodímio	2500
neófito	2500
neogótico	2500
neokantismo	2500
neolatino	2500
neoliberal	2500
neolítico	2500
neologia	2500
neologismo	2500
neólogo	2500
neomarginalista	2500
néon	2500
neoplastia	2500
neoplatónico	2500
neoplatonismo	2500
neorrealismo	2500
neorrealista	2500
neorromantismo	2500
neonazi	2500
neotropical	2500
neozelandês	2500
nepalês	2500
neperiano	2500
nepotismo	2500
neptuniano	2500
nervação	2500
nervado	2500
nerval	2500
nérveo	2500
nervino	2500
nervo	2500
nervosidade	2500
nervosismo	2500
nervoso	2500
nervudo	2500
nervura	2500
nesciamente	2500
néscio	2500
nesga	2500
nêspera	2500
nespereira	2500
nêspero	2500
netalhada	2500
neta	2500
neto	2500
neura	2500
neural	2500
neuralgia	2500
neurálgico	2500
neurastenia	2500
neurocirurgia	2500
neurocirurgião	2500
neurocirúrgico	2500
neurologia	2500
neuroma	2500
neuromuscular	2500
neuronal	2500
neurónico	2500
neurónio	2500
neuro	2500
neuroparalisia	2500
neuropatia	2500
neuropatologia	2500
neuropsicologia	2500
neurose	2500
neurótico	2500
neurotransmissor	2500
neutral	2500
neutralidade	2500
neutralismo	2500
neutralizante	2500
neutralizar	2500
neutrão	2500
neutreto	2500
neutrino	2500
neutro	2500
neutrofilia	2500
neutrónico	2500
nevada	2500
nevão	2500
nevar	2500
nevasca	2500
neve	2500
neviscar	2500
nevoaça	2500
névoa	2500
nevoeirada	2500
nevoeira	2500
nevoeirento	2500
nevoeiro	2500
nevoentar	2500
nevoento	2500
nevoso	2500
nevralgia	2500
nevrálgico	2500
nevralgismo	2500
nevrologia	2500
nevrose	2500
nevrótico	2500
newtoniano	2500
newton	2500
nexo	2500
nicada	2500
nicanço	2500
nica	2500
nicar	2500
nicho	2500
nicles	2500
nico	2500
nicotina	2500
nicotínico	2500
nicotinismo	2500
nicotino	2500
nicotizar	2500
nidação	2500
nidícola	2500
nidificar	2500
nigeriano	2500
niilificação	2500
niilismo	2500
niilista	2500
nimbo	2500
nimboso	2500
nina	2500
ninar	2500
ninfa	2500
ninfoide	2500
ninfómana	2500
ninfomaníaca	2500
ninfomania	2500
ninguém	2500
ninhada	2500
ninhal	2500
ninharia	2500
ninhar	2500
ninho	2500
nini	2500
nino	2500
nipo-chinês	2500
nipónico	2500
níquel	2500
niquento	2500
niquice	2500
nirvana	2500
nisso	2500
nisto	2500
nitidamente	2500
nitidez	2500
nítido	2500
nitral	2500
nitrar	2500
nitratar	2500
nitrato	2500
nítrico	2500
nitrificante	2500
nitrificar	2500
nitrito	2500
nitrogénio	2500
nitroglicerina	2500
nitroso	2500
nivação	2500
niveladora	2500
nivelador	2500
nivelar	2500
níveo	2500
niviforme	2500
nivoso	2500
nobiliário	2500
nobiliárquico	2500
nobilíssimo	2500
nobrecer	2500
nobre	2500
nobreza	2500
noção	2500
nocional	2500
nocividade	2500
nocivo	2500
noctívago	2500
notívago	2500
noturnal	2500
noturno	2500
nodal	2500
nódoa	2500
nodo	2500
nodosidade	2500
nodoso	2500
nodular	2500
nódulo	2500
noduloso	2500
noema	2500
noemático	2500
noese	2500
nogueirado	2500
nogueiral	2500
nogueira	2500
noitada	2500
noitinha	2500
noivado	2500
noival	2500
noiva	2500
noivar	2500
noivo	2500
nojeira	2500
nojento	2500
nojo	2500
nojoso	2500
nómada	2500
nomadismo	2500
nomadizar	2500
nomeada	2500
nomeadamente	2500
nomeador	2500
nomeadura	2500
nomeante	2500
nomear	2500
nomenclar	2500
nomenclatura	2500
nome	2500
nominação	2500
nominal	2500
nominalidade	2500
nominalismo	2500
nominalista	2500
nominativo	2500
nonagenário	2500
nonagésimo	2500
nona	2500
nó	2500
nono	2500
nora	2500
nordestada	2500
nordestear	2500
nordeste	2500
nordestia	2500
nórdico	2500
normal	2500
normalizar	2500
normando	2500
norma	2500
normativo	2500
noroestear	2500
noroeste	2500
nortada	2500
norte-americano	2500
nortear	2500
norte-coreano	2500
nortenho	2500
norueguês	2500
nostalgia	2500
nostálgico	2500
notabilidade	2500
notabilíssimo	2500
notabilizar	2500
notação	2500
notacional	2500
notador	2500
nota	2500
notariado	2500
notarial	2500
notário	2500
notar	2500
notável	2500
noticiador	2500
notícia	2500
noticiário	2500
noticiarista	2500
noticiar	2500
noticioso	2500
notificador	2500
notificante	2500
notificar	2500
notificativo	2500
notificatório	2500
notocórdio	2500
notoriedade	2500
notório	2500
noutro	2500
noutrora	2500
nova-iorquino	2500
novato	2500
novecentista	2500
novecentos	2500
novel	2500
novela	2500
novelar	2500
noveleiro	2500
novelesco	2500
novelista	2500
novelo	2500
novenal	2500
novena	2500
novenário	2500
noveno	2500
noventa	2500
novice	2500
noviço	2500
novidade	2500
novilatino	2500
novilho	2500
noviorquino	2500
novo-rico	2500
novos-ricos	2500
noz-moscada	2500
noz	2500
nua	2500
nublar	2500
nubloso	2500
nucal	2500
nuca	2500
nucleal	2500
nucleão	2500
nuclear	2500
núcleo	2500
nudação	2500
nudeza	2500
nudez	2500
nudismo	2500
nudista	2500
nu	2500
nubente	2500
nulidade	2500
nulo	2500
numantino	2500
numeradora	2500
numerador	2500
numeral	2500
numerário	2500
numerar	2500
numerativo	2500
numérico	2500
numerologia	2500
numerosidade	2500
numeroso	2500
numismata	2500
numismática	2500
numismático	2500
nunciatura	2500
núncio	2500
nupcial	2500
nupcialidade	2500
núpcias	2500
nutribilidade	2500
nutrício	2500
nutricional	2500
nutricionista	2500
nutriente	2500
nutrificar	2500
nutrimental	2500
nutrir	2500
nutritivo	2500
nuvem	2500
núveo	2500
oasiano	2500
oásico	2500
oásis	2500
obcecadamente	2500
obcecante	2500
obcecar	2500
obedecer	2500
obediencial	2500
obediência	2500
obediente	2500
obeliscal	2500
obelisco	2500
obesidade	2500
obeso	2500
óbice	2500
óbito	2500
objeção	2500
objetal	2500
objetante	2500
objetar	2500
objetiva	2500
objetivar	2500
objetivismo	2500
objetivo	2500
objeto	2500
objetor	2500
oblato	2500
obliquamente	2500
obliquar	2500
obliquidade	2500
oblíquo	2500
obliterante	2500
obliterar	2500
oboé	2500
obrador	2500
obra-mestra	2500
obrante	2500
obra-prima	2500
obrar	2500
obras-primas	2500
obreira	2500
obreiro	2500
obrigação	2500
obrigacionário	2500
obrigacionista	2500
obrigante	2500
obrigar	2500
obrigatário	2500
obrigativo	2500
obrigatoriedade	2500
obrigatório	2500
obscenidade	2500
obsceno	2500
obscuração	2500
obscurante	2500
obscurantismo	2500
obscurantista	2500
obscurantizar	2500
obscurecer	2500
obscuridade	2500
obscuro	2500
obsequente	2500
obsequiador	2500
obsequiar	2500
obséquio	2500
obsequiosidade	2500
obsequioso	2500
observação	2500
observacional	2500
observador	2500
observância	2500
observante	2500
observar	2500
observatório	2500
obsessão	2500
obsessionante	2500
obsessivo	2500
obsesso	2500
obsessor	2500
obsolescência	2500
obsoleto	2500
obstaculizar	2500
obstáculo	2500
obstante	2500
obstar	2500
obstativo	2500
obstetra	2500
obstetrical	2500
obstétrica	2500
obstetrícia	2500
obstinar	2500
obstipação	2500
obstipante	2500
obstipar	2500
obstrução	2500
obstrucionismo	2500
obstrucionista	2500
obstruente	2500
obstruir	2500
obstrutivo	2500
obstrutor	2500
obtenção	2500
obtenível	2500
obtentor	2500
obter	2500
obturador	2500
obturante	2500
obturar	2500
obtusidade	2500
obtuso	2500
obus	2500
obviamente	2500
óbvio	2500
ocasião	2500
ocasional	2500
ocasionalidade	2500
ocasionalismo	2500
ocasionar	2500
ocaso	2500
occipital	2500
oceanário	2500
oceanicidade	2500
oceânico	2500
oceanografia	2500
oceano	2500
ocidental	2500
ocidentalidade	2500
ocidentalismo	2500
ocidentalista	2500
ocidentalizar	2500
ocidente	2500
ócio	2500
ociosidade	2500
ocioso	2500
oclusão	2500
oco	2500
ocorrência	2500
ocorrente	2500
ocorrer	2500
ocre	2500
octaédrico	2500
octaedro	2500
octana	2500
octangular	2500
octano	2500
octante	2500
octeto	2500
octingentésimo	2500
octogenário	2500
octogésimo	2500
octogonal	2500
octógono	2500
octostilo	2500
óctuplo	2500
ocular	2500
ocularidade	2500
oculífero	2500
oculiforme	2500
oculista	2500
óculo	2500
ocultador	2500
ocultante	2500
ocultar	2500
ocultismo	2500
ocultista	2500
oculto	2500
ocupação	2500
ocupacional	2500
ocupado	2500
ocupar	2500
odalisca	2500
ode	2500
odiar	2500
odiento	2500
ódio	2500
odioso	2500
odisseia	2500
odisseico	2500
odontogénese	2500
odontogenia	2500
odontologia	2500
odorante	2500
odorar	2500
odorífero	2500
odorífico	2500
odor	2500
odoroso	2500
odre	2500
ofegante	2500
ofegar	2500
ofego	2500
ofegoso	2500
ofeguento	2500
ofender	2500
ofensa	2500
ofensiva	2500
ofensivo	2500
ofensor	2500
oferecer	2500
oferenda	2500
oferendar	2500
oferente	2500
oferta	2500
ofertante	2500
ofertar	2500
ofertório	2500
oficial	2500
oficialidade	2500
oficialismo	2500
oficializar	2500
oficiante	2500
oficiar	2500
oficinal	2500
oficina	2500
ofício	2500
oficiosidade	2500
oficioso	2500
oftálmico	2500
oftalmologia	2500
oftalmológico	2500
oftalmoterapia	2500
ofuscante	2500
ofuscar	2500
ogivado	2500
ogival	2500
ogiva	2500
ogre	2500
oh	2500
ohmímetro	2500
oídio	2500
oirar	2500
oiro	2500
oitavar	2500
oitenta	2500
oitocentista	2500
oitocentos	2500
ola	2500
olaria	2500
oleáceo	2500
oleaginar	2500
oleaginoso	2500
olearia	2500
olear	2500
oleento	2500
olé	2500
oleicultura	2500
oleífero	2500
oleificante	2500
oleígeno	2500
oleiro	2500
oleoduto	2500
óleo	2500
oleosidade	2500
oleoso	2500
olfatar	2500
olfático	2500
olfativo	2500
olfato	2500
olhada	2500
olhadela	2500
olhador	2500
olhadura	2500
olhal	2500
olhar	2500
olhe	2500
olheiras	2500
olheirento	2500
olhento	2500
olho	2500
olhudo	2500
oligarca	2500
oligarquia	2500
olimpíada	2500
olímpico	2500
oliváceo	2500
olival	2500
oliva	2500
olivar	2500
olivedo	2500
oliveiral	2500
oliveira	2500
olíveo	2500
olivicultura	2500
olivífero	2500
olmeiro	2500
olmo	2500
oloroso	2500
ombrear	2500
ombreira	2500
ombro	2500
ómega	2500
omeleta	2500
omelete	2500
ominoso	2500
omissão	2500
omisso	2500
omissório	2500
omitir	2500
omnímodo	2500
omnipotência	2500
omnipotente	2500
omnipresença	2500
omnipresente	2500
omnisciência	2500
omnisciente	2500
omnívoro	2500
omoplata	2500
onanismo	2500
onanista	2500
onça	2500
oncologia	2500
oncologista	2500
onda	2500
ondeante	2500
ondear	2500
ondejante	2500
ondejar	2500
ondulante	2500
ondular	2500
ondulatório	2500
onerante	2500
onerário	2500
onerar	2500
onerosidade	2500
oneroso	2500
ónibus	2500
onírico	2500
onirismo	2500
onomástico	2500
onomatologia	2500
onomatopaico	2500
onomatopeia	2500
onomatopeico	2500
ontogénese	2500
ontogenia	2500
ontogénico	2500
ontologia	2500
ontológico	2500
ontologismo	2500
ónus	2500
onzena	2500
onzenário	2500
onzenar	2500
onzeneiro	2500
onzenice	2500
opa	2500
opacidade	2500
opaco	2500
opala	2500
opalescência	2500
opalescente	2500
opalescer	2500
opalizar	2500
opção	2500
opcional	2500
operação	2500
operacional	2500
operacionalizar	2500
operador	2500
operando	2500
ópera	2500
operante	2500
operariado	2500
operária	2500
operário	2500
operar	2500
operativo	2500
operatório	2500
operável	2500
opercular	2500
opérculo	2500
opereta	2500
operosidade	2500
operoso	2500
opiáceo	2500
opiar	2500
opinante	2500
opinar	2500
opinativo	2500
opinião	2500
opiniático	2500
opinioso	2500
opiologia	2500
opiómano	2500
ópio	2500
oponente	2500
oponível	2500
oportunidade	2500
oportunismo	2500
oportunista	2500
oportuno	2500
opor	2500
oposição	2500
oposicionista	2500
opositivo	2500
opositor	2500
oposto	2500
opressão	2500
opressivo	2500
opresso	2500
opressor	2500
opressório	2500
oprimente	2500
oprimir	2500
opróbrio	2500
optante	2500
optar	2500
optativo	2500
otário	2500
oticamente	2500
ótica	2500
oticidade	2500
ótico	2500
otimamente	2500
otimismo	2500
otimista	2500
otimizar	2500
ótimo	2500
opulência	2500
opulentar	2500
opulento	2500
opúsculo	2500
oração	2500
oracional	2500
oracular	2500
oraculizar	2500
oráculo	2500
orada	2500
orador	2500
oral	2500
oralidade	2500
oralização	2500
orangotango	2500
orar	2500
oratória	2500
oratório	2500
orbicular	2500
orbital	2500
orbitar	2500
órbita	2500
orçamental	2500
orçamentário	2500
orçamentar	2500
orça	2500
orca	2500
orçar	2500
ordeiro	2500
ordem	2500
ordenação	2500
ordenada	2500
ordenado	2500
ordenança	2500
ordenar	2500
ordenhador	2500
ordenha	2500
ordenhar	2500
ordinal	2500
ordinante	2500
ordinária	2500
ordinário	2500
orégão	2500
orelhada	2500
orelhado	2500
orelha	2500
orelhão	2500
orelheira	2500
orelhudo	2500
orfanado	2500
orfanar	2500
orfanato	2500
orfandade	2500
órfão	2500
orfeão	2500
organicamente	2500
orgânica	2500
organicismo	2500
organicista	2500
orgânico	2500
organismo	2500
organista	2500
organização	2500
organizacional	2500
organizador	2500
organizar	2500
organizativo	2500
organograma	2500
órgão	2500
orgasmo	2500
orgíaco	2500
orgia	2500
orgiasta	2500
orgiástico	2500
orgulhar	2500
orgulhecer	2500
orgulho	2500
orgulhoso	2500
orientação	2500
orientador	2500
orientais	2500
oriental	2500
orientalidade	2500
orientalismo	2500
orientalista	2500
orientalizar	2500
orientando	2500
orientar	2500
orientativo	2500
oriente	2500
orifício	2500
origem	2500
originador	2500
original	2500
originalidade	2500
originário	2500
originar	2500
oriundo	2500
orla	2500
orlar	2500
ornamentador	2500
ornamental	2500
ornamentária	2500
ornamentar	2500
ornamento	2500
ornar	2500
ornato	2500
ornitologia	2500
ornitorrinco	2500
orografia	2500
orquestral	2500
orquestra	2500
orquestrar	2500
orquídea	2500
ortodoxia	2500
ortodoxo	2500
ortogonal	2500
ortógono	2500
ortografar	2500
ortografia	2500
ortográfico	2500
ortónimo	2500
ortopedia	2500
ortopédico	2500
orvalhada	2500
orvalhado	2500
orvalhar	2500
orvalho	2500
orvalhoso	2500
oscilador	2500
oscilante	2500
oscilar	2500
oscilatória	2500
oscilatório	2500
osciloscópio	2500
ósculo	2500
óscar	2500
osga	2500
osmótico	2500
ossada	2500
ossaria	2500
ossário	2500
ósseo	2500
ossicular	2500
ossículo	2500
ossífero	2500
ossificar	2500
ossiforme	2500
ossívoro	2500
osso	2500
ossudo	2500
ostensão	2500
ostensível	2500
ostensivo	2500
ostensor	2500
ostensório	2500
ostentador	2500
ostentar	2500
ostentativo	2500
ostentoso	2500
osteoclasto	2500
osteopatia	2500
osteoporose	2500
ostráceo	2500
ostracismo	2500
ostracizar	2500
ostra	2500
ostraria	2500
ostreicultura	2500
ostreífero	2500
ostreira	2500
ostreiro	2500
ostricultura	2500
ostrífero	2500
otólito	2500
otomano	2500
otorrino	2500
otorrinolaringologia	2500
ougar	2500
ourar	2500
ouriço-cacheiro	2500
ouriço-do-mar	2500
ouriço-marinho	2500
ouriço	2500
ourivesaria	2500
ourives	2500
ouro	2500
ousadia	2500
ousar	2500
outeiro	2500
outonada	2500
outonal	2500
outonar	2500
outoniço	2500
outorga	2500
outorgante	2500
outorgar	2500
outrem	2500
outro	2500
outrora	2500
outrossim	2500
ouvido	2500
ouvinte	2500
ouvir	2500
ovação	2500
ovacionar	2500
oval	2500
ovalar	2500
ova	2500
ovante	2500
ovarense	2500
ovariano	2500
ovárico	2500
ovário	2500
ovar	2500
ovelhada	2500
ovelha	2500
ovelheiro	2500
óveo	2500
ovículo	2500
ovificação	2500
oviforme	2500
ovino	2500
oviparidade	2500
ovíparo	2500
ovívoro	2500
óvni	2500
ovócito	2500
ovofagia	2500
ovoide	2500
ovologia	2500
ovo	2500
ovolactovegetariano	2500
ovos-moles	2500
ovovíparo	2500
ovovivíparo	2500
ovular	2500
ovulífero	2500
ovuliforme	2500
óvulo	2500
oxalá	2500
oxidabilidade	2500
oxidante	2500
oxidar	2500
óxido	2500
oxidular	2500
oxigenabilidade	2500
oxigenante	2500
oxigenar	2500
oxigénio	2500
ozonar	2500
ozone	2500
ozonificar	2500
ozónio	2500
ozonizador	2500
ozonizar	2500
ozono	2500
pacatez	2500
pacato	2500
pacatório	2500
pacense	2500
pachola	2500
pacholice	2500
pachorra	2500
pachorrento	2500
paciência	2500
paciente	2500
pacificador	2500
pacificar	2500
pacificidade	2500
pacífico	2500
pacifismo	2500
pacifista	2500
paço	2500
pacote	2500
pacotilha	2500
pacotilho	2500
pacovice	2500
pacóvio	2500
pactear	2500
pacto	2500
pactuante	2500
pactuário	2500
pactuar	2500
padaria	2500
padecedor	2500
padecente	2500
padecer	2500
padeira	2500
padeiro	2500
padejar	2500
padejo	2500
padieira	2500
padinha	2500
padiola	2500
padioleiro	2500
pado	2500
padrão	2500
padraria	2500
padrasto	2500
padrear	2500
padreca	2500
padreco	2500
padre	2500
padrinho	2500
padroado	2500
padroeiro	2500
padronizar	2500
pagador	2500
pagadoria	2500
paga	2500
pagaia	2500
paganismo	2500
paganizante	2500
paganizar	2500
pagante	2500
pagão	2500
pagar	2500
paginador	2500
página	2500
paginar	2500
pagodear	2500
pagodeira	2500
pagodeiro	2500
pagode	2500
pagodice	2500
pago	2500
painel	2500
pai	2500
paioleiro	2500
paiol	2500
paio	2500
pairar	2500
paisagem	2500
paisagismo	2500
paisagista	2500
paisagístico	2500
paisanada	2500
paisana	2500
paisano	2500
país	2500
paivense	2500
paixão	2500
paixoneta	2500
pajem	2500
palacete	2500
palacianismo	2500
palaciano	2500
palácio	2500
paladar	2500
paladino	2500
paládio	2500
palancada	2500
palanca	2500
palancar	2500
palanco	2500
pala	2500
palanqueiro	2500
palanque	2500
palatal	2500
palatalizar	2500
palatino	2500
palatizar	2500
palato	2500
palavra-chave	2500
palavras-chave	2500
palavrada	2500
palavrão	2500
palavras-cruzadas	2500
palavreado	2500
palavrear	2500
palavreiro	2500
palavrório	2500
palavroso	2500
palco	2500
paleação	2500
paleio	2500
paleografia	2500
paleolítico	2500
paleologia	2500
paleontologia	2500
paleozoico	2500
paleozoologia	2500
palerma	2500
palestiniano	2500
palestino	2500
palestra	2500
palestrar	2500
paleta	2500
palete	2500
paletó	2500
palhaçada	2500
palhaçal	2500
palhaço	2500
palhal	2500
palha	2500
palhar	2500
palheira	2500
palheirão	2500
palheireiro	2500
palheiro	2500
palhetada	2500
palheta	2500
palhetão	2500
palhiço	2500
palhinha	2500
palhoça	2500
palhoceiro	2500
palhota	2500
paliar	2500
paliativo	2500
paliçada	2500
palidamente	2500
palidejar	2500
palidez	2500
pálido	2500
palíndromo	2500
pálio	2500
palitar	2500
paliteira	2500
paliteiro	2500
palito	2500
palmada	2500
palma	2500
palmar	2500
palmarés	2500
palmatoada	2500
palmatoar	2500
palmatória	2500
palmatoriar	2500
palmear	2500
palmeira	2500
palmeiro	2500
palmejar	2500
palmeta	2500
palmífero	2500
palmiforme	2500
palmilhadeira	2500
palmilha	2500
palmilhar	2500
palminérveo	2500
palminhas	2500
palmípede	2500
palmito	2500
palmo	2500
palonço	2500
palpabilidade	2500
palpabilizar	2500
palpadela	2500
palpar	2500
palpebração	2500
palpebrado	2500
palpebral	2500
pálpebra	2500
palpitação	2500
palpitante	2500
palpitar	2500
palpite	2500
palpo	2500
palradeiro	2500
palrador	2500
palrão	2500
palrar	2500
palratório	2500
palreira	2500
palreiro	2500
palrice	2500
paludismo	2500
paludoso	2500
palurdice	2500
pampanoso	2500
panaceia	2500
panal	2500
panamense	2500
pan-americanismo	2500
pan-africano	2500
panamiano	2500
panar	2500
panascal	2500
panasqueira	2500
panasqueiro	2500
pançada	2500
pancada	2500
pancadão	2500
pancadaria	2500
panca	2500
pança	2500
pâncreas	2500
pancreático	2500
pancreatologia	2500
pançudo	2500
panda	2500
pandear	2500
pândega	2500
pandegar	2500
pândego	2500
pandegueiro	2500
pandeireiro	2500
pandeireta	2500
pandeiro	2500
pandemia	2500
pandemónio	2500
pandora	2500
panelada	2500
panela	2500
paneleiro	2500
panelinha	2500
panelo	2500
pan-eslavismo	2500
pan-eslavista	2500
panfletário	2500
panfleteiro	2500
panfletista	2500
panfleto	2500
pá	2500
pangermanismo	2500
pangermanista	2500
pan-helenismo	2500
pânico	2500
panícula	2500
panífero	2500
panificador	2500
panificar	2500
pano	2500
panóplia	2500
panorama	2500
panorâmico	2500
panqueca	2500
pantalha	2500
pantanal	2500
pantana	2500
pantanizar	2500
pântano	2500
pantanoso	2500
panteão	2500
pantear	2500
panteísmo	2500
panteologia	2500
pantera	2500
pantomina	2500
pantominar	2500
pantomineiro	2500
pantominice	2500
pantufada	2500
pantufa	2500
pantufo	2500
pão	2500
pãozeiro	2500
papa-açorda	2500
papada	2500
papado	2500
papa-figos	2500
papa-formigas	2500
papagaial	2500
papagaia	2500
papagaio	2500
papaguear	2500
papagueio	2500
papaia	2500
papal	2500
papa-léguas	2500
papalvice	2500
papalvo	2500
papança	2500
papa	2500
papá	2500
papão	2500
paparicar	2500
paparicos	2500
paparoca	2500
papar	2500
papas	2500
papeira	2500
papeiro	2500
papelada	2500
papelão	2500
papelaria	2500
papeleira	2500
papeleiro	2500
papeleta	2500
papelista	2500
papel-moeda	2500
papel	2500
papelosa	2500
papelotes	2500
papelucho	2500
papila	2500
papilho	2500
papíreo	2500
papiriforme	2500
papiro	2500
papisa	2500
papismo	2500
papista	2500
papoila	2500
papo	2500
papoula	2500
papudo	2500
paquete	2500
paquiderme	2500
paquidermes	2500
paquímetro	2500
paquistanês	2500
parabéns	2500
parábola	2500
parabólico	2500
parabolismo	2500
parabolizar	2500
paraboloide	2500
para-brisas	2500
para-choque	2500
parada	2500
paradeiro	2500
paradigmal	2500
paradigma	2500
paradigmático	2500
paradisíaco	2500
paradísico	2500
paradoiro	2500
paradouro	2500
paradoxal	2500
paradoxar	2500
paradoxo	2500
parafernália	2500
parafina	2500
parafinar	2500
parafínico	2500
parafrasear	2500
paráfrase	2500
parafrasta	2500
parafrástico	2500
parafusaria	2500
parafusar	2500
parafuso	2500
paragem	2500
paragrafar	2500
parágrafo	2500
paraguaio	2500
paraíso	2500
para-lamas	2500
paralaxe	2500
paralela	2500
paralelepípedo	2500
paralelismo	2500
paralelizar	2500
paralelogramo	2500
paralelo	2500
paralexia	2500
paralisar	2500
parálise	2500
paralisia	2500
paralítico	2500
paralogismo	2500
paramécia	2500
paramédico	2500
paramentar	2500
paramétrico	2500
parametrizar	2500
parâmetro	2500
paramilitar	2500
paranoia	2500
paranoico	2500
paranormal	2500
par	2500
parapeito	2500
parapente	2500
paraplegia	2500
paraplégico	2500
parapsicologia	2500
paraquedas	2500
paraquedismo	2500
paraquedista	2500
para-raios	2500
parar	2500
parasitagem	2500
parasita	2500
parasitário	2500
parasitar	2500
parasítico	2500
parasitífero	2500
parasitismo	2500
parasito	2500
para-vento	2500
parceiro	2500
parcela	2500
parcelar	2500
parceria	2500
parcial	2500
parcialidade	2500
parcializar	2500
parcimónia	2500
parcimonioso	2500
parcíssimo	2500
parco	2500
pardacento	2500
pardalada	2500
pardalão	2500
pardaleja	2500
pardal	2500
pardaloca	2500
pardau	2500
pardieiro	2500
pardo	2500
parear	2500
parecença	2500
parecente	2500
parecer	2500
paredão	2500
paredeiro	2500
parelha	2500
parelho	2500
parênquima	2500
parental	2500
parentear	2500
parente	2500
parentela	2500
parenteral	2500
parentérico	2500
parentesco	2500
parêntese	2500
parêntesis	2500
parentético	2500
pária	2500
paridade	2500
parideira	2500
paridela	2500
parietal	2500
parir	2500
parisiense	2500
paritário	2500
parlamentar	2500
parlamentário	2500
parlamentarismo	2500
parlamentarista	2500
parla	2500
parlar	2500
parlatório	2500
parmesão	2500
pároco	2500
parodiador	2500
paródia	2500
parodiar	2500
parodista	2500
parola	2500
parolar	2500
paroleiro	2500
parolo	2500
parónimo	2500
paroquial	2500
paroquialidade	2500
paróquia	2500
paroquiano	2500
paroquiar	2500
parótida	2500
paroxísmico	2500
paroxismo	2500
parqueamento	2500
parqué	2500
parque	2500
parquímetro	2500
parra	2500
parreiral	2500
parreira	2500
parricídio	2500
parteiro	2500
partejar	2500
partenogénese	2500
particionar	2500
participação	2500
participante	2500
participar	2500
participativo	2500
partícipe	2500
particípio	2500
partícula	2500
particular	2500
particularidade	2500
particularismo	2500
particularista	2500
particularizar	2500
partida	2500
partidão	2500
partidário	2500
partidarizar	2500
partido	2500
partilha	2500
partilhar	2500
partitivo	2500
partitura	2500
parto	2500
parturiente	2500
parva	2500
parvalhão	2500
parvalheira	2500
parvalhice	2500
parvidade	2500
parvoeira	2500
parvoeirar	2500
parvo	2500
parvoíce	2500
parvoide	2500
parvónia	2500
pascácio	2500
pascal	2500
pascoal	2500
pascoar	2500
pascoela	2500
pasmacear	2500
pasmaceira	2500
pasmar	2500
pasmatório	2500
pasmo	2500
pasmoso	2500
paspalhaço	2500
paspalhão	2500
paspalhice	2500
paspalho	2500
passada	2500
passadeira	2500
passadiço	2500
passadio	2500
passadismo	2500
passadista	2500
passadoiro	2500
passado	2500
passador	2500
passadouro	2500
passageiro	2500
passagem	2500
passa	2500
passante	2500
passaporte	2500
passarada	2500
passarão	2500
passaredo	2500
passareira	2500
passareiro	2500
passarinhada	2500
passarinha	2500
passarinhar	2500
passarinheiro	2500
passarinho	2500
passaroco	2500
passarola	2500
pássaro	2500
passar	2500
passatempo	2500
passeadoiro	2500
passeador	2500
passeadouro	2500
passeante	2500
passear	2500
passeata	2500
passeio	2500
passe	2500
passento	2500
passeriforme	2500
passe-vite	2500
passibilidade	2500
passional	2500
passionalidade	2500
passionário	2500
passiva	2500
passivar	2500
passível	2500
passividade	2500
passivo	2500
passo	2500
pastagem	2500
pasta	2500
pastar	2500
pastelada	2500
pastelão	2500
pastelaria	2500
pasteleiro	2500
pastel	2500
pasteuriano	2500
pasteurizador	2500
pasteurizar	2500
pastilha	2500
pastio	2500
pasto	2500
pastorado	2500
pastoral	2500
pastorar	2500
pastorear	2500
pastoreio	2500
pastorícia	2500
pastoricida	2500
pastorício	2500
pastoril	2500
pastor	2500
pastosidade	2500
pastoso	2500
pataca	2500
patacão	2500
pata-choca	2500
patacoada	2500
pataco	2500
patada	2500
patagónio	2500
patamar	2500
patanisca	2500
pata	2500
patão	2500
pataqueiro	2500
patarata	2500
pataratar	2500
pataratear	2500
patarateiro	2500
pataratice	2500
pataratismo	2500
patarreca	2500
patavina	2500
patavinice	2500
pateca	2500
pategada	2500
pategar	2500
patego	2500
pateguice	2500
pateiro	2500
patenteabilidade	2500
patente	2500
patentear	2500
paternal	2500
paternidade	2500
paterno	2500
pateta	2500
patetear	2500
patético	2500
patetoide	2500
patifaria	2500
patife	2500
patifório	2500
patilha	2500
patim	2500
patinador	2500
patinagem	2500
patinar	2500
patinha	2500
patinhar	2500
patinheiro	2500
pátio	2500
pato-bravo	2500
patogénese	2500
patogenia	2500
patogénico	2500
patola	2500
patologia	2500
pato	2500
pato-real	2500
patorra	2500
patranhada	2500
patranha	2500
patranheiro	2500
patranhento	2500
patranhoso	2500
patrão	2500
pátria	2500
patriarcado	2500
patriarcal	2500
patriarca	2500
patriciado	2500
patrício	2500
patrimoniado	2500
patrimonial	2500
património	2500
pátrio	2500
patriota	2500
patrioteiro	2500
patriótico	2500
patroa	2500
patrocinador	2500
patrocinar	2500
patrocinato	2500
patrocínio	2500
patronado	2500
patronal	2500
patrona	2500
patronato	2500
patronear	2500
patronímico	2500
patrono	2500
patrulha	2500
patrulhar	2500
patudo	2500
patuscada	2500
patuscar	2500
patusco	2500
patusqueiro	2500
paul	2500
paulada	2500
paulatino	2500
paulismo	2500
paulistano	2500
paulitada	2500
pauliteiro	2500
paulito	2500
pau-mandado	2500
pau	2500
paupérie	2500
pauperismo	2500
paupérrimo	2500
pau-preto	2500
pausadamente	2500
pausa	2500
pausar	2500
pautal	2500
pauta	2500
pautar	2500
pavão	2500
pavilhão	2500
pavimentar	2500
pavio	2500
pavoa	2500
pavonada	2500
pavonado	2500
pavonear	2500
pavoneio	2500
pavor	2500
pavoroso	2500
paxá	2500
pazada	2500
paz	2500
peão	2500
pecabilidade	2500
pecadaço	2500
pecadão	2500
pecadilho	2500
pecado	2500
pecadoraço	2500
pecador	2500
pecaminoso	2500
peça	2500
pecante	2500
pecar	2500
pecha	2500
pechincha	2500
pechinchar	2500
pechincheiro	2500
pechisbeque	2500
pecíolo	2500
peçonha	2500
peçonhentar	2500
peçonhento	2500
pé-coxinho	2500
pectíneo	2500
pecuária	2500
pecuário	2500
peculato	2500
peculiar	2500
peculiaridade	2500
pecúlio	2500
pecuniário	2500
pecunioso	2500
pedação	2500
pedaço	2500
pedagogia	2500
pedagogice	2500
pedagógico	2500
pedagogismo	2500
pedagogista	2500
pedagogo	2500
pedalada	2500
pedalar	2500
pedaleira	2500
pedaleiro	2500
pedal	2500
pedantear	2500
pedante	2500
pedantismo	2500
pedantocracia	2500
pederasta	2500
pederastia	2500
pedernal	2500
pederneira	2500
pedestal	2500
pedestre	2500
pediatra	2500
pediatria	2500
pediátrico	2500
pedicelo	2500
pedículo	2500
pedida	2500
pedido	2500
pediforme	2500
pedincha	2500
pedinchão	2500
pedinchar	2500
pedinte	2500
pedir	2500
peditório	2500
pedofilia	2500
pedologia	2500
pedonal	2500
pedrada	2500
pedrado	2500
pedral	2500
pedra	2500
pedra-pomes	2500
pedregal	2500
pedregoso	2500
pedregulhento	2500
pedregulho	2500
pedreira	2500
pedreiro	2500
pedrês	2500
pedrista	2500
pedroso	2500
pedrouço	2500
pedúnculo	2500
pedunculoso	2500
pegada	2500
pegadeira	2500
pegadiço	2500
pegadilha	2500
pegador	2500
pegadouro	2500
pegadura	2500
pegajento	2500
pegajoso	2500
pega	2500
peganhento	2500
peganhoso	2500
peguilha	2500
peguilhar	2500
peguilhento	2500
peitaça	2500
peitaço	2500
peitada	2500
peitilho	2500
peito	2500
peitoral	2500
peitoril	2500
peitudo	2500
peixada	2500
peixão	2500
peixaria	2500
peixe-agulha	2500
peixes-agulha	2500
peixe-aranha	2500
peixes-aranha	2500
peixe-espada	2500
peixes-espada	2500
peixeira	2500
peixeiro	2500
peixe	2500
peixe-voador	2500
peixote	2500
pejada	2500
pejar	2500
pejo	2500
pejorar	2500
pejorativo	2500
pelada	2500
peladela	2500
peladura	2500
pelagem	2500
pelagianismo	2500
pelagra	2500
pelar	2500
peleja	2500
pelejar	2500
pelém	2500
pele	2500
pelica	2500
peliça	2500
pelicano	2500
película	2500
pelicular	2500
pelintra	2500
pelintrão	2500
pelintraria	2500
pelintrar	2500
pelintrismo	2500
pelota	2500
pelotão	2500
pelote	2500
pelouro	2500
peluche	2500
pelúcia	2500
peludo	2500
pelugem	2500
peluginoso	2500
pelve	2500
pélvico	2500
pélvis	2500
penacho	2500
penada	2500
penafidelense	2500
penal	2500
penalidade	2500
penalizante	2500
penalizar	2500
penálti	2500
pena	2500
penar	2500
pencada	2500
penca	2500
pence	2500
pencudo	2500
pendão	2500
pendência	2500
pender	2500
pendor	2500
pêndula	2500
pendular	2500
pêndulo	2500
pendurada	2500
pendurar	2500
penduricalho	2500
penedia	2500
penedo	2500
peneirada	2500
peneira	2500
peneirar	2500
peneireiro	2500
peneirento	2500
penélope	2500
penetrabilidade	2500
penetrador	2500
penetra	2500
penetrante	2500
penetrar	2500
penetrativo	2500
penetrável	2500
penha	2500
penhascal	2500
penhasco	2500
penhasqueira	2500
penhora	2500
penhorante	2500
penhorar	2500
penhorista	2500
penhor	2500
penicar	2500
penicheiro	2500
penichense	2500
penicilina	2500
penico	2500
péni	2500
península	2500
peninsular	2500
pénis	2500
penitencial	2500
penitência	2500
penitenciária	2500
penitenciário	2500
penitenciar	2500
penitente	2500
pê	2500
pé	2500
penoso	2500
pensador	2500
pensadura	2500
pensante	2500
pensão	2500
pensar	2500
pensativo	2500
pensável	2500
pênsil	2500
pensionário	2500
pensionar	2500
pensionato	2500
pensioneiro	2500
pensionista	2500
penso	2500
pentaedro	2500
pentagonal	2500
pentágono	2500
pentâmero	2500
pentassílabo	2500
pentatlo	2500
penteadela	2500
penteado	2500
penteador	2500
penteadura	2500
pentear	2500
pentecostes	2500
penteeiro	2500
penteiro	2500
pente	2500
penugem	2500
penugento	2500
penujoso	2500
penúltimo	2500
penumbra	2500
penumbrar	2500
penumbroso	2500
penúria	2500
penurioso	2500
papeliço	2500
pepinal	2500
pepineira	2500
pepineiro	2500
pepino	2500
pepita	2500
pepsina	2500
pequenada	2500
pequeneza	2500
pequenez	2500
pequenino	2500
pequenitates	2500
pequenito	2500
pequenitote	2500
pequeno-almoço	2500
pequenote	2500
pequerruchada	2500
pequerrucho	2500
pequice	2500
peral	2500
peralta	2500
peraltear	2500
peraltice	2500
perambular	2500
pera	2500
perante	2500
percalço	2500
perca	2500
per	2500
perceber	2500
percentagem	2500
percentual	2500
perceção	2500
percecionar	2500
percecionismo	2500
percetibilidade	2500
percetível	2500
percetivo	2500
percetual	2500
percevejada	2500
percevejo	2500
perclorato	2500
perclórico	2500
percorrer	2500
percussionista	2500
percurso	2500
percursor	2500
percussão	2500
percutir	2500
percutor	2500
perda	2500
perdão	2500
perder	2500
perdição	2500
perdida	2500
perdidamente	2500
perdidiço	2500
perdido	2500
perdigão	2500
perdigotar	2500
perdigoto	2500
perdigueiro	2500
perdizada	2500
perdiz	2500
perdoador	2500
perdoar	2500
perdulariar	2500
perdulário	2500
perdurabilidade	2500
perdurante	2500
perdurar	2500
perduravelmente	2500
perecer	2500
peregrinação	2500
peregrinante	2500
peregrinar	2500
peregrinismo	2500
peregrino	2500
pereiral	2500
pereira	2500
perentório	2500
perene	2500
perfazer	2500
perfeccional	2500
perfecional	2500
perfeccionismo	2500
perfecionismo	2500
perfeccionista	2500
perfecionista	2500
perfectibilidade	2500
perfetibilidade	2500
perfectibilizar	2500
perfetibilizar	2500
perfectível	2500
perfetível	2500
perfectivo	2500
perfetivo	2500
perfeição	2500
perfeito	2500
perfidamente	2500
perfídia	2500
pérfido	2500
perfilar	2500
perfilhante	2500
perfilhar	2500
perfil	2500
performance	2500
perfumador	2500
perfumadura	2500
perfumante	2500
perfumaria	2500
perfumar	2500
perfume	2500
perfumoso	2500
perfurador	2500
perfurante	2500
perfurar	2500
perfurativo	2500
pergaminharia	2500
pergaminho	2500
perguntador	2500
pergunta	2500
perguntante	2500
perguntar	2500
perianto	2500
pericárdio	2500
pericial	2500
perícia	2500
periclitante	2500
periclitar	2500
periélio	2500
periferia	2500
periférico	2500
perífrase	2500
perifrástico	2500
perigar	2500
perigo	2500
perigoso	2500
perimétrico	2500
perímetro	2500
periodical	2500
periodicidade	2500
periódico	2500
periodizar	2500
período	2500
peripécia	2500
périplo	2500
peripneumonia	2500
peripneumónico	2500
periquito	2500
periscópico	2500
periscópio	2500
perissodáctilo	2500
peristáltico	2500
peristaltismo	2500
perístoma	2500
peritagem	2500
perito	2500
peritoneal	2500
peritoneu	2500
peritonite	2500
perjurar	2500
perjúrio	2500
perjuro	2500
perlimpimpim	2500
permanecente	2500
permanecer	2500
permanência	2500
permanente	2500
permanganato	2500
permeabilidade	2500
permeabilizar	2500
permear	2500
permeio	2500
permilagem	2500
permissão	2500
permissível	2500
permissivo	2500
permissor	2500
permissório	2500
permitir	2500
permitividade	2500
permutabilidade	2500
permutador	2500
permuta	2500
permutar	2500
pernaça	2500
pernada	2500
pernadinha	2500
pernalta	2500
pernalto	2500
pernambucano	2500
perna	2500
pernão	2500
perneta	2500
perniciosidade	2500
pernicioso	2500
pernil	2500
pernilongo	2500
pernoca	2500
pernoita	2500
pernoitar	2500
pernoutar	2500
pernudo	2500
pérola	2500
perónio	2500
peronismo	2500
pero	2500
perorar	2500
peróxido	2500
perpassar	2500
perpendicular	2500
perpendicularidade	2500
perpetrador	2500
perpetrar	2500
perpetuador	2500
perpetuar	2500
perpetuidade	2500
perpétuo	2500
perpetuamente	2500
perplexo	2500
perro	2500
persa	2500
perscrutador	2500
perscrutar	2500
persecução	2500
persecutório	2500
perseguir	2500
pérseo	2500
perseverança	2500
perseverante	2500
perseverar	2500
persiana	2500
persiano	2500
persignar	2500
pérsico	2500
pérsio	2500
persistência	2500
persistente	2500
persistir	2500
personagem	2500
personalidade	2500
personalismo	2500
personalista	2500
personalístico	2500
personalizar	2500
personificação	2500
personificar	2500
perspético	2500
perspetiva	2500
perspetivar	2500
perspetividade	2500
perspetivismo	2500
perspetivo	2500
perspicácia	2500
perspicaz	2500
perspicuidade	2500
perspiração	2500
persuadir	2500
persuasão	2500
persuasiva	2500
persuasível	2500
persuasivo	2500
persuasor	2500
persuasório	2500
pertença	2500
pertence	2500
pertencente	2500
pertencer	2500
pertinácia	2500
pertinaz	2500
pertinência	2500
pertinente	2500
perturbabilidade	2500
perturbação	2500
perturbador	2500
perturbante	2500
perturbar	2500
perturbativo	2500
perturbatório	2500
perua	2500
peruano	2500
peruca	2500
peru	2500
perversão	2500
perverso	2500
perversor	2500
pervertedor	2500
perverter	2500
pesadamente	2500
pesada	2500
pesadão	2500
pesadelo	2500
pesado	2500
pesadora	2500
pesadote	2500
pesadume	2500
pesagem	2500
pêsames	2500
pesaroso	2500
pesar	2500
pescada	2500
pescadaria	2500
pescadinha	2500
pescado	2500
pescador	2500
pesca	2500
pescaria	2500
pescar	2500
pescoçada	2500
pescoção	2500
pescoceira	2500
pescoço	2500
peseta	2500
pespegar	2500
pespontar	2500
pespontear	2500
pesponto	2500
pesqueira	2500
pesqueiro	2500
pesquisador	2500
pesquisa	2500
pesquisar	2500
pessegada	2500
pessegal	2500
pêssego	2500
pessegueiro	2500
pessimamente	2500
pessimismo	2500
pessimista	2500
péssimo	2500
pessoalidade	2500
pessoalismo	2500
pessoalizar	2500
pessoa	2500
pestana	2500
pestanear	2500
pestanejante	2500
pestanejar	2500
pestanejo	2500
pestanudo	2500
peste-negra	2500
peste	2500
pesticida	2500
pestífero	2500
pestilencial	2500
pestilência	2500
pestilencioso	2500
pestilento	2500
pétala	2500
petaloide	2500
peta	2500
petardeiro	2500
petardo	2500
petéquia	2500
petição	2500
peticionário	2500
peticionar	2500
petinga	2500
petiscar	2500
petisco	2500
petisqueira	2500
petizada	2500
petiz	2500
petrificante	2500
petrificar	2500
petrografia	2500
petroleiro	2500
petróleo	2500
petrolífero	2500
petrologia	2500
petroquímica	2500
petulância	2500
petulante	2500
petúnia	2500
peugada	2500
peúga	2500
peva	2500
pevide	2500
pevidoso	2500
pez	2500
pezinho	2500
pezorro	2500
pezudo	2500
piaçaba	2500
piada	2500
piadético	2500
piadista	2500
pia	2500
pianíssimo	2500
pianizar	2500
piano	2500
pião	2500
piar	2500
piasca	2500
picada	2500
picadeira	2500
picadeiro	2500
picadela	2500
picadete	2500
picador	2500
picadura	2500
picagem	2500
pica	2500
picanha	2500
picante	2500
pica-pau	2500
picardia	2500
picaresco	2500
picareta	2500
picar	2500
picheleiro	2500
piche	2500
picolé	2500
pico	2500
picoso	2500
picotagem	2500
picotar	2500
picoto	2500
pictografia	2500
pictograma	2500
pictórico	2500
pictural	2500
picuinha	2500
picuinhas	2500
piedade	2500
piedoso	2500
piegas	2500
pieguice	2500
piela	2500
piezoelétrico	2500
pífaro	2500
pifiamente	2500
pífio	2500
pigarro	2500
pigarrear	2500
pigmentar	2500
pigmentário	2500
pigmento	2500
pigmeu	2500
pijama	2500
pila	2500
pilão	2500
pilastra	2500
pileca	2500
pilha-galinhas	2500
pilhagem	2500
pilhanço	2500
pilha	2500
pilhão	2500
pilhante	2500
pilharengo	2500
pilhar	2500
pilhéria	2500
pilinha	2500
piloso	2500
pilotagem	2500
pilotar	2500
piloto	2500
pílula	2500
pimba	2500
pimental	2500
pimenta	2500
pimentão	2500
pimenteira	2500
pimenteiro	2500
pimento	2500
pimpão	2500
pimpar	2500
pimpolho	2500
pimponar	2500
pimponice	2500
pináculo	2500
pinça	2500
píncaro	2500
pincelada	2500
pincelar	2500
pinceleiro	2500
pincel	2500
pinchão	2500
pinchar	2500
pincho	2500
pineal	2500
pinga-amor	2500
pingadeira	2500
pinga	2500
pingão	2500
pingarelho	2500
pingar	2500
pingente	2500
pingo-de-mel	2500
pingo	2500
pingoso	2500
pingue-pongue	2500
pinguim	2500
pinhal	2500
pinha	2500
pinhão	2500
pinheiral	2500
pinheiro	2500
pinheiro-bravo	2500
pinheiros-bravos	2500
pinheiro-manso	2500
pinheiros-mansos	2500
pinho	2500
pi	2500
pinoco	2500
pino	2500
pinotear	2500
pinote	2500
pintada	2500
pintadela	2500
pinta	2500
pintainho	2500
pintalgar	2500
pintão	2500
pintarroxo	2500
pintar	2500
pintassilgo	2500
pinto	2500
pintor	2500
pintura	2500
pio	2500
piolhada	2500
piolharia	2500
piolheira	2500
piolheiro	2500
piolhento	2500
piolho	2500
piolhoso	2500
pioneiro	2500
piora	2500
piorar	2500
pioria	2500
pipa	2500
piparotar	2500
piparote	2500
pipeta	2500
pipi	2500
pipoca	2500
pipocar	2500
pipo	2500
piquenique	2500
pique	2500
piquete	2500
piramidal	2500
pirâmide	2500
piranha	2500
pirar	2500
piratagem	2500
pirata	2500
pirataria	2500
piratear	2500
pires	2500
piridina	2500
pirilampo	2500
piripiri	2500
pirite	2500
piroga	2500
pirolatria	2500
pirolito	2500
piromania	2500
piro	2500
piropo	2500
piroso	2500
pirotecnia	2500
pirotécnico	2500
pirotecnizar	2500
piroxena	2500
pirralho	2500
pirueta	2500
piruetar	2500
pisada	2500
pisadela	2500
pisador	2500
pisadura	2500
pisa	2500
pisa-papéis	2500
pisar	2500
piscadela	2500
pisca-pisca	2500
piscar	2500
piscatória	2500
piscatório	2500
piscicultura	2500
pisciforme	2500
piscinal	2500
piscina	2500
pisco	2500
pisgar	2500
piso	2500
pisqueiro	2500
pistácio	2500
pista	2500
pistão	2500
pistolada	2500
pistola-metralhadora	2500
pistola	2500
pistolão	2500
pistoleiro	2500
pistoleta	2500
pistolete	2500
pitada	2500
pitadinha	2500
pitagórico	2500
pitagorismo	2500
pitanga	2500
pitão	2500
pitecantropo	2500
pitéu	2500
pito	2500
pitoresco	2500
pitosga	2500
pivete	2500
pivô	2500
piza	2500
placa	2500
placebo	2500
placentação	2500
placenta	2500
placentário	2500
placidamente	2500
placidez	2500
plácido	2500
placitude	2500
plagiário	2500
plagiar	2500
plagiato	2500
plágio	2500
plaina	2500
planador	2500
planáltico	2500
planalto	2500
plana	2500
planar	2500
planear	2500
planeta	2500
planetário	2500
planetoide	2500
plangente	2500
planície	2500
planificar	2500
planiforme	2500
planisfério	2500
plano	2500
plantação	2500
plantador	2500
plantão	2500
plantar	2500
plantel	2500
plantio	2500
plântula	2500
planura	2500
plaqueta	2500
plasma	2500
plasmar	2500
plasmático	2500
plástica	2500
plasticidade	2500
plasticina	2500
plasticizante	2500
plasticizar	2500
plástico	2500
plastificar	2500
plastrão	2500
plátano	2500
plateia	2500
platinados	2500
platina	2500
platinar	2500
platinoso	2500
platónico	2500
platonismo	2500
plausibilidade	2500
plausível	2500
plebeado	2500
plebeia	2500
plebeidade	2500
plebeísmo	2500
plebeizar	2500
plebe	2500
plebeu	2500
plebiscitário	2500
plebiscitar	2500
plebiscito	2500
plêiade	2500
pleito	2500
plenário	2500
plenidão	2500
plenipotenciário	2500
plenitude	2500
pleno	2500
pleonasmo	2500
pleonástico	2500
pleural	2500
pleura	2500
plexiforme	2500
plexo	2500
plica	2500
plicar	2500
plumagem	2500
pluma	2500
plumoso	2500
plural	2500
pluralidade	2500
pluralizar	2500
plurianual	2500
pluricelular	2500
pluridisciplinar	2500
pluriforme	2500
plurilingue	2500
plutão	2500
plutocracia	2500
plutónico	2500
plutónio	2500
pluvial	2500
pluviometria	2500
pluviosidade	2500
pluvioso	2500
pneumático	2500
pneumococo	2500
pneumogástrico	2500
pneumologia	2500
pneumologista	2500
pneumonia	2500
pneumónica	2500
pneumónico	2500
pneumotórax	2500
pneu	2500
pobre	2500
pobreta	2500
pobretana	2500
pobretão	2500
pobrete	2500
pobreza	2500
poçada	2500
poça	2500
poção	2500
poceira	2500
poceirão	2500
poceiro	2500
pocilga	2500
pocilgão	2500
pocilgo	2500
poço	2500
podadeira	2500
podadura	2500
podal	2500
poda	2500
podão	2500
podar	2500
poderio	2500
poderoso	2500
pódio	2500
podre	2500
podridão	2500
podrido	2500
poedeira	2500
poedoiro	2500
poedouro	2500
poeirada	2500
poeira	2500
poeirento	2500
poema	2500
poente	2500
poesia	2500
poetaço	2500
poeta	2500
poética	2500
poético	2500
poetisa	2500
poetismo	2500
poetizar	2500
poisada	2500
poisadia	2500
poisadoiro	2500
poisa	2500
poisar	2500
poisio	2500
poiso	2500
pojar	2500
polaco	2500
polaina	2500
polar	2500
polaridade	2500
polarizador	2500
polarizar	2500
polaroide	2500
polca	2500
polcar	2500
poldra	2500
polegada	2500
polegar	2500
poleiro	2500
polémica	2500
polémico	2500
polemizar	2500
pólen	2500
poliatómico	2500
policelular	2500
policêntrico	2500
polichinelo	2500
policial	2500
polícia	2500
policiar	2500
policlínica	2500
policlínico	2500
policromado	2500
policromático	2500
policromia	2500
policultura	2500
polidamente	2500
polidez	2500
polidesportivo	2500
polidura	2500
poliédrico	2500
poliedro	2500
poliéster	2500
polietileno	2500
poliestireno	2500
polifásico	2500
polifonia	2500
polifónico	2500
poligamia	2500
polígamo	2500
poliglota	2500
poliglótico	2500
poliglotismo	2500
poligonal	2500
polígono	2500
polígrafo	2500
polimerização	2500
polímero	2500
polimorfia	2500
polimorfismo	2500
polimorfo	2500
polínico	2500
polinizador	2500
polinizar	2500
polinomial	2500
polinómio	2500
polinoso	2500
polinuclear	2500
poliomielite	2500
polipeiro	2500
pólipo	2500
polir	2500
polissemia	2500
polissémico	2500
polissilábico	2500
polissílabo	2500
politécnico	2500
politeísmo	2500
politicagem	2500
política	2500
politicante	2500
politicão	2500
politicado	2500
político	2500
político-social	2500
politiqueiro	2500
politiquice	2500
politiquismo	2500
politizar	2500
politonalidade	2500
polivalência	2500
polivalente	2500
polónio	2500
polo	2500
polpação	2500
polpa	2500
polposo	2500
polpudo	2500
poltrão	2500
poltrona	2500
poltronaria	2500
poltronice	2500
poluente	2500
poluir	2500
poluto	2500
polvilhar	2500
polvilho	2500
polvo	2500
pólvora	2500
polvorento	2500
polvorosa	2500
polvoroso	2500
pomada	2500
pomarada	2500
pomareiro	2500
pomarejo	2500
pomar	2500
pombalense	2500
pombalino	2500
pombalismo	2500
pombal	2500
pomba	2500
pombinha	2500
pombo-correio	2500
pombo	2500
pombos-correio	2500
pomes	2500
pomicultura	2500
pomífero	2500
pomificar	2500
pomo	2500
pompa	2500
pompeante	2500
pompear	2500
pompom	2500
pomposidade	2500
pomposo	2500
poncheira	2500
ponche	2500
ponderabilidade	2500
ponderador	2500
ponderar	2500
ponderativo	2500
ponderoso	2500
pónei	2500
pó	2500
pontada	2500
pontal	2500
ponta	2500
pontão	2500
pontapear	2500
pontapé	2500
pontaria	2500
pontear	2500
ponteira	2500
ponteiro	2500
pontiagudo	2500
ponticidade	2500
pontícula	2500
pontículo	2500
pontificado	2500
pontifical	2500
pontificante	2500
pontificar	2500
pontífice	2500
pontifício	2500
pontilhado	2500
pontilhão	2500
pontilhar	2500
pontinha	2500
pontuação	2500
pontual	2500
pontualidade	2500
pontuar	2500
pontudo	2500
popa	2500
popó	2500
populaça	2500
população	2500
populacho	2500
populacional	2500
popular	2500
popularidade	2500
popularizar	2500
populismo	2500
populista	2500
populoso	2500
porão	2500
porcada	2500
porcalhão	2500
porca	2500
porção	2500
porcaria	2500
porcelana	2500
porcelânico	2500
porcento	2500
porcino	2500
porco-espinho	2500
porco	2500
porfiada	2500
porfiar	2500
porfioso	2500
porífero	2500
poríferos	2500
pormenorizadamente	2500
pormenorizar	2500
pormenor	2500
pornografar	2500
pornografia	2500
pornografismo	2500
poro	2500
porosidade	2500
poroso	2500
porqueira	2500
porqueiro	2500
porquice	2500
porquidade	2500
porquidão	2500
porquinho-da-índia	2500
porrada	2500
porra	2500
porreiro	2500
porretada	2500
porrete	2500
porro	2500
porta-aviões	2500
porta-bagagem	2500
porta-bandeira	2500
portabilidade	2500
porta-chaves	2500
portada	2500
portador	2500
porta-estandarte	2500
portagem	2500
porta-fólio	2500
porta-joias	2500
portalegrense	2500
portal	2500
porta-moedas	2500
portão	2500
portaria	2500
portar	2500
portátil	2500
portável	2500
porta-voz	2500
portear	2500
porteira	2500
porteiro	2500
portela	2500
portelo	2500
porte	2500
portefólio	2500
portento	2500
portentoso	2500
pórtico	2500
portilho	2500
portimonense	2500
portinhola	2500
portista	2500
porto-alegrense	2500
porto	2500
porto-riquenho	2500
portuário	2500
portucalense	2500
portuense	2500
portugalizar	2500
portuoso	2500
porventura	2500
porvir	2500
pôr	2500
posar	2500
pós-clássico	2500
pós-embrionário	2500
pose	2500
pós-escolar	2500
pós-escrito	2500
posfácio	2500
pós-glaciário	2500
posicional	2500
posicionar	2500
positão	2500
positiva	2500
positivar	2500
positividade	2500
positivismo	2500
positivista	2500
positivo	2500
positrão	2500
posponto	2500
pospor	2500
posposição	2500
pospositivo	2500
posposto	2500
pós	2500
possança	2500
possante	2500
posse	2500
possessão	2500
possessibilidade	2500
possessível	2500
possessivo	2500
possesso	2500
possessor	2500
possessório	2500
possibilidade	2500
possibilismo	2500
possibilista	2500
possibilitar	2500
possidente	2500
possuinte	2500
possuir	2500
postal	2500
posta	2500
postar	2500
poste	2500
póster	2500
postergar	2500
posteridade	2500
posterior	2500
posterioridade	2500
posterizar	2500
postiça	2500
postiço	2500
postigo	2500
posto	2500
postulado	2500
postulador	2500
postulante	2500
postular	2500
postumamente	2500
póstumo	2500
postural	2500
postura	2500
potabilidade	2500
potassa	2500
potássico	2500
potássio	2500
potável	2500
potencial	2500
potencializar	2500
potência	2500
potenciar	2500
potenciómetro	2500
pote	2500
potentado	2500
potente	2500
potra	2500
potro	2500
pouca-vergonha	2500
poucochinho	2500
poupador	2500
poupança	2500
poupar	2500
pouquidade	2500
pouquidão	2500
pouquíssimo	2500
pousada	2500
pousadeiro	2500
pousadouro	2500
pousar	2500
pouseiro	2500
pousio	2500
pouso	2500
poveiro	2500
povoação	2500
povoado	2500
povoar	2500
praça-forte	2500
praça	2500
pracear	2500
praceiro	2500
praceta	2500
pracista	2500
pradaria	2500
pradejar	2500
prado	2500
pradoso	2500
praga	2500
pragmática	2500
pragmaticismo	2500
pragmaticista	2500
pragmático	2500
pragmatismo	2500
pragmatista	2500
praguedo	2500
praguejar	2500
praguento	2500
praia	2500
prancha	2500
pranchão	2500
pranchar	2500
prancheta	2500
pranto	2500
pratada	2500
prata	2500
prataria	2500
prateadura	2500
pratear	2500
prateleira	2500
praticabilidade	2500
prática	2500
praticante	2500
praticar	2500
prático	2500
prato	2500
praxe	2500
praxismo	2500
praxista	2500
prazentear	2500
prazenteio	2500
prazenteiro	2500
prazer	2500
prazo	2500
preambular	2500
preâmbulo	2500
pré-câmbrico	2500
precariedade	2500
precário	2500
preçário	2500
precarizar	2500
precatar	2500
precaução	2500
precaucional	2500
precaver	2500
precedência	2500
precedente	2500
preceder	2500
preceito	2500
preceituário	2500
preceituar	2500
prece	2500
preceptorado	2500
precetorado	2500
preceptoral	2500
precetoral	2500
preceptorial	2500
precetorial	2500
preceptoria	2500
precetoria	2500
preceptor	2500
precetor	2500
precessão	2500
preciosidade	2500
preciosismo	2500
preciosista	2500
precioso	2500
precipício	2500
precipitação	2500
precipitadamente	2500
precipitante	2500
precipitar	2500
precisão	2500
precisar	2500
preciso	2500
precoce	2500
precocidade	2500
precognição	2500
pré-colombiano	2500
preconceber	2500
preconceito	2500
preconceituoso	2500
preconceção	2500
preconizador	2500
preconizar	2500
precursor	2500
predador	2500
predar	2500
predatório	2500
predecessor	2500
predefinir	2500
predestinacionismo	2500
predestinar	2500
predeterminante	2500
predeterminar	2500
predial	2500
predicação	2500
predicado	2500
predicador	2500
predição	2500
predicar	2500
predicativo	2500
predicatório	2500
predileção	2500
predileto	2500
prédio	2500
predisponente	2500
predispor	2500
predisposição	2500
predisposto	2500
preditivo	2500
predizer	2500
predominância	2500
predominante	2500
predominar	2500
predomínio	2500
preeminência	2500
preeminente	2500
preempção	2500
preencher	2500
preensão	2500
preênsil	2500
preestabelecer	2500
preexistencialismo	2500
preexistência	2500
preexistente	2500
preexistir	2500
prefabricado	2500
prefaciador	2500
prefaciar	2500
prefácio	2500
prefeito	2500
prefeitoral	2500
prefeitura	2500
preferencial	2500
preferência	2500
preferente	2500
preferir	2500
prefigurar	2500
prefixar	2500
prefixativo	2500
prefixo	2500
prefloração	2500
pregadeira	2500
pregado	2500
pregador	2500
pregagem	2500
prega	2500
pregão	2500
pregar	2500
pregnância	2500
pregoar	2500
pregoeiro	2500
prego	2500
preguiça	2500
preguiçar	2500
preguiceira	2500
preguiceiro	2500
preguicento	2500
preguiçoso	2500
pré-histórico	2500
preia-mar	2500
prejudicador	2500
prejudicar	2500
prejudicial	2500
prejuízo	2500
prelado	2500
prelatício	2500
prelativo	2500
prelatura	2500
prelazia	2500
preleção	2500
preliminar	2500
prelo	2500
preludiar	2500
prelúdio	2500
prematuridade	2500
prematuro	2500
premeditadamente	2500
premeditar	2500
premência	2500
premente	2500
premer	2500
premiador	2500
premiar	2500
premiativo	2500
prémio	2500
premir	2500
premissa	2500
premonição	2500
premonitório	2500
premunir	2500
prenda	2500
prendar	2500
prender	2500
prenhe	2500
prenhez	2500
prenhidão	2500
prenomeação	2500
prenome	2500
prenominar	2500
prensador	2500
prensagem	2500
prensa	2500
prensar	2500
prenunciador	2500
prenunciar	2500
prenunciativo	2500
prenúncio	2500
preocupação	2500
preocupante	2500
preocupar	2500
preordenar	2500
preparado	2500
preparador	2500
preparar	2500
preparativo	2500
preparatório	2500
preparatórios	2500
preparo	2500
preponderância	2500
preponderante	2500
preponderantismo	2500
preponderar	2500
preponente	2500
prepor	2500
preposição	2500
preposicional	2500
prepositivo	2500
preposto	2500
prepotência	2500
prepotente	2500
prepúcio	2500
pré	2500
prerrogativa	2500
presa	2500
presar	2500
presbiteriano	2500
presbitério	2500
presbítero	2500
prescindir	2500
prescrever	2500
prescrição	2500
prescritível	2500
prescritivo	2500
prescrito	2500
prescritor	2500
presença	2500
presencial	2500
presenciar	2500
presentar	2500
presente	2500
presentear	2500
presépio	2500
preservar	2500
preservativo	2500
presidencial	2500
presidência	2500
presidenta	2500
presidente	2500
presidiário	2500
presidiar	2500
presídio	2500
presidir	2500
presilha	2500
preso	2500
pressagiar	2500
presságio	2500
pressagioso	2500
pressa	2500
pressão	2500
pressentir	2500
pressionar	2500
pressupor	2500
pressuposição	2500
pressuposto	2500
pressurizar	2500
pressuroso	2500
prestabilidade	2500
prestadio	2500
prestador	2500
prestante	2500
prestar	2500
prestativo	2500
prestes	2500
presteza	2500
prestidigitação	2500
prestidigitador	2500
prestigiador	2500
prestigiante	2500
prestigiar	2500
prestígio	2500
prestigioso	2500
préstimo	2500
prestimoso	2500
prestíssimo	2500
presto	2500
presumir	2500
presumível	2500
presunção	2500
presunçoso	2500
presuntivo	2500
presunto	2500
presuntuoso	2500
preta	2500
pretalhada	2500
pretalhão	2500
pretendente	2500
pretender	2500
pretendida	2500
pretensão	2500
pretensioso	2500
pretenso	2500
pretensor	2500
preterir	2500
pretérito	2500
pretexto	2500
pretidão	2500
pretinha	2500
preto	2500
pretónico	2500
pretoriana	2500
pretoria	2500
pretoriano	2500
pretor	2500
prevalecente	2500
prevalecer	2500
prevalência	2500
prevaricador	2500
prevaricar	2500
prevenção	2500
preveniente	2500
prevenir	2500
preventivo	2500
preventor	2500
prever	2500
previamente	2500
previdência	2500
previdente	2500
prévio	2500
previsão	2500
previsibilidade	2500
previsível	2500
prezar	2500
prião	2500
primacial	2500
prima-dona	2500
primado	2500
primário	2500
primar	2500
primatas	2500
primates	2500
primaveral	2500
primaverar	2500
primaveril	2500
primaz	2500
primazia	2500
primeira-ministra	2500
primeiranista	2500
primeiríssimo	2500
primeiro-cabo	2500
primeiro-ministro	2500
primeiro-sargento	2500
primeiros-ministros	2500
primeiras-ministras	2500
primeiro-tenente	2500
primitiva	2500
primitivo	2500
primogénito	2500
primogenitor	2500
primogenitura	2500
primo	2500
primordial	2500
primórdio	2500
primor	2500
primoroso	2500
princesa	2500
principado	2500
principal	2500
principalidade	2500
príncipe	2500
principezinho	2500
principesco	2500
principiador	2500
principiante	2500
principiar	2500
princípio	2500
priorado	2500
prioral	2500
prioresa	2500
prioridade	2500
prioritário	2500
priorizar	2500
prior	2500
prisão	2500
priscilianismo	2500
prisional	2500
prisioneiro	2500
prisma	2500
prismático	2500
prismatização	2500
prismatoide	2500
prismoide	2500
privacidade	2500
privar	2500
privativo	2500
privatizar	2500
privilegiar	2500
privilégio	2500
proa	2500
pró	2500
probabilidade	2500
probabilismo	2500
probabilista	2500
probabilístico	2500
probabilizar	2500
probante	2500
probatório	2500
probidade	2500
problema	2500
problemática	2500
problemático	2500
problematizar	2500
probo	2500
procedência	2500
procedente	2500
proceder	2500
procedimental	2500
processamento	2500
processão	2500
processar	2500
processional	2500
processo-crime	2500
processo	2500
processos-crime	2500
processual	2500
procissão	2500
proclamador	2500
proclamar	2500
proclamatório	2500
próclise	2500
procrastinar	2500
procriador	2500
procriar	2500
procuradeira	2500
procurador-geral	2500
procurador	2500
procuradoria	2500
procura	2500
procurar	2500
procuratoria	2500
procuratório	2500
prodigalidade	2500
prodigalizar	2500
prodigamente	2500
prodígio	2500
prodigioso	2500
pródigo	2500
produção	2500
producente	2500
produtível	2500
produtividade	2500
produtivismo	2500
produtivo	2500
produto	2500
produtor	2500
produtório	2500
produzir	2500
proeminência	2500
proeminente	2500
proenzima	2500
proeza	2500
profanador	2500
profanar	2500
profanete	2500
profanidade	2500
profano	2500
profecia	2500
profectício	2500
proferir	2500
professante	2500
professar	2500
professo	2500
professorado	2500
professoral	2500
professorando	2500
professorar	2500
profeta	2500
profético	2500
profetisa	2500
profetismo	2500
profetizar	2500
proficiência	2500
proficiente	2500
proficuamente	2500
proficuidade	2500
profícuo	2500
profilaxia	2500
profissão	2500
profissional	2500
profissionalismo	2500
profissionalizar	2500
profluente	2500
pró-forma	2500
profundar	2500
profundeza	2500
profundez	2500
profundidade	2500
profundo	2500
profundura	2500
profusão	2500
profuso	2500
progénito	2500
progenitor	2500
progenitura	2500
pró-germânico	2500
prognose	2500
prognosticar	2500
prognóstico	2500
programador	2500
programa	2500
programar	2500
programático	2500
programatizar	2500
progredir	2500
progressão	2500
progressismo	2500
progressista	2500
progressividade	2500
progressivo	2500
progresso	2500
pro	2500
proibição	2500
proibir	2500
proibitivo	2500
proibitório	2500
projeção	2500
projecionista	2500
projetante	2500
projetar	2500
projétil	2500
projetista	2500
projetivo	2500
projeto-lei	2500
projetos-lei	2500
projetor	2500
projetura	2500
prole	2500
prolepse	2500
proléptico	2500
proletariado	2500
proletário	2500
proletarizar	2500
proliferar	2500
prolífero	2500
prolificidade	2500
prolífico	2500
prolixo	2500
prol	2500
prologal	2500
prologar	2500
prólogo	2500
prolonga	2500
prolongar	2500
promanar	2500
promessa	2500
prometedor	2500
prometer	2500
prometida	2500
promiscuidade	2500
promiscuir	2500
promíscuo	2500
promissão	2500
promissivo	2500
promissor	2500
promissória	2500
promissório	2500
promitente	2500
promoção	2500
promocional	2500
promontorial	2500
promontório	2500
promotor	2500
promotoria	2500
promover	2500
promulgador	2500
promulgar	2500
promulgativo	2500
pronome	2500
pronominal	2500
pronominar	2500
pronóstico	2500
prontidão	2500
prontificar	2500
pronto	2500
pronto-socorro	2500
prontuário	2500
pronúncia	2500
pronunciar	2500
pronúncio	2500
propagador	2500
propaganda	2500
propagandista	2500
propagar	2500
propagativo	2500
propalar	2500
propano	2500
propedeuta	2500
propedêutica	2500
propedêutico	2500
propensão	2500
propenso	2500
propiciador	2500
propiciar	2500
propiciatório	2500
propício	2500
propina	2500
proplástico	2500
proponente	2500
proporção	2500
proporcionador	2500
proporcional	2500
proporcionalidade	2500
proporcionar	2500
propor	2500
proposição	2500
proposicional	2500
propositado	2500
propósito	2500
propositura	2500
proposta	2500
proposto	2500
propriamente	2500
propriedade	2500
proprietariado	2500
proprietário	2500
propriíssimo	2500
propugnador	2500
propugnar	2500
propulsão	2500
propulsar	2500
propulsionador	2500
propulsionar	2500
propulsivo	2500
propulsor	2500
prorrogar	2500
prorrogativo	2500
prosador	2500
prosaico	2500
prosaísmo	2500
prosa	2500
prosar	2500
proscrever	2500
proscrição	2500
proscrito	2500
proscritor	2500
prosear	2500
proselitismo	2500
prosódia	2500
prosopopeia	2500
prospeção	2500
prospetar	2500
prospetiva	2500
prospetivo	2500
prospeto	2500
prospetor	2500
prosperamente	2500
prosperar	2500
prosperidade	2500
próspero	2500
prossecução	2500
prossecutor	2500
prosseguir	2500
próstata	2500
prostático	2500
prostituir	2500
prostituta	2500
prostituto	2500
prostrar	2500
protagonismo	2500
protagonista	2500
protagonizar	2500
protamina	2500
protão	2500
prótase	2500
proteção	2500
protecional	2500
protecionismo	2500
protecionista	2500
protetorado	2500
protetoral	2500
protetor	2500
protetoria	2500
protetório	2500
proteger	2500
proteico	2500
proteína	2500
protelar	2500
prótese	2500
protestante	2500
protestantismo	2500
protestar	2500
protestativo	2500
protestatório	2500
protesto	2500
protocolar	2500
protocolizar	2500
protocolo	2500
proto-história	2500
protoplasma	2500
protoplasmático	2500
prototipagem	2500
prototipar	2500
prototípico	2500
protótipo	2500
protozoário	2500
protrair	2500
protrombina	2500
protuberância	2500
protuberante	2500
provador	2500
provadura	2500
prova	2500
provar	2500
provatório	2500
provável	2500
provavelmente	2500
provedoral	2500
provedoria	2500
provedor	2500
proveito	2500
proveitoso	2500
provençal	2500
proveniência	2500
proveniente	2500
provento	2500
proverbial	2500
proverbiar	2500
provérbio	2500
proversão	2500
prover	2500
proveta	2500
providencial	2500
providencialismo	2500
providencialista	2500
providência	2500
providenciar	2500
providente	2500
provincial	2500
provincialismo	2500
província	2500
provincianismo	2500
provinciano	2500
provindo	2500
provir	2500
provisão	2500
provisional	2500
provisionar	2500
provisorado	2500
provisor	2500
provisoriedade	2500
provisório	2500
provocador	2500
provocante	2500
provocar	2500
provocativo	2500
provocatório	2500
proxeneta	2500
proxenetismo	2500
proximal	2500
proximamente	2500
proximidade	2500
prudencial	2500
prudência	2500
prudente	2500
prumo	2500
prurido	2500
pruriente	2500
pruriginoso	2500
prurigo	2500
prurir	2500
prussiano	2500
pseudodebilidade	2500
pseudónimo	2500
psicadélico	2500
psicanálise	2500
psicanalista	2500
psicanalítico	2500
psicografia	2500
psicologia	2500
psicológico	2500
psicologismo	2500
psicologista	2500
psicomotor	2500
psiconeurose	2500
psicopatia	2500
psicopatologia	2500
psicopedagógico	2500
psicose	2500
psicossomático	2500
psicossociologia	2500
psicoterapêutico	2500
psicoterapia	2500
psicrómetro	2500
psi	2500
psique	2500
psiquiatra	2500
psiquiatria	2500
psiquiátrico	2500
psiquiatro	2500
psíquico	2500
psiquismo	2500
psiu	2500
ptolemaico	2500
puberdade	2500
púbere	2500
pubertário	2500
pubescência	2500
pubescente	2500
pubescer	2500
púbico	2500
púbis	2500
publicador	2500
publicamente	2500
publicar	2500
publicidade	2500
publicismo	2500
publicista	2500
publicitário	2500
publicitar	2500
público	2500
púcara	2500
pucareiro	2500
pucarinho	2500
púcaro	2500
pudenda	2500
pudera	2500
pudico	2500
pudim	2500
pudor	2500
puericultura	2500
pueril	2500
puf	2500
pugilar	2500
pugilato	2500
pugilismo	2500
pugilista	2500
pugnacidade	2500
pugna	2500
pugnar	2500
pujança	2500
pujante	2500
pujar	2500
pula	2500
pulante	2500
pular	2500
pulga	2500
pulgão	2500
pulgoso	2500
pulguedo	2500
pulguento	2500
pulha	2500
pulmão	2500
pulmonados	2500
pulmonar	2500
pulmonária	2500
pulo	2500
púlpito	2500
pulsão	2500
pulsar	2500
pulsátil	2500
pulsativo	2500
pulsatório	2500
pulseira	2500
pulso	2500
pulverizador	2500
pulverizar	2500
pulveroso	2500
pulvímetro	2500
pulular	2500
puma	2500
pumba	2500
pum	2500
punção	2500
punctiforme	2500
puntiforme	2500
punctura	2500
puntura	2500
pungente	2500
pungir	2500
pungitivo	2500
punhada	2500
punhado	2500
punhalada	2500
punhal	2500
punho	2500
púnica	2500
punição	2500
punir	2500
punitivo	2500
punível	2500
pupila	2500
pupilar	2500
pupilo	2500
puré	2500
pureza	2500
purga	2500
purgante	2500
purgar	2500
purgativo	2500
purgatório	2500
purificador	2500
purificante	2500
purificar	2500
purificativo	2500
purificatório	2500
purina	2500
purismo	2500
purista	2500
puritanismo	2500
puritano	2500
puro	2500
puro-sangue	2500
púrpura	2500
purpurar	2500
purpúreo	2500
purulência	2500
purulento	2500
pusilânime	2500
pusilanimidade	2500
pus	2500
puto	2500
putrefação	2500
putrefaciente	2500
putrefactivo	2500
putrefativo	2500
putrefacto	2500
putrefatório	2500
putrefazer	2500
putrefeito	2500
putrescência	2500
putrescente	2500
putrescibilidade	2500
putrescível	2500
pútrido	2500
putrificar	2500
puxada	2500
puxadeira	2500
puxadoira	2500
puxador	2500
puxadoura	2500
puxante	2500
puxão	2500
puxar	2500
puxativo	2500
puxo	2500
quadradinho	2500
quadrado	2500
quadragenário	2500
quadragesimal	2500
quadragésima	2500
quadragésimo	2500
quadra	2500
quadrangular	2500
quadrângulo	2500
quadrante	2500
quadrar	2500
quadrática	2500
quadrático	2500
quadratura	2500
quadricolor	2500
quadrícula	2500
quadricular	2500
quadrículo	2500
quadriénio	2500
quadriforme	2500
quadriga	2500
quadrilateral	2500
quadrilátero	2500
quadrilha	2500
quadrilheiro	2500
quadril	2500
quadrilocular	2500
quadrimestral	2500
quadrimestre	2500
quadringentésimo	2500
quadripartido	2500
quadrissilábico	2500
quadrissílabo	2500
quadrivalente	2500
quadrívio	2500
quadro	2500
quadrúpede	2500
quadruplar	2500
quadruplicar	2500
quádruplo	2500
quaisquer	2500
qualificador	2500
qualificar	2500
qualificativo	2500
qualitativo	2500
quanta	2500
quantia	2500
quântico	2500
quantificar	2500
quantioso	2500
quantíssimo	2500
quantitativo	2500
quantum	2500
quão	2500
quarenta	2500
quarentão	2500
quarentar	2500
quarentena	2500
quarentenário	2500
quarentenar	2500
quarentona	2500
quaresmal	2500
quaresma	2500
quaresmar	2500
quartado	2500
quarta-feira	2500
quartas-feiras	2500
quartanista	2500
quartear	2500
quarteirão	2500
quarteleiro	2500
quartel-general	2500
quartel	2500
quarternidade	2500
quarteto	2500
quartil	2500
quartilho	2500
quartzito	2500
quartzo	2500
quase	2500
quase-nada	2500
quaternário	2500
quaterno	2500
quatorze	2500
quatrilião	2500
quatrocentismo	2500
quatrocentista	2500
quatrocentos	2500
quebra-cabeças	2500
quebradeira	2500
quebradela	2500
quebradiço	2500
quebrado	2500
quebradura	2500
quebra-gelo	2500
quebra	2500
quebra-mar	2500
quebra-nozes	2500
quebrantar	2500
quebrar	2500
quebreira	2500
queda	2500
quedar	2500
quedo	2500
quejando	2500
queijada	2500
queijadeiro	2500
queijaria	2500
queijar	2500
queijeira	2500
queijeiro	2500
queijo	2500
queimada	2500
queimadoiro	2500
queimador	2500
queimadouro	2500
queimadura	2500
queima	2500
queimante	2500
queima-roupa	2500
queimar	2500
queimoso	2500
queixa-crime	2500
queixada	2500
queixal	2500
queixa	2500
queixar	2500
queixas-crime	2500
queixinhas	2500
queixo	2500
queixoso	2500
queixudo	2500
queixume	2500
quelha	2500
quelho	2500
quelícera	2500
queniano	2500
quente	2500
quentura	2500
queque	2500
queratina	2500
querela	2500
querelante	2500
querelar	2500
quereloso	2500
querença	2500
querente	2500
querer	2500
querido	2500
quermesse	2500
querosene	2500
querubim	2500
quesito	2500
questionabilidade	2500
questionador	2500
questionário	2500
questionar	2500
questiúncula	2500
questor	2500
quezilento	2500
quezília	2500
quiáltera	2500
quiasma	2500
quiçá	2500
quico	2500
quiescente	2500
quietar	2500
quietismo	2500
quietista	2500
quietude	2500
quilatar	2500
quilate	2500
quilha	2500
quilhar	2500
quilocaloria	2500
quilociclo	2500
quilograma	2500
quilograma-padrão	2500
quilograma-peso	2500
quilohertz	2500
quilojoule	2500
quilolitro	2500
quilometragem	2500
quilometrar	2500
quilométrico	2500
quilo	2500
quiloso	2500
quilovátio-hora	2500
quilovátio	2500
quilovolt	2500
quilowatt-hora	2500
quilowatt	2500
quimbundo	2500
quimera	2500
quimérico	2500
quimerizar	2500
química	2500
quimicamente	2500
químico	2500
quimificar	2500
quimioterapia	2500
quimismo	2500
quimo	2500
quimono	2500
quina	2500
quinário	2500
quinar	2500
quingentésimo	2500
quinhão	2500
quinhentismo	2500
quinhentista	2500
quinhentos	2500
quinino	2500
quinquagenário	2500
quinquagésima	2500
quinquagésimo	2500
quinquenal	2500
quinquenário	2500
quinquénio	2500
quinquilharia	2500
quinta-coluna	2500
quinta-essência	2500
quinta-feira	2500
quintas-feiras	2500
quintalada	2500
quintalão	2500
quintaleiro	2500
quintalejo	2500
quintal	2500
quintarola	2500
quintar	2500
quinteto	2500
quintuplicar	2500
quíntuplo	2500
quinzenal	2500
quinzena	2500
quinzenário	2500
quiosque	2500
quirguiz	2500
quiromancia	2500
quiromante	2500
quiromântico	2500
quisto	2500
quistoso	2500
quita	2500
quitar	2500
quite	2500
quitinoso	2500
quivi	2500
quixotada	2500
quixotesco	2500
quixotice	2500
quociente	2500
quórum	2500
quota	2500
quota-parte	2500
quotidiano	2500
quotizar	2500
rabada	2500
rabadela	2500
rabanada	2500
rabanete	2500
rabão	2500
rabeadura	2500
rabear	2500
rabecada	2500
rabeca	2500
rabecão	2500
rabelo	2500
rabequear	2500
rabequista	2500
rabilongo	2500
rabinice	2500
rabínico	2500
rabi	2500
rabicho	2500
rabino	2500
rabiosca	2500
rabiosque	2500
rabiote	2500
rabiscadeira	2500
rabiscador	2500
rabisca	2500
rabiscar	2500
rabisco	2500
rabo	2500
raboso	2500
rabudo	2500
rabugento	2500
rabugice	2500
rabujão	2500
rabujaria	2500
rabujar	2500
rábula	2500
rabular	2500
raça	2500
ração	2500
rachadela	2500
rachador	2500
rachadura	2500
racha	2500
rachão	2500
rachar	2500
racial	2500
rácico	2500
raciocinador	2500
raciocinar	2500
raciocinativo	2500
raciocínio	2500
rácio	2500
racionabilidade	2500
racional	2500
racionalidade	2500
racionalismo	2500
racionalista	2500
racionalizar	2500
racionar	2500
racismo	2500
racista	2500
radar	2500
radiação	2500
radiador	2500
radiados	2500
radial	2500
radiância	2500
radiano	2500
radiante	2500
radiar	2500
radical	2500
radicalismo	2500
radicalista	2500
radicalizar	2500
radicante	2500
radicar	2500
radícola	2500
radícula	2500
radicular	2500
radioatividade	2500
radioativo	2500
radioastronomia	2500
radiocomunicação	2500
radiocondutibilidade	2500
radiocondutor	2500
radiodifundir	2500
radiodifusão	2500
radioemissão	2500
radioemissor	2500
radioemitir	2500
radiofonia	2500
radiofónico	2500
radiofrequência	2500
radiogénico	2500
radiografar	2500
radiografia	2500
radiola	2500
radiologia	2500
radiologista	2500
radioluminescência	2500
radiometria	2500
radiómetro	2500
rádio	2500
radioquímica	2500
radioscopia	2500
radioscópico	2500
radioso	2500
radiossensibilidade	2500
radiossonda	2500
radiotelegrafia	2500
radiotelescópio	2500
radiotelevisão	2500
radiotelevisor	2500
radioterapia	2500
rádon	2500
rafaelismo	2500
rafar	2500
rafeiro	2500
ráfia	2500
râguebi	2500
raia	2500
raiano	2500
raiar	2500
rainha	2500
raio	2500
raios-X	2500
raio-X	2500
raiva	2500
raivecer	2500
raivento	2500
raivoso	2500
raízes	2500
raiz	2500
rajado	2500
ralador	2500
raladura	2500
ralar	2500
raleadura	2500
ralear	2500
raleira	2500
raleiro	2500
ralé	2500
ralhão	2500
ralhar	2500
ralheta	2500
ralho	2500
rali	2500
ralo	2500
ramada	2500
ramado	2500
ramagem	2500
ramalhada	2500
ramalhão	2500
ramalhar	2500
ramalheteira	2500
ramalhete	2500
ramalho	2500
ramalhoso	2500
ramalhudo	2500
ramal	2500
rama	2500
rameira	2500
rameiro	2500
ramela	2500
rameloso	2500
ramificação	2500
ramificar	2500
ramiforme	2500
ramo	2500
ramoso	2500
rampa	2500
rampante	2500
ramudo	2500
ramúsculo	2500
rançar	2500
rancheiro	2500
rancho	2500
ranço	2500
rancor	2500
rancoroso	2500
rançoso	2500
rã	2500
rangedeira	2500
rangente	2500
ranger	2500
rangido	2500
ranheta	2500
ranho	2500
ranhoso	2500
ranhura	2500
rapadeira	2500
rapadela	2500
rapadoura	2500
rapadura	2500
rapagão	2500
rapante	2500
raparigaça	2500
raparigada	2500
rapariga	2500
raparigão	2500
raparigo	2500
raparigota	2500
rapar	2500
rapazada	2500
rapazão	2500
rapazelho	2500
rapazete	2500
rapaz	2500
rapaziada	2500
rapazice	2500
rapazio	2500
rapazola	2500
rapazote	2500
rapé	2500
rapidamente	2500
rapidez	2500
rapidíssimo	2500
rapinador	2500
rapinagem	2500
rapinanço	2500
rapina	2500
rapinante	2500
rapinar	2500
rapineiro	2500
rapinice	2500
rapino	2500
rapioqueiro	2500
raposada	2500
raposa	2500
raposar	2500
raposeira	2500
raposeiro	2500
raposinho	2500
raposo	2500
rapsódia	2500
rapsódico	2500
rapsodista	2500
raptador	2500
raptar	2500
rapto	2500
raptor	2500
raqueta	2500
raquete	2500
raquítico	2500
raquitismo	2500
rarear	2500
rarefação	2500
rarefaciente	2500
rarefactível	2500
rarefatível	2500
rarefactivo	2500
rarefativo	2500
rarefacto	2500
rarefator	2500
rarefazer	2500
rarefeito	2500
rareza	2500
raridade	2500
raro	2500
rasadura	2500
rasante	2500
rasar	2500
rasca	2500
rascar	2500
rascunhar	2500
rascunho	2500
raseiro	2500
rasgadela	2500
rasgadura	2500
rasgão	2500
rasgar	2500
rasgo	2500
rasgue	2500
raso	2500
raspadeira	2500
raspadela	2500
raspador	2500
raspadura	2500
raspagem	2500
raspança	2500
raspançar	2500
raspanço	2500
raspanete	2500
raspa	2500
raspão	2500
raspar	2500
rastear	2500
rasteirar	2500
rasteira	2500
rasteiro	2500
rastejadura	2500
rastejante	2500
rastejar	2500
rastejo	2500
rastilhar	2500
rastilho	2500
rasto	2500
rastrear	2500
rastreio	2500
rastrejar	2500
rastro	2500
rasura	2500
rasurar	2500
ratada	2500
rata	2500
ratão	2500
rataplão	2500
rataria	2500
ratar	2500
ratazana	2500
ratazanar	2500
rateador	2500
ratear	2500
rateiro	2500
raticida	2500
ratificar	2500
ratito	2500
rato-almiscareiro	2500
ratoeira	2500
rato	2500
ratonar	2500
ratonice	2500
ravina	2500
ravinar	2500
ravinoso	2500
razão	2500
razia	2500
raziar	2500
razoado	2500
razoar	2500
razoável	2500
reabastecer	2500
reabertura	2500
reabilitador	2500
reabilitar	2500
reabilitativo	2500
reabitar	2500
reabituar	2500
reabrir	2500
reabsorção	2500
reabsorver	2500
reação	2500
reacional	2500
reacionário	2500
reacionarismo	2500
reactância	2500
reatividade	2500
reativo	2500
reator	2500
reacusar	2500
readmissão	2500
readoção	2500
reafirmação	2500
reagente	2500
reagir	2500
real	2500
realçar	2500
realce	2500
realejo	2500
realense	2500
realentar	2500
realeza	2500
realimentação	2500
realismo	2500
realista	2500
realistar	2500
realístico	2500
realizabilidade	2500
realizar	2500
reandar	2500
reanimador	2500
reanimar	2500
reaparição	2500
reapoderar	2500
reapossar	2500
reaprendizado	2500
reaprendizagem	2500
reaquisição	2500
reassegurar	2500
reassunção	2500
reatar	2500
reatestar	2500
reaver	2500
reaviar	2500
reavistar	2500
reavivar	2500
rebaixa	2500
rebaixar	2500
rebaixe	2500
rebanhada	2500
rebanhar	2500
rebanhio	2500
rebanho	2500
rebatismo	2500
rebatizar	2500
rebate	2500
rebater	2500
rebatida	2500
rebeca	2500
rebeijar	2500
rebelão	2500
rebelar	2500
rebelde	2500
rebeldia	2500
rebeldismo	2500
rebelião	2500
rebelionar	2500
rebelo	2500
rebentar	2500
rebento	2500
rebitar	2500
rebite	2500
rebocador	2500
rebocadura	2500
rebocar	2500
reboco	2500
rebolado	2500
rebolaria	2500
rebolar	2500
rebolear	2500
reboliço	2500
rebolir	2500
reboludo	2500
rebombar	2500
rebombo	2500
reboque	2500
rebordo	2500
rebuçado	2500
rebuliço	2500
rebulir	2500
rebuscar	2500
recadete	2500
recado	2500
recaída	2500
recair	2500
recalcador	2500
recalcar	2500
recalcificante	2500
recalcificar	2500
recalcular	2500
recamado	2500
recambiar	2500
recanto	2500
recapitular	2500
recapturar	2500
recarga	2500
recargar	2500
recarregar	2500
recasar	2500
recatar	2500
recato	2500
recauchutagem	2500
recauchutar	2500
recavar	2500
recear	2500
recebedor	2500
recebedoria	2500
receio	2500
receita	2500
receitário	2500
receitar	2500
receituário	2500
recém-casado	2500
recém-chegado	2500
recém-nascido	2500
recém	2500
recensão	2500
recenseador	2500
recensear	2500
recente	2500
receoso	2500
receção	2500
rececionista	2500
recetáculo	2500
recetar	2500
recetibilidade	2500
recetível	2500
recetividade	2500
recetivo	2500
recetor	2500
recessão	2500
recessivo	2500
recesso	2500
rechaçar	2500
rechapar	2500
recheadura	2500
rechear	2500
recheio	2500
rechonchar	2500
rechonchudo	2500
recibo	2500
reciclagem	2500
reciclar	2500
recife	2500
recifense	2500
recifoso	2500
recingir	2500
recinto	2500
recipiente	2500
reciprocamente	2500
recíproca	2500
reciprocar	2500
reciprocidade	2500
recíproco	2500
recitador	2500
recital	2500
récita	2500
recitante	2500
recitar	2500
recitativo	2500
reclamador	2500
reclamante	2500
reclamar	2500
reclame	2500
reclinar	2500
reclinatório	2500
reclusão	2500
recluso	2500
recobrar	2500
recognição	2500
recognitivo	2500
recognoscível	2500
recoletor	2500
recolha	2500
recolheita	2500
recolher	2500
recolhidamente	2500
recolhida	2500
recolho	2500
recombinação	2500
recomendação	2500
recomendar	2500
recomendatório	2500
recompensador	2500
recompensa	2500
recompensar	2500
recompilar	2500
recompilatório	2500
recomponente	2500
recomposição	2500
recomprar	2500
reconcertar	2500
reconcerto	2500
reconciliador	2500
reconciliatório	2500
recôndito	2500
reconfortador	2500
reconfortante	2500
reconfortável	2500
reconhecer	2500
reco	2500
reconquista	2500
reconquistar	2500
reconserto	2500
reconsiderar	2500
reconstituição	2500
reconstituinte	2500
reconstitutivo	2500
reconstrutivo	2500
reconto	2500
recontrato	2500
recontro	2500
reconvalescença	2500
reconvalescente	2500
reconvalescer	2500
reconversão	2500
reconverter	2500
recopiar	2500
recordação	2500
recordar	2500
recordativo	2500
recorde	2500
recordista	2500
recordo	2500
recorrência	2500
recorrente	2500
recorrer	2500
recorrido	2500
recortador	2500
recortar	2500
recorte	2500
recoser	2500
recostar	2500
recosto	2500
recozer	2500
recravar	2500
recreador	2500
recrear	2500
recreativo	2500
recreatório	2500
recreio	2500
recrescente	2500
recrescer	2500
recrestar	2500
recriar	2500
recriminador	2500
recriminar	2500
recriminatório	2500
recrudescência	2500
recrudescente	2500
recrudescer	2500
recruta	2500
recrutar	2500
recruzar	2500
reta	2500
retal	2500
retangular	2500
retangularidade	2500
retângulo	2500
retidão	2500
retificador	2500
retificar	2500
retificativo	2500
retiforme	2500
retilinearidade	2500
retilíneo	2500
retitude	2500
reto	2500
recuada	2500
recuanço	2500
recuão	2500
recuar	2500
recultivar	2500
recuo	2500
recuperador	2500
recuperar	2500
recuperativo	2500
recursivo	2500
recurso	2500
recurvar	2500
recurvo	2500
recusador	2500
recusa	2500
recusante	2500
recusar	2500
recusativo	2500
redação	2500
redator-chefe	2500
redatorial	2500
redator	2500
rédea	2500
redemoinho	2500
redenção	2500
rede	2500
redentor	2500
redesconto	2500
redestilar	2500
redigir	2500
redimir	2500
redinha	2500
redistribuir	2500
redivivo	2500
redobre	2500
redobro	2500
redoma	2500
redondear	2500
redondeza	2500
redondez	2500
redondo	2500
redopiar	2500
redopio	2500
redor	2500
redourar	2500
redução	2500
reducente	2500
redundância	2500
redundante	2500
redundar	2500
reduplicar	2500
reduplicativo	2500
redutibilidade	2500
redutível	2500
redutivo	2500
reduto	2500
redutor	2500
reduzida	2500
reduzir	2500
reedição	2500
reedificante	2500
reedificar	2500
reeducabilidade	2500
reelegibilidade	2500
reembarcar	2500
reembarque	2500
reembolsar	2500
reembolso	2500
reemenda	2500
reemendar	2500
reemergir	2500
reemigrar	2500
reempossar	2500
reencarnação	2500
reencarnar	2500
reencetar	2500
reencontro	2500
reentrância	2500
reentrante	2500
reentrega	2500
reenvio	2500
reesperar	2500
refastelar	2500
refecundar	2500
refega	2500
refegar	2500
refeição	2500
refeito	2500
refeitório	2500
refém	2500
refender	2500
referencial	2500
referência	2500
referenciar	2500
referendário	2500
referendar	2500
referendo	2500
referente	2500
referir	2500
refermentar	2500
refervente	2500
refestelar	2500
refiar	2500
refilão	2500
refilar	2500
refinador	2500
refinadura	2500
refinaria	2500
refinar	2500
refletir	2500
refletividade	2500
refletivo	2500
refletor	2500
reflexão	2500
reflexionar	2500
reflexível	2500
reflexividade	2500
reflexivo	2500
reflexo	2500
reflexologia	2500
reflorescência	2500
reflorescente	2500
reflorir	2500
refluir	2500
reflutuar	2500
refluxo	2500
refogar	2500
refolgar	2500
refolhar	2500
reforçador	2500
reforçar	2500
reforçativo	2500
reforço	2500
reforjar	2500
reformabilidade	2500
reformador	2500
reforma	2500
reformar	2500
reformativo	2500
reformatório	2500
reformular	2500
refornecer	2500
refortalecer	2500
refortificar	2500
refração	2500
refratário	2500
refratarismo	2500
refratar	2500
refrativo	2500
refrato	2500
refrator	2500
refrão	2500
refreador	2500
refrear	2500
refrega	2500
refregar	2500
refreio	2500
refrém	2500
refrescante	2500
refrescar	2500
refrescativo	2500
refresco	2500
refrigerador	2500
refrigerante	2500
refrigerar	2500
refrigerativo	2500
refugiar	2500
refúgio	2500
refugo	2500
refulgência	2500
refulgente	2500
refulgir	2500
refundir	2500
refutabilidade	2500
refutar	2500
refutativo	2500
refutatório	2500
regaçar	2500
regaço	2500
regada	2500
regadia	2500
regadio	2500
regador	2500
regadura	2500
regaladamente	2500
regalão	2500
regalar	2500
regalia	2500
regalo	2500
rega	2500
reganhar	2500
regar	2500
regata	2500
regatar	2500
regateador	2500
regatear	2500
regateio	2500
regateira	2500
regateirice	2500
regateirona	2500
regateiro	2500
regato	2500
regedoral	2500
regedor	2500
regedoria	2500
regelante	2500
regelar	2500
regélido	2500
regelo	2500
regencial	2500
regência	2500
regenerabilidade	2500
regenerador	2500
regenerante	2500
regenerar	2500
regenerativo	2500
regenerescência	2500
regente	2500
regerar	2500
reger	2500
regiamente	2500
região	2500
regicídio	2500
regicida	2500
régie	2500
regime	2500
regímen	2500
regimental	2500
regimentar	2500
régio	2500
regional	2500
regionalizar	2500
regirar	2500
registador	2500
registar	2500
registo	2500
rego	2500
regorjear	2500
regorjeio	2500
regozijar	2500
regozijo	2500
regrada	2500
regradamente	2500
regra	2500
regrar	2500
regredir	2500
regressão	2500
regressar	2500
regressista	2500
regressividade	2500
regressivo	2500
regresso	2500
reguada	2500
régua	2500
regueifa	2500
regueifeiro	2500
regueiro	2500
reguengo	2500
reguila	2500
regulação	2500
regulado	2500
regulador	2500
regulamentação	2500
regulamentar	2500
regulamentário	2500
regulamento	2500
regular	2500
regularidade	2500
regularização	2500
regularizar	2500
régulo	2500
regurgitar	2500
reimplantar	2500
reimpressão	2500
reimpresso	2500
reinado	2500
reinante	2500
reinar	2500
reinaugurar	2500
reincidência	2500
reincidente	2500
reincidir	2500
reincitar	2500
reincorporar	2500
reinfeção	2500
reinfundir	2500
reiniciar	2500
rei	2500
reino	2500
reinquirição	2500
reinstalar	2500
reintegrar	2500
reinvocação	2500
réis	2500
reiteradamente	2500
reiterar	2500
reiterativo	2500
reitorado	2500
reitoral	2500
reitoria	2500
reitor	2500
reivindicar	2500
reivindicativo	2500
reivindicatório	2500
rejeição	2500
rejeitar	2500
rejeito	2500
rejubilar	2500
rejúbilo	2500
rejurar	2500
rejuvenescedor	2500
rejuvenescência	2500
rejuvenescente	2500
rejuvenescer	2500
relacionação	2500
relacional	2500
relacionar	2500
relamber	2500
relambório	2500
relâmpago	2500
relampagueante	2500
relampaguear	2500
relampejante	2500
relampejar	2500
relampejo	2500
relançar	2500
relance	2500
relatar	2500
relatividade	2500
relativismo	2500
relativista	2500
relativizar	2500
relativo	2500
relato	2500
relator	2500
relaxador	2500
relaxante	2500
relaxar	2500
relaxativo	2500
relaxe	2500
relaxismo	2500
relegar	2500
relembrança	2500
relembrar	2500
relembrativo	2500
relé	2500
relento	2500
reler	2500
reles	2500
relevador	2500
relevância	2500
relevante	2500
relevar	2500
relevo	2500
relicário	2500
religar	2500
religião	2500
religiosidade	2500
religioso	2500
relinchar	2500
relincho	2500
relíquia	2500
relógio	2500
relojoaria	2500
relojoeiro	2500
relutância	2500
relutante	2500
relutar	2500
reluzente	2500
reluzir	2500
relvado	2500
relva	2500
relvar	2500
relvoso	2500
remada	2500
remadela	2500
remador	2500
remadura	2500
remagnetizar	2500
remanência	2500
remanente	2500
remanescente	2500
remanescer	2500
remanso	2500
remarcar	2500
remar	2500
remascar	2500
remastigar	2500
rematador	2500
rematar	2500
remate	2500
remedar	2500
remedeio	2500
remediador	2500
remediar	2500
remédio	2500
remela	2500
remelar	2500
remelento	2500
remeloso	2500
rememorar	2500
rememorativo	2500
remendagem	2500
remendão	2500
remendar	2500
remendeiro	2500
remendona	2500
remendo	2500
remessa	2500
remetente	2500
remeter	2500
remetida	2500
remexer	2500
remexida	2500
remineralizar	2500
reminiscência	2500
reminiscente	2500
remirar	2500
remir	2500
remissão	2500
remissibilidade	2500
remissível	2500
remissivo	2500
remisso	2500
remissório	2500
remitente	2500
remoção	2500
remocar	2500
remodelar	2500
remoedura	2500
remoer	2500
remoinhar	2500
remoinho	2500
remoinhoso	2500
remo	2500
remontagem	2500
remontante	2500
remontar	2500
remorder	2500
remorso	2500
remoto	2500
remover	2500
remuneração	2500
remunerador	2500
remunerar	2500
remunerativo	2500
remuneratório	2500
remuneroso	2500
renal	2500
rena	2500
renascença	2500
renascente	2500
renascentismo	2500
renascentista	2500
renavegar	2500
renda	2500
rendar	2500
rendeiro	2500
render	2500
rendibilidade	2500
rendibilizar	2500
rendição	2500
rendilha	2500
rendilhar	2500
rendoso	2500
renegado	2500
renegar	2500
ré	2500
renhir	2500
renina	2500
renitência	2500
renitente	2500
rê	2500
renomear	2500
renome	2500
renovador	2500
renova	2500
renovar	2500
renque	2500
rentabilizar	2500
rentável	2500
rente	2500
renumerar	2500
renúncia	2500
renunciante	2500
renunciar	2500
renunciatório	2500
reocupar	2500
reordenar	2500
reorganizador	2500
reorganizar	2500
reostático	2500
reóstato	2500
repagar	2500
repaginar	2500
repago	2500
repa	2500
reparadeira	2500
reparador	2500
reparar	2500
reparatório	2500
reparo	2500
repartição	2500
repartideira	2500
repartir	2500
repartitivo	2500
repassar	2500
repasse	2500
repastar	2500
repasto	2500
repatriação	2500
repatriar	2500
repelão	2500
repelência	2500
repelente	2500
repelir	2500
repenicar	2500
repenique	2500
repente	2500
repentino	2500
repentinoso	2500
repercussão	2500
repercussivo	2500
repercusso	2500
repercutente	2500
repercutir	2500
repertório	2500
repesar	2500
repetência	2500
repetente	2500
repetibilidade	2500
repetição	2500
repetidamente	2500
repetir	2500
repetitivo	2500
repetitório	2500
repicar	2500
repimpar	2500
repintar	2500
repique	2500
repisa	2500
replantio	2500
repleto	2500
replicador	2500
réplica	2500
replicar	2500
repoisar	2500
repoiso	2500
repolho	2500
repolhudo	2500
reportagem	2500
reportar	2500
repórter	2500
reportório	2500
repor	2500
reposição	2500
repositório	2500
repositor	2500
reposta	2500
reposteiro	2500
repousante	2500
repousar	2500
repouso	2500
repreender	2500
repreensão	2500
repreensível	2500
repreensivo	2500
repreensor	2500
represadura	2500
represália	2500
represa	2500
represar	2500
representação	2500
representador	2500
representante	2500
representar	2500
representatividade	2500
representativo	2500
repressão	2500
repressivo	2500
repressor	2500
reprimenda	2500
reprimir	2500
reprodução	2500
reprodutibilidade	2500
reprodutível	2500
reprodutividade	2500
reprodutivo	2500
reprodutor	2500
reprodutório	2500
reproduzir	2500
reprografia	2500
reprovador	2500
reprovar	2500
reptar	2500
reptilário	2500
réptil	2500
repto	2500
república	2500
republicanismo	2500
republicanizar	2500
republicano	2500
republicar	2500
repúblico	2500
repudiar	2500
repúdio	2500
repugnância	2500
repugnante	2500
repugnar	2500
repulsa	2500
repulsão	2500
repulsar	2500
repulsivo	2500
repulso	2500
reputar	2500
repuxão	2500
repuxar	2500
repuxo	2500
requebrar	2500
requeijão	2500
requeimar	2500
requeime	2500
requentar	2500
requerente	2500
requerer	2500
requerido	2500
requestar	2500
requintar	2500
requinte	2500
requisição	2500
requisitante	2500
requisitar	2500
requisito	2500
requisitório	2500
rés	2500
rescaldo	2500
rescindir	2500
rescisão	2500
rescisor	2500
rescisório	2500
rescrever	2500
rescrição	2500
rescrito	2500
resenha	2500
resenhar	2500
reservadamente	2500
reserva	2500
reservar	2500
reservativo	2500
reservatório	2500
reservista	2500
resfolegante	2500
resfolegar	2500
resfôlego	2500
resfolgante	2500
resfolgar	2500
resfolgo	2500
resfriadoiro	2500
resfriador	2500
resfriadouro	2500
resfriar	2500
resgatabilidade	2500
resgatador	2500
resgatar	2500
resgate	2500
resguardar	2500
resguardo	2500
residencial	2500
residência	2500
residente	2500
residir	2500
residual	2500
residuário	2500
resíduo	2500
resignante	2500
resignar	2500
resignatário	2500
resiliência	2500
resiliente	2500
resinagem	2500
resina	2500
resinar	2500
resineiro	2500
resinento	2500
resinoso	2500
resistente	2500
resistibilidade	2500
resistir	2500
resistividade	2500
resistivo	2500
resma	2500
resmungadela	2500
resmungão	2500
resmungar	2500
resmunguento	2500
resmunguice	2500
resolução	2500
resolutivo	2500
resoluto	2500
resolutório	2500
resolúvel	2500
resolvente	2500
resolver	2500
respaldo	2500
respetivo	2500
respeitabilidade	2500
respeitador	2500
respeitante	2500
respeitar	2500
respeitável	2500
respeito	2500
respeitoso	2500
respigadeira	2500
respigadoira	2500
respigadoura	2500
respiga	2500
respigão	2500
respigar	2500
respigo	2500
respingão	2500
respingar	2500
respingo	2500
respirabilidade	2500
respiradoiro	2500
respirador	2500
respiradouro	2500
respirar	2500
respiratório	2500
respiro	2500
resplandecência	2500
resplandecente	2500
resplandecer	2500
resplendecer	2500
resplendência	2500
resplendente	2500
resplender	2500
resplendor	2500
resplendoroso	2500
respondedor	2500
respondente	2500
responder	2500
responsabilidade	2500
responsabilizar	2500
responsável	2500
resposta	2500
resquício	2500
ressaca	2500
ressacar	2500
ressair	2500
ressaltar	2500
ressaltear	2500
ressalte	2500
ressalto	2500
ressalva	2500
ressalvar	2500
ressaque	2500
ressarcir	2500
ressecar	2500
resseco	2500
resselar	2500
ressemear	2500
ressentir	2500
ressequido	2500
ressequir	2500
ressoador	2500
ressoante	2500
ressoar	2500
ressoldar	2500
ressonador	2500
ressonância	2500
ressonante	2500
ressonar	2500
ressono	2500
ressorver	2500
ressunção	2500
ressurgência	2500
ressurgente	2500
ressurgir	2500
ressurreto	2500
ressurreição	2500
ressuscitador	2500
ressuscitar	2500
restabelecer	2500
restante	2500
restar	2500
restaurador	2500
restaurante	2500
restaurar	2500
restaurativo	2500
restauro	2500
réstia	2500
restilar	2500
restilo	2500
restinguir	2500
restituir	2500
restitutório	2500
restolho	2500
resto	2500
restrição	2500
restringência	2500
restringente	2500
restringir	2500
restritivo	2500
restrito	2500
restucar	2500
resultado	2500
resultância	2500
resulta	2500
resultante	2500
resultar	2500
resumir	2500
resumo	2500
resvaladeiro	2500
resvaladiço	2500
resvaladura	2500
resvalante	2500
resvalar	2500
resvalo	2500
retábulo	2500
retaguarda	2500
retalhador	2500
retalhadura	2500
retalhar	2500
retalhista	2500
retalho	2500
retaliar	2500
retaliativo	2500
retaliatório	2500
retardador	2500
retardar	2500
retardatário	2500
retardativo	2500
reteimar	2500
retém	2500
retemperante	2500
retemperar	2500
retenção	2500
retentivo	2500
retentor	2500
reter	2500
retesar	2500
reteso	2500
reticência	2500
reticenciar	2500
reticencioso	2500
reticente	2500
reticulado	2500
reticular	2500
retículo	2500
retina	2500
retinência	2500
retinente	2500
retingir	2500
retinir	2500
retinto	2500
retirada	2500
retirar	2500
retiro	2500
retocador	2500
retocar	2500
retomada	2500
retomar	2500
retoque	2500
retorção	2500
retorcedura	2500
retorce	2500
retorcer	2500
retórica	2500
retórico	2500
retornar	2500
retorno	2500
retorquir	2500
retorsão	2500
retorto	2500
retostar	2500
retraçar	2500
retração	2500
retratar	2500
retráctil	2500
retrátil	2500
retractilidade	2500
retratilidade	2500
retractivo	2500
retrativo	2500
retradução	2500
retraduzir	2500
retraído	2500
retrair	2500
retranca	2500
retrancar	2500
retratista	2500
retrato	2500
retravar	2500
retremer	2500
retrete	2500
retribuir	2500
retrilhar	2500
retrincar	2500
retroação	2500
retroatividade	2500
retroativo	2500
retroator	2500
retroagir	2500
retroar	2500
retro	2500
retrocedente	2500
retroceder	2500
retrocessão	2500
retrocessivo	2500
retrocesso	2500
retrofletido	2500
retroflexão	2500
retroflexo	2500
retrogradar	2500
retrógrado	2500
retrogressão	2500
retrogressivo	2500
retroprojetor	2500
retrosaria	2500
retrospeção	2500
retrospetividade	2500
retrospetiva	2500
retrospetivo	2500
retroversão	2500
retroversidade	2500
retroversivo	2500
retroverter	2500
retrovisor	2500
retumbância	2500
retumbante	2500
retumbar	2500
reuma	2500
reumatalgia	2500
reumático	2500
reumatismal	2500
reumatismo	2500
reumatoide	2500
reumatologia	2500
reunificar	2500
reunir	2500
réu	2500
reusar	2500
reutilização	2500
reutilizar	2500
revacinar	2500
revalidar	2500
revelação	2500
revelador	2500
revelar	2500
revelia	2500
revenda	2500
revendão	2500
revendedeira	2500
revendedor	2500
revender	2500
revenerar	2500
reverberante	2500
reverberar	2500
reverenciador	2500
reverencial	2500
reverência	2500
reverenciar	2500
reverendo	2500
reverente	2500
reverificador	2500
reverificar	2500
reversão	2500
reversibilidade	2500
reversível	2500
reversivo	2500
reverso	2500
reverter	2500
rever	2500
revés	2500
revestir	2500
revezadamente	2500
revezar	2500
revezes	2500
revigorar	2500
revindicação	2500
revingar	2500
revirar	2500
reviravolta	2500
revir	2500
revisão	2500
revisar	2500
revisibilidade	2500
revisionismo	2500
revisionista	2500
revisor	2500
revisório	2500
revista	2500
revistar	2500
revisteca	2500
revisteiro	2500
revitalizar	2500
revivalismo	2500
revivência	2500
revivente	2500
reviver	2500
revivescência	2500
revivescente	2500
revivescer	2500
revivificador	2500
revivificar	2500
revivo	2500
revogabilidade	2500
revogador	2500
revogante	2500
revogar	2500
revogatória	2500
revogatório	2500
revolta	2500
revoltante	2500
revoltar	2500
revoltear	2500
revolto	2500
revoltoso	2500
revolução	2500
revolucionário	2500
revolucionar	2500
revolutivo	2500
revoluto	2500
revólver	2500
revolver	2500
rezadeira	2500
rezadeiro	2500
reza	2500
rezão	2500
rezar	2500
rezina	2500
rezinga	2500
rezingão	2500
rezingar	2500
rezingueiro	2500
riacho	2500
ria	2500
ribalta	2500
ribanceira	2500
ribatejano	2500
ribeirada	2500
ribeira	2500
ribeirão	2500
ribeiro	2500
ribombância	2500
ribombante	2500
ribombar	2500
ricaço	2500
ricalhaço	2500
rícino	2500
rico	2500
ricochetear	2500
ricochete	2500
ridiculamente	2500
ridicularia	2500
ridicularizador	2500
ridicularizante	2500
ridicularizar	2500
ridiculeza	2500
ridiculez	2500
ridículo	2500
ridiculoso	2500
rifa	2500
rifar	2500
rifle	2500
rigidamente	2500
rigidez	2500
rígido	2500
rigorismo	2500
rigorista	2500
rigor	2500
rigorosidade	2500
rigoroso	2500
rijão	2500
rijeza	2500
rijo	2500
rilhar	2500
rimador	2500
rima	2500
rimar	2500
rim	2500
ringue	2500
rinite	2500
rinoceronte	2500
rinologia	2500
rio	2500
ripada	2500
ripadura	2500
ripagem	2500
ripa	2500
ripar	2500
riposta	2500
ripostar	2500
riqueza	2500
rir	2500
risada	2500
riscada	2500
riscador	2500
riscadura	2500
risca	2500
riscar	2500
risco	2500
risibilidade	2500
risível	2500
risonho	2500
riso	2500
risota	2500
risote	2500
rispidez	2500
ríspido	2500
rissol	2500
ritmar	2500
ritmicamente	2500
rítmica	2500
rítmico	2500
ritmo	2500
rito	2500
ritual	2500
ritualizar	2500
rival	2500
rivalidade	2500
rivalizar	2500
rixa	2500
rixar	2500
rixoso	2500
rizicultura	2500
rizoma	2500
robalo	2500
robe	2500
robô	2500
robótica	2500
robotizar	2500
robustecedor	2500
robustecer	2500
robusteza	2500
robustez	2500
robusto	2500
roçadela	2500
roçado	2500
roçadura	2500
rocambolesco	2500
roca	2500
roçar	2500
rocha	2500
rochedo	2500
rochoso	2500
rocinante	2500
rococó	2500
rodada	2500
rodagem	2500
roda	2500
rodante	2500
rodapé	2500
rodar	2500
roda-viva	2500
rodear	2500
rodeio	2500
rodela	2500
rodeta	2500
rodete	2500
rodilha	2500
rodízio	2500
rodo	2500
rodopiante	2500
rodopiar	2500
rodopio	2500
rodovia	2500
rodoviário	2500
roedor	2500
roedura	2500
roer	2500
rogada	2500
rogador	2500
rogar	2500
rogativo	2500
rogatória	2500
rogatório	2500
rogo	2500
rojão	2500
rola	2500
rolante	2500
rolão	2500
rolar	2500
roldana	2500
roldão	2500
roleta	2500
rolete	2500
rolhagem	2500
rolha	2500
rolhar	2500
rolheiro	2500
roliço	2500
rolinha	2500
rol	2500
rolo	2500
romagem	2500
romana	2500
romançada	2500
romançaria	2500
romancear	2500
romanceiro	2500
romance	2500
romancice	2500
romanesco	2500
romã	2500
romão	2500
românico	2500
romanizar	2500
romanofilia	2500
romano	2500
romanologia	2500
romantice	2500
romanticismo	2500
romântico	2500
romantismo	2500
romantizar	2500
romaria	2500
romãzeiral	2500
romãzeira	2500
romboédrico	2500
rombo	2500
romeiro	2500
romeno	2500
rompante	2500
rompedor	2500
rompedura	2500
rompente	2500
romper	2500
rompida	2500
roncada	2500
roncador	2500
roncadura	2500
ronca	2500
roncante	2500
roncar	2500
roncear	2500
ronceirice	2500
ronceirismo	2500
ronceiro	2500
ronco	2500
ronda	2500
rondar	2500
rondista	2500
ronhento	2500
ronhoso	2500
ró	2500
ronquidão	2500
ronquido	2500
ronrom	2500
ronronante	2500
ronronar	2500
roque	2500
roquete	2500
rosa	2500
rosácea	2500
rosáceo	2500
rosado	2500
rosal	2500
rosário	2500
rosbife	2500
rosca	2500
roscar	2500
roseiral	2500
roseira	2500
róseo	2500
roseta	2500
rosinha	2500
rosmaninhal	2500
rosmaninho	2500
rosnadela	2500
rosnado	2500
rosnadura	2500
rosnar	2500
rosnento	2500
rosquilha	2500
rossio	2500
rosto	2500
rostro	2500
rotação	2500
rotacional	2500
rotador	2500
rota	2500
rotante	2500
rotário	2500
rotar	2500
rotativa	2500
rotativismo	2500
rotativista	2500
rotativo	2500
rotatório	2500
roteia	2500
roteirista	2500
roteiro	2500
rotífero	2500
rotina	2500
rotineira	2500
rotineiro	2500
roto	2500
rotor	2500
rotulagem	2500
rótula	2500
rotular	2500
rótulo	2500
rotunda	2500
rotundo	2500
rotura	2500
roubador	2500
roubalheira	2500
roubar	2500
roubo	2500
rouco	2500
roufenhar	2500
roufenho	2500
roupagem	2500
roupa	2500
roupão	2500
rouparia	2500
roupeiro	2500
rouquice	2500
rouquidão	2500
rouxinol	2500
roxear	2500
roxidão	2500
roxo	2500
ruandês	2500
rua	2500
rúbeo	2500
rubéola	2500
rubescência	2500
rubescente	2500
rubescer	2500
rubi	2500
rubicundo	2500
rublo	2500
ruborescer	2500
ruborizar	2500
rubor	2500
rubrica	2500
rubricar	2500
rubro	2500
ruço	2500
rúcula	2500
rude	2500
rudeza	2500
rudez	2500
rudimental	2500
rudimentar	2500
rudimento	2500
ruela	2500
rufar	2500
rufia	2500
rufião	2500
rufiar	2500
ruga	2500
rugido	2500
rugiente	2500
rugir	2500
rugosidade	2500
rugoso	2500
ruído	2500
ruidoso	2500
ruim	2500
ruína	2500
ruinaria	2500
ruindade	2500
ruinoso	2500
ruir	2500
ruivo	2500
rumar	2500
ruminante	2500
ruminantes	2500
ruminar	2500
rum	2500
rumo	2500
rumorejante	2500
rumorejar	2500
rumor	2500
rumoroso	2500
rupestre	2500
rúpia	2500
rupia	2500
rutura	2500
rural	2500
ruralidade	2500
ruralismo	2500
ruralista	2500
ruralizar	2500
rurícola	2500
rusga	2500
rusgar	2500
russificar	2500
russófono	2500
russo	2500
russo-japonês	2500
rusticamente	2500
rusticidade	2500
rústico	2500
rustificar	2500
rustiqueza	2500
rustiquez	2500
rutilância	2500
rutilante	2500
sabão	2500
sabático	2500
sabedor	2500
sabedoria	2500
sabiamente	2500
sabiá	2500
sabichão	2500
sabichar	2500
sabichoso	2500
sábio	2500
saboaria	2500
saboneteira	2500
sabonete	2500
saborear	2500
sabor	2500
saboroso	2500
sabotagem	2500
sabotar	2500
sabre	2500
sabrina	2500
sabugal	2500
sabugueiro	2500
sabujo	2500
sacada	2500
sacadela	2500
sacado	2500
sacador	2500
saca	2500
sacana	2500
sacanice	2500
sacarina	2500
sacaroide	2500
saca-rolhas	2500
sacarose	2500
sacar	2500
sacerdócio	2500
sacerdotal	2500
sacerdotalismo	2500
sacerdote	2500
sacerdotisa	2500
sachada	2500
sachadela	2500
sachador	2500
sachadura	2500
sachão	2500
sachar	2500
sacholada	2500
sachola	2500
sacholar	2500
sacholo	2500
sacho	2500
saciar	2500
saciedade	2500
sacola	2500
saco	2500
saco-roto	2500
sacra	2500
sacralizar	2500
sacrário	2500
sacramental	2500
sacramentário	2500
sacramentar	2500
sacramento	2500
sacratíssimo	2500
sacrificador	2500
sacrifical	2500
sacrificar	2500
sacrificativo	2500
sacrificatório	2500
sacrificial	2500
sacrifício	2500
sacrilégio	2500
sacristania	2500
sacristão	2500
sacristia	2500
sacro	2500
sacrossanto	2500
sacudida	2500
sacudidela	2500
sacudidura	2500
sacudir	2500
sadicamente	2500
sádico	2500
sadino	2500
sadio	2500
sadismo	2500
sadista	2500
sadomasoquismo	2500
safadeza	2500
safadice	2500
safanão	2500
safa	2500
safari	2500
safar	2500
safira	2500
safo	2500
safões	2500
safra	2500
sagacidade	2500
saga	2500
sagaz	2500
sage	2500
sageza	2500
sagitário	2500
sagrado	2500
sagrar	2500
saia	2500
saibro	2500
saída	2500
saído	2500
saiote	2500
sair	2500
salada	2500
saladeira	2500
salafrário	2500
salamaleque	2500
salamandra	2500
salame	2500
sala	2500
salão	2500
salarial	2500
salário	2500
saldar	2500
saldo	2500
saleiro	2500
salesiano	2500
saleta	2500
salgadeira	2500
salgados	2500
salgadura	2500
salgalhada	2500
salgar	2500
sal-gema	2500
salgueiral	2500
salgueiro	2500
salicina	2500
salicultura	2500
saliência	2500
salientar	2500
saliente	2500
salífero	2500
salificar	2500
salinação	2500
salina	2500
salinidade	2500
salino	2500
salival	2500
salitre	2500
salitroso	2500
saliva	2500
salivante	2500
salivar	2500
salivoso	2500
salmão	2500
salmonado	2500
salmonela	2500
salmonete	2500
salmo	2500
salmoura	2500
sal	2500
salobra	2500
saloiada	2500
saloiice	2500
saloio	2500
salpicadela	2500
salpicadura	2500
salpicão	2500
salpicar	2500
salpico	2500
salsada	2500
salsa	2500
salsaparrilha	2500
salsicha	2500
salsichão	2500
salsicharia	2500
salsicheiro	2500
saltada	2500
saltadoiro	2500
saltador	2500
saltadouro	2500
saltante	2500
saltão	2500
salta-pocinhas	2500
saltaricar	2500
saltarilhar	2500
saltar	2500
salteadamente	2500
salteada	2500
salteador	2500
saltear	2500
saltério	2500
saltimbanco	2500
saltitão	2500
saltitante	2500
saltitar	2500
salto	2500
salubérrimo	2500
salubre	2500
salubridade	2500
salubrificar	2500
salutar	2500
salutífero	2500
salvadorenho	2500
salvador	2500
salvados	2500
salvaguarda	2500
salvaguardar	2500
salva	2500
salvante	2500
salvar	2500
salvatoriano	2500
salva-vidas	2500
salve	2500
salve-rainha	2500
salvífico	2500
salvo	2500
salvo-conduto	2500
samaritano	2500
samarra	2500
samarreiro	2500
samba	2500
sambar	2500
sambista	2500
samurai	2500
sanar	2500
sanativo	2500
sanatório	2500
sanatorizar	2500
sanção	2500
sanca	2500
sancionador	2500
sancionar	2500
sancionatório	2500
sandália	2500
sande	2500
sandes	2500
sandeu	2500
sandia	2500
sandice	2500
sanduíche	2500
saneador	2500
sanear	2500
sanfona	2500
sangrador	2500
sangradouro	2500
sangradura	2500
sangrar	2500
sangrento	2500
sangria	2500
sangue-frio	2500
sangue	2500
sanguessuga	2500
sanguífero	2500
sanguificar	2500
sanguinária	2500
sanguinário	2500
sanguíneo	2500
sanguinolência	2500
sanguinolento	2500
sanha	2500
sanidade	2500
saníssimo	2500
sanita	2500
sanitários	2500
sanitarista	2500
sanjoaneiro	2500
sanjoanino	2500
sanscrítico	2500
sanscritismo	2500
sânscrito	2500
santareno	2500
santeiro	2500
santiagueiro	2500
santiaguês	2500
santidade	2500
santificante	2500
santificar	2500
santo	2500
santola	2500
santuário	2500
são-bernardo	2500
são-joanense	2500
são-joanino	2500
são-tircense	2500
são-tomense	2500
sapador	2500
sapal	2500
sapatada	2500
sapataria	2500
sapateada	2500
sapateado	2500
sapatear	2500
sapateira	2500
sapateiral	2500
sapateiro	2500
sapatilha	2500
sapatola	2500
sapato	2500
sapatorro	2500
sape	2500
sapiencial	2500
sapiência	2500
sapiente	2500
sapientíssimo	2500
sapo	2500
saprófita	2500
sapudo	2500
saqueador	2500
saquear	2500
saqueio	2500
saqueiro	2500
saque	2500
saqué	2500
saquete	2500
saquito	2500
saraivada	2500
saraiva	2500
saraivar	2500
sarampão	2500
sarampelo	2500
sarampo	2500
sarapantado	2500
sarapintar	2500
sarar	2500
sarau	2500
sarça	2500
sarcasmo	2500
sarcástico	2500
sarcófago	2500
sarda	2500
sardanisca	2500
sardanita	2500
sardão	2500
sardento	2500
sardinhada	2500
sardinha	2500
sardinheira	2500
sardinheiro	2500
sardónico	2500
sardoso	2500
sargaçal	2500
sargaça	2500
sargaceiro	2500
sargaço	2500
sargento-ajudante	2500
sargento-mor	2500
sargento	2500
sariano	2500
sarilhar	2500
sarilho	2500
sarjador	2500
sarjadura	2500
sarja	2500
sarjar	2500
sarjeta	2500
sarmento	2500
sarmentoso	2500
sarna	2500
sarnento	2500
sarnir	2500
sarnoso	2500
sarrabiscar	2500
sarrabisco	2500
sarrabulhada	2500
sarrabulhento	2500
sarrabulho	2500
sarraceno	2500
sarrafaçal	2500
sarro	2500
satânico	2500
satanismo	2500
satanista	2500
satanizar	2500
satélite	2500
satelização	2500
sátira	2500
sátiro	2500
satiricamente	2500
satírico	2500
satirizar	2500
satisfação	2500
satisfatório	2500
satisfazer	2500
satisfeito	2500
saturabilidade	2500
saturante	2500
saturar	2500
saturnal	2500
saturniano	2500
saudade	2500
saudador	2500
saudante	2500
saudar	2500
saudável	2500
saúde	2500
saudita	2500
saudosismo	2500
saudosista	2500
saudoso	2500
sauna	2500
sáurio	2500
sáurios	2500
savana	2500
sável	2500
saxão	2500
saxofone	2500
saxofonista	2500
saxónico	2500
saxónio	2500
sazonal	2500
sazonar	2500
seara	2500
sebáceo	2500
sebada	2500
sebastianismo	2500
sebastianista	2500
sebeiro	2500
sebe	2500
sebenta	2500
sebentão	2500
sebenteiro	2500
sebento	2500
sebo	2500
seborreia	2500
seborreico	2500
seboso	2500
secador	2500
secadouro	2500
secagem	2500
seca	2500
secante	2500
secar	2500
secção	2500
seccional	2500
seccionar	2500
secessão	2500
secessionista	2500
seco	2500
secreção	2500
secreta	2500
secretariado	2500
secretarial	2500
secretária	2500
secretaria	2500
secretariar	2500
secretário-geral	2500
secretário	2500
secreto	2500
secretor	2500
secretório	2500
sectário	2500
sectarismo	2500
sectarista	2500
sectorial	2500
setorial	2500
sectório	2500
sector	2500
setor	2500
secular	2500
secularidade	2500
secularismo	2500
secularista	2500
secularização	2500
secularizar	2500
século	2500
secundário	2500
secundar	2500
secura	2500
seda	2500
sedar	2500
sedativo	2500
sede	2500
sedentariedade	2500
sedentário	2500
sedentarismo	2500
sedente	2500
sedento	2500
sediar	2500
sedimentar	2500
sedimentário	2500
sedimentologia	2500
sedimento	2500
sedimentoso	2500
sedoso	2500
sedução	2500
sedutor	2500
seduzir	2500
sefardita	2500
segada	2500
segar	2500
segmentário	2500
segmentar	2500
segmento	2500
segredar	2500
segredeiro	2500
segredo	2500
segregacionista	2500
segregar	2500
segregativo	2500
seguida	2500
seguido	2500
seguinte	2500
seguir	2500
segunda-feira	2500
segundas-feiras	2500
segundanista	2500
segundar	2500
segundo-sargento	2500
segundo-tenente	2500
segurado	2500
segurador	2500
segurar	2500
segureza	2500
seguridade	2500
seguro	2500
seio	2500
seirão	2500
seiscentésimo	2500
seiscentismo	2500
seiscentista	2500
seiscentos	2500
seita	2500
seiva	2500
seivoso	2500
seixal	2500
seixo	2500
seja	2500
selada	2500
selado	2500
selador	2500
seladura	2500
selagem	2500
sela	2500
selar	2500
seleção	2500
selecionismo	2500
seletividade	2500
seletivo	2500
seleto	2500
seletor	2500
selim	2500
selo	2500
selvagem	2500
selvagismo	2500
selvajaria	2500
selva	2500
selvático	2500
selvoso	2500
sem-abrigo	2500
semafórico	2500
semáforo	2500
semanada	2500
semana-inglesa	2500
semanal	2500
semanário	2500
semanticamente	2500
semântica	2500
semântico	2500
semblante	2500
sem-cerimónia	2500
semeada	2500
semeadoiro	2500
semeador	2500
semeadouro	2500
semeadura	2500
sêmea	2500
semear	2500
semelhança	2500
semelhante	2500
semelhar	2500
sémen	2500
semental	2500
sementeira	2500
sementeiro	2500
semente	2500
sementio	2500
semestral	2500
semestralidade	2500
semestre	2500
sem-fim	2500
semiaberto	2500
semianalfabeto	2500
semiautomático	2500
semibreve	2500
semicerrar	2500
semicilíndrico	2500
semicilindro	2500
semicircular	2500
semicírculo	2500
semicircunferência	2500
semiclausura	2500
semicolcheia	2500
semicondutor	2500
semiconsciente	2500
semidesértico	2500
semideus	2500
semidivindade	2500
semidivino	2500
semidobrado	2500
semieixo	2500
semienfastiado	2500
semienterrado	2500
semierudito	2500
semiesfera	2500
semiesférico	2500
semifinal	2500
semifluido	2500
semifusa	2500
semigasto	2500
semi-inconsciente	2500
semi-internato	2500
semi-interno	2500
semimorto	2500
seminal	2500
seminário	2500
seminarista	2500
seminarístico	2500
semínima	2500
seminudez	2500
semioficial	2500
semioficioso	2500
semiótica	2500
semipermeável	2500
semiplano	2500
semipleno	2500
semiprova	2500
semirreta	2500
semirreto	2500
semisselvagem	2500
semissom	2500
semita	2500
semítico	2500
semitom	2500
semitónico	2500
semitransparente	2500
semiviver	2500
semivivo	2500
sem-nome	2500
sem-número	2500
sem-par	2500
sem-razão	2500
sem-sabor	2500
sem-vergonha	2500
sêmola	2500
senado	2500
senadoria	2500
senador	2500
sena	2500
senão	2500
senatorial	2500
senda	2500
sendeiro	2500
senegalês	2500
sé	2500
senha	2500
senhoraça	2500
senhoraço	2500
senhoriagem	2500
senhorial	2500
senhoria	2500
senhoril	2500
senhorinha	2500
senhorio	2500
senhorita	2500
senil	2500
senilidade	2500
senilização	2500
seniores	2500
sénior	2500
seno	2500
sensaborão	2500
sensabor	2500
sensaboria	2500
sensaborizar	2500
sensação	2500
sensacional	2500
sensacionalismo	2500
sensacionalista	2500
sensatez	2500
sensato	2500
sensibilidade	2500
sensibilizador	2500
sensibilizante	2500
sensibilizar	2500
sensitivamente	2500
sensitivo	2500
sensível	2500
senso	2500
sensor	2500
sensorial	2500
sensório	2500
sensual	2500
sensualizar	2500
sentar	2500
sentença	2500
sentenciar	2500
sentencioso	2500
sentido	2500
sentimentalão	2500
sentimental	2500
sentimentalidade	2500
sentimentalismo	2500
sentimentalista	2500
sentimentalizar	2500
sentinela	2500
sentir	2500
sépala	2500
separabilidade	2500
separadamente	2500
separadora	2500
separador	2500
separar	2500
separata	2500
separatismo	2500
separatista	2500
separativo	2500
separatório	2500
septenal	2500
septicemia	2500
séptico	2500
sético	2500
septo	2500
septuagenário	2500
septuagésimo	2500
séptuplo	2500
sétuplo	2500
sepulcral	2500
sepulcro	2500
sepultante	2500
sepultar	2500
sepultura	2500
sequaz	2500
sequeiro	2500
sequela	2500
sequenciação	2500
sequencial	2500
sequência	2500
sequenciar	2500
sequer	2500
sequestrador	2500
sequestrar	2500
sequestro	2500
sequidão	2500
sequioso	2500
séquito	2500
sequoia	2500
serão	2500
serapilheira	2500
sereia	2500
serenada	2500
serena	2500
serenar	2500
serenata	2500
serenidade	2500
sereno	2500
seriação	2500
serial	2500
seriamente	2500
seriar	2500
sericaia	2500
sérico	2500
seriedade	2500
série	2500
serigaita	2500
serigrafia	2500
seringadela	2500
seringa	2500
seringar	2500
seringueira	2500
sério	2500
sermão	2500
serodiamente	2500
serôdio	2500
seropositivo	2500
serosidade	2500
seroso	2500
serpeante	2500
serpear	2500
serpe	2500
serpentar	2500
serpenteante	2500
serpentear	2500
serpente	2500
serpentina	2500
serpentino	2500
serrabulho	2500
serração	2500
serradela	2500
serrador	2500
serradura	2500
serragem	2500
serralharia	2500
serralheiro	2500
serrana	2500
serra	2500
serrania	2500
serrano	2500
serrar	2500
serrim	2500
serrote	2500
sertã	2500
sertão	2500
servência	2500
servente	2500
serventia	2500
serventuário	2500
serviçal	2500
serviço	2500
servidão	2500
servil	2500
servilismo	2500
servilizar	2500
sérvio	2500
servir	2500
servocomando	2500
servo-croata	2500
servofreio	2500
servo	2500
servomecanismo	2500
servomotor	2500
sésamo	2500
sesimbrão	2500
sesmaria	2500
sessão	2500
sessenta	2500
sessentão	2500
séssil	2500
sesta	2500
sestércio	2500
setada	2500
seta	2500
setear	2500
setecentismo	2500
setecentista	2500
setecentos	2500
sete-e-meio	2500
seteira	2500
seteiro	2500
setenta	2500
setentrião	2500
setentrional	2500
setubalense	2500
severidade	2500
severizar	2500
severo	2500
sevícia	2500
sevilhana	2500
sevilhano	2500
sexagenário	2500
sexagésima	2500
sexagesimal	2500
sexagésimo	2500
sexologia	2500
sexo	2500
sexta-feira	2500
sextas-feiras	2500
sextante	2500
sexteto	2500
sextuplicar	2500
sêxtuplo	2500
sexuado	2500
sexual	2500
sexualidade	2500
sexualismo	2500
shakespeariano	2500
siamês	2500
sibéria	2500
siberiano	2500
sibilância	2500
sibilante	2500
sibilantizar	2500
sibilar	2500
si	2500
siciliano	2500
sicrano	2500
sideral	2500
siderar	2500
siderurgia	2500
siderúrgico	2500
sidra	2500
sienito	2500
sífilis	2500
sifilítico	2500
sigilar	2500
sigilo	2500
sigiloso	2500
sigla	2500
sigma	2500
sigmoide	2500
signatário	2500
significação	2500
significado	2500
significância	2500
significante	2500
significar	2500
significativo	2500
signo	2500
sílaba	2500
silabário	2500
silabar	2500
silábico	2500
silabificação	2500
silabismo	2500
silagem	2500
silenciar	2500
silêncio	2500
silencioso	2500
silepse	2500
sílex	2500
silhueta	2500
sílica	2500
silicatado	2500
silicato	2500
silícico	2500
silício	2500
silicioso	2500
silicone	2500
silicose	2500
síliqua	2500
silogismo	2500
silogístico	2500
silo	2500
siltoso	2500
silvado	2500
silva	2500
silvar	2500
silvestre	2500
silvicultura	2500
silvo	2500
silvoso	2500
simbiose	2500
simbólica	2500
simbólico	2500
simbolismo	2500
simbolista	2500
simbolístico	2500
simbolizador	2500
simbolizante	2500
simbolizar	2500
simbologia	2500
símbolo	2500
simetria	2500
simétrico	2500
simetrizar	2500
similar	2500
similaridade	2500
similitude	2500
símio	2500
simonia	2500
simpatia	2500
simpático	2500
simpatiquíssimo	2500
simpatizante	2500
simpatizar	2500
simplético	2500
simples	2500
simplicidade	2500
simplicíssimo	2500
simplicista	2500
simplificador	2500
simplificar	2500
simplificativo	2500
simplismo	2500
simplista	2500
simplório	2500
simpósio	2500
simulacro	2500
simular	2500
simulatório	2500
simultaneamente	2500
simultaneidade	2500
simultâneo	2500
sinagoga	2500
sinaleiro	2500
sinalética	2500
sinalizar	2500
sinal	2500
sina	2500
sinapse	2500
sináptico	2500
sinceridade	2500
sincero	2500
sincopado	2500
síncope	2500
sincretismo	2500
sincronia	2500
sincrónico	2500
sincronismo	2500
sincronizar	2500
síncrono	2500
sindético	2500
sindical	2500
sindicalismo	2500
sindicalista	2500
sindicalizar	2500
sindicar	2500
sindicato	2500
síndroma	2500
sindromático	2500
síndrome	2500
sinergia	2500
sinérgico	2500
sinestesia	2500
sineta	2500
sinete	2500
sínfise	2500
sinfonia	2500
sinfónico	2500
sinfonista	2500
sinfonizar	2500
singela	2500
singeleza	2500
singelez	2500
singelo	2500
singrar	2500
singular	2500
singularidade	2500
singularizar	2500
sinhá	2500
sinhazinha	2500
siniense	2500
sinistralidade	2500
sinistrar	2500
sinistro	2500
sinodal	2500
sínodo	2500
sino-japonês	2500
sinonimar	2500
sinonímia	2500
sinonimizar	2500
sinónimo	2500
sino	2500
sinopse	2500
sinóptico	2500
sintático	2500
sintagma	2500
sintaxe	2500
sintáxico	2500
sintaxiologia	2500
síntese	2500
sintético	2500
sintetismo	2500
sintetizar	2500
sintoma	2500
sintomático	2500
sintomatologia	2500
sintonia	2500
sintónico	2500
sintonizar	2500
sintonizador	2500
sintrense	2500
sinuosidade	2500
sinuoso	2500
sinusite	2500
sinusoidal	2500
sinusoide	2500
sionismo	2500
sionista	2500
sique	2500
sirene	2500
sirga	2500
sirigaita	2500
sírio	2500
sisa	2500
sisar	2500
sismicidade	2500
sísmico	2500
sismografia	2500
sismologia	2500
sismo	2500
siso	2500
sistemático	2500
sistematizar	2500
sistémico	2500
sístole	2500
sistólico	2500
sisudeza	2500
sisudez	2500
sisudo	2500
sitiador	2500
sitiante	2500
sitiar	2500
sítio	2500
sito	2500
situacional	2500
situacionismo	2500
situacionista	2500
situar	2500
snob	2500
snobismo	2500
soada	2500
soalhado	2500
soalhal	2500
soalhar	2500
soalheira	2500
soalheiro	2500
soalho	2500
soar	2500
soba	2500
sobejar	2500
sobejo	2500
sobejos	2500
soberania	2500
soberanizar	2500
soberano	2500
soberba	2500
soberbo	2500
soberboso	2500
sobraçar	2500
sobrado	2500
sobrançaria	2500
sobrancear	2500
sobranceiro	2500
sobrancelha	2500
sobrancelhudo	2500
sobranceria	2500
sobra	2500
sobrante	2500
sobrar	2500
sobrealimentar	2500
sobreamortecido	2500
sobreapelido	2500
sobreaquecer	2500
sobreavisar	2500
sobreaviso	2500
sobrecarga	2500
sobrecarregar	2500
sobrecompensação	2500
sobre-excitar	2500
sobre-humanizar	2500
sobre-humano	2500
sobreiral	2500
sobreira	2500
sobreiro	2500
sobreirritar	2500
sobrejacente	2500
sobrelevante	2500
sobrelevar	2500
sobrelotação	2500
sobrelotado	2500
sobreluzir	2500
sobremaneira	2500
sobremesa	2500
sobremodo	2500
sobrenatural	2500
sobrenaturalidade	2500
sobrenaturalismo	2500
sobrenaturalizar	2500
sobrenomear	2500
sobrenome	2500
sobrenumerável	2500
sobreolhar	2500
sobrepaga	2500
sobrepasto	2500
sobrepensar	2500
sobrepesar	2500
sobrepeso	2500
sobrepor	2500
sobreposição	2500
sobreposse	2500
sobrepostos	2500
sobrepovoar	2500
sobrepujar	2500
sobrerrealismo	2500
sobrescrever	2500
sobrescrito	2500
sobressair	2500
sobressalente	2500
sobressaltar	2500
sobressalto	2500
sobressaturar	2500
sobresselente	2500
sobrestimar	2500
sobretaxa	2500
sobretensão	2500
sobretudo	2500
sobrevalorizar	2500
sobrevida	2500
sobrevir	2500
sobrevivência	2500
sobrevivente	2500
sobreviver	2500
sobrevivo	2500
sobrevoar	2500
sobrevoo	2500
sobriamente	2500
sobriedade	2500
sobrinho	2500
sóbrio	2500
sobrolho	2500
socadura	2500
socalco	2500
soca	2500
socapa	2500
socar	2500
sociabilidade	2500
sociabilizar	2500
sociais-democratas	2500
social	2500
social-democracia	2500
socializar	2500
sociável	2500
sociedade	2500
societário	2500
sociocultural	2500
sócio-económica	2500
socioeconómico	2500
socioprofissional	2500
sócio	2500
sociologia	2500
soçobrar	2500
soco	2500
socorrer	2500
socorrista	2500
socorro	2500
socrático	2500
soda	2500
sódico	2500
sódio	2500
sodomia	2500
sodómico	2500
sodomita	2500
sodomítico	2500
sodomizar	2500
sofá-cama	2500
sofá	2500
sofisma	2500
sofismar	2500
sofista	2500
sofisticar	2500
sofredor	2500
sofregamente	2500
sôfrego	2500
sofreguice	2500
sofreguidão	2500
sofrer	2500
sofrivelmente	2500
sogro	2500
soja	2500
sola	2500
sol-posto	2500
sóis-postos	2500
solapadamente	2500
solar	2500
solarengo	2500
solário	2500
solarização	2500
solavancar	2500
solavanco	2500
soldadeira	2500
soldadesca	2500
soldado	2500
soldador	2500
soldadura	2500
soldagem	2500
solda	2500
soldar	2500
soldo	2500
soleira	2500
solene	2500
solenidade	2500
solenizar	2500
soletrador	2500
soletrar	2500
solfejar	2500
solfejo	2500
solha	2500
solicitação	2500
solicitador	2500
solicitante	2500
solicitar	2500
solícito	2500
solicitude	2500
solidamente	2500
solidão	2500
solidariedade	2500
solidário	2500
solidarismo	2500
solidarizar	2500
solidar	2500
solidez	2500
solidificar	2500
sólido	2500
solipsismo	2500
solista	2500
solitária	2500
solitário	2500
sol	2500
solsticial	2500
solstício	2500
solta	2500
soltar	2500
solteira	2500
solteirão	2500
solteiro	2500
solto	2500
soltura	2500
solubilizante	2500
solubilizar	2500
soluçante	2500
solução	2500
soluçar	2500
solucionar	2500
solucionista	2500
soluço	2500
soluçoso	2500
solutivo	2500
soluto	2500
solúvel	2500
solvabilidade	2500
solvência	2500
solvente	2500
solver	2500
solvibilidade	2500
solvido	2500
somali	2500
soma	2500
somar	2500
somático	2500
somatório	2500
sombra	2500
sombrear	2500
sombreira	2500
sombreiro	2500
sombrinha	2500
sombrio	2500
somenos	2500
somiticaria	2500
somítico	2500
som	2500
sonambular	2500
sonambulismo	2500
sonâmbulo	2500
sonância	2500
sonante	2500
sonar	2500
sonata	2500
sondador	2500
sondagem	2500
sonda	2500
sondar	2500
soneca	2500
sonegadamente	2500
sonegador	2500
sonegados	2500
sonegar	2500
soneira	2500
sonetar	2500
soneteiro	2500
sonetista	2500
soneto	2500
sonhador	2500
sonhar	2500
sonho	2500
sónico	2500
sonido	2500
sonífero	2500
sonolência	2500
sonolento	2500
sono	2500
sonoridade	2500
sonorizar	2500
sonoro	2500
sonoroso	2500
sonsa	2500
sonso	2500
sopa	2500
sopapo	2500
sopeira	2500
sopeiral	2500
sopeiro	2500
sopé	2500
soporífero	2500
soporífico	2500
soprador	2500
sopranista	2500
soprano	2500
soprar	2500
sopro	2500
sordícia	2500
sordideza	2500
sordidez	2500
sórdido	2500
sorna	2500
sornar	2500
sorneiro	2500
soro	2500
sóror	2500
soroso	2500
sorrateiro	2500
sorridente	2500
sorrir	2500
sorriso	2500
sortalhão	2500
sortear	2500
sorteio	2500
sorte	2500
sortilégio	2500
sortir	2500
sortudo	2500
sorumbático	2500
sorvedela	2500
sorvedoiro	2500
sorvedouro	2500
sorvedura	2500
sorver	2500
sorveteira	2500
sorveteiro	2500
sorvete	2500
sorvo	2500
sósia	2500
soslaio	2500
sossegador	2500
sossega	2500
sossegar	2500
sossego	2500
sotaina	2500
sótão	2500
sotaque	2500
sotavento	2500
soteia	2500
soterrâneo	2500
soterrar	2500
soturnidade	2500
soturno	2500
souto	2500
sovaco	2500
sovadela	2500
sova	2500
sovar	2500
soviete	2500
soviético	2500
sovina	2500
sovinaria	2500
sovinar	2500
sozinho	2500
sportinguista	2500
suadela	2500
suadoiro	2500
suadouro	2500
suão	2500
suarento	2500
suar	2500
suástica	2500
suástico	2500
suave	2500
suavidade	2500
suavizar	2500
subalimentar	2500
subalternação	2500
subalternizar	2500
subalterno	2500
subaquático	2500
subclasse	2500
subclavicular	2500
subcomandante	2500
subconsciência	2500
subconsciente	2500
subdelegante	2500
subdelegar	2500
subderivado	2500
subdiaconado	2500
subdiretoria	2500
subdirigir	2500
subdistinção	2500
subdistinguir	2500
súbdito	2500
subdividir	2500
subdivisão	2500
subdivisionário	2500
subdivisível	2500
subdocumento	2500
subentender	2500
subespontâneo	2500
subestação	2500
subestrutura	2500
subfamília	2500
subfeudo	2500
subgrupo	2500
subida	2500
subidouro	2500
subinflamação	2500
subinflamatório	2500
subinspetor	2500
subintendência	2500
subintendente	2500
subintender	2500
subintitular	2500
subir	2500
subitamente	2500
subitaneidade	2500
súbito	2500
subjacente	2500
subjetivar	2500
subjetividade	2500
subjetivismo	2500
subjetivista	2500
subjetivo	2500
subjugador	2500
subjugante	2500
subjugar	2500
subjuntivo	2500
sublevação	2500
sublevar	2500
sublimar	2500
sublimativo	2500
sublimatório	2500
sublime	2500
sublimidade	2500
subliminal	2500
subliminar	2500
sublinear	2500
sublingual	2500
sublinha	2500
sublinhar	2500
sublocatário	2500
submarino	2500
submergir	2500
submersão	2500
submersível	2500
submerso	2500
submetálico	2500
submeter	2500
subministrar	2500
submissão	2500
submisso	2500
subnormal	2500
subnutrição	2500
subordem	2500
subordinada	2500
subordinante	2500
subordinar	2500
subordinativo	2500
subornar	2500
suborno	2500
subpor	2500
sub	2500
subproduto	2500
sub-raça	2500
sub-reino	2500
sub-rogante	2500
sub-rogar	2500
sub-rogatório	2500
subscrever	2500
subscrição	2500
subscrito	2500
subscritor	2500
subsecção	2500
subsecretariado	2500
subsecretariar	2500
subsecretário	2500
subsequência	2500
subsequente	2500
subserviência	2500
subserviente	2500
subsidência	2500
subsidiaridade	2500
subsidiário	2500
subsidiar	2500
subsídio	2500
subsistência	2500
subsistente	2500
subsistir	2500
subsolo	2500
substancial	2500
substancialidade	2500
substancialismo	2500
substancialista	2500
substancializar	2500
substância	2500
substanciar	2500
substancioso	2500
substantivar	2500
substantivo	2500
substituir	2500
substitutivo	2500
substituto	2500
substrato	2500
substrução	2500
substrutura	2500
subsumir	2500
subsunção	2500
subtenente	2500
subterfúgio	2500
subterminal	2500
subterrâneo	2500
subterrar	2500
subtil	2500
subtileza	2500
subtilizar	2500
subtipo	2500
subtotal	2500
subtração	2500
subtrativo	2500
subtrair	2500
suburbano	2500
subúrbio	2500
subvenção	2500
subvencional	2500
subvencionar	2500
subversão	2500
subversivo	2500
subversor	2500
subverter	2500
sucata	2500
sucateiro	2500
sucção	2500
sucedâneo	2500
suceder	2500
sucessão	2500
sucessibilidade	2500
sucessível	2500
sucessivo	2500
sucesso	2500
sucessor	2500
sucessório	2500
sucinto	2500
suco	2500
sucosidade	2500
sucoso	2500
suculência	2500
suculento	2500
sucumbir	2500
sucursal	2500
sudação	2500
sudanês	2500
sudário	2500
sudeste	2500
sudoeste	2500
sudorífero	2500
sudorífico	2500
sudoríparo	2500
sueca	2500
sueco	2500
suestada	2500
suestar	2500
sueste	2500
suéter	2500
suevo	2500
suficiência	2500
suficiente	2500
sufismo	2500
sufixação	2500
sufixal	2500
sufixar	2500
sufixativo	2500
sufixo	2500
suflé	2500
suflê	2500
sufocante	2500
sufocar	2500
sufocativo	2500
sufragar	2500
sufrágio	2500
sufragismo	2500
sufragista	2500
sugadoiro	2500
sugador	2500
sugadouro	2500
sugar	2500
sugerir	2500
sugestão	2500
sugestibilidade	2500
sugestionar	2500
sugestível	2500
sugestivo	2500
suíças	2500
suicidar	2500
suicídio	2500
suíço	2500
suinicultura	2500
suíno	2500
suite	2500
sujador	2500
sujar	2500
sujeição	2500
sujeira	2500
sujeitar	2500
sujeito	2500
sujo	2500
sul-africano	2500
sul-americano	2500
sulcador	2500
sulcar	2500
sulco	2500
sul-coreano	2500
sulfamida	2500
sulfatadeira	2500
sulfatagem	2500
sulfatar	2500
sulfatizar	2500
sulfato	2500
sulfito	2500
sulfurar	2500
sulfúreo	2500
sulfureto	2500
sulfúrico	2500
sulfuroso	2500
sulista	2500
sultanado	2500
sultana	2500
sultanato	2500
sultão	2500
suma	2500
sumarento	2500
sumariar	2500
sumário	2500
sumarizar	2500
sumiço	2500
sumidade	2500
sumidiço	2500
sumir	2500
sumo	2500
sumoso	2500
sumptuário	2500
sumptuosidade	2500
sumptuoso	2500
súmula	2500
sunita	2500
suor	2500
superabundância	2500
superabundante	2500
superabundar	2500
superácido	2500
superalimentar	2500
superante	2500
superar	2500
superavit	2500
superavits	2500
supercarburante	2500
supercivilizado	2500
supercondutividade	2500
supercondutor	2500
superconjunto	2500
superdotado	2500
superego	2500
superelegante	2500
superelevação	2500
supereminência	2500
supereminente	2500
superexaltação	2500
superexcelência	2500
superexcitar	2500
superficial	2500
superficialidade	2500
superfície	2500
superfino	2500
superfluido	2500
supérfluo	2500
superfortaleza	2500
super-herói	2500
super-heroína	2500
super-homem	2500
super-humano	2500
superintendência	2500
superintendente	2500
superintender	2500
superior	2500
superiorato	2500
superioridade	2500
superiorizar	2500
superlativar	2500
superlativo	2500
superlotar	2500
supermercado	2500
supernatural	2500
súpero	2500
superpopulação	2500
superpovoado	2500
superpovoamento	2500
super	2500
superprodução	2500
superprotão	2500
super-realismo	2500
super-realista	2500
supersensível	2500
supersónico	2500
superstição	2500
supersticiosidade	2500
supersticioso	2500
superstrutura	2500
supertaça	2500
superveniente	2500
supervisão	2500
supervisionar	2500
supervisor	2500
supervivência	2500
supervivente	2500
suplantar	2500
suplementar	2500
suplementário	2500
suplemento	2500
suplente	2500
súplica	2500
suplicante	2500
suplicar	2500
suplicatório	2500
supliciar	2500
suplício	2500
suportar	2500
suporte	2500
supor	2500
suposição	2500
supositivo	2500
supositório	2500
suposto	2500
supracitado	2500
supraestrutura	2500
supralunar	2500
supramarginal	2500
supramencionado	2500
supranacional	2500
supranatural	2500
supranaturalismo	2500
supranormal	2500
supranumerário	2500
suprarrenal	2500
suprassumo	2500
supremacia	2500
supremo	2500
supressão	2500
supressivo	2500
supressor	2500
supressório	2500
suprimir	2500
suprir	2500
surdez	2500
surdina	2500
surdir	2500
surdo	2500
surdo-mudo	2500
surfe	2500
surgir	2500
suricata	2500
surpreendente	2500
surpreender	2500
surpresa	2500
surpreso	2500
surrador	2500
surra	2500
surrar	2500
surreal	2500
surrento	2500
surripianço	2500
surripiar	2500
surro	2500
surtida	2500
surtir	2500
surto	2500
suscetibilidade	2500
suscetibilizar	2500
suscetível	2500
suscitador	2500
suscitar	2500
suserania	2500
suserano	2500
suspeição	2500
suspeita	2500
suspeitar	2500
suspeito	2500
suspeitoso	2500
suspender	2500
suspensão	2500
suspense	2500
suspensivo	2500
suspenso	2500
suspensor	2500
suspensório	2500
suspirante	2500
suspirar	2500
suspiro	2500
suspiroso	2500
sussurrante	2500
sussurrar	2500
sussurro	2500
sustar	2500
sustenido	2500
sustenizar	2500
sustentabilidade	2500
sustentáculo	2500
sustentador	2500
sustentante	2500
sustentar	2500
sustentável	2500
sustento	2500
suster	2500
susto	2500
su-sudoeste	2500
su-sueste	2500
sutiã	2500
sutural	2500
sutura	2500
suturar	2500
tabacal	2500
tabacaria	2500
tabaco	2500
tabagismo	2500
tabaquear	2500
tabaqueira	2500
tabaqueiro	2500
tabaquista	2500
tabefe	2500
tabela	2500
tabelar	2500
tabelião	2500
tabernáculo	2500
tabernal	2500
taberna	2500
taberneiro	2500
tabique	2500
tablete	2500
tabloide	2500
tabuada	2500
tabuado	2500
tábua	2500
tabu	2500
tabuinha	2500
tabulação	2500
tabulado	2500
tabuladora	2500
tabulador	2500
tabular	2500
tabuleiro	2500
tabuleta	2500
taçada	2500
tacada	2500
taça	2500
tacanharia	2500
tacanhear	2500
tacanheza	2500
tacanhez	2500
tacanho	2500
tacão	2500
tachada	2500
tacha	2500
tachão	2500
tachar	2500
tachinha	2500
tacho	2500
tacícula	2500
tacitamente	2500
tácito	2500
taciturnidade	2500
taciturno	2500
tacómetro	2500
taco	2500
tateabilidade	2500
tateante	2500
tatear	2500
tateio	2500
tática	2500
tático	2500
táctil	2500
tátil	2500
tactilidade	2500
tatilidade	2500
tato	2500
tafetá	2500
tagalo	2500
tagarela	2500
tagarelar	2500
tagarelice	2500
tá	2500
tailandês	2500
tainada	2500
tainha	2500
taipal	2500
taipa	2500
tajique	2500
tálamo	2500
tala	2500
talão	2500
talar	2500
talco	2500
talcoso	2500
talento	2500
talentoso	2500
talhada	2500
talhadeira	2500
talhadoiro	2500
talhadouro	2500
talhadura	2500
talha	2500
talhante	2500
talhão	2500
talharia	2500
talhar	2500
talhe	2500
talher	2500
talho	2500
tálio	2500
talismânico	2500
talismã	2500
talmúdico	2500
talo	2500
taluda	2500
taludar	2500
taludo	2500
tamancada	2500
tamanca	2500
tamancaria	2500
tamanco	2500
tamanhão	2500
tamanho	2500
tamanqueiro	2500
tamanquinha	2500
tamaral	2500
tâmara	2500
tamareira	2500
tamborete	2500
tamborilada	2500
tamborilar	2500
tamborileiro	2500
tamboril	2500
tamborim	2500
tambor	2500
tâmil	2500
tampa	2500
tampão	2500
tampar	2500
tampeira	2500
tampo	2500
tampouco	2500
tanas	2500
tanga	2500
tangar	2500
tangencial	2500
tangência	2500
tangenciar	2500
tangente	2500
tangerina	2500
tangerineira	2500
tanger	2500
tangibilidade	2500
tango	2500
tangueiro	2500
tanguista	2500
tânjara	2500
tanoaria	2500
tanoeiro	2500
tanque	2500
tanso	2500
tântalo	2500
tantíssimo	2500
tanzaniano	2500
taoista	2500
tão-pouco	2500
tão-só	2500
tão-somente	2500
tapador	2500
tapadura	2500
tapagem	2500
tapa-misérias	2500
tapar	2500
tapear	2500
tapeçaria	2500
tapeceiro	2500
tapeteiro	2500
tapete	2500
tapioca	2500
tapuia	2500
tapume	2500
taquicardia	2500
taquígrafo	2500
taquímetro	2500
tara	2500
tarântula	2500
tarar	2500
tardar	2500
tardeza	2500
tardio	2500
tardoz	2500
tarecada	2500
tareco	2500
tarefa	2500
tarefar	2500
tarefeiro	2500
tareia	2500
tarifa	2500
tarifário	2500
tarifar	2500
tarja	2500
tarjar	2500
tarjeta	2500
tarraxa	2500
tarraxar	2500
tarraxo	2500
tarso	2500
tartamudo	2500
tártaro	2500
tartaroso	2500
tartaruga	2500
tarte	2500
tasca	2500
tascante	2500
tasco	2500
tasmânio	2500
tasqueiro	2500
tasquinha	2500
tatu	2500
tatuador	2500
tatuagem	2500
tatuar	2500
tau	2500
tauismo	2500
tauista	2500
táureo	2500
taurífero	2500
taurino	2500
tauromaquia	2500
tauromáquico	2500
tautologia	2500
taverna	2500
taverneiro	2500
taxa	2500
taxar	2500
taxativo	2500
taxilogia	2500
taxímetro	2500
táxi	2500
taxinomia	2500
taxiologia	2500
taxionomia	2500
taxista	2500
taxonomia	2500
tchetcheno	2500
tear	2500
teatrada	2500
teatral	2500
teatralidade	2500
teatralismo	2500
teatralizar	2500
teátrico	2500
teatro	2500
tebano	2500
teca	2500
tecedeira	2500
tecedor	2500
tecedura	2500
tecelagem	2500
tecelão	2500
tecer	2500
tecido	2500
tecla	2500
teclar	2500
tecnicamente	2500
tecnicidade	2500
tecnicismo	2500
tecnicolor	2500
tecnismo	2500
tecnocracia	2500
tecnofobia	2500
tecnologia	2500
tecnológico	2500
tectónica	2500
tectónico	2500
tédio	2500
tedioso	2500
teia	2500
teima	2500
teimar	2500
teimice	2500
teimosia	2500
teimosice	2500
teimoso	2500
teísmo	2500
teixo	2500
tejadilho	2500
tela	2500
telão	2500
telecomandar	2500
telecomando	2500
telecomunicação	2500
teledinâmica	2500
teledinâmico	2500
teledirigir	2500
teleférico	2500
telefilme	2500
telefonadela	2500
telefonar	2500
telefonema	2500
telefonia	2500
telefónico	2500
telefonista	2500
telefotografia	2500
telefotometria	2500
telefoto	2500
telegrafar	2500
telegrafia	2500
telegráfico	2500
telegrafista	2500
telégrafo	2500
telégrafo-postal	2500
telegrama	2500
teleguiar	2500
teleimpressor	2500
telejornal	2500
telemática	2500
telemecânica	2500
telemetria	2500
telémetro	2500
tele	2500
telenovela	2500
teleobjetiva	2500
teleologia	2500
telepatia	2500
telepático	2500
teleprojétil	2500
telecinesia	2500
telerrecetor	2500
telescola	2500
telescopia	2500
telescópico	2500
telescópio	2500
telespectador	2500
telespetador	2500
teletexto	2500
teletrabalho	2500
televisão	2500
televisivo	2500
televisor	2500
telhado	2500
telha	2500
telhão	2500
telhar	2500
telheira	2500
telheiro	2500
telhudo	2500
telintar	2500
telureto	2500
teluriano	2500
telúrico	2500
telurismo	2500
tema	2500
temática	2500
temático	2500
temedoiro	2500
temedouro	2500
temerário	2500
temeridade	2500
temeroso	2500
temer	2500
temibilidade	2500
temor	2500
temoroso	2500
temperamental	2500
temperança	2500
têmpera	2500
temperante	2500
temperar	2500
temperatural	2500
temperatura	2500
tempero	2500
tempestade	2500
tempestear	2500
tempestivo	2500
tempestuar	2500
tempestuosidade	2500
tempestuoso	2500
templário	2500
templo	2500
temporada	2500
temporal	2500
temporalidade	2500
temporalizar	2500
temporário	2500
têmpora	2500
temporizador	2500
temporizar	2500
tenacidade	2500
tenaz	2500
tenção	2500
tencionar	2500
tendal	2500
tenda	2500
tendão	2500
tendeiro	2500
tendencial	2500
tendência	2500
tendenciosidade	2500
tendencioso	2500
tendente	2500
tender	2500
tendinoso	2500
tendinite	2500
tendola	2500
tenebrosidade	2500
tenebroso	2500
tenente-coronel	2500
tenente	2500
ténia	2500
ténis	2500
tenista	2500
tê	2500
tenor	2500
tenro	2500
tenrura	2500
tensa	2500
tensão	2500
tensímetro	2500
tensional	2500
tensivo	2500
tenso	2500
tensor	2500
tentação	2500
tentaculados	2500
tentacular	2500
tentáculo	2500
tentador	2500
tentante	2500
tentativa	2500
tentativo	2500
tentilhão	2500
tento	2500
ténue	2500
tenuemente	2500
tenuidade	2500
teocracia	2500
teocraticismo	2500
teocratizar	2500
teofania	2500
teogonia	2500
teologia	2500
teológico	2500
teologismo	2500
teologizar	2500
teorema	2500
teoreticismo	2500
teorético	2500
teoria	2500
teórica	2500
teórico	2500
teórico-prático	2500
teorismo	2500
teorizar	2500
teor	2500
tépala	2500
tepidamente	2500
tépido	2500
terapeuta	2500
terapêutica	2500
terapêutico	2500
terapia	2500
teratologia	2500
terça-feira	2500
terças-feiras	2500
terça	2500
terçar	2500
terceto	2500
terciário	2500
tercina	2500
terço	2500
teres	2500
tergiversar	2500
termal	2500
termalidade	2500
termalismo	2500
termas	2500
termia	2500
termião	2500
térmico	2500
terminação	2500
terminal	2500
terminante	2500
terminar	2500
terminativo	2500
terminologia	2500
término	2500
termístor	2500
térmita	2500
termiteira	2500
termiteiro	2500
térmite	2500
termítico	2500
termocautério	2500
termodielétrico	2500
termodinâmica	2500
termodinâmico	2500
termoeletricidade	2500
termoelétrico	2500
termométrico	2500
termómetro	2500
termo	2500
termonuclear	2500
termopar	2500
termóstato	2500
termostato	2500
ternado	2500
ternário	2500
terno	2500
ternura	2500
terraço	2500
terracota	2500
terramoto	2500
terra	2500
terraplanagem	2500
terraplanar	2500
terráqueo	2500
terreiro	2500
terremoto	2500
térreo	2500
terrestre	2500
terribilidade	2500
terribilíssimo	2500
terrificante	2500
terrificar	2500
terrífico	2500
terrina	2500
terriola	2500
territorial	2500
territorialidade	2500
território	2500
terrível	2500
terroada	2500
terrorífico	2500
terrorista	2500
terror	2500
terroso	2500
tertúlia	2500
tesão	2500
tesauro	2500
tese	2500
teso	2500
tesoirada	2500
tesoira	2500
tesoirar	2500
tesoirinha	2500
tesoiro	2500
tesourada	2500
tesoura	2500
tesouraria	2500
tesourar	2500
tesoureiro	2500
tesourinha	2500
tesouro	2500
testaça	2500
testador	2500
testeira	2500
testamental	2500
testamentaria	2500
testamentário	2500
testamenteiro	2500
testa	2500
testante	2500
testar	2500
testemunhadeira	2500
testemunhal	2500
testemunha	2500
testemunhar	2500
testemunho	2500
testicular	2500
testículo	2500
testiculoso	2500
testificante	2500
testificar	2500
testo	2500
testosterona	2500
testudo	2500
tesura	2500
teta	2500
tetania	2500
tetânico	2500
tetanizar	2500
tétano	2500
teté	2500
tetina	2500
tetradáctilo	2500
tetraédrico	2500
tetraedro	2500
tetrâmero	2500
tetrâmetro	2500
tetrarca	2500
tetrarquia	2500
tetrassilábico	2500
tetrassílabo	2500
tetratómico	2500
tetravalente	2500
tetravó	2500
tetravô	2500
tetricidade	2500
tétrico	2500
tetudo	2500
tétum	2500
texano	2500
têxtil	2500
textual	2500
textura	2500
texugo	2500
tez	2500
tia-avó	2500
tiara	2500
tibetano	2500
tibial	2500
tíbia	2500
tição	2500
ti	2500
tiflite	2500
tifoide	2500
tifo	2500
tifoso	2500
tigelada	2500
tigela	2500
tigre	2500
tigrino	2500
tigroide	2500
tijolada	2500
tijolaria	2500
tijoleira	2500
tijoleiro	2500
tijolo	2500
tília	2500
tilintada	2500
tilintante	2500
tilintar	2500
til	2500
timbale	2500
timbrar	2500
timbre	2500
timbroso	2500
timidamente	2500
timidez	2500
tímido	2500
timonar	2500
timoneiro	2500
timo	2500
timorense	2500
tímpano	2500
tina	2500
tinga	2500
tingidura	2500
tingir	2500
tinha	2500
tinhoso	2500
tinido	2500
tinir	2500
tino	2500
tinta	2500
tinteiro	2500
tintim	2500
tintinante	2500
tintinar	2500
tinto	2500
tintura	2500
tinturaria	2500
tintureira	2500
tintureiro	2500
tio-avô	2500
tio	2500
tipa	2500
tipicamente	2500
típico	2500
tipificar	2500
tipografia	2500
tipográfico	2500
tipologia	2500
tique	2500
tiquetaquear	2500
tiquetaque	2500
tiracolo	2500
tirada	2500
tira-dentes	2500
tirador	2500
tiradura	2500
tira-dúvidas	2500
tiragem	2500
tira-linhas	2500
tirana	2500
tira	2500
tirania	2500
tirânico	2500
tiranismo	2500
tiranizar	2500
tira-nódoas	2500
tirano	2500
tirante	2500
tirar	2500
tira-teimas	2500
tiritante	2500
tiritar	2500
tirocínio	2500
tiroide	2500
tiróideo	2500
tirolês	2500
tiro	2500
tiroteio	2500
tisana	2500
tísica	2500
tísico	2500
tisnar	2500
titânico	2500
titânio	2500
titã	2500
titubeante	2500
titubear	2500
titular	2500
título	2500
tlim	2500
tlintar	2500
tlintlim	2500
toada	2500
toalha	2500
toalheiro	2500
toalete	2500
toalhete	2500
toa	2500
toante	2500
toar	2500
tocadela	2500
tocador	2500
tocadura	2500
toca	2500
tocante	2500
tocar	2500
tocata	2500
to	2500
tocha	2500
toco	2500
todavia	2500
todo-o-terreno	2500
todo-poderoso	2500
toga	2500
togar	2500
toirada	2500
toirão	2500
toirear	2500
toireio	2500
toireiro	2500
toiro	2500
tojo	2500
tolda	2500
toldar	2500
tolde	2500
toldo	2500
toleima	2500
toleirão	2500
tolerada	2500
tolerado	2500
tolerância	2500
tolerante	2500
tolerantismo	2500
tolerar	2500
tolerável	2500
toleta	2500
tolhedura	2500
tolher	2500
tolice	2500
tolo	2500
tolueno	2500
tomada	2500
tomador	2500
tomados	2500
toma	2500
tomarense	2500
tomar	2500
tomatada	2500
tomatal	2500
tomateira	2500
tomateiro	2500
tomate	2500
tombadilho	2500
tombar	2500
tômbola	2500
tombolar	2500
tombo	2500
tomilho	2500
tomista	2500
tom	2500
tomografia	2500
tomo	2500
tonal	2500
tonalidade	2500
tonalizar	2500
tona	2500
tonar	2500
tonelagem	2500
tonelaria	2500
tonel	2500
tónica	2500
tonicidade	2500
tónico	2500
tonificante	2500
tonificar	2500
tonsurado	2500
tonsura	2500
tontaria	2500
tontear	2500
tonteira	2500
tonto	2500
tontura	2500
topada	2500
topar	2500
topázio	2500
tópico	2500
topete	2500
topografar	2500
topografia	2500
topologia	2500
topológico	2500
toponímia	2500
toponímico	2500
topónimo	2500
topo	2500
toque	2500
torácico	2500
torada	2500
tora	2500
toranja	2500
toranjeira	2500
torar	2500
tórax	2500
torção	2500
torcedeira	2500
torcedela	2500
torcedor	2500
torcedoura	2500
torcedura	2500
torcer	2500
torcida	2500
torcidos	2500
tordo	2500
torga	2500
tório	2500
tormenta	2500
tormento	2500
tormentório	2500
tormentoso	2500
tornada	2500
tornado	2500
torna	2500
tornar	2500
torneado	2500
tornear	2500
torneio	2500
torneira	2500
torniquete	2500
torno	2500
tornozelo	2500
toro	2500
torpe	2500
torpecer	2500
torpedar	2500
torpedeiro	2500
torpedo	2500
torpeza	2500
torpor	2500
torrada	2500
torradeira	2500
torralhão	2500
torrão-de-açúcar	2500
torrão	2500
torrar	2500
torreame	2500
torreão	2500
torrear	2500
torrefação	2500
torreira	2500
torrencial	2500
torre	2500
torrente	2500
torresmo	2500
tórrido	2500
torriense	2500
torrificar	2500
torrinha	2500
torso	2500
torta	2500
tortilha	2500
torto	2500
tortulho	2500
tortuosidade	2500
tortuoso	2500
tortura	2500
torturante	2500
torturar	2500
torvar	2500
torvelinho	2500
toscano	2500
tosco	2500
tosquiadeira	2500
tosquiadela	2500
tosquiador	2500
tosquiadura	2500
tosquia	2500
tosquiar	2500
tosse	2500
tossezinha	2500
tossicar	2500
tossidela	2500
tossido	2500
tossiquento	2500
tossir	2500
tostadeira	2500
tosta-mista	2500
tostas-mistas	2500
tostadela	2500
tostadura	2500
tosta	2500
tostão	2500
tostar	2500
toste	2500
total	2500
totalidade	2500
totalista	2500
totalitário	2500
totalitarismo	2500
totalizador	2500
totalizar	2500
totémico	2500
totem	2500
totobola	2500
totoloto	2500
toucado	2500
toucador	2500
touca	2500
toucar	2500
toucinho	2500
toupeira	2500
tourada	2500
toura	2500
toureador	2500
tourear	2500
toureio	2500
toureiro	2500
tourinha	2500
touro	2500
toutiço	2500
toxicidade	2500
toxicodependência	2500
toxicodependente	2500
tóxico	2500
toxicologia	2500
toxicomania	2500
toxicose	2500
toxidade	2500
toxina	2500
trabalhadeira	2500
trabalhador	2500
trabalhão	2500
trabalhar	2500
trabalheira	2500
trabalhismo	2500
trabalhista	2500
trabalhoso	2500
traçado	2500
traça	2500
traçar	2500
tração	2500
tracejar	2500
traço	2500
tratorista	2500
trator	2500
tradição	2500
tradicional	2500
tradicionalidade	2500
tradicionalismo	2500
tradicionalista	2500
tradução	2500
tradutor	2500
traduzir	2500
tráfego	2500
traficância	2500
traficante	2500
traficar	2500
tráfico	2500
trafulha	2500
trafulhice	2500
tragada	2500
tragar	2500
tragédia	2500
trágico	2500
trágico-marítimo	2500
tragicomédia	2500
tragicómico	2500
trago	2500
traiçoeiro	2500
traidor	2500
traineira	2500
trair	2500
trajar	2500
trajeto	2500
trajetor	2500
trajetória	2500
traje	2500
trajo	2500
tralhar	2500
trama	2500
tramar	2500
trambolhada	2500
trambolhão	2500
trambolhar	2500
trambolho	2500
tramela	2500
tramitação	2500
trâmite	2500
tramoia	2500
trampa	2500
trampolim	2500
tramposo	2500
trancada	2500
trançadeira	2500
tranca	2500
trança	2500
trançar	2500
trancar	2500
tranche	2500
tranqueta	2500
tranquilidade	2500
tranquilizador	2500
tranquilizante	2500
tranquilizar	2500
tranquilo	2500
transação	2500
transacional	2500
transacionar	2500
transato	2500
transator	2500
transalpino	2500
transatlântico	2500
transbordante	2500
transbordar	2500
transbordo	2500
transcendência	2500
transcendental	2500
transcendentalidade	2500
transcendentalizar	2500
transcendente	2500
transcender	2500
transcetor	2500
transcontinental	2500
transcorrer	2500
transcrever	2500
transcrição	2500
transcrito	2500
transcritor	2500
transdutor	2500
transe	2500
transeunte	2500
transexual	2500
transferência	2500
transferidor	2500
transferir	2500
transfigurador	2500
transfigurar	2500
transformação	2500
transformacional	2500
transformada	2500
transformador	2500
transformante	2500
transformar	2500
transformativo	2500
transforme	2500
transformismo	2500
transformista	2500
transfronteiras	2500
transfronteiriço	2500
transfusão	2500
transgénico	2500
transgredir	2500
transgressão	2500
transgressivo	2500
transgressor	2500
transiberiano	2500
transição	2500
transigência	2500
transigente	2500
transigir	2500
transístor	2500
transitabilidade	2500
transitário	2500
transitar	2500
transitivar	2500
transitivo	2500
trânsito	2500
transitoriedade	2500
transitório	2500
transjordânico	2500
transjordano	2500
translação	2500
transladar	2500
translinear	2500
translucidar	2500
translúcido	2500
transmissão	2500
transmissibilidade	2500
transmissível	2500
transmissivo	2500
transmissor	2500
transmissório	2500
transmitir	2500
transmontano	2500
transmudar	2500
transmutabilidade	2500
transmutador	2500
transmutar	2500
transmutativo	2500
transnavegar	2500
transnacional	2500
transoceânico	2500
transparecer	2500
transparência	2500
transparentar	2500
transparente	2500
transpirar	2500
transpiratório	2500
transplantação	2500
transplantador	2500
transplantar	2500
transplantatório	2500
transplante	2500
transponível	2500
transportador	2500
transportar	2500
transporte	2500
transpor	2500
transposição	2500
transpositivo	2500
transpositor	2500
transposto	2500
transtornar	2500
transtorno	2500
transubstancial	2500
transubstanciar	2500
transudação	2500
transumano	2500
transumância	2500
transuraniano	2500
transversal	2500
transversalidade	2500
transversão	2500
transverso	2500
transviar	2500
transvio	2500
trapaça	2500
trapaçaria	2500
trapacear	2500
trapaceiro	2500
trapacento	2500
trapacice	2500
trapalhada	2500
trapalhão	2500
trapalhice	2500
trapeiro	2500
trapézio	2500
trapezista	2500
trapezoédrico	2500
trapezoidal	2500
trapezoide	2500
trapista	2500
trapo	2500
traqueado	2500
traqueados	2500
traqueal	2500
traqueia	2500
traquejo	2500
traquete	2500
traquinada	2500
traquina	2500
traquinar	2500
traquinas	2500
traquinice	2500
trás	2500
traseira	2500
traseiro	2500
trasladar	2500
trasmontanismo	2500
trasmontano	2500
trasmontar	2500
trastaria	2500
traste	2500
tratadeira	2500
tratado	2500
tratador	2500
tratantear	2500
tratante	2500
tratantice	2500
tratar	2500
trato	2500
tratos	2500
traulitada	2500
trauliteiro	2500
traulito	2500
trauma	2500
traumático	2500
traumatismo	2500
traumatizar	2500
traumatologia	2500
trautear	2500
travada	2500
travador	2500
travadouro	2500
travadura	2500
travagem	2500
trava	2500
trava-língua	2500
travão	2500
travar	2500
travejar	2500
trave	2500
través	2500
travessão	2500
travessar	2500
travesseira	2500
travesseiro	2500
travessia	2500
travesso	2500
travessura	2500
travesti	2500
travestismo	2500
travo	2500
travor	2500
travoso	2500
trazedeiro	2500
trazedor	2500
trazer	2500
trazida	2500
trecho	2500
trégua	2500
treinador	2500
treinar	2500
treino	2500
trejeito	2500
trela	2500
trema	2500
tremar	2500
tremedoiro	2500
tremedouro	2500
tremedura	2500
tremelica	2500
tremelicar	2500
tremelicas	2500
tremelique	2500
tremeliquento	2500
tremeluzir	2500
tremenda	2500
tremendo	2500
tremer	2500
trem	2500
tremoçada	2500
tremoçal	2500
tremoço	2500
tremor	2500
tremulante	2500
tremular	2500
trémulo	2500
tremuloso	2500
tremura	2500
trenó	2500
trengo	2500
trepada	2500
trepadeira	2500
trepadoiro	2500
trepador	2500
trepadouro	2500
trepa	2500
trepante	2500
trepar	2500
trepidante	2500
trepidar	2500
trépido	2500
treplicar	2500
tresandar	2500
tresloucar	2500
tresmalhar	2500
tresmalho	2500
tresnoitar	2500
trespassar	2500
trespasse	2500
trespor	2500
treta	2500
tretas	2500
treteiro	2500
treva	2500
trevas	2500
trevo	2500
trezénio	2500
trezentos	2500
tríada	2500
tríade	2500
triagem	2500
triangular	2500
triangularidade	2500
triângulo	2500
triar	2500
triásico	2500
triatómico	2500
tribal	2500
tribalismo	2500
tribo	2500
tribulação	2500
tribunal	2500
tribuna	2500
tribuno	2500
tributário	2500
tributar	2500
tributo	2500
tricentenário	2500
tricentésimo	2500
triciclo	2500
tricolor	2500
tricô	2500
tricórnio	2500
tricotar	2500
tricotomia	2500
tridentado	2500
tridente	2500
tridimensional	2500
triedro	2500
trienal	2500
triénio	2500
trifásico	2500
trigal	2500
trigémeo	2500
trigésimo	2500
trigonal	2500
trigo	2500
trigonometria	2500
trigonométrico	2500
trigoso	2500
trigrama	2500
trigueira	2500
trigueiro	2500
trilateral	2500
trilátero	2500
trilhadela	2500
trilhadura	2500
trilhar	2500
trilho	2500
trilião	2500
trilingue	2500
trilobado	2500
trilobite	2500
trilogia	2500
trimensal	2500
trimestral	2500
trimestralidade	2500
trimestre	2500
trinar	2500
trincadeira	2500
trincadela	2500
trinca	2500
trincar	2500
trincha	2500
trinchante	2500
trinchar	2500
trincheira	2500
trincho	2500
trinco	2500
trindade	2500
trinitário	2500
trino	2500
trinta	2500
trintão	2500
trintena	2500
trintona	2500
trio	2500
tripa	2500
tripartir	2500
tripeirada	2500
tripeiro	2500
tripé	2500
triplano	2500
triplicado	2500
triplicar	2500
tríplice	2500
triplicidade	2500
triplo	2500
tripudiar	2500
tripulação	2500
tripulante	2500
tripular	2500
trisavó	2500
trisavô	2500
trissemanal	2500
trissemanário	2500
trissemestral	2500
triste	2500
tristeza	2500
tristonho	2500
tristura	2500
tritão	2500
triturador	2500
triturar	2500
triunfal	2500
triunfante	2500
triunfar	2500
triunfo	2500
triunvirato	2500
trivalência	2500
trivalente	2500
trivial	2500
trivialidade	2500
trivializar	2500
triz	2500
troada	2500
troante	2500
troar	2500
trocadilhar	2500
trocadilho	2500
trocados	2500
troça	2500
troca	2500
troçar	2500
trocar	2500
trocista	2500
troço	2500
troco	2500
trofense	2500
troféu	2500
trófico	2500
troglodita	2500
troglodítico	2500
troiano	2500
trólei	2500
trolha	2500
trombada	2500
tromba	2500
trombetada	2500
trombeta	2500
trombetão	2500
trombeteiro	2500
trombone	2500
trombo	2500
trombose	2500
trombudo	2500
trompa	2500
trompete	2500
troncal	2500
tronchuda	2500
tronco	2500
troncudo	2500
trono	2500
tropa	2500
tropeção	2500
tropeçar	2500
tropecilho	2500
tropeço	2500
tropeçudo	2500
trôpego	2500
tropelia	2500
tropel	2500
tropical	2500
tropicalista	2500
trópico	2500
tropismo	2500
troposfera	2500
troque	2500
trotada	2500
trotador	2500
trotar	2500
trotear	2500
trote	2500
trotineta	2500
trouxa	2500
trovadoresco	2500
trovador	2500
trovão	2500
trovar	2500
trovejante	2500
trovejar	2500
troviscar	2500
trovisco	2500
trovoada	2500
trovoar	2500
trovoso	2500
trucidante	2500
trucidar	2500
truculência	2500
truculento	2500
trufa	2500
trufar	2500
trufeira	2500
trufeiro	2500
truncar	2500
truncatura	2500
trunfada	2500
trunfa	2500
trunfar	2500
trunfo	2500
trupe	2500
truque	2500
truta	2500
trutífero	2500
truz	2500
truz-truz	2500
tsé-tsé	2500
tuaregue	2500
tuba	2500
tubarão	2500
tuberculização	2500
tuberculizável	2500
tubérculo	2500
tuberculose	2500
tuberculosidade	2500
tuberculoso	2500
tubular	2500
tubuloso	2500
tucano	2500
tudo-nada	2500
tufão	2500
tufar	2500
tufo	2500
tugido	2500
tugir	2500
tugúrio	2500
tule	2500
tulipáceo	2500
túlipa	2500
tulipa	2500
tumba	2500
tumefação	2500
tum	2500
tumor	2500
tumular	2500
túmulo	2500
tumulto	2500
tumultuante	2500
tumultuar	2500
tumultuoso	2500
tumoral	2500
tuna	2500
tundra	2500
tungsténico	2500
tungsténio	2500
túnica	2500
tunisino	2500
tuplo	2500
turbador	2500
turba	2500
turbante	2500
turbar	2500
turbativo	2500
turbilhão	2500
turbina	2500
turbinoso	2500
turbo	2500
turborreator	2500
turbulência	2500
turbulento	2500
turco	2500
turfa	2500
turfeira	2500
turismo	2500
turista	2500
turístico	2500
turmalina	2500
turma	2500
turné	2500
turno	2500
turquês	2500
turquesa	2500
turra	2500
turvar	2500
turvo	2500
tuta-e-meia	2500
tutano	2500
tutelagem	2500
tutela	2500
tutelar	2500
tutorar	2500
tutorial	2500
tutoria	2500
tutório	2500
tutor	2500
tutu	2500
ubiquidade	2500
ubíquo	2500
ucraniano	2500
ucronia	2500
ufa	2500
ugandês	2500
ui	2500
uísque	2500
uivada	2500
uivar	2500
uivo	2500
ulceração	2500
úlcera	2500
ulcerar	2500
ulcerativo	2500
ulceroso	2500
ulmeira	2500
ulmeiro	2500
ulterior	2500
ulterioridade	2500
ultimador	2500
ultimamente	2500
ultimar	2500
ultimato	2500
ultrajado	2500
ultrajante	2500
ultrajar	2500
ultraje	2500
ultrajoso	2500
ultraliberal	2500
ultraliberalismo	2500
ultramarino	2500
ultramar	2500
ultramicroscópico	2500
ultramodernismo	2500
ultramoderno	2500
ultranacionalista	2500
ultrapassagem	2500
ultrapassar	2500
ultrapassável	2500
ultra	2500
ultrarradical	2500
ultrarrealismo	2500
ultrarrealista	2500
ultrarromântico	2500
ultrarromantismo	2500
ultrassensível	2500
ultrassom	2500
ultrassónico	2500
ultravioleta	2500
ululante	2500
ulular	2500
umbigo	2500
umbilicado	2500
umbilical	2500
umbral	2500
úmero	2500
unânime	2500
unanimemente	2500
unanimidade	2500
unário	2500
unção	2500
undécimo	2500
undécuplo	2500
ungir	2500
unguento	2500
unhada	2500
unha	2500
unhar	2500
união	2500
unicamente	2500
unicarpelar	2500
unicelular	2500
unicidade	2500
único	2500
unicolor	2500
unicórnio	2500
unidirecional	2500
unifamiliar	2500
unificador	2500
unificar	2500
uniforme	2500
uniformidade	2500
uniformizador	2500
uniformizar	2500
unilateral	2500
unilocular	2500
uninominal	2500
unionista	2500
unipolar	2500
unir	2500
unissexuado	2500
unissexual	2500
unissexualidade	2500
unissexualismo	2500
uníssono	2500
unitário	2500
unitarismo	2500
unitarista	2500
unitivo	2500
univalência	2500
univalente	2500
univalve	2500
universal	2500
universalidade	2500
universalismo	2500
universalista	2500
universalizar	2500
universidade	2500
universitário	2500
universo	2500
univocamente	2500
unívoco	2500
uno	2500
untadela	2500
untadura	2500
untar	2500
untuosidade	2500
untuoso	2500
upa	2500
urânico	2500
urânio	2500
uranometria	2500
urbanidade	2500
urbanismo	2500
urbanista	2500
urbanístico	2500
urbanizar	2500
urbano	2500
urbe	2500
urdideira	2500
urdidura	2500
urdir	2500
ureia	2500
uréter	2500
ureteral	2500
uretra	2500
urgência	2500
urgir	2500
úrico	2500
urina	2500
urinário	2500
urinar	2500
urinol	2500
urinoso	2500
urna	2500
urogenital	2500
urologia	2500
urrar	2500
urro	2500
ursino	2500
urso	2500
urticante	2500
urticária	2500
urtigada	2500
urtigal	2500
urtiga	2500
urtigão	2500
urtigar	2500
urubu	2500
uruguaio	2500
urzal	2500
urze	2500
usabilidade	2500
useiro	2500
usina	2500
usineiro	2500
uso	2500
usual	2500
usuário	2500
usufruir	2500
usufruto	2500
usufrutuário	2500
usufrutuar	2500
usura	2500
usurário	2500
usurpação	2500
usurpar	2500
usurpatório	2500
utensilagem	2500
utensílio	2500
utente	2500
uterino	2500
útero	2500
útil	2500
utilidade	2500
utilitário	2500
utilitarismo	2500
utilitarista	2500
utilizar	2500
utopia	2500
utópico	2500
utopismo	2500
utopista	2500
uvaça	2500
uval	2500
uva	2500
usbeque	2500
vacação	2500
vacada	2500
vaca-fria	2500
vacância	2500
vaca	2500
vacante	2500
vacaria	2500
vacilante	2500
vacilar	2500
vacilatório	2500
vacinador	2500
vacina	2500
vacinar	2500
vacuidade	2500
vacúolo	2500
vácuo	2500
vadiagem	2500
vadiar	2500
vadiice	2500
vadio	2500
vagabundagem	2500
vagabundar	2500
vagabundear	2500
vagabundo	2500
vagalhão	2500
vagância	2500
vaga	2500
vaga-lume	2500
vagão-cama	2500
vagão	2500
vagão-restaurante	2500
vagarento	2500
vagareza	2500
vagar	2500
vagaroso	2500
vagem	2500
vagido	2500
vaginal	2500
vagina	2500
vaginismo	2500
vaginite	2500
vago	2500
vagoneta	2500
vagonete	2500
vaguear	2500
vagueza	2500
vá	2500
vaia	2500
vaiar	2500
vaidade	2500
vaidoso	2500
vaivém	2500
valada	2500
valado	2500
valador	2500
vala	2500
valar	2500
valdense	2500
valenciana	2500
valência	2500
valenciano	2500
vale	2500
valentaço	2500
valentão	2500
valente	2500
valentia	2500
valeroso	2500
valer	2500
valeta	2500
valete	2500
valia	2500
validação	2500
validade	2500
validamente	2500
validar	2500
válido	2500
valioso	2500
valongueiro	2500
valoração	2500
valorar	2500
valorativo	2500
valorizar	2500
valorosidade	2500
valoroso	2500
valpacense	2500
valquíria	2500
valsa	2500
valsar	2500
valva	2500
valvar	2500
válvula	2500
valvular	2500
vampiresa	2500
vampírico	2500
vampirino	2500
vampirizar	2500
vampiro	2500
vandalismo	2500
vândalo	2500
vanglória	2500
vangloriar	2500
vanglorioso	2500
vanguarda	2500
vanguardear	2500
vanguardeiro	2500
vanidade	2500
vanilina	2500
vaníssimo	2500
vantagem	2500
vantajoso	2500
vaporada	2500
vaporar	2500
vaporífero	2500
vaporizador	2500
vaporizar	2500
vapor	2500
vaporoso	2500
vaqueiro	2500
varada	2500
varadoiro	2500
varadouro	2500
varal	2500
varanda	2500
varandim	2500
vara	2500
varão	2500
varapau	2500
varar	2500
vareiro	2500
varejadura	2500
vareja	2500
varejão	2500
varejar	2500
varejeira	2500
varejo	2500
varela	2500
vareta	2500
variabilidade	2500
variação	2500
variado	2500
vária	2500
variância	2500
variante	2500
variar	2500
varicela	2500
varicoso	2500
variedade	2500
variegado	2500
varinha	2500
varino	2500
vário	2500
variolado	2500
varíola	2500
varioloso	2500
variz	2500
varonia	2500
varonil	2500
varredela	2500
varredoira	2500
varredoiro	2500
varredor	2500
varredoura	2500
varredouro	2500
varredura	2500
varrer	2500
varsoviano	2500
várzea	2500
vasa	2500
vascular	2500
vascularidade	2500
vascularização	2500
vasculhadeira	2500
vasculhar	2500
vasculoso	2500
vasectomia	2500
vaselina	2500
vasilhame	2500
vasilha	2500
vasodilatação	2500
vasodilatador	2500
vasomotor	2500
vaso	2500
vasotomia	2500
vassalagem	2500
vassalo	2500
vassoirada	2500
vassoira	2500
vassoirar	2500
vassourada	2500
vassoura	2500
vassourar	2500
vasteza	2500
vastidão	2500
vasto	2500
vaticinador	2500
vaticinante	2500
vaticinar	2500
vaticínio	2500
vau	2500
vazadoiro	2500
vazador	2500
vazadouro	2500
vazadura	2500
vazante	2500
vazão	2500
vazar	2500
vaziar	2500
vazio	2500
veado	2500
vetor	2500
vetorial	2500
veda	2500
vedante	2500
vedar	2500
vedeta	2500
védico	2500
veemência	2500
veemente	2500
vegetabilidade	2500
vegetabilismo	2500
vegetal	2500
vegetariano	2500
vegetar	2500
vegetativo	2500
veia	2500
velcro	2500
veicular	2500
veículo	2500
veiga	2500
veio	2500
veladamente	2500
veladura	2500
vela	2500
velar	2500
veleidade	2500
veleiro	2500
velejar	2500
velhacada	2500
velhacão	2500
velhacaria	2500
velhaco	2500
velhada	2500
velha	2500
velhão	2500
velhaquear	2500
velharia	2500
velhice	2500
velho	2500
velhorro	2500
velhote	2500
velinha	2500
velocidade	2500
velocímetro	2500
velocípede	2500
velocipedismo	2500
velocipedista	2500
velocista	2500
velório	2500
veloz	2500
veludo	2500
veludoso	2500
vencedor	2500
vencer	2500
vencibilidade	2500
vencida	2500
vendagem	2500
venda	2500
vendar	2500
vendaval	2500
vendedoiro	2500
vendedouro	2500
vendeiro	2500
vender	2500
vendilhão	2500
veneno	2500
venenosidade	2500
venenoso	2500
venerabilidade	2500
venerador	2500
venerar	2500
venéreo	2500
veneziano	2500
venezuelano	2500
venial	2500
venialidade	2500
vénia	2500
vê	2500
venosidade	2500
venoso	2500
venta	2500
ventania	2500
ventar	2500
ventilante	2500
ventilar	2500
ventilativo	2500
ventoinha	2500
vento	2500
ventosa	2500
ventosidade	2500
ventoso	2500
ventral	2500
ventre	2500
ventricular	2500
ventrículo	2500
ventriloquia	2500
ventriloquismo	2500
ventríloquo	2500
ventura	2500
venturoso	2500
venusiano	2500
veracidade	2500
veracíssimo	2500
veraneante	2500
veranear	2500
veraneio	2500
verbal	2500
verbalismo	2500
verbalista	2500
verbalizar	2500
verba	2500
verberar	2500
verbete	2500
verbo	2500
verborreia	2500
verborreico	2500
verbosidade	2500
verboso	2500
verdadeiro	2500
verdade	2500
verdadíssima	2500
verde-alface	2500
verde-claro	2500
verde-escuro	2500
verde-esmeralda	2500
verde-garrafa	2500
verde	2500
verdejância	2500
verdejante	2500
verdejar	2500
verdete	2500
verdoso	2500
verdote	2500
verdugo	2500
verdume	2500
verdura	2500
vereador	2500
verear	2500
vereda	2500
veredicto	2500
veredito	2500
vergadiço	2500
vergadura	2500
verga	2500
vergão	2500
vergar	2500
vergastada	2500
vergasta	2500
vergastão	2500
vergastar	2500
vergonhaça	2500
vergonhaço	2500
vergonha	2500
vergonhoso	2500
veridicidade	2500
verídico	2500
verificação	2500
verificador	2500
verificativo	2500
vermelhaço	2500
vermelhão	2500
vermelhecer	2500
vermelhidão	2500
vermelho	2500
vermelho-púrpura	2500
vermelhuço	2500
vermelhusco	2500
verme	2500
vermicular	2500
vermiforme	2500
vermute	2500
vernaculizar	2500
vernáculo	2500
verniz	2500
verónica	2500
verosímil	2500
verosimilhança	2500
verosimilhante	2500
verossímil	2500
verruga	2500
verrugoso	2500
verruguento	2500
verrumar	2500
versão	2500
versar	2500
versáteis	2500
versátil	2500
versatilidade	2500
vesical	2500
versicolor	2500
versículo	2500
versífero	2500
versificador	2500
versificar	2500
versilibrismo	2500
verso	2500
vertebrado	2500
vertebrados	2500
vertebral	2500
vertebralidade	2500
vértebra	2500
vertedouro	2500
vertedura	2500
vertente	2500
verter	2500
vertical	2500
verticalidade	2500
verticalizar	2500
vértice	2500
verticilastro	2500
verticilo	2500
vertigem	2500
vertiginoso	2500
vesgo	2500
vesguear	2500
vesícula	2500
vesicular	2500
vesiculoso	2500
vespa	2500
vespão	2500
vespeiro	2500
vesperal	2500
véspera	2500
vespertino	2500
vestalidade	2500
vestal	2500
veste	2500
vestiário	2500
vestibular	2500
vestíbulo	2500
vestidura	2500
vestígio	2500
vestimenta	2500
vestimenteiro	2500
vestir	2500
vestuário	2500
vesuviano	2500
vetar	2500
veteranice	2500
veterano	2500
veterinária	2500
veterinário	2500
veto	2500
vetusto	2500
véu	2500
vexame	2500
vexante	2500
vexar	2500
vexativo	2500
vexatório	2500
vezeiro	2500
viabilidade	2500
viabilizar	2500
viação	2500
viaduto	2500
via-férrea	2500
viagem	2500
viajada	2500
viajante	2500
viajar	2500
vianda	2500
vianense	2500
vianês	2500
viário	2500
via-sacra	2500
viatura	2500
viável	2500
víbora	2500
vibração	2500
vibrador	2500
vibrante	2500
vibrar	2500
vibrátil	2500
vibratilidade	2500
vibratório	2500
vicariato	2500
vicentino	2500
vicentista	2500
vice	2500
vice-versa	2500
viciar	2500
vício	2500
vicioso	2500
vicissitude	2500
viço	2500
viçoso	2500
vicunha	2500
vida	2500
videira	2500
vidência	2500
vide	2500
vidente	2500
videocassete	2500
videoconferência	2500
videogravador	2500
videojogo	2500
vídeo	2500
vidraça	2500
vidraçaria	2500
vidraceiro	2500
vidracento	2500
vidrador	2500
vidragem	2500
vidrão	2500
vidraria	2500
vidrar	2500
vidreiro	2500
vidrento	2500
vidro	2500
vieira	2500
viela	2500
vienense	2500
viés	2500
vietnamita	2500
vigamento	2500
vigararia	2500
vigarice	2500
vigário	2500
vigarismo	2500
vigarista	2500
vigarizar	2500
vigência	2500
vigente	2500
vigésimo	2500
vigia	2500
vigiante	2500
vigiar	2500
vigilância	2500
vigilante	2500
vigília	2500
vigorante	2500
vigorar	2500
vigor	2500
vigoroso	2500
vila-condense	2500
vila-franquense	2500
vilanagem	2500
vila	2500
vila-novense	2500
vilão	2500
vila-realense	2500
vilarejo	2500
vileza	2500
vil	2500
vilipendiado	2500
vilosidade	2500
vimaranense	2500
vimeiro	2500
vime	2500
vináceo	2500
vinagrar	2500
vinagreira	2500
vinagreiro	2500
vinagre	2500
vinagrento	2500
vincar	2500
vinco	2500
vinculador	2500
vincular	2500
vinculativo	2500
vinculatório	2500
vínculo	2500
vindimadeiro	2500
vindimador	2500
vindimadura	2500
vindimal	2500
vindima	2500
vindimar	2500
vindoiro	2500
vindouro	2500
vingança	2500
vingar	2500
vingativo	2500
vinhaça	2500
vinhal	2500
vinha	2500
vinhão	2500
vinhataria	2500
vinhedo	2500
vinheta	2500
vinho	2500
vinhote	2500
vínico	2500
vinicultura	2500
vinífero	2500
vinificar	2500
vinil	2500
vinolência	2500
vinolento	2500
vinoso	2500
vintavo	2500
vintém	2500
vintena	2500
vinténio	2500
violabilidade	2500
violáceo	2500
violal	2500
viola	2500
violão	2500
violar	2500
violatório	2500
violeiro	2500
violência	2500
violentador	2500
violentar	2500
violento	2500
violeta	2500
violino	2500
violista	2500
violoncelista	2500
violoncelo	2500
violonista	2500
víquingue	2500
vira-casaca	2500
virada	2500
viradela	2500
virador	2500
viragem	2500
vira	2500
viral	2500
virar	2500
viravolta	2500
viravoltar	2500
virgem	2500
virginal	2500
virginalizar	2500
virgindade	2500
vírgula	2500
virgular	2500
viril	2500
virilha	2500
virilismo	2500
virilizar	2500
vírico	2500
virologia	2500
virose	2500
viroso	2500
virote	2500
virtual	2500
virtude	2500
virtuoso	2500
virulência	2500
virulento	2500
vírus	2500
vir	2500
visada	2500
visão	2500
visar	2500
visceral	2500
víscera	2500
visceroso	2500
viscondado	2500
visconde	2500
viscondizar	2500
visco	2500
viscoso	2500
viseense	2500
viseira	2500
visigodo	2500
visigótico	2500
visionário	2500
visionar	2500
visitador	2500
visita	2500
visitante	2500
visitar	2500
visiteiro	2500
visível	2500
vislumbrar	2500
vislumbre	2500
visonha	2500
viso	2500
visor	2500
vista	2500
vistão	2500
visto	2500
vistoria	2500
vistoriar	2500
vistoso	2500
visual	2500
visualizar	2500
vital	2500
vitalício	2500
vitalismo	2500
vitalista	2500
vitalizador	2500
vitalizante	2500
vitalizar	2500
vitamina	2500
vitaminar	2500
vitaminizar	2500
vitaminose	2500
vitela	2500
viteleiro	2500
vitelina	2500
vitelino	2500
vitelo	2500
viticultura	2500
vítima	2500
vitimar	2500
vitivinicultura	2500
vitória	2500
vitoriano	2500
vitoriar	2500
vitoriense	2500
vitorioso	2500
vitral	2500
vítreo	2500
vitrificar	2500
vitrina	2500
vitrine	2500
viúva-alegre	2500
viuvar	2500
viuvez	2500
viuvinha	2500
viúvo	2500
vivacíssimo	2500
vivaço	2500
viva	2500
vivalma	2500
vivaz	2500
vivedor	2500
vivedouro	2500
viveiro	2500
vivencial	2500
vivenciar	2500
vivência	2500
vivenda	2500
vivente	2500
víveres	2500
viver	2500
viveza	2500
vivificador	2500
vivificante	2500
vivificar	2500
vivificativo	2500
viviparidade	2500
viviparismo	2500
vivíparo	2500
vivo	2500
vizindade	2500
vizinhança	2500
vizinhante	2500
vizinhar	2500
vizinho	2500
vizirado	2500
vizirato	2500
vizir	2500
voador	2500
voadura	2500
voante	2500
voar	2500
vocabular	2500
vocabulário	2500
vocabulizar	2500
vocábulo	2500
vocação	2500
vocacionado	2500
vocacional	2500
vocal	2500
vocálico	2500
vocalismo	2500
vocalista	2500
vocalizador	2500
vocalizar	2500
vocativo	2500
vociferador	2500
vociferante	2500
vociferar	2500
vodca	2500
voejante	2500
voejar	2500
vogal	2500
voga	2500
vogar	2500
volante	2500
volátil	2500
volatilidade	2500
volatilizante	2500
volatilizar	2500
vólei	2500
voleibol	2500
volfrâmio	2500
volframista	2500
voltagem	2500
voltaico	2500
voltairianismo	2500
voltairiano	2500
volt-ampere	2500
volta	2500
voltar	2500
voltímetro	2500
volt	2500
voltear	2500
volumaço	2500
volumão	2500
volumar	2500
volumetria	2500
volúmico	2500
volumoso	2500
voluntariado	2500
voluntariar	2500
voluntariedade	2500
voluntário	2500
voluntarioso	2500
voluntarismo	2500
voluntarista	2500
volúpia	2500
voluptuoso	2500
volúvel	2500
volver	2500
vomitar	2500
vomitivo	2500
vómito	2500
vontade	2500
voo	2500
voragem	2500
voraz	2500
vórtice	2500
vosmecê	2500
vossemecê	2500
votação	2500
votante	2500
votar	2500
voto	2500
vovó	2500
vovô	2500
vozearia	2500
vozeirão	2500
voz	2500
vulcâneo	2500
vulcanicidade	2500
vulcânico	2500
vulcanismo	2500
vulcanizar	2500
vulcanologia	2500
vulcão	2500
vulgar	2500
vulgarizar	2500
vulgo	2500
vulnerabilidade	2500
vulnerável	2500
vulto	2500
vultoso	2500
vultuosidade	2500
vultuoso	2500
vulva	2500
vuvuzela	2500
wagneriano	2500
washingtoniano	2500
watt-hora	2500
watt	2500
x-ato	2500
xadrezista	2500
xadrez	2500
xaile	2500
xale	2500
xamã	2500
xamanismo	2500
xá	2500
xaropada	2500
xaropar	2500
xarope	2500
xaroposo	2500
xelim	2500
xenofobia	2500
xénon	2500
xeque-mate	2500
xeque	2500
xereta	2500
xeretar	2500
xerez	2500
xerifado	2500
xerife	2500
xerografia	2500
xexé	2500
xícara	2500
xiismo	2500
xiita	2500
xileno	2500
xilofone	2500
xilografia	2500
xingar	2500
xintoísmo	2500
xintoísta	2500
xis	2500
xistoide	2500
xisto	2500
xistosidade	2500
xistoso	2500
xivaísmo	2500
xixi	2500
xô	2500
yuan	2500
zairense	2500
zambiano	2500
zambujal	2500
zambujeiro	2500
zanga	2500
zângão	2500
zangão	2500
zangar	2500
zaragata	2500
zaragatear	2500
zaragateiro	2500
zaragatoa	2500
zarolhice	2500
zarolho	2500
zarpar	2500
zarzuela	2500
zás	2500
zás-trás	2500
zebral	2500
zebra	2500
zebrar	2500
zebrino	2500
zebroide	2500
zebu	2500
zéfiro	2500
zé	2500
zelante	2500
zelar	2500
zelo	2500
zeloso	2500
zelote	2500
zé-ninguém	2500
zenital	2500
zénite	2500
zê	2500
zepelim	2500
zé-pereira	2500
zé-povinho	2500
zeugma	2500
zeugmático	2500
ziguezaguear	2500
ziguezague	2500
zimbabweano	2500
zimbro	2500
zincar	2500
zinco	2500
zínia	2500
zircão	2500
zircónio	2500
zoar	2500
zodiacal	2500
zodíaco	2500
zomba	2500
zombaria	2500
zombar	2500
zombeirão	2500
zombeteiro	2500
zonal	2500
zona	2500
zonzear	2500
zonzo	2500
zoolatria	2500
zoologia	2500
zoológico	2500
zoo	2500
zorro	2500
zuarte	2500
zulo	2500
zumba	2500
zumbido	2500
zumbir	2500
zunido	2500
zunzum	2500
zurrada	2500
zurrapa	2500
zurraria	2500
zurrar	2500
zurro	2500
zurzidela	2500
zurzir	2500
ADSL	2500
ASCII	2500
aplicacional	2500
Apple	2500
Assembler	2500
backup	2500
BASIC	2500
bit	2500
Bluetooth	2500
browser	2500
browsers	2500
bug	2500
byte	2500
CAD	2500
CAM	2500
CD-ROM	2500
chip	2500
ciberataque	2500
cibercafé	2500
cibercultura	2500
ciberterrorista	2500
cibernauta	2500
Cobol	2500
copyright	2500
CVS	2500
download	2500
drive	2500
driver	2500
e-mail	2500
e-mails	2500
emails	2500
escalável	2500
Ethernet	2500
Firefox	2500
Fortran	2500
freeware	2500
fuzzy	2500
gadget	2500
gadgets	2500
Google	2500
hacker	2500
hackers	2500
hardware	2500
hiperligação	2500
HTTP	2500
HTML	2500
IBM	2500
input	2500
Intel	2500
Java	2500
LaTeX	2500
link	2500
links	2500
Linux	2500
LISP	2500
Macintosh	2500
Mac	2500
macro	2500
mainframe	2500
Microsoft	2500
modem	2500
Moodle	2500
Mozilla	2500
MS-DOS	2500
negrito	2500
OpenOffice	2500
online	2500
on-line	2500
output	2500
overflow	2500
renderizar	2500
password	2500
PC	2500
PDF	2500
Perl	2500
pen	2500
pipeline	2500
pixel	2500
pixeis	2500
plotter	2500
Postscript	2500
Prolog	2500
pseudocódigo	2500
roteamento	2500
roteador	2500
RAM	2500
ROM	2500
scanner	2500
sequenciamento	2500
SGML	2500
shell	2500
shareware	2500
site	2500
socket	2500
software	2500
SQL	2500
spam	2500
string	2500
supercomputador	2500
SVN	2500
Thunderbird	2500
Unix	2500
URL	2500
USB	2500
VDM	2500
virtualização	2500
webmaster	2500
webmasters	2500
web	2500
wifi	2500
Windows	2500
wireless	2500
WWW	2500
XP	2500
XML	2500
XHTML	2500
Aachen	2500
Aalborg	2500
Aarhus	2500
Abecassis	2500
Abel	2500
Abílio	2500
Abissínia	2500
Aboim	2500
Abraão	2500
Abraham	2500
Abrams	2500
Abrantes	2500
Abreu	2500
Abu	2500
Acácio	2500
Açores	2500
Adalberto	2500
Adams	2500
Adão	2500
Adelaide	2500
Adelina	2500
Adélia	2500
Adelino	2500
Adelson	2500
Adérito	2500
Adolfo	2500
Adriana	2500
Adriano	2500
Afeganistão	2500
Afonso	2500
África	2500
Afrodite	2500
Agostinho	2500
Agostinhos	2500
Agra	2500
Agraço	2500
Águeda	2500
Aguiar	2500
Aida	2500
Aires	2500
Aix-en-Provence	2500
Aix-la-Chapelle	2500
Ájax	2500
Alandroal	2500
Alá	2500
Alarico	2500
Alasca	2500
Albânia	2500
Albergaria-a-Nova	2500
Albergaria-a-Velha	2500
Albertina	2500
Albertino	2500
Albert	2500
Alberto	2500
Albuquerque	2500
Alcanena	2500
Alcântara	2500
Alcino	2500
Alcinos	2500
Alcobaça	2500
Alcochete	2500
Alcoforado	2500
Alcorão	2500
Alcoutim	2500
Aldora	2500
Álea	2500
Aleixo	2500
Alemanha	2500
Alencar	2500
Alenquer	2500
Alentejo	2500
Alexandra	2500
Alexandre	2500
Alexandria	2500
Alfragide	2500
Alfredo	2500
Algarves	2500
Algarve	2500
Algés	2500
Algodres	2500
Alhambra	2500
Alhandra	2500
Alicante	2500
Alice	2500
Alijó	2500
Alípio	2500
Aljezur	2500
Aljubarrota	2500
Aljustrel	2500
Allen	2500
Almada	2500
Almançor	2500
Almeida	2500
Almeirim	2500
Almodôvar	2500
Almortão	2500
Alpes	2500
Alpiarça	2500
Alportel	2500
Alqueva	2500
Alsácia	2500
Aluísio	2500
Alvaiázere	2500
Alvalade	2500
Álvares	2500
Álvaro	2500
Alverca	2500
Alves	2500
Alvim	2500
Alvito	2500
Alzira	2500
Amadeu	2500
Amadeus	2500
Amadora	2500
Amado	2500
Amália	2500
Amâncio	2500
Amândio	2500
Amapá	2500
Amaral	2500
Amarante	2500
Amares	2500
Amaro	2500
Amã	2500
Amato	2500
Amazonas	2500
Amazónia	2500
Ambrósio	2500
Amélia	2500
Américas	2500
América	2500
Américo	2500
Amesterdão	2500
Amílcar	2500
Amorim	2500
Anabela	2500
Anadia	2500
Ana	2500
Anastácio	2500
Anatólia	2500
Anaximandro	2500
Anaxímenes	2500
Ancara	2500
Andaluzia	2500
Andersen	2500
Andrade	2500
André	2500
Andreia	2500
Andrews	2500
Andrómeda	2500
Andorra	2500
Andy	2500
Angeiras	2500
Ângela	2500
Angeles	2500
Ângelo	2500
Angkor	2500
Anguilha	2500
Aníbal	2500
Aniceto	2500
Anita	2500
Anselmo	2500
Ansiães	2500
Ansião	2500
Antão	2500
Antártida	2500
Antas	2500
Antero	2500
Antilhas	2500
Antioquia	2500
Antoine	2500
Antónia	2500
Antonieta	2500
António	2500
Antuérpia	2500
Antunes	2500
Apalaches	2500
Aparício	2500
Apocalipse	2500
Apolinário	2500
Apolónia	2500
Apolónio	2500
Apolo	2500
Apúlia	2500
Aquiles	2500
Aquilino	2500
Aquino	2500
Aquisgrana	2500
Aquitânia	2500
Araão	2500
Arábia	2500
Arafat	2500
Aragão	2500
Aranjuez	2500
Araújo	2500
Arcádia	2500
Ardenas	2500
Ardila	2500
Arganil	2500
Argélia	2500
Argel	2500
Argentina	2500
Argóvia	2500
Aristides	2500
Aristófanes	2500
Aristóteles	2500
Arizona	2500
Arkansas	2500
Arles	2500
Arlindo	2500
Armamar	2500
Armando	2500
Arménia	2500
Arminda	2500
Armindo	2500
Arnaldo	2500
Arnold	2500
Arnoldo	2500
Arno	2500
Arouca	2500
Arquimedes	2500
Arrabal	2500
Arrábida	2500
Arraiolos	2500
Arronches	2500
Arruda	2500
Artur	2500
Aruba	2500
Ásia	2500
Aspásia	2500
Assíria	2500
Assis	2500
Astérix	2500
Astúrias	2500
Átalo	2500
Atenas	2500
Átila	2500
Atlanta	2500
Atlântida	2500
Auckland	2500
Augusta	2500
Augustini	2500
Aurélia	2500
Aurélio	2500
Auschwitz	2500
Austrália	2500
Áustria	2500
Aveiro	2500
Avelar	2500
Aveleda	2500
Avelino	2500
Avicena	2500
Ávila	2500
Avilez	2500
Avinhão	2500
Avintes	2500
Avis	2500
Azambuja	2500
Azeitão	2500
Azeméis	2500
Azerbaijão	2500
Azevedo	2500
Bach	2500
Bacon	2500
Baco	2500
Badajoz	2500
Bagdade	2500
Baamas	2500
Baião	2500
Baiona	2500
Bairrada	2500
Baker	2500
Balcãs	2500
Balsemão	2500
Baltasar	2500
Baltazar	2500
Baltimore	2500
Balzac	2500
Bangladeche	2500
Baptiste	2500
Barahona	2500
Bárbara	2500
Barbosa	2500
Barcelona	2500
Barcelos	2500
Barnabé	2500
Barquinha	2500
Barrabás	2500
Barrancos	2500
Barreiros	2500
Barreiro	2500
Barreto	2500
Barroso	2500
Bartok	2500
Bartolomeu	2500
Basileia	2500
Basilicata	2500
Basilienses	2500
Basílio	2500
Bassorá	2500
Bastos	2500
Baudelaire	2500
Baviera	2500
Beatles	2500
Beatriz	2500
Beaumont	2500
Becket	2500
Beethoven	2500
Beijing	2500
Beirute	2500
Beja	2500
Belarmino	2500
Belchior	2500
Belém	2500
Belfast	2500
Bélgica	2500
Belgrado	2500
Belinda	2500
Belize	2500
Belmiro	2500
Belmonte	2500
Beltrão	2500
Belzebu	2500
Benavente	2500
Benedito	2500
Benelux	2500
Benfica	2500
Benguela	2500
Benilde	2500
Benim	2500
Benjamin	2500
Berengário	2500
Bergen	2500
Berger	2500
Bergman	2500
Bergson	2500
Berkeley	2500
Berlenga	2500
Berlim	2500
Berlioz	2500
Bernardes	2500
Bernardino	2500
Bernard	2500
Berna	2500
Bernoulli	2500
Bernstein	2500
Berta	2500
Berto	2500
Bertrand	2500
Bessa	2500
Betânia	2500
Bettencourt	2500
Bética	2500
Bielorrússia	2500
Bié	2500
Bilbau	2500
Bill	2500
Birmânia	2500
Biscaia	2500
Bismarck	2500
Bissau	2500
Bizet	2500
Boaventura	2500
Boavista	2500
Bocage	2500
Bogotá	2500
Bohr	2500
Bolena	2500
Bolívia	2500
Bolonha	2500
Boltzmann	2500
Bombaim	2500
Bombarda	2500
Bombarral	2500
Bonaparte	2500
Bona	2500
Bonfim	2500
Bonifácio	2500
Bonjardim	2500
Boole	2500
Borba	2500
Bordalo	2500
Borges	2500
Borguinhões	2500
Boris	2500
Bornéu	2500
Bósnia	2500
Bósnia-Herzegovina	2500
Boston	2500
Botelho	2500
Botsuana	2500
Boulevard	2500
Bouro	2500
Bouvet	2500
Boximanes	2500
Boyle	2500
Brabante	2500
Bracara	2500
Bradenburgo	2500
Bragança	2500
Braga	2500
Brahms	2500
Brandão	2500
Brandeburgo	2500
Brandt	2500
Brasília	2500
Brasil	2500
Brás	2500
Bratislava	2500
Braun	2500
Bremen	2500
Bretanha	2500
Breyner	2500
Brighton	2500
Briolanja	2500
Bristol	2500
Britânia	2500
Briteiros	2500
British	2500
Brito	2500
Brno	2500
Broadway	2500
Brooklyn	2500
Brown	2500
Bruce	2500
Bruges	2500
Bruno	2500
Brutus	2500
Bruxelas	2500
Buarque	2500
Buçaco	2500
Bucareste	2500
Buda	2500
Budapeste	2500
Buenos	2500
Bulgária	2500
Burgenland	2500
Burgos	2500
Burquina	2500
Burúndi	2500
Bush	2500
Byron	2500
Cabanelas	2500
Cabral	2500
Cabul	2500
Cacém	2500
Cacilhas	2500
Cadaval	2500
Cádis	2500
Caeiro	2500
Caetano	2500
Caicos	2500
Caim	2500
Cairo	2500
Calábria	2500
Calcedónia	2500
Calcutá	2500
Caldelas	2500
Caledónia	2500
Calheta	2500
Calheiro	2500
Calheiros	2500
Califórnia	2500
Calígula	2500
Calisto	2500
Calvino	2500
Calvin	2500
Camacho	2500
Camboja	2500
Cambra	2500
Cambridge	2500
Camelot	2500
Camilo	2500
Camões	2500
Campanhã	2500
Campânia	2500
Campus	2500
Canaã	2500
Canadá	2500
Canárias	2500
Canaveses	2500
Cândida	2500
Caneças	2500
Cannes	2500
Cansas	2500
Cantábria	2500
Cantanhede	2500
Cantuária	2500
Capadócia	2500
Caparica	2500
Carachi	2500
Caraíbas	2500
Carcavelos	2500
Cardan	2500
Cardoso	2500
Carélia	2500
Caríntia	2500
Carla	2500
Carl	2500
Carlos	2500
Carlota	2500
Carmelo	2500
Cármen	2500
Carminda	2500
Carmona	2500
Carmo	2500
Carnaxide	2500
Carnegie	2500
Carolina	2500
Carol	2500
Cárpatos	2500
Carrazeda	2500
Carregal	2500
Carrilho	2500
Carrol	2500
Cartago	2500
Cartaxo	2500
Cartuxa	2500
Carvalhos	2500
Carvalhas	2500
Casablanca	2500
Casanova	2500
Cascais	2500
Casimiro	2500
Cáspio	2500
Cassiano	2500
Cassinga	2500
Cassiopeia	2500
Castela	2500
Castilho	2500
Catalunha	2500
Catânia	2500
Catarina	2500
Catherine	2500
Catulo	2500
Cáucaso	2500
Cávado	2500
Cátia	2500
Caxias	2500
Cazaquistão	2500
Ceará	2500
Cecília	2500
Cedofeita	2500
Ceilão	2500
Célia	2500
Celorico	2500
Celso	2500
Cerqueira	2500
Cervantes	2500
Cerveira	2500
Cesareia	2500
Cesário	2500
Ceuta	2500
Cézanne	2500
Chade	2500
Chang	2500
Chaplin	2500
Charles	2500
Charlot	2500
Charlotte	2500
Chaves	2500
Checoslováquia	2500
Chen	2500
Cher	2500
Chevalier	2500
Chicago	2500
Chile	2500
Chico	2500
Chipre	2500
Chomsky	2500
Chopin	2500
Christian	2500
Christopher	2500
Cícero	2500
Cidália	2500
Cid	2500
Cinderela	2500
Cinfães	2500
Cintra	2500
Cipião	2500
Cipriano	2500
Circe	2500
Cirilo	2500
Cisjordânia	2500
City	2500
Claire	2500
Clark	2500
Claudel	2500
Claude	2500
Cláudia	2500
Cláudio	2500
Clementina	2500
Cleópatra	2500
Clinton	2500
Clotilde	2500
Cluj	2500
Cohen	2500
Coimbra	2500
Colegiada	2500
College	2500
Collins	2500
Colômbia	2500
Colombo	2500
Colorado	2500
Columbano	2500
Colúmbia	2500
Comba	2500
Comores	2500
Compostela	2500
Conceição	2500
Condeixa-a-Nova	2500
Condeixa	2500
Condestável	2500
Congo	2500
Connor	2500
Conrado	2500
Constança	2500
Constâncio	2500
Constantino	2500
Constantinopla	2500
Copenhaga	2500
Copérnico	2500
Copperfield	2500
Corão	2500
Córdoba	2500
Córdova	2500
Coreia	2500
Cornélia	2500
Córsega	2500
Coruche	2500
Corunha	2500
Corvina	2500
Corvino	2500
Cosme	2500
Couceiro	2500
Coutinho	2500
Covilhã	2500
Cracóvia	2500
Crato	2500
Creta	2500
Crimeia	2500
Cristiânia	2500
Cristiano	2500
Cristina	2500
Cristo	2500
Cristóvão	2500
Croácia	2500
Cromwell	2500
Cruzeirinho	2500
Cunene	2500
Cunhal	2500
Curdistão	2500
Curiácios	2500
Custóias	2500
Czardas	2500
Dácia	2500
Dácios	2500
Dacota	2500
Dahl	2500
Daire	2500
Dalila	2500
Dalmácia	2500
Dalton	2500
Damásio	2500
Dâmaso	2500
Dame	2500
Damião	2500
Daniel	2500
Daniela	2500
Dan	2500
Dante	2500
Danúbio	2500
Dario	2500
Darwin	2500
David	2500
Davidson	2500
Davis	2500
Débora	2500
Debrecen	2500
Debussy	2500
Dédalo	2500
Delfos	2500
Demétrio	2500
Demócrito	2500
Descartes	2500
Desidério	2500
Detroit	2500
Diamantina	2500
Didier	2500
Diego	2500
Díli	2500
Dinamarca	2500
Dinis	2500
Diocleciano	2500
Diodoro	2500
Diogo	2500
Dionísio	2500
Dirac	2500
Dirceu	2500
Direção-Geral	2500
Diu	2500
Dolores	2500
Domingos	2500
Domingues	2500
Domínica	2500
Donato	2500
Donetsk	2500
Don	2500
Doris	2500
Doroteia	2500
Dortmund	2500
Dostoievski	2500
Douglas	2500
Douro	2500
Drake	2500
Dresda	2500
Duarte	2500
Dublin	2500
Duke	2500
Dulce	2500
Dumont	2500
Dunquerque	2500
Düsseldorf	2500
Dylan	2500
Eanes	2500
Eastwood	2500
Ebro	2500
Eça	2500
Edgar	2500
Edimburgo	2500
Edite	2500
Edmond	2500
Edmund	2500
Edmundo	2500
Eduarda	2500
Eduardo	2500
Edward	2500
Efésio	2500
Éfeso	2500
Egas	2500
Egeu	2500
Egídio	2500
Egito	2500
Einstein	2500
Eisenberg	2500
Eisenhower	2500
Ekaterinburgo	2500
Eládio	2500
Elba	2500
Electra	2500
Elga	2500
Elia	2500
Elias	2500
Eliana	2500
Elisa	2500
Elisabete	2500
Elísio	2500
Elísios	2500
Elói	2500
Elsa	2500
Elvas	2500
Elvira	2500
Emanuel	2500
Emídio	2500
Emile	2500
Emiliano	2500
Emília	2500
Emílio	2500
Eneias	2500
Engels	2500
Engrácia	2500
Entre-os-Rios	2500
Epicuro	2500
Erasmo	2500
Erasmus	2500
Eratóstenes	2500
Ericeira	2500
Erich	2500
Eritreia	2500
Ermelinda	2500
Ermesinde	2500
Ermínio	2500
Ernesto	2500
Ernst	2500
Escandinávia	2500
Escobar	2500
Escócia	2500
Escorial	2500
Esgalhado	2500
Eslováquia	2500
Eslovénia	2500
Esmirna	2500
Espanha	2500
Esparta	2500
Espinoza	2500
Esposende	2500
Ésquilo	2500
Essénios	2500
Estalinegrado	2500
Estaline	2500
Estarreja	2500
Estefânia	2500
Estela	2500
Estêvão	2500
Esteves	2500
Estíria	2500
Estocolmo	2500
Estónia	2500
Estoril	2500
Estrasburgo	2500
Estremoz	2500
Estugarda	2500
Etelvina	2500
Etiópia	2500
Eucaristia	2500
Euclides	2500
Eufémia	2500
Eufrates	2500
Eufrosina	2500
Eugénia	2500
Eugénio	2500
Eulália	2500
Euler	2500
Eunice	2500
Eurico	2500
Eurípides	2500
Euroásia	2500
Europa	2500
Eusébio	2500
Eva	2500
Evans	2500
Evaristo	2500
Evereste	2500
Évora	2500
Ezequiel	2500
Fábio	2500
Fafe	2500
Fahrenheit	2500
Fagundes	2500
Faial	2500
Famagusta	2500
Famalicão	2500
Fanny	2500
Faria	2500
Faso	2500
Fátima	2500
Faustino	2500
Feijó	2500
Feldspato	2500
Felgueiras	2500
Feliciano	2500
Felídeos	2500
Felisberto	2500
Felismina	2500
Félix	2500
Fellini	2500
Ferguson	2500
Fermat	2500
Fernanda	2500
Fernandes	2500
Fernandez	2500
Fernando	2500
Fernão	2500
Ferrari	2500
Ferraz	2500
Ferreira	2500
Feynman	2500
Fialho	2500
Fibonacci	2500
Figueiró	2500
Fiji	2500
Filadélfia	2500
Filgueiras	2500
Filinto	2500
Filipa	2500
Filipe	2500
Filipes	2500
Filipinas	2500
Filipos	2500
Filomena	2500
Finlândia	2500
Fiorentina	2500
Firmino	2500
Fischer	2500
Fitzgerald	2500
Flandres	2500
Flaviano	2500
Flávio	2500
Fletcher	2500
Florbela	2500
Florença	2500
Florêncio	2500
Flórido	2500
Florinda	2500
Fonseca	2500
Fontainhas	2500
Ford	2500
Fortunato	2500
França	2500
Francelina	2500
Francforte	2500
Francisca	2500
Francisco	2500
Francis	2500
Françoise	2500
François	2500
Francos	2500
Frankenstein	2500
Frankfurt	2500
Franklin	2500
Frank	2500
Franz	2500
Frederico	2500
Fred	2500
Freitas	2500
Freixo	2500
Freud	2500
Friburgo	2500
Frísia	2500
Fritz	2500
Friuli	2500
Fulton	2500
Funchal	2500
Gabão	2500
Gabriela	2500
Gabriel	2500
Gaia	2500
Gaio	2500
Galácia	2500
Galápagos	2500
Gálias	2500
Gália	2500
Galileia	2500
Galiza	2500
Gal	2500
Gál	2500
Galvão	2500
Gâmbia	2500
Ganges	2500
Garcia	2500
Garrett	2500
Gaspar	2500
Gasset	2500
Gastão	2500
Gates	2500
Gauguin	2500
Gaulle	2500
Gaza	2500
Gedeão	2500
Geiger	2500
Genebra	2500
Génesis	2500
Génova	2500
George	2500
Geórgia	2500
Georgina	2500
Geraldes	2500
Geraldo	2500
Gerardo	2500
Gerês	2500
Germânia	2500
Gertrudes	2500
Gervásio	2500
Gestapo	2500
Getúlio	2500
Gibraltar	2500
Gilberto	2500
Gilda	2500
Gil	2500
Giovanni	2500
Girão	2500
Gisela	2500
Glasgow	2500
Glen	2500
Goa	2500
Godard	2500
Godinho	2500
Goethe	2500
Gogh	2500
Goiás	2500
Góis	2500
Golegã	2500
Gomes	2500
Gomez	2500
Gonçalo	2500
Gonçalves	2500
Gondomar	2500
Gôngora	2500
Gonzaga	2500
González	2500
Gordon	2500
Górgias	2500
Gorki	2500
Gotlândia	2500
Gouveia	2500
Gouveias	2500
Goya	2500
Grã-Bretanha	2500
Graciano	2500
Gracinda	2500
Graciosa	2500
Gradiva	2500
Granadinas	2500
Grândola	2500
Grão-Pará	2500
Graz	2500
Grécia	2500
Greenwich	2500
Gregório	2500
Grenoble	2500
Grieg	2500
Gronelândia	2500
Grozny	2500
Guadalajara	2500
Guadalquivir	2500
Guadalupe	2500
Guadiana	2500
Gualtar	2500
Guam	2500
Guanabara	2500
Guatemala	2500
Guedes	2500
Guelfos	2500
Guernesei	2500
Guevara	2500
Guianas	2500
Guiana	2500
Guida	2500
Guilherme	2500
Guilhermina	2500
Guimarães	2500
Guiné-Bissau	2500
Guiné	2500
Guiomar	2500
Gulbenkian	2500
Guliver	2500
Gusmão	2500
Gustavo	2500
Gutemberg	2500
Gutenberg	2500
Guterres	2500
Habsburgos	2500
Haia	2500
Haiti	2500
Hall	2500
Halle	2500
Hamburgo	2500
Hamilton	2500
Hamlet	2500
Hammerfest	2500
Hampshire	2500
Handel	2500
Hanôver	2500
Hansa	2500
Hanseática	2500
Harold	2500
Harvard	2500
Havana	2500
Hebron	2500
Hécuba	2500
Hegel	2500
Heidegger	2500
Heisenberg	2500
Heitor	2500
Hélder	2500
Helena	2500
Helen	2500
Helga	2500
Heliodoro	2500
Helmut	2500
Helsínquia	2500
Henri	2500
Henrique	2500
Henriques	2500
Henriqueta	2500
Heráclito	2500
Herbert	2500
Herculano	2500
Herman	2500
Hermano	2500
Hermenegildo	2500
Hermes	2500
Hermínio	2500
Hernâni	2500
Herodes	2500
Heródoto	2500
Herzegovina	2500
Hessen	2500
Hess	2500
Hilário	2500
Hilbert	2500
Hildebrando	2500
Hill	2500
Himalaias	2500
Himalaia	2500
Hipócrates	2500
Hipólito	2500
Hiroxima	2500
Hispânia	2500
Hispano	2500
Hitchcock	2500
Hitler	2500
Hoare	2500
Hobbes	2500
Holanda	2500
Hollywood	2500
Holy	2500
Homero	2500
Honduras	2500
Hong-Kong	2500
Hong	2500
Honorato	2500
Honório	2500
Hopkins	2500
Horácia	2500
Horácio	2500
Horácios	2500
Horn	2500
Horofernes	2500
Hortênsia	2500
Hortênsio	2500
Houdini	2500
Howard	2500
Huambo	2500
Hubble	2500
Hudson	2500
Hugo	2500
Humberto	2500
Humphrey	2500
Hungria	2500
Hussein	2500
Idanha-a-Nova	2500
Idanha-a-Velha	2500
Iémene	2500
Ilda	2500
Ildefonso	2500
Ílhavo	2500
Ilídio	2500
Illinois	2500
Inácio	2500
Índias	2500
Indonésia	2500
Inês	2500
Inglaterra	2500
Ingmar	2500
Innsbruck	2500
Inocêncio	2500
inverno	2500
Iorque	2500
Iowa	2500
Ipanema	2500
Irão	2500
Iraque	2500
Irene	2500
Irlanda	2500
Irving	2500
Isaac	2500
Isabel	2500
Isaías	2500
Isaura	2500
Isidoro	2500
Isidro	2500
Islândia	2500
Islão	2500
Ismaelitas	2500
Ismael	2500
Isolda	2500
Israel	2500
Istambul	2500
Ístmicos	2500
Itália	2500
Itamar	2500
Ivan	2500
Ivone	2500
Ivo	2500
Jacarta	2500
Jacinta	2500
Jack	2500
Jackson	2500
Jacobi	2500
Jacobitas	2500
Jacob	2500
Jácome	2500
Jacques	2500
Jaime	2500
Jamaica	2500
James	2500
Jane	2500
Janet	2500
Jansenistas	2500
Janus	2500
Januário	2500
Japão	2500
Jaques	2500
Jargal	2500
Jarreteira	2500
Jaspers	2500
Jean	2500
Jefferson	2500
Jenny	2500
Jeová	2500
Jeremias	2500
Jericó	2500
Jerónimo	2500
Jerónimos	2500
Jersey	2500
Jerusalém	2500
Jesualdo	2500
Joana	2500
Joanesburgo	2500
Joanina	2500
Joan	2500
João	2500
Joaquim	2500
Joaquina	2500
Joel	2500
John	2500
Jonas	2500
Jordânia	2500
Jordan	2500
Jordão	2500
Jorge	2500
Josefa	2500
Josefina	2500
Josef	2500
José	2500
Joseph	2500
Josué	2500
Joyce	2500
Juan	2500
Judá	2500
Judeia	2500
Judite	2500
Judith	2500
Jugoslávia	2500
Jules	2500
Juliana	2500
Julian	2500
Júlia	2500
Julião	2500
Julie	2500
Julieta	2500
Júlio	2500
Julius	2500
Jung	2500
Juno	2500
Junqueira	2500
Junqueiro	2500
Júpiter	2500
Justiniano	2500
Justino	2500
Kafka	2500
Kahn	2500
Kali	2500
Kant	2500
Karl	2500
Kazan	2500
Keaton	2500
Keil	2500
Keller	2500
Kelvin	2500
Kennedy	2500
Kensington	2500
Kentucky	2500
Kepler	2500
Keynes	2500
Khan	2500
Kiev	2500
King	2500
Kinshasa	2500
Kleene	2500
Klein	2500
Kong	2500
Korsakov	2500
Kosovo	2500
Kremlin	2500
Kuwait	2500
Lacerda	2500
Lacroix	2500
Ladislau	2500
Lagrange	2500
Lamarck	2500
Lambert	2500
Lamego	2500
Lanhoso	2500
Laos	2500
Laplace	2500
Lapónia	2500
Las	2500
Latrão	2500
Laura	2500
Laureano	2500
Laurentino	2500
Laurinda	2500
Lausana	2500
Lautrec	2500
Lavoisier	2500
Lawrence	2500
Lázaro	2500
Lázio	2500
Leandro	2500
Leça	2500
Leibnitz	2500
Leibniz	2500
Leida	2500
Leipzig	2500
Leiria	2500
Leixões	2500
Leocádia	2500
Lencastre	2500
Leninegrado	2500
Lenine	2500
Leonard	2500
Leonardo	2500
Leonel	2500
Leónidas	2500
Leonor	2500
Leopoldina	2500
Leopoldo	2500
Lérida	2500
Lesoto	2500
Letónia	2500
Levítico	2500
Lewis	2500
Líbano	2500
Libéria	2500
Líbia	2500
Licínio	2500
Lídia	2500
Lília	2500
Liège	2500
Lili	2500
Liliana	2500
Limpopo	2500
Lincoln	2500
Linguateca	2500
Lino	2500
Lisboa	2500
Lituânia	2500
Liverpool	2500
Ljubljana	2500
Lobato	2500
Loiola	2500
Lombardia	2500
Lombardi	2500
Londres	2500
Lopes	2500
Lopez	2500
Lopo	2500
Lordelo	2500
Lord	2500
Lorena	2500
Los	2500
Louis	2500
Loulé	2500
Lourenço	2500
Lourinhã	2500
Lourosa	2500
Lousada	2500
Lousã	2500
Louvre	2500
Luanda	2500
Lubango	2500
Lucas	2500
Lucena	2500
Luciano	2500
Luciana	2500
Lúcia	2500
Lúcifer	2500
Lucília	2500
Lucílio	2500
Lucinda	2500
Luc	2500
Lucrécia	2500
Lucrécio	2500
Ludovico	2500
Ludwig	2500
Lugo	2500
Luigi	2500
Luísa	2500
Luisiana	2500
Luís	2500
Lumen	2500
Lumiar	2500
Lumière	2500
Lurdes	2500
Lusíadas	2500
Lusitânia	2500
Lutero	2500
Luther	2500
Luxemburgo	2500
Luzia	2500
Lvov	2500
Maastricht	2500
Macário	2500
Macau	2500
Macedo	2500
Machico	2500
Madagáscar	2500
Madalena	2500
Madeleine	2500
Madonna	2500
Madredeus	2500
Madrid	2500
Madureira	2500
Mafalda	2500
Mafra	2500
Magalhães	2500
Magda	2500
Magdeburgo	2500
Magrebe	2500
Maias	2500
Maiorca	2500
Malaca	2500
Málaga	2500
Malaia	2500
Malanje	2500
Malaquias	2500
Malásia	2500
Malawi	2500
Malavi	2500
Maldivas	2500
Mali	2500
Malva	2500
Malvinas	2500
Mamede	2500
Manchester	2500
Manchúria	2500
Mandela	2500
Manel	2500
Mangualde	2500
Manica	2500
Manila	2500
Manteigas	2500
Mântua	2500
Manuela	2500
Manuel	2500
Maomé	2500
Mao	2500
Maputo	2500
Maquiavel	2500
Maranhão	2500
Marão	2500
Marcelino	2500
Marcel	2500
Marcelo	2500
Márcio	2500
Marconi	2500
Marcos	2500
Marcus	2500
Margão	2500
Maria	2500
Marias	2500
Marie	2500
Marília	2500
Marilyn	2500
Marim	2500
Mário	2500
Marisa	2500
Mariz	2500
Mark	2500
Marques	2500
Marrocos	2500
Marselha	2500
Marshall	2500
Marte	2500
Martim	2500
Martinez	2500
Martínez	2500
Martinho	2500
Martinica	2500
Martin	2500
Martins	2500
Marvão	2500
Marx	2500
Mary	2500
Mascarenhas	2500
Massachusetts	2500
Massapina	2500
Massarelos	2500
Mateus	2500
Matias	2500
Matilde	2500
Matosinhos	2500
Matos	2500
Maurício	2500
Maurícia	2500
Mauritânia	2500
Mauro	2500
Mavilde	2500
Maximiano	2500
Maximiliano	2500
Max	2500
Mazagão	2500
Mealhada	2500
Meca	2500
Mêda	2500
Medeiros	2500
Medina	2500
Meije	2500
Meireles	2500
Melanésios	2500
Melchior	2500
Melgaço	2500
Melinde	2500
Melo	2500
Memphis	2500
Mendes	2500
Mendez	2500
Mendonça	2500
Mendo	2500
Menelau	2500
Meneses	2500
Menezes	2500
Mercedes	2500
Mérida	2500
Mértola	2500
Mesopotâmia	2500
Messalina	2500
Messias	2500
Messina	2500
Metelo	2500
Metz	2500
México	2500
Miami	2500
Mianmar	2500
Michaelis	2500
Michael	2500
Michigan	2500
Midas	2500
Miguel	2500
Milão	2500
Mileto	2500
Mille	2500
Miller	2500
Milner	2500
Milton	2500
Mimi	2500
Mindelo	2500
Ming	2500
Minho	2500
Minneli	2500
Minnesota	2500
Minotauro	2500
Minsk	2500
Miragaia	2500
Miranda	2500
Mirandela	2500
Miskolc	2500
Mitilene	2500
Moçâmedes	2500
Mogadouro	2500
Mohâmede	2500
Moimenta	2500
Moisés	2500
Moldávia	2500
Molière	2500
Mónaco	2500
Monchique	2500
Moncorvo	2500
Mondego	2500
Mondim	2500
Monforte	2500
Monfortinho	2500
Mongóis	2500
Mongólia	2500
Mónica	2500
Moniz	2500
Monroe	2500
Monsanto	2500
Monsaraz	2500
Montalegre	2500
Montalvão	2500
Montebelo	2500
Montecorvo	2500
Monteiro	2500
Montejunto	2500
Montemor	2500
Montemor-o-Novo	2500
Montemor-o-Velho	2500
Montenegro	2500
Montesquieu	2500
Monteverdi	2500
Montevideu	2500
Montgomery	2500
Montpellier	2500
Montreal	2500
Monza	2500
Moore	2500
Morais	2500
Morão	2500
Morávia	2500
Moreira	2500
Morgan	2500
Morin	2500
Morse	2500
Mortágua	2500
Moscovo	2500
Mós	2500
Mourinho	2500
Moutinho	2500
Mozart	2500
Muller	2500
Munique	2500
Murça	2500
Múrcia	2500
Murdock	2500
Murphy	2500
Murtosa	2500
Mussolini	2500
Nádia	2500
Nadine	2500
Nagasaki	2500
Nagasáqui	2500
Namíbia	2500
Nanci	2500
Nancy	2500
Nanquim	2500
Nantes	2500
Nápoles	2500
Narva	2500
Nashville	2500
Natacha	2500
Natália	2500
Natércia	2500
Navarra	2500
Nazaré	2500
Necas	2500
Neil	2500
Neiva	2500
Nellie	2500
Nelson	2500
Nemésio	2500
Nemo	2500
Nepal	2500
Neptuno	2500
Néri	2500
Nero	2500
Nestor	2500
Neva	2500
Neves	2500
Névis	2500
Nevogilde	2500
Newcastle	2500
Newman	2500
Nicarágua	2500
Nice	2500
Nick	2500
Nicolas	2500
Nicolau	2500
Nicósia	2500
Nietzsche	2500
Nigéria	2500
Níger	2500
Nilo	2500
Nilsson	2500
Nisa	2500
Niue	2500
Nobel	2500
Nóbrega	2500
Noé	2500
Normandia	2500
Normandos	2500
Noronha	2500
Norton	2500
Noruega	2500
Notre	2500
Nôtre	2500
Nottingham	2500
Novais	2500
Novgorod	2500
Novossibirsk	2500
Nunes	2500
Nuno	2500
Nuremberga	2500
Oakland	2500
Obélix	2500
Óbidos	2500
Oceânia	2500
Otaviano	2500
Octávio	2500
Odemira	2500
Odense	2500
Óder	2500
Oder	2500
Odete	2500
Odivelas	2500
Odorico	2500
Oeiras	2500
Ofélia	2500
Ohio	2500
Oklahoma	2500
Olga	2500
Olhão	2500
Oligocénico	2500
Olímpia	2500
Olimpo	2500
Olinda	2500
Olivares	2500
Olivença	2500
Olivério	2500
Oliver	2500
Omar	2500
Omã	2500
Onofre	2500
Ontário	2500
Orestes	2500
Orfeu	2500
Orlando	2500
Orleães	2500
Ormuz	2500
Orontes	2500
Ortega	2500
Ortigão	2500
Osaca	2500
Osaka	2500
Osborn	2500
Oslo	2500
Osório	2500
Ostende	2500
Ostrogodos	2500
Osvaldo	2500
Otávio	2500
Otelo	2500
Othello	2500
Otília	2500
Ourém	2500
Ourense	2500
Ourique	2500
outono	2500
Ovídio	2500
Oviedo	2500
Owen	2500
Oxford	2500
Pacheco	2500
Paços	2500
Padre-Nosso	2500
Pádua	2500
Pai-Nosso	2500
Paiva	2500
Palau	2500
Palermo	2500
Palestina	2500
Palmela	2500
Palmer	2500
Palmira	2500
Palo	2500
Pampilhosa	2500
Panamá	2500
Pantagruel	2500
Papua-Nova	2500
Paquistão	2500
Paraguai	2500
Paraíba	2500
Paraná	2500
Paranhos	2500
Pará	2500
Párias	2500
Paris	2500
Park	2500
Parma	2500
Parnasianismo	2500
Pártenon	2500
Páscoa	2500
Passo-de-Calais	2500
Pasolini	2500
Passau	2500
Passos	2500
Pasteur	2500
Patagónia	2500
Patrick	2500
Paula	2500
Pauli	2500
Paulino	2500
Paulina	2500
Paulista	2500
Paulo	2500
Pavlov	2500
Peano	2500
Pedrogão	2500
Pedro	2500
Pedrosa	2500
Pégaso	2500
Peixoto	2500
Peles-Vermelhas	2500
Peloponeso	2500
Pelourinho	2500
Penacova	2500
Penafiel	2500
Penaguião	2500
Penalva	2500
Penamacor	2500
Penedono	2500
Penela	2500
Peng	2500
Peniche	2500
Pensilvânia	2500
Pequim	2500
Peres	2500
Perez	2500
Pérez	2500
Pernambuco	2500
Pêro	2500
Perpétua	2500
Perseu	2500
Pérsia	2500
Petersburgo	2500
Petrarca	2500
Petrozavodsk	2500
Philippe	2500
Phil	2500
Phoenix	2500
Piauí	2500
Piçarra	2500
Picasso	2500
Piemonte	2500
Pierre	2500
Pilatos	2500
Pimentel	2500
Pinacoteca	2500
Pina	2500
Píndaro	2500
Ping	2500
Pinhel	2500
Pinóquio	2500
Pirenéus	2500
Pireu	2500
Pirro	2500
Pitágoras	2500
Pitcairn	2500
Planck	2500
Platão	2500
Plauto	2500
Plínio	2500
Plistocénico	2500
Pneumática	2500
Poiares	2500
Poincaré	2500
Policarpo	2500
Polinésia	2500
Polónia	2500
Pombeiro	2500
Pomerânia	2500
Pompeu	2500
Pontevedra	2500
Popper	2500
Portalegre	2500
Portel	2500
Portimão	2500
Portugal	2500
Potter	2500
Póvoa	2500
Preciosa	2500
primavera	2500
Prince	2500
Proença-a-Nova	2500
Proença	2500
Prokofiev	2500
Prometeu	2500
Protágoras	2500
Proust	2500
Provença	2500
Prudêncio	2500
Prússia	2500
Psico	2500
Pskov	2500
Ptolomeu	2500
Públia	2500
Públio	2500
Puglia	2500
Pulitzer	2500
Quanza	2500
Quebeque	2500
Queirós	2500
Queiroz	2500
Quelónios	2500
Queluz	2500
Quénia	2500
Quental	2500
Quentin	2500
Quercus	2500
Quibir	2500
Quilimanjaro	2500
Quioto	2500
Quirguistão	2500
Quiribati	2500
Quitéria	2500
Quixote	2500
Rabagão	2500
Rachel	2500
Racine	2500
Rafael	2500
Raimundo	2500
Ramadão	2500
Ramalde	2500
Ramires	2500
Ramirez	2500
Ramiro	2500
Ramon	2500
Ramón	2500
Ramsés	2500
Rangel	2500
Raquel	2500
Ratisbona	2500
Raul	2500
Ravel	2500
Rebordelo	2500
Regina	2500
Reguengos	2500
Reinaldo	2500
Reis	2500
Rembrandt	2500
Renânia	2500
Renato	2500
Renoir	2500
Reno	2500
Resende	2500
Restelo	2500
Reynolds	2500
Ribatejo	2500
Ricardo	2500
Richard	2500
Richardson	2500
Riemann	2500
Riga	2500
Rimini	2500
Rimski	2500
Rioja	2500
Rita	2500
Rivera	2500
Riviera	2500
Rivoli	2500
Robert	2500
Roberto	2500
Robespierre	2500
Robin	2500
Robinson	2500
Rockefeller	2500
Rockford	2500
Ródano	2500
Ródão	2500
Rodésia	2500
Rodolfo	2500
Rodrigo	2500
Rodrigues	2500
Rodriguez	2500
Rodríguez	2500
Rogério	2500
Roma	2500
Roménia	2500
Romero	2500
Romeu	2500
Rommel	2500
Rómulo	2500
Rondônia	2500
Ronaldo	2500
Roosevelt	2500
Roraima	2500
Rosália	2500
Rosalina	2500
Rosenberg	2500
Rose	2500
Rosita	2500
Rossilhão	2500
Rossini	2500
Rostock	2500
Roterdão	2500
Rousseau	2500
Royal	2500
Roy	2500
Ruanda	2500
Rúben	2500
Rubens	2500
Rudolfo	2500
Rufino	2500
Rui	2500
Russell	2500
Russel	2500
Rússia	2500
Rute	2500
Rutherford	2500
Ruth	2500
Saara	2500
Sabá	2500
Sabrosa	2500
Sacavém	2500
Sado	2500
Sadova	2500
Saint	2500
Salamanca	2500
Salazar	2500
Saldanha	2500
Salemas	2500
Sally	2500
Salomão	2500
Salomé	2500
Salsete	2500
Salvaterra	2500
Salvatore	2500
Salzburgo	2500
Samaria	2500
Sameiro	2500
Sam	2500
Samoa	2500
Samora	2500
Sampaio	2500
Samuel	2500
Samuelson	2500
San	2500
Sanches	2500
Sanchez	2500
Sancho	2500
Sandino	2500
Sandra	2500
Sá	2500
Sansão	2500
Santana	2500
Santander	2500
Santarém	2500
Santiago	2500
Saragoça	2500
Sarah	2500
Saraievo	2500
Saramago	2500
Sara	2500
Sardenha	2500
Sardoal	2500
Sargão	2500
Sarre	2500
Sartre	2500
Satã	2500
Satanás	2500
Satan	2500
Sátão	2500
Satis	2500
Satureja	2500
Saturno	2500
Savóia	2500
Saxónia-Anhalt	2500
Saxónia	2500
Scala	2500
Scarlatti	2500
Schelling	2500
Schengen	2500
Schiller	2500
Schleswig-Holstein	2500
Schopenhauer	2500
Schubert	2500
Schumann	2500
Schwarz	2500
Scott	2500
Seabra	2500
Seattle	2500
Sebastião	2500
Segismundo	2500
Segóvia	2500
Seguin	2500
Seia	2500
Seicheles	2500
Selznick	2500
Semedo	2500
Séneca	2500
Senegal	2500
Sequeira	2500
Serafim	2500
Serafins	2500
Serralves	2500
Sérvia	2500
Sérgio	2500
Sergipe	2500
Sernancelhe	2500
Serpa	2500
Serpula	2500
Sesimbra	2500
Setúbal	2500
Seul	2500
Severino	2500
Sever	2500
Sevilha	2500
Shakespeare	2500
Shangai	2500
Shapiro	2500
Shaw	2500
Sião	2500
Sicília	2500
Sidney	2500
Sidónio	2500
Sídon	2500
Siegfried	2500
Silésia	2500
Silveira	2500
Silvério	2500
Silves	2500
Sílvia	2500
Sílvio	2500
Simão	2500
Simeão	2500
Simões	2500
Simone	2500
Simon	2500
Simpson	2500
Sinai	2500
Sinédrio	2500
Sines	2500
Singapura	2500
Sinopsis	2500
Sintra	2500
Siracusa	2500
Sir	2500
Síria	2500
Siza	2500
Smith	2500
Soares	2500
Sobral	2500
Sobreda	2500
Society	2500
Sócrates	2500
Soeiro	2500
Sofia	2500
Sófocles	2500
Soleimão	2500
Solimão	2500
Solimões	2500
Solino	2500
Somália	2500
Sónia	2500
Sorbona	2500
Sortelha	2500
Sôr	2500
Sotomayor	2500
Soure	2500
Sousa	2500
Sousel	2500
Soutelo	2500
Spencer	2500
Spenser	2500
Spínola	2500
Sporting	2500
Stanley	2500
Stefano	2500
Stephens	2500
Stern	2500
Stevens	2500
Stewart	2500
Stratford	2500
Strauss	2500
Stravinsky	2500
Stuart	2500
Suárez	2500
Suazilândia	2500
Sudão	2500
Sudetas	2500
Suécia	2500
Suez	2500
Suíça	2500
Sullivan	2500
Suriname	2500
Susana	2500
Susan	2500
Sutra	2500
Szabo	2500
Tabuaço	2500
Tabula	2500
Tadeu	2500
Tailândia	2500
Taira	2500
Taishi	2500
Taiwan	2500
Taizé	2500
Tajiquistão	2500
Tales	2500
Talin	2500
Tamão	2500
Tâmega	2500
Tamisa	2500
Tancos	2500
Tancredo	2500
Tânger	2500
Tânia	2500
Tanner	2500
Tanzânia	2500
Tao	2500
Taprobana	2500
Tarouca	2500
Tarquínio	2500
Tárrega	2500
Tarzan	2500
Tasmânia	2500
Taschen	2500
Tatiana	2500
Tauride	2500
Tauris	2500
Tauro	2500
Tauros	2500
Taurus	2500
Tavares	2500
Taveira	2500
Tavira	2500
Távora	2500
Taylor	2500
Tchaikovsky	2500
Tebaldo	2500
Tebas	2500
Teerão	2500
Teixeira	2500
Tejo	2500
Telavive	2500
Telesio	2500
Teles	2500
Telmo	2500
Tenessi	2500
Tenreiro	2500
Teodora	2500
Teodoreto	2500
Teodorico	2500
Teodoro	2500
Teodósio	2500
Teófilo	2500
Teofrasto	2500
Teotónio	2500
Terêncio	2500
Teresa	2500
Tertuliano	2500
Teseu	2500
Tete	2500
Texas	2500
Thomas	2500
Thompson	2500
Thomson	2500
Thor	2500
Thorp	2500
Tiago	2500
Tibães	2500
Tibério	2500
Tibete	2500
Tibre	2500
Ticiano	2500
Tim	2500
Timor-Leste	2500
Timor	2500
Timóteo	2500
Timothy	2500
Tirol	2500
Tirso	2500
Titânia	2500
Titanic	2500
Tito	2500
Toarciano	2500
Tobago	2500
Tobias	2500
Tocantins	2500
Togo	2500
Toledo	2500
Tolstoi	2500
Tomás	2500
Tomé	2500
Tondela	2500
Tonga	2500
Tónia	2500
Toni	2500
Tony	2500
Toquelau	2500
Tóquio	2500
Torcato	2500
Tordesilhas	2500
Toronto	2500
Torres	2500
Toscana	2500
Toulouse	2500
Toural	2500
Tolosa	2500
Trafaria	2500
Trancoso	2500
Transcaucásia	2500
Transilvânia	2500
Transjordânia	2500
Transval	2500
Trás-os-Montes	2500
Trento	2500
Trevis	2500
Trigueiros	2500
Trinitá	2500
Tripoli	2500
Tristão	2500
Trofa	2500
Troia	2500
Trondheim	2500
Trotski	2500
Tsé	2500
Tucídides	2500
Tudor	2500
Tui	2500
Tunes	2500
Tunísia	2500
Turcas	2500
Turcomenistão	2500
Turim	2500
Turíngia	2500
Turner	2500
Turquestão	2500
Turquia	2500
Tuvalu	2500
Tutancamon	2500
Ucrânia	2500
Uganda	2500
Uíge	2500
Ulisses	2500
Ulster	2500
Umbria	2500
Urais	2500
Úrano	2500
Urbión	2500
Uruguai	2500
Usbequistão	2500
Valadares	2500
Valdemar	2500
Valdevez	2500
Valença	2500
Valentim	2500
Valentino	2500
Valério	2500
Valhadolid	2500
Valongo	2500
Valónia	2500
Valpaços	2500
Valter	2500
Van	2500
Vanda	2500
Vanessa	2500
Vanuatu	2500
Vânia	2500
Varsóvia	2500
Varzim	2500
Vasconcelos	2500
Vasco	2500
Vasques	2500
Vásquez	2500
Vassoural	2500
Vaticano	2500
Vaz	2500
Vedras	2500
Velado	2500
Velásquez	2500
Veloso	2500
Venâncio	2500
Venceslau	2500
Veneto	2500
Veneza	2500
Venezianos	2500
Venezuela	2500
Vénus	2500
Venusino	2500
Vera	2500
verão	2500
Verdi	2500
Vergara	2500
Veríssimo	2500
Verona	2500
Veronês	2500
Versalhes	2500
Vesta	2500
Vesúvio	2500
Via-Láctea	2500
Viana	2500
Vicente	2500
Vichy	2500
Viçosa	2500
Victoria	2500
Victor	2500
Vidigueira	2500
Viegas	2500
Viena	2500
Vietname	2500
Vigo	2500
Vilaça	2500
Vilafranca	2500
Vilamoura	2500
Vilariça	2500
Vilarinho	2500
Vilar	2500
Vilela	2500
Vilhena	2500
Vilnius	2500
Vimioso	2500
Vinci	2500
Vingt	2500
Vinhais	2500
Vinicius	2500
Virgílio	2500
Virgínia	2500
Virgo	2500
Viriato	2500
Visconti	2500
Viseu	2500
Vístula	2500
Vitalino	2500
Vito	2500
Vitorina	2500
Vitorino	2500
Vítor	2500
Vivaldi	2500
Vizela	2500
Vladimir	2500
Vladivostok	2500
Volga	2500
Voltaire	2500
Volvo	2500
Von	2500
Vorarlberg	2500
Vouga	2500
Vouzela	2500
Vulcano	2500
Vulgata	2500
Wagner	2500
Walter	2500
Washington	2500
Waterloo	2500
Watson	2500
WC	2500
Weber	2500
Weimar	2500
Welles	2500
Westminster	2500
White	2500
Wikipédia	2500
Wilde	2500
William	2500
Williams	2500
Wilson	2500
Windsor	2500
Winston	2500
Wolf	2500
Xanana	2500
Xangai	2500
Xavier	2500
Xenofonte	2500
Xerxes	2500
Xiitas	2500
Ximenes	2500
Xira	2500
Xiva	2500
Yale	2500
Yang	2500
Yao	2500
Yoga	2500
Yorkshire	2500
York	2500
Zacarias	2500
Zagrebe	2500
Zaire	2500
Zambeze	2500
Zambézia	2500
Zâmbia	2500
Zamora	2500
Zanzibar	2500
Zapata	2500
Zeca	2500
Zeferino	2500
Zelândia	2500
Zélia	2500
Zeus	2500
Zêzere	2500
Zimbabué	2500
Zita	2500
Zola	2500
Zulmira	2500
Zurique	2500
AAC	2500
ABC	2500
ACP	2500
ADN	2500
AFP	2500
AD	2500
AML	2500
AMP	2500
ANACOM	2500
ANC	2500
ANMP	2500
APPACDM	2500
APEL	2500
APL	2500
API	2500
ARS	2500
ASAE	2500
AVC	2500
BBC	2500
BCE	2500
BCI	2500
BCM	2500
BCP	2500
BD	2500
BE	2500
BESCL	2500
BFE	2500
BMW	2500
BNU	2500
BP	2500
BPA	2500
BPI	2500
BPSM	2500
BT	2500
BVL	2500
BSE	2500
CAP	2500
CCB	2500
CCRN	2500
CD	2500
CDS	2500
CDU	2500
CE	2500
CEI	2500
CES	2500
CGD	2500
CGTP	2500
CIG	2500
CIP	2500
CML	2500
CMP	2500
CMVM	2500
CNE	2500
CNN	2500
COI	2500
COP	2500
CP	2500
CPLP	2500
CREL	2500
CRIL	2500
CSCE	2500
CTT	2500
CV	2500
DDR	2500
DNA	2500
DTD	2500
DVD	2500
EDP	2500
EFTA	2500
EN	2500
EPAL	2500
ESA	2500
ETA	2500
ETAR	2500
EUA	2500
FAP	2500
FBI	2500
FC	2500
FCCN	2500
FCUP	2500
FCP	2500
FIFA	2500
FIL	2500
FMI	2500
FPF	2500
FRETILIN	2500
FSF	2500
GATT	2500
GNU	2500
GNR	2500
GP	2500
GPL	2500
GPS	2500
ICEP	2500
IEFP	2500
INATEL	2500
INEM	2500
INESC	2500
IP	2500
IPC	2500
IPE	2500
IPPAR	2500
IPPC	2500
IRC	2500
IRS	2500
ISO	2500
ISSN	2500
ISBN	2500
IVA	2500
JS	2500
JSD	2500
KGB	2500
LCD	2500
LNEC	2500
MNE	2500
MP	2500
MPLA	2500
MRPP	2500
NASA	2500
NBA	2500
NIB	2500
NIF	2500
OCDE	2500
OE	2500
OGMA	2500
OLP	2500
OMS	2500
ONG	2500
ONU	2500
OPEP	2500
OPV	2500
OSCE	2500
OVNI	2500
PAC	2500
PAIGC	2500
PALOP	2500
PCP	2500
PCTP	2500
PDM	2500
PEDIP	2500
PEV	2500
PGA	2500
PGR	2500
PIB	2500
PIDDAC	2500
PIDE	2500
PJ	2500
PLN	2500
PME	2500
PP	2500
PPD	2500
PR	2500
PRD	2500
PS	2500
PSD	2500
PSN	2500
PSOE	2500
PSP	2500
PSR	2500
PT	2500
QCA	2500
RDA	2500
RDP	2500
RDTL	2500
RTP	2500
SCP	2500
SEC	2500
SEF	2500
SGPS	2500
SIC	2500
SIS	2500
SIDA	2500
SLB	2500
SMAS	2500
SME	2500
SNS	2500
SMS	2500
SOS	2500
SPA	2500
STCP	2500
STJ	2500
TAP	2500
TLP	2500
TPC	2500
TSF	2500
TV	2500
TVI	2500
UBP	2500
UDP	2500
UDT	2500
UE	2500
UEFA	2500
UGT	2500
UNESCO	2500
UNICEF	2500
UNITA	2500
URSS	2500
VCI	2500
VIH	2500
VW	2500
GB	2500
GHz	2500
Lda	2500
MB	2500
MHz	2500
Sta	2500
TB	2500
cm	2500
dr	2500
dra	2500
eng	2500
etc	2500
ex	2500
exs	2500
fac	2500
fig	2500
kB	2500
kg	2500
km	2500
ln	2500
mm	2500
prof	2500
pág	2500
sr	2500
séc	2500
sécs	2500
vs	2500
ballet	2500
boîte	2500
bulldozer	2500
bulldozers	2500
braille	2500
bonsai	2500
cânon	2500
capita	2500
catering	2500
check-in	2500
cocktail	2500
códex	2500
cowboy	2500
curriculum	2500
croissant	2500
croissants	2500
czarina	2500
czar	2500
designer	2500
designers	2500
design	2500
doping	2500
fax	2500
flash	2500
flashes	2500
franchising	2500
gay	2500
glamour	2500
holding	2500
ibidem	2500
jacuzzi	2500
jeans	2500
jiu-jitsu	2500
karaoke	2500
karaté	2500
kart	2500
karting	2500
ketchup	2500
kit	2500
kitsch	2500
kiwi	2500
koala	2500
laser	2500
lasers	2500
leasing	2500
marketing	2500
maxwell	2500
memorandum	2500
napalm	2500
nuance	2500
nylon	2500
pizza	2500
pickle	2500
piercing	2500
playstation	2500
portfólio	2500
poster	2500
posters	2500
posteriori	2500
práxis	2500
priori	2500
punk	2500
puzzle	2500
rafting	2500
rap	2500
reggae	2500
réveillon	2500
rock	2500
shiatsu	2500
shopping	2500
show	2500
shows	2500
skate	2500
slalom	2500
slide	2500
slogan	2500
slogans	2500
soutien	2500
soutiens	2500
spin	2500
spray	2500
squash	2500
staff	2500
standard	2500
stand	2500
status	2500
stock	2500
stop	2500
stress	2500
stressar	2500
strogonoff	2500
surf	2500
sudoku	2500
sushi	2500
taekwondo	2500
telex	2500
ticket	2500
thesaurus	2500
thesauri	2500
toilette	2500
tournée	2500
top	2500
tops	2500
tsunami	2500
t-shirt	2500
upload	2500
uploads	2500
versus	2500
vibrato	2500
viking	2500
vitae	2500
videoclipe	2500
videoclube	2500
vodka	2500
walkie-talkie	2500
whisky	2500
windsurf	2500
workshop	2500
workshops	2500
zoom	2500
zooms	2500
avocação	2500
extrajudicial	2500
extrajudiciário	2500
franquiador	2500
juridicidade	2500
obrigacional	2500
precípuo	2500
retributivo	2500
subsumível	2500
tipicidade	2500
decisor	2500
esquiço	2500
balaustrada	2500
ii	2500
iii	2500
iv	2500
vi	2500
vii	2500
viii	2500
ix	2500
xi	2500
xii	2500
xiii	2500
xiv	2500
xv	2500
xvi	2500
xvii	2500
xviii	2500
xix	2500
xx	2500
xxx	2500
assentes	2500
assentimos	2500
assentis	2500
assentem	2500
assinto	2500
assinta	2500
assintas	2500
assintamos	2500
assintais	2500
assintam	2500
assenti	2500
consentes	2500
consente	2500
consentimos	2500
consentis	2500
consentem	2500
consinto	2500
consinta	2500
consintas	2500
consintamos	2500
consintais	2500
consintam	2500
consenti	2500
desmentes	2500
desmente	2500
desmentimos	2500
desmentis	2500
desmentem	2500
desminto	2500
desminta	2500
desmintas	2500
desmintamos	2500
desmintais	2500
desmintam	2500
desmenti	2500
mentes	2500
mentimos	2500
mentis	2500
mentem	2500
minto	2500
minta	2500
mintas	2500
mintamos	2500
mintais	2500
mintam	2500
menti	2500
pressentes	2500
pressente	2500
pressentimos	2500
pressentis	2500
pressentem	2500
pressinto	2500
pressinta	2500
pressintas	2500
pressintamos	2500
pressintais	2500
pressintam	2500
pressenti	2500
ressentes	2500
ressente	2500
ressentimos	2500
ressentis	2500
ressentem	2500
ressinto	2500
ressinta	2500
ressintas	2500
ressintamos	2500
ressintais	2500
ressintam	2500
ressenti	2500
sentes	2500
sente	2500
sentimos	2500
sentis	2500
sentem	2500
sinto	2500
sinta	2500
sintas	2500
sintamos	2500
sintais	2500
sintam	2500
senti	2500
abstendo	2500
abstido	2500
abstida	2500
abstidos	2500
abstidas	2500
absterei	2500
absterás	2500
absterá	2500
absteremos	2500
abstereis	2500
absterão	2500
absteria	2500
absterias	2500
absteríamos	2500
absteríeis	2500
absteriam	2500
abstenho	2500
absténs	2500
abstém	2500
abstemos	2500
abstendes	2500
abstêm	2500
abstenha	2500
abstenhas	2500
abstenhamos	2500
abstenhais	2500
abstenham	2500
abstende	2500
abstive	2500
abstiveste	2500
absteve	2500
abstivemos	2500
abstivestes	2500
abstiveram	2500
abstinha	2500
abstinhas	2500
abstínhamos	2500
abstínheis	2500
abstinham	2500
abstivera	2500
abstiveras	2500
abstivéramos	2500
abstivéreis	2500
abstivesse	2500
abstivesses	2500
abstivéssemos	2500
abstivésseis	2500
abstivessem	2500
abstiver	2500
abstiveres	2500
abstivermos	2500
abstiverdes	2500
abstiverem	2500
absteres	2500
abstermos	2500
absterdes	2500
absterem	2500
investes	2500
investe	2500
investimos	2500
investis	2500
investem	2500
invisto	2500
invista	2500
invistas	2500
invistamos	2500
invistais	2500
invistam	2500
investi	2500
revestes	2500
reveste	2500
revestimos	2500
revestis	2500
revestem	2500
revisto	2500
revistas	2500
revistamos	2500
revistais	2500
revistam	2500
revesti	2500
vestes	2500
vestimos	2500
vestis	2500
vestem	2500
vistas	2500
vistamos	2500
vistais	2500
vistam	2500
vesti	2500
advertes	2500
adverte	2500
advertimos	2500
advertis	2500
advertem	2500
advirto	2500
advirta	2500
advirtas	2500
advirtamos	2500
advirtais	2500
advirtam	2500
adverti	2500
divertes	2500
diverte	2500
divertimos	2500
divertis	2500
divertem	2500
divirto	2500
divirta	2500
divirtas	2500
divirtamos	2500
divirtais	2500
divirtam	2500
diverti	2500
deles	2500
delimos	2500
delis	2500
delem	2500
dilo	2500
dila	2500
dilas	2500
dilamos	2500
dilais	2500
dilam	2500
deli	2500
compeles	2500
compele	2500
compelimos	2500
compelis	2500
compelem	2500
compilo	2500
compila	2500
compilas	2500
compilamos	2500
compilais	2500
compilam	2500
compeli	2500
expeles	2500
expele	2500
expelimos	2500
expelis	2500
expelem	2500
expilo	2500
expila	2500
expilas	2500
expilamos	2500
expilais	2500
expilam	2500
expeli	2500
impeles	2500
impele	2500
impelimos	2500
impelis	2500
impelem	2500
impilo	2500
impila	2500
impilas	2500
impilamos	2500
impilais	2500
impilam	2500
impeli	2500
repeles	2500
repele	2500
repelimos	2500
repelis	2500
repelem	2500
repilo	2500
repila	2500
repilas	2500
repilamos	2500
repilais	2500
repilam	2500
repeli	2500
competes	2500
compete	2500
competimos	2500
competis	2500
competem	2500
compito	2500
compita	2500
compitas	2500
compitamos	2500
compitais	2500
compitam	2500
competi	2500
repetes	2500
repete	2500
repetimos	2500
repetis	2500
repetem	2500
repito	2500
repita	2500
repitas	2500
repitamos	2500
repitais	2500
repitam	2500
repeti	2500
concernes	2500
concerne	2500
concernimos	2500
concernis	2500
concernem	2500
concirno	2500
concirna	2500
concirnas	2500
concirnamos	2500
concirnais	2500
concirnam	2500
concerni	2500
discernes	2500
discerne	2500
discernimos	2500
discernis	2500
discernem	2500
discirno	2500
discirna	2500
discirnas	2500
discirnamos	2500
discirnais	2500
discirnam	2500
discerni	2500
empedernes	2500
empederne	2500
empedernimos	2500
empedernis	2500
empedernem	2500
empedirno	2500
empedirna	2500
empedirnas	2500
empedirnamos	2500
empedirnais	2500
empedirnam	2500
empederni	2500
deflectes	2500
deflecte	2500
deflectimos	2500
deflectis	2500
deflectem	2500
deflicto	2500
deflicta	2500
deflictas	2500
deflictamos	2500
deflictais	2500
deflictam	2500
deflecti	2500
defletes	2500
deflete	2500
defletimos	2500
defletis	2500
defletem	2500
deflito	2500
deflita	2500
deflitas	2500
deflitamos	2500
deflitais	2500
deflitam	2500
defleti	2500
fletes	2500
flete	2500
fletimos	2500
fletis	2500
fletem	2500
flito	2500
flita	2500
flitas	2500
flitamos	2500
flitais	2500
flitam	2500
fleti	2500
infletes	2500
inflete	2500
infletimos	2500
infletis	2500
infletem	2500
inflito	2500
inflita	2500
inflitas	2500
inflitamos	2500
inflitais	2500
inflitam	2500
infleti	2500
refletes	2500
reflete	2500
refletimos	2500
refletis	2500
refletem	2500
reflito	2500
reflita	2500
reflitas	2500
reflitamos	2500
reflitais	2500
reflitam	2500
refleti	2500
fremes	2500
freme	2500
fremimos	2500
fremis	2500
fremem	2500
frimo	2500
frima	2500
frimas	2500
frimamos	2500
frimais	2500
frimam	2500
fremi	2500
serves	2500
serve	2500
servimos	2500
servis	2500
servem	2500
sirvo	2500
sirva	2500
sirvas	2500
sirvamos	2500
sirvais	2500
sirvam	2500
servi	2500
serzes	2500
serze	2500
serzimos	2500
serzis	2500
serzem	2500
sirzo	2500
sirza	2500
sirzas	2500
sirzamos	2500
sirzais	2500
sirzam	2500
serzi	2500
despes	2500
despe	2500
despimos	2500
despis	2500
despem	2500
dispo	2500
dispa	2500
dispas	2500
dispamos	2500
dispais	2500
dispam	2500
despi	2500
agredimos	2500
agredis	2500
agrido	2500
agrides	2500
agride	2500
agridem	2500
agrida	2500
agridas	2500
agridamos	2500
agridais	2500
agridam	2500
agredi	2500
progredimos	2500
progredis	2500
progrido	2500
progrides	2500
progride	2500
progridem	2500
progrida	2500
progridas	2500
progridamos	2500
progridais	2500
progridam	2500
progredi	2500
regredimos	2500
regredis	2500
regrido	2500
regrides	2500
regride	2500
regridem	2500
regrida	2500
regridas	2500
regridamos	2500
regridais	2500
regridam	2500
regredi	2500
transgredimos	2500
transgredis	2500
transgrido	2500
transgrides	2500
transgride	2500
transgridem	2500
transgrida	2500
transgridas	2500
transgridamos	2500
transgridais	2500
transgridam	2500
transgredi	2500
denegrimos	2500
denegris	2500
denigro	2500
denigres	2500
denigre	2500
denigrem	2500
denigra	2500
denigras	2500
denigramos	2500
denigrais	2500
denigram	2500
denegri	2500
premimos	2500
premis	2500
primes	2500
prime	2500
primem	2500
prima	2500
primas	2500
primamos	2500
primais	2500
primam	2500
premi	2500
prevenimos	2500
prevenis	2500
previno	2500
prevines	2500
previne	2500
previnem	2500
previna	2500
previnas	2500
previnamos	2500
previnais	2500
previnam	2500
preveni	2500
cerzimos	2500
cerzis	2500
cirzo	2500
cirzes	2500
cirze	2500
cirzem	2500
cirza	2500
cirzas	2500
cirzamos	2500
cirzais	2500
cirzam	2500
cerzi	2500
converges	2500
converge	2500
convergimos	2500
convergis	2500
convergem	2500
convirjo	2500
convirja	2500
convirjas	2500
convirjamos	2500
convirjais	2500
convirjam	2500
convergi	2500
diverges	2500
diverge	2500
divergimos	2500
divergis	2500
divergem	2500
divirjo	2500
divirja	2500
divirjas	2500
divirjamos	2500
divirjais	2500
divirjam	2500
divergi	2500
aguo	2500
aguas	2500
agua	2500
aguamos	2500
aguais	2500
aguam	2500
aguemos	2500
agueis	2500
aguai	2500
ague	2500
agues	2500
aguem	2500
apaniguo	2500
apaniguas	2500
apanigua	2500
apaniguamos	2500
apaniguais	2500
apaniguam	2500
apaniguemos	2500
apanigueis	2500
apaniguai	2500
apanigue	2500
apanigues	2500
apaniguem	2500
apaziguo	2500
apaziguas	2500
apazigua	2500
apaziguamos	2500
apaziguais	2500
apaziguam	2500
apaziguemos	2500
apazigueis	2500
apaziguai	2500
apazigue	2500
apazigues	2500
apaziguem	2500
averiguo	2500
averiguas	2500
averigua	2500
averiguamos	2500
averiguais	2500
averiguam	2500
averiguemos	2500
averigueis	2500
averiguai	2500
averigue	2500
averigues	2500
averiguem	2500
contiguo	2500
contiguas	2500
contigua	2500
contiguamos	2500
contiguais	2500
contiguam	2500
contiguemos	2500
contigueis	2500
contiguai	2500
contigue	2500
contigues	2500
contiguem	2500
desaguo	2500
desaguas	2500
desagua	2500
desaguamos	2500
desaguais	2500
desaguam	2500
desaguemos	2500
desagueis	2500
desaguai	2500
desague	2500
desagues	2500
desaguem	2500
desambiguo	2500
desambiguas	2500
desambigua	2500
desambiguamos	2500
desambiguais	2500
desambiguam	2500
desambiguemos	2500
desambigueis	2500
desambiguai	2500
desambigue	2500
desambigues	2500
desambiguem	2500
enxaguo	2500
enxaguas	2500
enxagua	2500
enxaguamos	2500
enxaguais	2500
enxaguam	2500
enxaguemos	2500
enxagueis	2500
enxaguai	2500
enxague	2500
enxagues	2500
enxaguem	2500
minguo	2500
minguas	2500
mingua	2500
minguamos	2500
minguais	2500
minguam	2500
minguemos	2500
mingueis	2500
minguai	2500
mingue	2500
mingues	2500
minguem	2500
abaulamos	2500
abaulais	2500
abaulemos	2500
abauleis	2500
abaulai	2500
abaúlo	2500
abaúlas	2500
abaúla	2500
abaúlam	2500
abaúle	2500
abaúles	2500
abaúlem	2500
amiudamos	2500
amiudais	2500
amiudemos	2500
amiudeis	2500
amiudai	2500
amiúdo	2500
amiúdas	2500
amiúda	2500
amiúdam	2500
amiúdes	2500
amiúdem	2500
desmiudamos	2500
desmiudais	2500
desmiudemos	2500
desmiudeis	2500
desmiudai	2500
desmiúdo	2500
desmiúdas	2500
desmiúda	2500
desmiúdam	2500
desmiúde	2500
desmiúdes	2500
desmiúdem	2500
aunamos	2500
aunais	2500
aunemos	2500
auneis	2500
aunai	2500
aúno	2500
aúnas	2500
aúna	2500
aúnam	2500
aúne	2500
aúnes	2500
aúnem	2500
viuvamos	2500
viuvais	2500
viuvemos	2500
viuveis	2500
viuvai	2500
viúvas	2500
viúva	2500
viúvam	2500
viúve	2500
viúves	2500
viúvem	2500
enviuvamos	2500
enviuvais	2500
enviuvemos	2500
enviuveis	2500
enviuvai	2500
enviúvo	2500
enviúvas	2500
enviúva	2500
enviúvam	2500
enviúve	2500
enviúves	2500
enviúvem	2500
faulhamos	2500
faulhais	2500
faulhemos	2500
faulheis	2500
faulhai	2500
faúlho	2500
faúlhas	2500
faúlham	2500
faúlhe	2500
faúlhes	2500
faúlhem	2500
gauchamos	2500
gauchais	2500
gauchemos	2500
gaucheis	2500
gauchai	2500
gaúchas	2500
gaúcha	2500
gaúcham	2500
gaúche	2500
gaúches	2500
gaúchem	2500
saudamos	2500
saudais	2500
saudemos	2500
saudeis	2500
saudai	2500
saúdo	2500
saúdas	2500
saúda	2500
saúdam	2500
saúdes	2500
saúdem	2500
adequo	2500
adequas	2500
adequa	2500
adequamos	2500
adequais	2500
adequam	2500
adequemos	2500
adequeis	2500
adequai	2500
adeque	2500
adeques	2500
adequem	2500
adequém	2500
obliquo	2500
obliquas	2500
obliqua	2500
obliquamos	2500
obliquais	2500
obliquam	2500
obliquemos	2500
obliqueis	2500
obliquai	2500
oblique	2500
obliques	2500
obliquem	2500
obliquém	2500
antiquo	2500
antiquas	2500
antiqua	2500
antiquamos	2500
antiquais	2500
antiquam	2500
antiquemos	2500
antiqueis	2500
antiquai	2500
antique	2500
antiques	2500
antiquem	2500
antiquém	2500
esmiuçando	2500
esmiuçamos	2500
esmiuçais	2500
esmiuçado	2500
esmiuçada	2500
esmiuçados	2500
esmiuçadas	2500
esmiuçava	2500
esmiuçavas	2500
esmiuçávamos	2500
esmiuçáveis	2500
esmiuçavam	2500
esmiuçaste	2500
esmiuçou	2500
esmiuçámos	2500
esmiuçastes	2500
esmiuçaram	2500
esmiuçara	2500
esmiuçaras	2500
esmiuçáramos	2500
esmiuçáreis	2500
esmiuçarei	2500
esmiuçarás	2500
esmiuçará	2500
esmiuçaremos	2500
esmiuçareis	2500
esmiuçarão	2500
esmiuçasse	2500
esmiuçasses	2500
esmiuçássemos	2500
esmiuçásseis	2500
esmiuçassem	2500
esmiuçares	2500
esmiuçarmos	2500
esmiuçardes	2500
esmiuçarem	2500
esmiuçaria	2500
esmiuçarias	2500
esmiuçaríamos	2500
esmiuçaríeis	2500
esmiuçariam	2500
esmiúço	2500
esmiúças	2500
esmiúça	2500
esmiúçam	2500
esmiucei	2500
esmiúce	2500
esmiúces	2500
esmiucemos	2500
esmiuceis	2500
esmiúcem	2500
esmiuçai	2500
arguimos	2500
arguis	2500
argua	2500
arguas	2500
arguamos	2500
arguais	2500
arguam	2500
argui	2500
arguo	2500
arguem	2500
reunimos	2500
reunis	2500
reunamos	2500
reunais	2500
reuni	2500
reúno	2500
reúnes	2500
reúne	2500
reúnem	2500
reúna	2500
reúnas	2500
reúnam	2500
ajuizamos	2500
ajuizais	2500
ajuizemos	2500
ajuizeis	2500
ajuizai	2500
ajuízo	2500
ajuízas	2500
ajuíza	2500
ajuízam	2500
ajuíze	2500
ajuízes	2500
ajuízem	2500
arruinamos	2500
arruinais	2500
arruinemos	2500
arruineis	2500
arruinai	2500
arruíno	2500
arruínas	2500
arruína	2500
arruínam	2500
arruíne	2500
arruínes	2500
arruínem	2500
enraizamos	2500
enraizais	2500
enraizemos	2500
enraizeis	2500
enraizai	2500
enraízo	2500
enraízas	2500
enraíza	2500
enraízam	2500
enraíze	2500
enraízes	2500
enraízem	2500
hebraizamos	2500
hebraizais	2500
hebraizemos	2500
hebraizeis	2500
hebraizai	2500
hebraízo	2500
hebraízas	2500
hebraíza	2500
hebraízam	2500
hebraíze	2500
hebraízes	2500
hebraízem	2500
judaizamos	2500
judaizais	2500
judaizemos	2500
judaizeis	2500
judaizai	2500
judaízo	2500
judaízas	2500
judaíza	2500
judaízam	2500
judaíze	2500
judaízes	2500
judaízem	2500
europeizamos	2500
europeizais	2500
europeizemos	2500
europeizeis	2500
europeizai	2500
europeízo	2500
europeízas	2500
europeíza	2500
europeízam	2500
europeíze	2500
europeízes	2500
europeízem	2500
homogeneizamos	2500
homogeneizais	2500
homogeneizemos	2500
homogeneizeis	2500
homogeneizai	2500
homogeneízo	2500
homogeneízas	2500
homogeneíza	2500
homogeneízam	2500
homogeneíze	2500
homogeneízes	2500
homogeneízem	2500
plebeizamos	2500
plebeizais	2500
plebeizemos	2500
plebeizeis	2500
plebeizai	2500
plebeízo	2500
plebeízas	2500
plebeíza	2500
plebeízam	2500
plebeíze	2500
plebeízes	2500
plebeízem	2500
coibimos	2500
coibis	2500
coibamos	2500
coibais	2500
coibi	2500
coíbo	2500
coíbes	2500
coíbe	2500
coíbem	2500
coíba	2500
coíbas	2500
coíbam	2500
proibimos	2500
proibis	2500
proibamos	2500
proibais	2500
proibi	2500
proíbo	2500
proíbes	2500
proíbe	2500
proíbem	2500
proíba	2500
proíbas	2500
proíbam	2500
acudo	2500
acudimos	2500
acudis	2500
acuda	2500
acudas	2500
acudamos	2500
acudais	2500
acudam	2500
acudi	2500
acodes	2500
acode	2500
acodem	2500
bulo	2500
bulimos	2500
bulis	2500
bulas	2500
bulamos	2500
bulais	2500
bulam	2500
buli	2500
boles	2500
bole	2500
bolem	2500
cuspimos	2500
cuspis	2500
cuspa	2500
cuspas	2500
cuspamos	2500
cuspais	2500
cuspam	2500
cuspi	2500
cospes	2500
cospe	2500
cospem	2500
entupo	2500
entupimos	2500
entupis	2500
entupa	2500
entupas	2500
entupamos	2500
entupais	2500
entupam	2500
entupi	2500
entopes	2500
entope	2500
entopem	2500
subo	2500
subimos	2500
subis	2500
suba	2500
subas	2500
subamos	2500
subais	2500
subam	2500
subi	2500
sobes	2500
sobe	2500
sobem	2500
sumimos	2500
sumis	2500
sumas	2500
sumamos	2500
sumais	2500
sumam	2500
sumi	2500
somes	2500
some	2500
somem	2500
sacudo	2500
sacudimos	2500
sacudis	2500
sacuda	2500
sacudas	2500
sacudamos	2500
sacudais	2500
sacudam	2500
sacudi	2500
sacodes	2500
sacode	2500
sacodem	2500
consumimos	2500
consumis	2500
consuma	2500
consumas	2500
consumamos	2500
consumais	2500
consumam	2500
consumi	2500
consomes	2500
consome	2500
consomem	2500
fugimos	2500
fugis	2500
fujo	2500
foges	2500
foge	2500
fogem	2500
fuja	2500
fujas	2500
fujamos	2500
fujais	2500
fujam	2500
fugi	2500
rugimos	2500
rugis	2500
rujo	2500
ruges	2500
ruge	2500
rugem	2500
ruja	2500
rujas	2500
rujamos	2500
rujais	2500
rujam	2500
rugi	2500
mugimos	2500
mugis	2500
mujo	2500
muges	2500
muge	2500
mugem	2500
muja	2500
mujas	2500
mujamos	2500
mujais	2500
mujam	2500
mugi	2500
aboles	2500
abole	2500
abolimos	2500
abolis	2500
abolem	2500
abulo	2500
abula	2500
abulas	2500
abulamos	2500
abulais	2500
abulam	2500
aboli	2500
demoles	2500
demole	2500
demolimos	2500
demolis	2500
demolem	2500
demulo	2500
demula	2500
demulas	2500
demulamos	2500
demulais	2500
demulam	2500
demoli	2500
engoles	2500
engole	2500
engolimos	2500
engolis	2500
engolem	2500
engulo	2500
engula	2500
engulas	2500
engulamos	2500
engulais	2500
engulam	2500
engoli	2500
reboles	2500
rebole	2500
rebolimos	2500
rebolis	2500
rebolem	2500
rebulo	2500
rebula	2500
rebulas	2500
rebulamos	2500
rebulais	2500
rebulam	2500
reboli	2500
dormes	2500
dorme	2500
dormimos	2500
dormis	2500
dormem	2500
durmo	2500
durma	2500
durmas	2500
durmamos	2500
durmais	2500
durmam	2500
dormi	2500
descobres	2500
descobre	2500
descobrimos	2500
descobris	2500
descobrem	2500
descubro	2500
descubra	2500
descubras	2500
descubramos	2500
descubrais	2500
descubram	2500
descobri	2500
cobres	2500
cobrimos	2500
cobris	2500
cobrem	2500
cubro	2500
cubra	2500
cubras	2500
cubramos	2500
cubrais	2500
cubram	2500
cobri	2500
encobres	2500
encobre	2500
encobrimos	2500
encobris	2500
encobrem	2500
encubro	2500
encubra	2500
encubras	2500
encubramos	2500
encubrais	2500
encubram	2500
encobri	2500
colores	2500
colore	2500
colorimos	2500
coloris	2500
colorem	2500
coluro	2500
colura	2500
coluras	2500
coluramos	2500
colurais	2500
coluram	2500
colori	2500
multicolores	2500
multicolore	2500
multicolorimos	2500
multicoloris	2500
multicolorem	2500
multicoluro	2500
multicolura	2500
multicoluras	2500
multicoluramos	2500
multicolurais	2500
multicoluram	2500
multicolori	2500
espavores	2500
espavore	2500
espavorimos	2500
espavoris	2500
espavorem	2500
espavuro	2500
espavura	2500
espavuras	2500
espavuramos	2500
espavurais	2500
espavuram	2500
espavori	2500
explodes	2500
explode	2500
explodimos	2500
explodis	2500
explodem	2500
expludo	2500
expluda	2500
expludas	2500
expludamos	2500
expludais	2500
expludam	2500
explodi	2500
eclodes	2500
eclode	2500
eclodimos	2500
eclodis	2500
eclodem	2500
ecludo	2500
ecluda	2500
ecludas	2500
ecludamos	2500
ecludais	2500
ecludam	2500
eclodi	2500
tosses	2500
tossimos	2500
tossis	2500
tossem	2500
tusso	2500
tussa	2500
tussas	2500
tussamos	2500
tussais	2500
tussam	2500
tossi	2500
polimos	2500
polis	2500
pules	2500
pule	2500
pulem	2500
pulas	2500
pulamos	2500
pulais	2500
pulam	2500
poli	2500
sortimos	2500
sortis	2500
surtes	2500
surte	2500
surtem	2500
surta	2500
surtas	2500
surtamos	2500
surtais	2500
surtam	2500
sorti	2500
aprazendo	2500
aprazo	2500
aprazes	2500
aprazemos	2500
aprazeis	2500
aprazem	2500
apraza	2500
aprazas	2500
aprazamos	2500
aprazais	2500
aprazam	2500
aprazei	2500
aprazido	2500
aprazida	2500
aprazidos	2500
aprazidas	2500
aprazia	2500
aprazias	2500
aprazíamos	2500
aprazíeis	2500
apraziam	2500
aprazerei	2500
aprazerás	2500
aprazerá	2500
aprazeremos	2500
aprazereis	2500
aprazerão	2500
aprazeria	2500
aprazerias	2500
aprazeríamos	2500
aprazeríeis	2500
aprazeriam	2500
apraz	2500
aprouve	2500
aprouveste	2500
aprouvemos	2500
aprouvestes	2500
aprouveram	2500
aprouvera	2500
aprouveras	2500
aprouvéramos	2500
aprouvéreis	2500
aprouvesse	2500
aprouvesses	2500
aprouvéssemos	2500
aprouvésseis	2500
aprouvéssem	2500
aprouver	2500
aprouveres	2500
aprouvermos	2500
aprouverdes	2500
aprouverem	2500
aprazeres	2500
aprazermos	2500
aprazerdes	2500
aprazerem	2500
comprazendo	2500
comprazo	2500
comprazes	2500
comprazemos	2500
comprazeis	2500
comprazem	2500
compraza	2500
comprazas	2500
comprazamos	2500
comprazais	2500
comprazam	2500
comprazei	2500
comprazido	2500
comprazida	2500
comprazidos	2500
comprazidas	2500
comprazia	2500
comprazias	2500
comprazíamos	2500
comprazíeis	2500
compraziam	2500
comprazerei	2500
comprazerás	2500
comprazerá	2500
comprazeremos	2500
comprazereis	2500
comprazerão	2500
comprazeria	2500
comprazerias	2500
comprazeríamos	2500
comprazeríeis	2500
comprazeriam	2500
compraz	2500
comprouve	2500
comprouveste	2500
comprouvemos	2500
comprouvestes	2500
comprouveram	2500
comprouvera	2500
comprouveras	2500
comprouvéramos	2500
comprouvéreis	2500
comprouvesse	2500
comprouvesses	2500
comprouvéssemos	2500
comprouvésseis	2500
comprouvéssem	2500
comprouver	2500
comprouveres	2500
comprouvermos	2500
comprouverdes	2500
comprouverem	2500
comprazeres	2500
comprazermos	2500
comprazerdes	2500
comprazerem	2500
desprazendo	2500
desprazo	2500
desprazes	2500
desprazemos	2500
desprazeis	2500
desprazem	2500
despraza	2500
desprazas	2500
desprazamos	2500
desprazais	2500
desprazam	2500
desprazei	2500
desprazido	2500
desprazida	2500
desprazidos	2500
desprazidas	2500
desprazia	2500
desprazias	2500
desprazíamos	2500
desprazíeis	2500
despraziam	2500
desprazerei	2500
desprazerás	2500
desprazerá	2500
desprazeremos	2500
desprazereis	2500
desprazerão	2500
desprazeria	2500
desprazerias	2500
desprazeríamos	2500
desprazeríeis	2500
desprazeriam	2500
despraz	2500
desprouve	2500
desprouveste	2500
desprouvemos	2500
desprouvestes	2500
desprouveram	2500
desprouvera	2500
desprouveras	2500
desprouvéramos	2500
desprouvéreis	2500
desprouvesse	2500
desprouvesses	2500
desprouvéssemos	2500
desprouvésseis	2500
desprouvéssem	2500
desprouver	2500
desprouveres	2500
desprouvermos	2500
desprouverdes	2500
desprouverem	2500
desprazeres	2500
desprazermos	2500
desprazerdes	2500
desprazerem	2500
jazo	2500
jazes	2500
jazemos	2500
jazeis	2500
jazem	2500
jaza	2500
jazas	2500
jazamos	2500
jazais	2500
jazam	2500
jaze	2500
jazei	2500
jaz	2500
paro	2500
paras	2500
paramos	2500
parais	2500
param	2500
pare	2500
pares	2500
paremos	2500
pareis	2500
parem	2500
parai	2500
comedes	2500
comede	2500
comedimos	2500
comedis	2500
comedem	2500
começa	2500
começas	2500
começamos	2500
começais	2500
comedi	2500
começam	2500
medes	2500
mede	2500
medimos	2500
medis	2500
medem	2500
meço	2500
meça	2500
meças	2500
meçamos	2500
meçais	2500
medi	2500
meçam	2500
desimpedes	2500
desimpede	2500
desimpedimos	2500
desimpedis	2500
desimpedem	2500
desimpeço	2500
desimpeça	2500
desimpeças	2500
desimpeçamos	2500
desimpeçais	2500
desimpedi	2500
desimpeçam	2500
despedes	2500
despede	2500
despedimos	2500
despedis	2500
despedem	2500
despeço	2500
despeça	2500
despeças	2500
despeçamos	2500
despeçais	2500
despedi	2500
despeçam	2500
expedes	2500
expede	2500
expedimos	2500
expedis	2500
expedem	2500
expeço	2500
expeça	2500
expeças	2500
expeçamos	2500
expeçais	2500
expedi	2500
expeçam	2500
impedes	2500
impede	2500
impedimos	2500
impedis	2500
impedem	2500
impeço	2500
impeça	2500
impeças	2500
impeçamos	2500
impeçais	2500
impedi	2500
impeçam	2500
pedes	2500
pede	2500
pedimos	2500
pedis	2500
pedem	2500
peço	2500
peças	2500
peçamos	2500
peçais	2500
pedi	2500
peçam	2500
obstruindo	2500
obstrues	2500
obstrue	2500
obstruem	2500
obstrua	2500
obstruas	2500
obstruamos	2500
obstruais	2500
obstruam	2500
obstruíamos	2500
obstruíeis	2500
obstruiu	2500
obstruíramos	2500
obstruíreis	2500
obstruirei	2500
obstruirás	2500
obstruirá	2500
obstruiremos	2500
obstruireis	2500
obstruirão	2500
obstruíssemos	2500
obstruísseis	2500
obstruirmos	2500
obstruirdes	2500
obstruiria	2500
obstruirias	2500
obstruiríamos	2500
obstruiríeis	2500
obstruiriam	2500
obstruo	2500
obstruímos	2500
obstruís	2500
obstruía	2500
obstruías	2500
obstruíam	2500
obstruí	2500
obstruíste	2500
obstruístes	2500
obstruíram	2500
obstruíra	2500
obstruíras	2500
obstruísse	2500
obstruísses	2500
obstruíssem	2500
obstruíres	2500
obstruírem	2500
obstruído	2500
obstruída	2500
obstruídos	2500
obstruídas	2500
instruindo	2500
instrues	2500
instrue	2500
instruem	2500
instrua	2500
instruas	2500
instruamos	2500
instruais	2500
instruam	2500
instruíamos	2500
instruíeis	2500
instruiu	2500
instruíramos	2500
instruíreis	2500
instruirei	2500
instruirás	2500
instruirá	2500
instruiremos	2500
instruireis	2500
instruirão	2500
instruíssemos	2500
instruísseis	2500
instruirmos	2500
instruirdes	2500
instruiria	2500
instruirias	2500
instruiríamos	2500
instruiríeis	2500
instruiriam	2500
instruo	2500
instruímos	2500
instruís	2500
instruía	2500
instruías	2500
instruíam	2500
instruí	2500
instruíste	2500
instruístes	2500
instruíram	2500
instruíra	2500
instruíras	2500
instruísse	2500
instruísses	2500
instruíssem	2500
instruíres	2500
instruírem	2500
instruída	2500
instruídos	2500
instruídas	2500
destruindo	2500
destruo	2500
destrua	2500
destruas	2500
destruamos	2500
destruais	2500
destruam	2500
destruíamos	2500
destruíeis	2500
destruiu	2500
destruíramos	2500
destruíreis	2500
destruirei	2500
destruirás	2500
destruirá	2500
destruiremos	2500
destruireis	2500
destruirão	2500
destruíssemos	2500
destruísseis	2500
destruirmos	2500
destruirdes	2500
destruiria	2500
destruirias	2500
destruiríamos	2500
destruiríeis	2500
destruiriam	2500
destróis	2500
destrói	2500
destruímos	2500
destruís	2500
destroem	2500
destruía	2500
destruías	2500
destruíam	2500
destruí	2500
destruíste	2500
destruístes	2500
destruíram	2500
destruíra	2500
destruíras	2500
destruísse	2500
destruísses	2500
destruíssem	2500
destruíres	2500
destruírem	2500
destruído	2500
destruída	2500
destruídos	2500
destruídas	2500
construindo	2500
construo	2500
construa	2500
construas	2500
construamos	2500
construais	2500
construam	2500
construíamos	2500
construíeis	2500
construiu	2500
construíramos	2500
construíreis	2500
construirei	2500
construirás	2500
construirá	2500
construiremos	2500
construireis	2500
construirão	2500
construíssemos	2500
construísseis	2500
construirmos	2500
construirdes	2500
construiria	2500
construirias	2500
construiríamos	2500
construiríeis	2500
construiriam	2500
constróis	2500
constrói	2500
construímos	2500
construís	2500
constroem	2500
construía	2500
construías	2500
construíam	2500
construí	2500
construíste	2500
construístes	2500
construíram	2500
construíra	2500
construíras	2500
construísse	2500
construísses	2500
construíssem	2500
construíres	2500
construírem	2500
construído	2500
construída	2500
construídos	2500
construídas	2500
ponho	2500
pões	2500
pomos	2500
pondes	2500
punha	2500
punhas	2500
púnhamos	2500
púnheis	2500
punham	2500
puseste	2500
pôs	2500
pusemos	2500
pusestes	2500
puseram	2500
pusera	2500
puseras	2500
puséramos	2500
puséreis	2500
porei	2500
porás	2500
porá	2500
poremos	2500
poreis	2500
ponha	2500
ponhas	2500
ponhamos	2500
ponhais	2500
ponham	2500
pusesse	2500
pusesses	2500
puséssemos	2500
pusésseis	2500
pusessem	2500
puser	2500
puseres	2500
pusermos	2500
puserdes	2500
puserem	2500
poria	2500
porias	2500
poríamos	2500
poríeis	2500
poriam	2500
ponde	2500
pondo	2500
postos	2500
postas	2500
pores	2500
pormos	2500
pordes	2500
porem	2500
corroendo	2500
corroo	2500
corroemos	2500
corroeis	2500
corroem	2500
corroa	2500
corroas	2500
corroamos	2500
corroais	2500
corroam	2500
corroei	2500
corroíamos	2500
corroíeis	2500
corroeste	2500
corroeu	2500
corroestes	2500
corroeram	2500
corroera	2500
corroeras	2500
corroêramos	2500
corroêreis	2500
corroerei	2500
corroerás	2500
corroerá	2500
corroeremos	2500
corroereis	2500
corroerão	2500
corroesse	2500
corroesses	2500
corroêssemos	2500
corroêsseis	2500
corroessem	2500
corroeres	2500
corroermos	2500
corroerdes	2500
corroerem	2500
corroeria	2500
corroerias	2500
corroeríamos	2500
corroeríeis	2500
corroeriam	2500
corróis	2500
corrói	2500
corroía	2500
corroías	2500
corroíam	2500
corroí	2500
corroído	2500
corroída	2500
corroídos	2500
corroídas	2500
doendo	2500
doo	2500
doemos	2500
doeis	2500
doem	2500
doa	2500
doas	2500
doamos	2500
doais	2500
doam	2500
doei	2500
doíamos	2500
doíeis	2500
doeste	2500
doeu	2500
doestes	2500
doeram	2500
doera	2500
doeras	2500
doêramos	2500
doêreis	2500
doerei	2500
doerás	2500
doerá	2500
doeremos	2500
doereis	2500
doerão	2500
doesse	2500
doesses	2500
doêssemos	2500
doêsseis	2500
doessem	2500
doeres	2500
doermos	2500
doerdes	2500
doerem	2500
doeria	2500
doerias	2500
doeríamos	2500
doeríeis	2500
doeriam	2500
dóis	2500
doía	2500
doías	2500
doíam	2500
doí	2500
doído	2500
doída	2500
doídos	2500
doídas	2500
moendo	2500
moo	2500
moemos	2500
moeis	2500
moem	2500
moa	2500
moas	2500
moamos	2500
moais	2500
moam	2500
moei	2500
moíamos	2500
moíeis	2500
moeste	2500
moeu	2500
moestes	2500
moeram	2500
moera	2500
moeras	2500
moêramos	2500
moêreis	2500
moerei	2500
moerás	2500
moerá	2500
moeremos	2500
moereis	2500
moerão	2500
moesse	2500
moesses	2500
moêssemos	2500
moêsseis	2500
moessem	2500
moeres	2500
moermos	2500
moerdes	2500
moerem	2500
moeria	2500
moerias	2500
moeríamos	2500
moeríeis	2500
moeriam	2500
móis	2500
mói	2500
moía	2500
moías	2500
moíam	2500
moí	2500
moída	2500
moídos	2500
moídas	2500
remoendo	2500
remoo	2500
remoemos	2500
remoeis	2500
remoem	2500
remoa	2500
remoas	2500
remoamos	2500
remoais	2500
remoam	2500
remoei	2500
remoíamos	2500
remoíeis	2500
remoeste	2500
remoeu	2500
remoestes	2500
remoeram	2500
remoera	2500
remoeras	2500
remoêramos	2500
remoêreis	2500
remoerei	2500
remoerás	2500
remoerá	2500
remoeremos	2500
remoereis	2500
remoerão	2500
remoesse	2500
remoesses	2500
remoêssemos	2500
remoêsseis	2500
remoessem	2500
remoeres	2500
remoermos	2500
remoerdes	2500
remoerem	2500
remoeria	2500
remoerias	2500
remoeríamos	2500
remoeríeis	2500
remoeriam	2500
remóis	2500
remói	2500
remoía	2500
remoías	2500
remoíam	2500
remoí	2500
remoído	2500
remoída	2500
remoídos	2500
remoídas	2500
roendo	2500
roo	2500
roemos	2500
roeis	2500
roem	2500
roa	2500
roas	2500
roamos	2500
roais	2500
roam	2500
roei	2500
roíamos	2500
roíeis	2500
roeste	2500
roeu	2500
roestes	2500
roeram	2500
roera	2500
roeras	2500
roêramos	2500
roêreis	2500
roerei	2500
roerás	2500
roerá	2500
roeremos	2500
roereis	2500
roerão	2500
roesse	2500
roesses	2500
roêssemos	2500
roêsseis	2500
roessem	2500
roeres	2500
roermos	2500
roerdes	2500
roerem	2500
roeria	2500
roerias	2500
roeríamos	2500
roeríeis	2500
roeriam	2500
róis	2500
rói	2500
roía	2500
roías	2500
roíam	2500
roí	2500
roído	2500
roída	2500
roídos	2500
roídas	2500
consegues	2500
consegue	2500
conseguimos	2500
conseguis	2500
conseguem	2500
consiga	2500
consigas	2500
consigamos	2500
consigais	2500
consigam	2500
consigui	2500
persegues	2500
persegue	2500
perseguimos	2500
perseguis	2500
perseguem	2500
persigo	2500
persiga	2500
persigas	2500
persigamos	2500
persigais	2500
persigam	2500
persigui	2500
prossegues	2500
prossegue	2500
prosseguimos	2500
prosseguis	2500
prosseguem	2500
prossigo	2500
prossiga	2500
prossigas	2500
prossigamos	2500
prossigais	2500
prossigam	2500
prossigui	2500
segues	2500
seguimos	2500
seguis	2500
sigo	2500
siga	2500
sigas	2500
sigamos	2500
sigais	2500
sigam	2500
sigui	2500
damos	2500
dais	2500
dava	2500
davas	2500
dávamos	2500
dáveis	2500
davam	2500
darei	2500
darás	2500
dará	2500
daremos	2500
dareis	2500
darão	2500
daria	2500
darias	2500
daríamos	2500
daríeis	2500
dariam	2500
dou	2500
dás	2500
dei	2500
deu	2500
demos	2500
destes	2500
deram	2500
dera	2500
deras	2500
déramos	2500
déreis	2500
dê	2500
dês	2500
dêmos	2500
deis	2500
deem	2500
desses	2500
déssemos	2500
désseis	2500
dessem	2500
der	2500
deres	2500
dermos	2500
derdes	2500
derem	2500
dai	2500
dando	2500
dados	2500
dadas	2500
dares	2500
darmos	2500
dardes	2500
darem	2500
antedamos	2500
antedais	2500
antedava	2500
antedavas	2500
antedávamos	2500
antedáveis	2500
antedavam	2500
antedarei	2500
antedarás	2500
antedará	2500
antedaremos	2500
antedareis	2500
antedarão	2500
antedaria	2500
antedarias	2500
antedaríamos	2500
antedaríeis	2500
antedariam	2500
antedou	2500
antedás	2500
antedá	2500
antedão	2500
antedei	2500
antedeste	2500
antedeu	2500
antedemos	2500
antedestes	2500
antederam	2500
antedera	2500
antederas	2500
antedéramos	2500
antedéreis	2500
antedê	2500
antedês	2500
antedêmos	2500
antedeis	2500
antedeem	2500
antedesse	2500
antedesses	2500
antedéssemos	2500
antedésseis	2500
antedessem	2500
anteder	2500
antederes	2500
antedermos	2500
antederdes	2500
antederem	2500
antedai	2500
antedando	2500
antedado	2500
antedada	2500
antedados	2500
antedadas	2500
antedares	2500
antedarmos	2500
antedardes	2500
antedarem	2500
vendo	2500
vemos	2500
veis	2500
víamos	2500
víeis	2500
viam	2500
verei	2500
verás	2500
verá	2500
veremos	2500
vereis	2500
veria	2500
verias	2500
veríamos	2500
veríeis	2500
veriam	2500
vejo	2500
vês	2500
veem	2500
viste	2500
viu	2500
vimos	2500
vistes	2500
viram	2500
viras	2500
víramos	2500
víreis	2500
vejas	2500
vejamos	2500
vejais	2500
vejam	2500
visse	2500
visses	2500
víssemos	2500
vísseis	2500
vissem	2500
vires	2500
virmos	2500
virdes	2500
virem	2500
vede	2500
vistos	2500
veres	2500
vermos	2500
verdes	2500
verem	2500
antevendo	2500
antevemos	2500
anteveis	2500
antevia	2500
antevias	2500
antevíamos	2500
antevíeis	2500
anteviam	2500
anteverei	2500
anteverás	2500
anteverá	2500
anteveremos	2500
antevereis	2500
anteverão	2500
anteveria	2500
anteverias	2500
anteveríamos	2500
anteveríeis	2500
anteveriam	2500
antevejo	2500
antevês	2500
antevê	2500
anteveem	2500
antevi	2500
anteviste	2500
anteviu	2500
antevimos	2500
antevistes	2500
anteviram	2500
antevira	2500
anteviras	2500
antevíramos	2500
antevíreis	2500
anteveja	2500
antevejas	2500
antevejamos	2500
antevejais	2500
antevejam	2500
antevisse	2500
antevisses	2500
antevíssemos	2500
antevísseis	2500
antevissem	2500
antevir	2500
antevires	2500
antevirmos	2500
antevirdes	2500
antevirem	2500
antevede	2500
antevisto	2500
antevista	2500
antevistos	2500
antevistas	2500
anteveres	2500
antevermos	2500
anteverdes	2500
anteverem	2500
revendo	2500
revemos	2500
reveis	2500
revia	2500
revias	2500
revíamos	2500
revíeis	2500
reviam	2500
reverei	2500
reverás	2500
reverá	2500
reveremos	2500
revereis	2500
reverão	2500
reveria	2500
reverias	2500
reveríamos	2500
reveríeis	2500
reveriam	2500
revejo	2500
revês	2500
revê	2500
reveem	2500
revi	2500
reviste	2500
reviu	2500
revimos	2500
revistes	2500
reviram	2500
revira	2500
reviras	2500
revíramos	2500
revíreis	2500
reveja	2500
revejas	2500
revejamos	2500
revejais	2500
revejam	2500
revisse	2500
revisses	2500
revíssemos	2500
revísseis	2500
revissem	2500
revires	2500
revirmos	2500
revirdes	2500
revirem	2500
revede	2500
revistos	2500
reveres	2500
revermos	2500
reverdes	2500
reverem	2500
prevendo	2500
prevemos	2500
preveis	2500
previa	2500
previas	2500
prevíamos	2500
prevíeis	2500
previam	2500
preverei	2500
preverás	2500
preverá	2500
preveremos	2500
prevereis	2500
preverão	2500
preveria	2500
preverias	2500
preveríamos	2500
preveríeis	2500
preveriam	2500
prevejo	2500
prevês	2500
prevê	2500
preveem	2500
previ	2500
previste	2500
previu	2500
previmos	2500
previstes	2500
previram	2500
previra	2500
previras	2500
prevíramos	2500
prevíreis	2500
preveja	2500
prevejas	2500
prevejamos	2500
prevejais	2500
prevejam	2500
previsse	2500
previsses	2500
prevíssemos	2500
prevísseis	2500
previssem	2500
previr	2500
previres	2500
previrmos	2500
previrdes	2500
previrem	2500
prevede	2500
previstos	2500
previstas	2500
preveres	2500
prevermos	2500
preverdes	2500
preverem	2500
entrevendo	2500
entrevemos	2500
entreveis	2500
entrevia	2500
entrevias	2500
entrevíamos	2500
entrevíeis	2500
entreviam	2500
entreverei	2500
entreverás	2500
entreverá	2500
entreveremos	2500
entrevereis	2500
entreverão	2500
entreveria	2500
entreverias	2500
entreveríamos	2500
entreveríeis	2500
entreveriam	2500
entrevejo	2500
entrevês	2500
entrevê	2500
entreveem	2500
entrevi	2500
entreviste	2500
entreviu	2500
entrevimos	2500
entrevistes	2500
entreviram	2500
entrevira	2500
entreviras	2500
entrevíramos	2500
entrevíreis	2500
entreveja	2500
entrevejas	2500
entrevejamos	2500
entrevejais	2500
entrevejam	2500
entrevisse	2500
entrevisses	2500
entrevíssemos	2500
entrevísseis	2500
entrevissem	2500
entrevir	2500
entrevires	2500
entrevirmos	2500
entrevirdes	2500
entrevirem	2500
entrevede	2500
entrevisto	2500
entrevistos	2500
entrevistas	2500
entreveres	2500
entrevermos	2500
entreverdes	2500
entreverem	2500
comerciamos	2500
comerciais	2500
comerciemos	2500
comercieis	2500
comerciai	2500
comercio	2500
comerceio	2500
comercias	2500
comerceias	2500
comercia	2500
comerceia	2500
comerciam	2500
comerceiam	2500
comercie	2500
comerceie	2500
comercies	2500
comerceies	2500
comerciem	2500
comerceiem	2500
negociamos	2500
negociais	2500
negociemos	2500
negocieis	2500
negociai	2500
negocio	2500
negoceio	2500
negocias	2500
negoceias	2500
negocia	2500
negoceia	2500
negociam	2500
negoceiam	2500
negocie	2500
negoceie	2500
negocies	2500
negoceies	2500
negociem	2500
negoceiem	2500
licenciamos	2500
licenciais	2500
licenciemos	2500
licencieis	2500
licenciai	2500
licencio	2500
licenceio	2500
licencias	2500
licenceias	2500
licencia	2500
licenceia	2500
licenciam	2500
licenceiam	2500
licencie	2500
licenceie	2500
licencies	2500
licenceies	2500
licenciem	2500
licenceiem	2500
odiamos	2500
odiais	2500
odiemos	2500
odieis	2500
odiai	2500
odeio	2500
odeias	2500
odeia	2500
odeiam	2500
odeie	2500
odeies	2500
odeiem	2500
ansiamos	2500
ansiais	2500
ansiemos	2500
ansieis	2500
ansiai	2500
anseias	2500
anseia	2500
anseiam	2500
anseie	2500
anseies	2500
anseiem	2500
incendiamos	2500
incendiais	2500
incendiemos	2500
incendieis	2500
incendiai	2500
incendeio	2500
incendeias	2500
incendeia	2500
incendeiam	2500
incendeie	2500
incendeies	2500
incendeiem	2500
intermediamos	2500
intermediais	2500
intermediemos	2500
intermedieis	2500
intermediai	2500
intermedeio	2500
intermedeias	2500
intermedeia	2500
intermedeiam	2500
intermedeie	2500
intermedeies	2500
intermedeiem	2500
mediamos	2500
mediais	2500
mediemos	2500
medieis	2500
mediai	2500
medeio	2500
medeias	2500
medeia	2500
medeiam	2500
medeie	2500
medeies	2500
medeiem	2500
obsequiamos	2500
obsequiais	2500
obsequiemos	2500
obsequieis	2500
obsequiai	2500
obsequeio	2500
obsequeias	2500
obsequeia	2500
obsequeiam	2500
obsequeie	2500
obsequeies	2500
obsequeiem	2500
premiamos	2500
premiais	2500
premiemos	2500
premieis	2500
premiai	2500
premeio	2500
premeias	2500
premeia	2500
premeiam	2500
premeie	2500
premeies	2500
premeiem	2500
remediamos	2500
remediais	2500
remediemos	2500
remedieis	2500
remediai	2500
remedeias	2500
remedeia	2500
remedeiam	2500
remedeie	2500
remedeies	2500
remedeiem	2500
tendo	2500
tido	2500
tida	2500
tidos	2500
tidas	2500
terei	2500
terás	2500
terá	2500
teremos	2500
tereis	2500
terão	2500
teria	2500
terias	2500
teríamos	2500
teríeis	2500
teriam	2500
tinhas	2500
tínhamos	2500
tínheis	2500
tinham	2500
tivera	2500
tiveras	2500
tivéramos	2500
tivéreis	2500
tenha	2500
tenhas	2500
tenhamos	2500
tenhais	2500
tenham	2500
tivesse	2500
tivesses	2500
tivéssemos	2500
tivésseis	2500
tivessem	2500
tiver	2500
tiveres	2500
tivermos	2500
tiverdes	2500
tiverem	2500
tende	2500
termos	2500
terdes	2500
terem	2500
contendo	2500
contido	2500
contida	2500
contidos	2500
contidas	2500
conterei	2500
conterás	2500
conterá	2500
conteremos	2500
contereis	2500
conterão	2500
conteria	2500
conterias	2500
conteríamos	2500
conteríeis	2500
conteriam	2500
contenho	2500
conténs	2500
contém	2500
contemos	2500
contendes	2500
contêm	2500
continha	2500
continhas	2500
contínhamos	2500
contínheis	2500
continham	2500
contive	2500
contiveste	2500
conteve	2500
contivemos	2500
contivestes	2500
contiveram	2500
contivera	2500
contiveras	2500
contivéramos	2500
contivéreis	2500
contenha	2500
contenhas	2500
contenhamos	2500
contenhais	2500
contenham	2500
contivesse	2500
contivesses	2500
contivéssemos	2500
contivésseis	2500
contivessem	2500
contiver	2500
contiveres	2500
contivermos	2500
contiverdes	2500
contiverem	2500
contende	2500
conteres	2500
contermos	2500
conterdes	2500
conterem	2500
detendo	2500
detido	2500
detida	2500
detidos	2500
detidas	2500
deterei	2500
deterás	2500
deterá	2500
deteremos	2500
detereis	2500
deterão	2500
deteria	2500
deterias	2500
deteríamos	2500
deteríeis	2500
deteriam	2500
detenho	2500
deténs	2500
detém	2500
detemos	2500
detendes	2500
detêm	2500
detinha	2500
detinhas	2500
detínhamos	2500
detínheis	2500
detinham	2500
detive	2500
detiveste	2500
deteve	2500
detivemos	2500
detivestes	2500
detiveram	2500
detivera	2500
detiveras	2500
detivéramos	2500
detivéreis	2500
detenha	2500
detenhas	2500
detenhamos	2500
detenhais	2500
detenham	2500
detivesse	2500
detivesses	2500
detivéssemos	2500
detivésseis	2500
detivessem	2500
detiver	2500
detiveres	2500
detivermos	2500
detiverdes	2500
detiverem	2500
detende	2500
deteres	2500
determos	2500
deterdes	2500
deterem	2500
entretendo	2500
entretido	2500
entretida	2500
entretidos	2500
entretidas	2500
entreterei	2500
entreterás	2500
entreterá	2500
entreteremos	2500
entretereis	2500
entreterão	2500
entreteria	2500
entreterias	2500
entreteríamos	2500
entreteríeis	2500
entreteriam	2500
entretenho	2500
entreténs	2500
entretemos	2500
entretendes	2500
entretêm	2500
entretinha	2500
entretinhas	2500
entretínhamos	2500
entretínheis	2500
entretinham	2500
entretive	2500
entretiveste	2500
entreteve	2500
entretivemos	2500
entretivestes	2500
entretiveram	2500
entretivera	2500
entretiveras	2500
entretivéramos	2500
entretivéreis	2500
entretenha	2500
entretenhas	2500
entretenhamos	2500
entretenhais	2500
entretenham	2500
entretivesse	2500
entretivesses	2500
entretivéssemos	2500
entretivésseis	2500
entretivessem	2500
entretiver	2500
entretiveres	2500
entretivermos	2500
entretiverdes	2500
entretiverem	2500
entretende	2500
entreteres	2500
entretermos	2500
entreterdes	2500
entreterem	2500
mantendo	2500
mantido	2500
mantida	2500
mantidos	2500
mantidas	2500
manterei	2500
manterás	2500
manterá	2500
manteremos	2500
mantereis	2500
manterão	2500
manteria	2500
manterias	2500
manteríamos	2500
manteríeis	2500
manteriam	2500
mantenho	2500
manténs	2500
mantém	2500
mantemos	2500
mantendes	2500
mantêm	2500
mantinha	2500
mantinhas	2500
mantínhamos	2500
mantínheis	2500
mantinham	2500
mantive	2500
mantiveste	2500
manteve	2500
mantivemos	2500
mantivestes	2500
mantiveram	2500
mantivera	2500
mantiveras	2500
mantivéramos	2500
mantivéreis	2500
mantenha	2500
mantenhas	2500
mantenhamos	2500
mantenhais	2500
mantenham	2500
mantivesse	2500
mantivesses	2500
mantivéssemos	2500
mantivésseis	2500
mantivessem	2500
mantiver	2500
mantiveres	2500
mantivermos	2500
mantiverdes	2500
mantiverem	2500
mantende	2500
manteres	2500
mantermos	2500
manterdes	2500
manterem	2500
obtendo	2500
obtido	2500
obtida	2500
obtidos	2500
obtidas	2500
obterei	2500
obterás	2500
obterá	2500
obteremos	2500
obtereis	2500
obterão	2500
obteria	2500
obterias	2500
obteríamos	2500
obteríeis	2500
obteriam	2500
obtenho	2500
obténs	2500
obtém	2500
obtemos	2500
obtendes	2500
obtêm	2500
obtinha	2500
obtinhas	2500
obtínhamos	2500
obtínheis	2500
obtinham	2500
obtive	2500
obtiveste	2500
obteve	2500
obtivemos	2500
obtivestes	2500
obtiveram	2500
obtivera	2500
obtiveras	2500
obtivéramos	2500
obtivéreis	2500
obtenha	2500
obtenhas	2500
obtenhamos	2500
obtenhais	2500
obtenham	2500
obtivesse	2500
obtivesses	2500
obtivéssemos	2500
obtivésseis	2500
obtivessem	2500
obtiver	2500
obtiveres	2500
obtivermos	2500
obtiverdes	2500
obtiverem	2500
obtende	2500
obteres	2500
obtermos	2500
obterdes	2500
obterem	2500
retendo	2500
retido	2500
retida	2500
retidos	2500
retidas	2500
reterei	2500
reterás	2500
reterá	2500
reteremos	2500
retereis	2500
reterão	2500
reteria	2500
reterias	2500
reteríamos	2500
reteríeis	2500
reteriam	2500
retenho	2500
reténs	2500
retemos	2500
retendes	2500
retêm	2500
retinha	2500
retinhas	2500
retínhamos	2500
retínheis	2500
retinham	2500
retive	2500
retiveste	2500
reteve	2500
retivemos	2500
retivestes	2500
retiveram	2500
retivera	2500
retiveras	2500
retivéramos	2500
retivéreis	2500
retenha	2500
retenhas	2500
retenhamos	2500
retenhais	2500
retenham	2500
retivesse	2500
retivesses	2500
retivéssemos	2500
retivésseis	2500
retivessem	2500
retiver	2500
retiveres	2500
retivermos	2500
retiverdes	2500
retiverem	2500
retende	2500
reteres	2500
retermos	2500
reterdes	2500
reterem	2500
sustendo	2500
sustido	2500
sustida	2500
sustidos	2500
sustidas	2500
susterei	2500
susterás	2500
susterá	2500
susteremos	2500
sustereis	2500
susterão	2500
susteria	2500
susterias	2500
susteríamos	2500
susteríeis	2500
susteriam	2500
sustenho	2500
susténs	2500
sustém	2500
sustemos	2500
sustendes	2500
sustêm	2500
sustinha	2500
sustinhas	2500
sustínhamos	2500
sustínheis	2500
sustinham	2500
sustive	2500
sustiveste	2500
susteve	2500
sustivemos	2500
sustivestes	2500
sustiveram	2500
sustivera	2500
sustiveras	2500
sustivéramos	2500
sustivéreis	2500
sustenha	2500
sustenhas	2500
sustenhamos	2500
sustenhais	2500
sustenham	2500
sustivesse	2500
sustivesses	2500
sustivéssemos	2500
sustivésseis	2500
sustivessem	2500
sustiver	2500
sustiveres	2500
sustivermos	2500
sustiverdes	2500
sustiverem	2500
sustende	2500
susteres	2500
sustermos	2500
susterdes	2500
susterem	2500
atendo	2500
atido	2500
atida	2500
atidos	2500
atidas	2500
aterei	2500
aterás	2500
aterá	2500
ateremos	2500
atereis	2500
aterão	2500
ateria	2500
aterias	2500
ateríamos	2500
ateríeis	2500
ateriam	2500
atenho	2500
aténs	2500
atém	2500
atemos	2500
atendes	2500
atêm	2500
atinha	2500
atinhas	2500
atínhamos	2500
atínheis	2500
atinham	2500
ative	2500
ativeste	2500
ateve	2500
ativemos	2500
ativestes	2500
ativeram	2500
ativera	2500
ativeras	2500
ativéramos	2500
ativéreis	2500
atenha	2500
atenhas	2500
atenhamos	2500
atenhais	2500
atenham	2500
ativesse	2500
ativesses	2500
ativéssemos	2500
ativésseis	2500
ativessem	2500
ativer	2500
ativeres	2500
ativermos	2500
ativerdes	2500
ativerem	2500
atende	2500
ateres	2500
atermos	2500
aterdes	2500
aterem	2500
boiamos	2500
boiais	2500
boiemos	2500
boieis	2500
boio	2500
boias	2500
boiam	2500
boie	2500
boies	2500
boiem	2500
boiai	2500
trazes	2500
traz	2500
trazemos	2500
trazeis	2500
trazem	2500
trazia	2500
trazias	2500
trazíamos	2500
trazíeis	2500
traziam	2500
trouxe	2500
trouxeste	2500
trouxemos	2500
trouxestes	2500
trouxeram	2500
trouxera	2500
trouxeras	2500
trouxéramos	2500
trouxéreis	2500
trarei	2500
trarás	2500
trará	2500
traremos	2500
trareis	2500
trarão	2500
traga	2500
tragas	2500
tragamos	2500
tragais	2500
tragam	2500
trouxesse	2500
trouxesses	2500
trouxéssemos	2500
trouxésseis	2500
trouxessem	2500
trouxer	2500
trouxeres	2500
trouxermos	2500
trouxerdes	2500
trouxerem	2500
traria	2500
trarias	2500
traríamos	2500
traríeis	2500
trariam	2500
trazei	2500
trazendo	2500
trazido	2500
trazidos	2500
trazidas	2500
trazeres	2500
trazermos	2500
trazerdes	2500
trazerem	2500
cabendo	2500
cabes	2500
cabe	2500
cabemos	2500
cabeis	2500
cabem	2500
cabida	2500
cabidos	2500
cabidas	2500
cabia	2500
cabias	2500
cabíamos	2500
cabíeis	2500
cabiam	2500
caberei	2500
caberás	2500
caberá	2500
caberemos	2500
cabereis	2500
caberão	2500
caberia	2500
caberias	2500
caberíamos	2500
caberíeis	2500
caberiam	2500
caibo	2500
coube	2500
coubeste	2500
coubemos	2500
coubestes	2500
couberam	2500
coubera	2500
couberas	2500
coubéramos	2500
coubéreis	2500
caiba	2500
caibas	2500
caibamos	2500
caibais	2500
caibam	2500
coubesse	2500
coubesses	2500
coubéssemos	2500
coubésseis	2500
coubessem	2500
couber	2500
couberes	2500
coubermos	2500
couberdes	2500
couberem	2500
cabei	2500
caberes	2500
cabermos	2500
caberdes	2500
caberem	2500
descabendo	2500
descabes	2500
descabe	2500
descabemos	2500
descabeis	2500
descabem	2500
descabida	2500
descabidos	2500
descabidas	2500
descabia	2500
descabias	2500
descabíamos	2500
descabíeis	2500
descabiam	2500
descaberei	2500
descaberás	2500
descaberá	2500
descaberemos	2500
descabereis	2500
descaberão	2500
descaberia	2500
descaberias	2500
descaberíamos	2500
descaberíeis	2500
descaberiam	2500
descaibo	2500
descoube	2500
descoubeste	2500
descoubemos	2500
descoubestes	2500
descouberam	2500
descoubera	2500
descouberas	2500
descoubéramos	2500
descoubéreis	2500
descaiba	2500
descaibas	2500
descaibamos	2500
descaibais	2500
descaibam	2500
descoubesse	2500
descoubesses	2500
descoubéssemos	2500
descoubésseis	2500
descoubessem	2500
descouber	2500
descouberes	2500
descoubermos	2500
descouberdes	2500
descouberem	2500
descabei	2500
descaberes	2500
descabermos	2500
descaberdes	2500
descaberem	2500
sabendo	2500
sabes	2500
sabemos	2500
sabeis	2500
sabem	2500
sabido	2500
sabida	2500
sabidos	2500
sabidas	2500
sabia	2500
sabias	2500
sabíamos	2500
sabíeis	2500
sabiam	2500
saberei	2500
saberás	2500
saberá	2500
saberemos	2500
sabereis	2500
saberão	2500
saberia	2500
saberias	2500
saberíamos	2500
saberíeis	2500
saberiam	2500
soube	2500
soubeste	2500
soubemos	2500
soubestes	2500
souberam	2500
soubera	2500
souberas	2500
soubéramos	2500
soubéreis	2500
saiba	2500
saibas	2500
saibamos	2500
saibais	2500
saibam	2500
soubesse	2500
soubesses	2500
soubéssemos	2500
soubésseis	2500
soubessem	2500
souber	2500
souberes	2500
soubermos	2500
souberdes	2500
souberem	2500
sabei	2500
saberes	2500
sabermos	2500
saberdes	2500
saberem	2500
creio	2500
crês	2500
crê	2500
cremos	2500
credes	2500
creem	2500
creia	2500
creias	2500
creiamos	2500
creiais	2500
creiam	2500
crede	2500
querendo	2500
queres	2500
queremos	2500
quereis	2500
querida	2500
queridos	2500
queridas	2500
queria	2500
querias	2500
queríamos	2500
queríeis	2500
queriam	2500
quererei	2500
quererás	2500
quererá	2500
quereremos	2500
querereis	2500
quererão	2500
quereria	2500
quererias	2500
quereríamos	2500
quereríeis	2500
quereriam	2500
quis	2500
quiseste	2500
quisemos	2500
quisestes	2500
quiseram	2500
quisera	2500
quiseras	2500
quiséramos	2500
quiséreis	2500
queira	2500
queiras	2500
queiramos	2500
queirais	2500
queiram	2500
quisesse	2500
quisesses	2500
quiséssemos	2500
quisésseis	2500
quisessem	2500
quiser	2500
quiseres	2500
quisermos	2500
quiserdes	2500
quiserem	2500
querei	2500
quereres	2500
querermos	2500
quererdes	2500
quererem	2500
bem-querendo	2500
bem-quero	2500
bem-queres	2500
bem-queremos	2500
bem-quereis	2500
bem-querem	2500
bem-querido	2500
bem-querida	2500
bem-queridos	2500
bem-queridas	2500
bem-queria	2500
bem-querias	2500
bem-queríamos	2500
bem-queríeis	2500
bem-queriam	2500
bem-quererei	2500
bem-quererás	2500
bem-quererá	2500
bem-quereremos	2500
bem-querereis	2500
bem-quererão	2500
bem-quereria	2500
bem-quererias	2500
bem-quereríamos	2500
bem-quereríeis	2500
bem-quereriam	2500
bem-quer	2500
bem-quis	2500
bem-quiseste	2500
bem-quisemos	2500
bem-quisestes	2500
bem-quiseram	2500
bem-quisera	2500
bem-quiseras	2500
bem-quiséramos	2500
bem-quiséreis	2500
bem-queira	2500
bem-queiras	2500
bem-queiramos	2500
bem-queirais	2500
bem-queiram	2500
bem-quisesse	2500
bem-quisesses	2500
bem-quiséssemos	2500
bem-quisésseis	2500
bem-quisessem	2500
bem-quiser	2500
bem-quiseres	2500
bem-quisermos	2500
bem-quiserdes	2500
bem-quiserem	2500
bem-querei	2500
bem-quereres	2500
bem-querermos	2500
bem-quererdes	2500
bem-quererem	2500
malquerendo	2500
malquero	2500
malqueres	2500
malqueremos	2500
malquereis	2500
malquerem	2500
malquerido	2500
malquerida	2500
malqueridos	2500
malqueridas	2500
malqueria	2500
malquerias	2500
malqueríamos	2500
malqueríeis	2500
malqueriam	2500
malquererei	2500
malquererás	2500
malquererá	2500
malquereremos	2500
malquerereis	2500
malquererão	2500
malquereria	2500
malquererias	2500
malquereríamos	2500
malquereríeis	2500
malquereriam	2500
malquer	2500
malquis	2500
malquiseste	2500
malquisemos	2500
malquisestes	2500
malquiseram	2500
malquisera	2500
malquiseras	2500
malquiséramos	2500
malquiséreis	2500
malqueira	2500
malqueiras	2500
malqueiramos	2500
malqueirais	2500
malqueiram	2500
malquisesse	2500
malquisesses	2500
malquiséssemos	2500
malquisésseis	2500
malquisessem	2500
malquiser	2500
malquiseres	2500
malquisermos	2500
malquiserdes	2500
malquiserem	2500
malquerei	2500
malquereres	2500
malquerermos	2500
malquererdes	2500
malquererem	2500
requeres	2500
requeremos	2500
requereis	2500
requerem	2500
requeiro	2500
requer	2500
requeira	2500
requeiras	2500
requeiramos	2500
requeirais	2500
requeiram	2500
requerei	2500
estando	2500
estamos	2500
estais	2500
estadas	2500
estavas	2500
estávamos	2500
estáveis	2500
estavam	2500
estarei	2500
estarás	2500
estaremos	2500
estareis	2500
estarão	2500
estaria	2500
estarias	2500
estaríamos	2500
estaríeis	2500
estariam	2500
estivera	2500
estiveras	2500
estivéramos	2500
estivéreis	2500
estiverem	2500
esteja	2500
estejas	2500
estejamos	2500
estejais	2500
estejam	2500
estivesse	2500
estivesses	2500
estivéssemos	2500
estivésseis	2500
estivessem	2500
estiver	2500
estiveres	2500
estivermos	2500
estiverdes	2500
estai	2500
estares	2500
estarmos	2500
estardes	2500
estarem	2500
havendo	2500
havido	2500
havida	2500
havidos	2500
havidas	2500
havia	2500
havias	2500
havíamos	2500
havíeis	2500
haviam	2500
haverei	2500
haverás	2500
haverá	2500
haveremos	2500
havereis	2500
haverão	2500
haveria	2500
haverias	2500
haveríamos	2500
haveríeis	2500
haveriam	2500
hei	2500
hás	2500
há	2500
havemos	2500
hemos	2500
haveis	2500
heis	2500
hão	2500
houve	2500
houveste	2500
houvemos	2500
houvestes	2500
houveram	2500
houvera	2500
houveras	2500
houvéramos	2500
houvéreis	2500
haja	2500
hajas	2500
hajamos	2500
hajais	2500
hajam	2500
houvesse	2500
houvesses	2500
houvéssemos	2500
houvésseis	2500
houvessem	2500
houver	2500
houveres	2500
houvermos	2500
houverdes	2500
houverem	2500
havei	2500
haveres	2500
havermos	2500
haverdes	2500
haverem	2500
indo	2500
ido	2500
idos	2500
idas	2500
ia	2500
ias	2500
íamos	2500
íeis	2500
iam	2500
irei	2500
irás	2500
iremos	2500
ireis	2500
iria	2500
irias	2500
iríamos	2500
iríeis	2500
iriam	2500
vou	2500
vamos	2500
imos	2500
ides	2500
is	2500
foras	2500
fôramos	2500
fôreis	2500
vás	2500
vades	2500
fosse	2500
fosses	2500
fôssemos	2500
fôsseis	2500
fossem	2500
fores	2500
formos	2500
fordes	2500
forem	2500
ide	2500
ires	2500
irmos	2500
irdes	2500
irem	2500
leio	2500
lês	2500
lê	2500
lemos	2500
ledes	2500
leem	2500
leia	2500
leias	2500
leiamos	2500
leiais	2500
leiam	2500
lede	2500
reio	2500
rês	2500
remos	2500
redes	2500
reem	2500
reia	2500
reias	2500
reiamos	2500
reiais	2500
reiam	2500
ouves	2500
ouve	2500
ouvimos	2500
ouvis	2500
ouvem	2500
ouço	2500
oiço	2500
ouça	2500
ouças	2500
ouçamos	2500
ouçais	2500
ouçam	2500
oiça	2500
oiças	2500
oiçamos	2500
oiçais	2500
oiçam	2500
ouvi	2500
provido	2500
provida	2500
providos	2500
providas	2500
provirei	2500
provirás	2500
provirá	2500
proviremos	2500
provireis	2500
provirão	2500
proviria	2500
provirias	2500
proviríamos	2500
proviríeis	2500
proviriam	2500
provenho	2500
provéns	2500
provém	2500
provimos	2500
provindes	2500
provêm	2500
provinha	2500
provinhas	2500
provínhamos	2500
provínheis	2500
provinham	2500
provim	2500
provieste	2500
proveio	2500
proviemos	2500
proviestes	2500
provieram	2500
proviera	2500
provieras	2500
proviéramos	2500
proviéreis	2500
provenha	2500
provenhas	2500
provenhamos	2500
provenhais	2500
provenham	2500
proviesse	2500
proviesses	2500
proviéssemos	2500
proviésseis	2500
proviessem	2500
provier	2500
provieres	2500
proviermos	2500
provierdes	2500
provierem	2500
provinde	2500
provires	2500
provirmos	2500
provirdes	2500
provirem	2500
advido	2500
advida	2500
advidos	2500
advidas	2500
advirei	2500
advirás	2500
advirá	2500
adviremos	2500
advireis	2500
advirão	2500
adviria	2500
advirias	2500
adviríamos	2500
adviríeis	2500
adviriam	2500
advenho	2500
advéns	2500
advém	2500
advimos	2500
advindes	2500
advêm	2500
advinha	2500
advinhas	2500
advínhamos	2500
advínheis	2500
advinham	2500
advim	2500
advieste	2500
adveio	2500
adviemos	2500
adviestes	2500
advieram	2500
adviera	2500
advieras	2500
adviéramos	2500
adviéreis	2500
advenha	2500
advenhas	2500
advenhamos	2500
advenhais	2500
advenham	2500
adviesse	2500
adviesses	2500
adviéssemos	2500
adviésseis	2500
adviessem	2500
advier	2500
advieres	2500
adviermos	2500
advierdes	2500
advierem	2500
advinde	2500
advires	2500
advirmos	2500
advirdes	2500
advirem	2500
avindo	2500
avido	2500
avida	2500
avidos	2500
avidas	2500
avirei	2500
avirás	2500
avirá	2500
aviremos	2500
avireis	2500
avirão	2500
aviria	2500
avirias	2500
aviríamos	2500
aviríeis	2500
aviriam	2500
avenho	2500
avéns	2500
avém	2500
avimos	2500
avindes	2500
avêm	2500
avinha	2500
avinhas	2500
avínhamos	2500
avínheis	2500
avinham	2500
avim	2500
avieste	2500
aveio	2500
aviemos	2500
aviestes	2500
avieram	2500
aviera	2500
avieras	2500
aviéramos	2500
aviéreis	2500
avenha	2500
avenhas	2500
avenhamos	2500
avenhais	2500
avenham	2500
aviesse	2500
aviesses	2500
aviéssemos	2500
aviésseis	2500
aviessem	2500
avier	2500
avieres	2500
aviermos	2500
avierdes	2500
avierem	2500
avinde	2500
avires	2500
avirmos	2500
avirdes	2500
avirem	2500
convindo	2500
convido	2500
convida	2500
convidos	2500
convidas	2500
convirei	2500
convirás	2500
convirá	2500
conviremos	2500
convireis	2500
convirão	2500
conviria	2500
convirias	2500
conviríamos	2500
conviríeis	2500
conviriam	2500
convenho	2500
convéns	2500
convém	2500
convimos	2500
convindes	2500
convêm	2500
convinha	2500
convinhas	2500
convínhamos	2500
convínheis	2500
convinham	2500
convim	2500
convieste	2500
conveio	2500
conviemos	2500
conviestes	2500
convieram	2500
conviera	2500
convieras	2500
conviéramos	2500
conviéreis	2500
convenha	2500
convenhas	2500
convenhamos	2500
convenhais	2500
convenham	2500
conviesse	2500
conviesses	2500
conviéssemos	2500
conviésseis	2500
conviessem	2500
convier	2500
convieres	2500
conviermos	2500
convierdes	2500
convierem	2500
convinde	2500
convires	2500
convirmos	2500
convirdes	2500
convirem	2500
desavido	2500
desavida	2500
desavidos	2500
desavidas	2500
desavirei	2500
desavirás	2500
desavirá	2500
desaviremos	2500
desavireis	2500
desavirão	2500
desaviria	2500
desavirias	2500
desaviríamos	2500
desaviríeis	2500
desaviriam	2500
desavenho	2500
desavéns	2500
desavém	2500
desavimos	2500
desavindes	2500
desavêm	2500
desavinha	2500
desavinhas	2500
desavínhamos	2500
desavínheis	2500
desavinham	2500
desavim	2500
desavieste	2500
desaveio	2500
desaviemos	2500
desaviestes	2500
desavieram	2500
desaviera	2500
desavieras	2500
desaviéramos	2500
desaviéreis	2500
desavenha	2500
desavenhas	2500
desavenhamos	2500
desavenhais	2500
desavenham	2500
desaviesse	2500
desaviesses	2500
desaviéssemos	2500
desaviésseis	2500
desaviessem	2500
desavier	2500
desavieres	2500
desaviermos	2500
desavierdes	2500
desavierem	2500
desavinde	2500
desavires	2500
desavirmos	2500
desavirdes	2500
desavirem	2500
devindo	2500
devido	2500
devida	2500
devidos	2500
devidas	2500
devirei	2500
devirás	2500
devirá	2500
deviremos	2500
devireis	2500
devirão	2500
deviria	2500
devirias	2500
deviríamos	2500
deviríeis	2500
deviriam	2500
devenho	2500
devéns	2500
devém	2500
devimos	2500
devindes	2500
devêm	2500
devinha	2500
devinhas	2500
devínhamos	2500
devínheis	2500
devinham	2500
devim	2500
devieste	2500
deveio	2500
deviemos	2500
deviestes	2500
devieram	2500
deviera	2500
devieras	2500
deviéramos	2500
deviéreis	2500
devenha	2500
devenhas	2500
devenhamos	2500
devenhais	2500
devenham	2500
deviesse	2500
deviesses	2500
deviéssemos	2500
deviésseis	2500
deviessem	2500
devier	2500
devieres	2500
deviermos	2500
devierdes	2500
devierem	2500
devinde	2500
devires	2500
devirmos	2500
devirdes	2500
devirem	2500
intervindo	2500
intervido	2500
intervida	2500
intervidos	2500
intervidas	2500
intervirei	2500
intervirás	2500
intervirá	2500
interviremos	2500
intervireis	2500
intervirão	2500
interviria	2500
intervirias	2500
interviríamos	2500
interviríeis	2500
interviriam	2500
intervenho	2500
intervéns	2500
intervém	2500
intervimos	2500
intervindes	2500
intervêm	2500
intervinha	2500
intervinhas	2500
intervínhamos	2500
intervínheis	2500
intervinham	2500
intervim	2500
intervieste	2500
interveio	2500
interviemos	2500
interviestes	2500
intervieram	2500
interviera	2500
intervieras	2500
interviéramos	2500
interviéreis	2500
intervenha	2500
intervenhas	2500
intervenhamos	2500
intervenhais	2500
intervenham	2500
interviesse	2500
interviesses	2500
interviéssemos	2500
interviésseis	2500
interviessem	2500
intervier	2500
intervieres	2500
interviermos	2500
intervierdes	2500
intervierem	2500
intervinde	2500
intervires	2500
intervirmos	2500
intervirdes	2500
intervirem	2500
revindo	2500
revido	2500
revida	2500
revidos	2500
revidas	2500
revirei	2500
revirás	2500
revirá	2500
reviremos	2500
revireis	2500
revirão	2500
reviria	2500
revirias	2500
reviríamos	2500
reviríeis	2500
reviriam	2500
revenho	2500
revéns	2500
revém	2500
revindes	2500
revêm	2500
revinha	2500
revinhas	2500
revínhamos	2500
revínheis	2500
revinham	2500
revim	2500
revieste	2500
reveio	2500
reviemos	2500
reviestes	2500
revieram	2500
reviera	2500
revieras	2500
reviéramos	2500
reviéreis	2500
revenha	2500
revenhas	2500
revenhamos	2500
revenhais	2500
revenham	2500
reviesse	2500
reviesses	2500
reviéssemos	2500
reviésseis	2500
reviessem	2500
revier	2500
revieres	2500
reviermos	2500
revierdes	2500
revierem	2500
revinde	2500
virei	2500
virás	2500
virá	2500
viremos	2500
vireis	2500
virão	2500
viria	2500
virias	2500
viríamos	2500
viríeis	2500
viriam	2500
venho	2500
vindes	2500
vinhas	2500
vínhamos	2500
vínheis	2500
vinham	2500
vim	2500
vieste	2500
viemos	2500
viestes	2500
vieram	2500
viera	2500
vieras	2500
viéramos	2500
viéreis	2500
venha	2500
venhas	2500
venhamos	2500
venhais	2500
venham	2500
viesse	2500
viesses	2500
viéssemos	2500
viésseis	2500
viessem	2500
vier	2500
vieres	2500
viermos	2500
vierdes	2500
vierem	2500
vinde	2500
vindos	2500
vindas	2500
contravindo	2500
contravirei	2500
contravirás	2500
contravirá	2500
contraviremos	2500
contravireis	2500
contravirão	2500
contraviria	2500
contravirias	2500
contraviríamos	2500
contraviríeis	2500
contraviriam	2500
contravenho	2500
contravens	2500
contravem	2500
contravimos	2500
contravindes	2500
contravêm	2500
contravinha	2500
contravinhas	2500
contravínhamos	2500
contravínheis	2500
contravinham	2500
contravim	2500
contravieste	2500
contraveio	2500
contraviemos	2500
contraviestes	2500
contravieram	2500
contraviera	2500
contravieras	2500
contraviéramos	2500
contraviéreis	2500
contravenha	2500
contravenhas	2500
contravenhamos	2500
contravenhais	2500
contravenham	2500
contraviesse	2500
contraviesses	2500
contraviéssemos	2500
contraviésseis	2500
contraviessem	2500
contravier	2500
contravieres	2500
contraviermos	2500
contravierdes	2500
contravierem	2500
contravinde	2500
contravires	2500
contravirmos	2500
contravirdes	2500
contravirem	2500
contravinda	2500
contravindos	2500
contravindas	2500
perdes	2500
perde	2500
perdemos	2500
perdeis	2500
perdem	2500
perco	2500
percas	2500
percamos	2500
percais	2500
percam	2500
perdei	2500
podendo	2500
podes	2500
podemos	2500
podeis	2500
podido	2500
podida	2500
podidos	2500
podidas	2500
podias	2500
podíamos	2500
podíeis	2500
podiam	2500
poderei	2500
poderás	2500
poderemos	2500
podereis	2500
poderão	2500
poderia	2500
poderias	2500
poderíamos	2500
poderíeis	2500
poderiam	2500
pude	2500
pudeste	2500
pudemos	2500
pudestes	2500
puderas	2500
pudéramos	2500
pudéreis	2500
possa	2500
possas	2500
possamos	2500
possais	2500
possam	2500
pudesse	2500
pudesses	2500
pudéssemos	2500
pudésseis	2500
pudessem	2500
puder	2500
puderes	2500
pudermos	2500
puderdes	2500
puderem	2500
podei	2500
poderes	2500
podermos	2500
poderdes	2500
poderem	2500
provemos	2500
proveis	2500
provejo	2500
provês	2500
provê	2500
proveem	2500
proveja	2500
provejas	2500
provejamos	2500
provejais	2500
provejam	2500
provede	2500
remimos	2500
remis	2500
redimo	2500
redimes	2500
redime	2500
redimem	2500
redima	2500
redimas	2500
redimamos	2500
redimais	2500
redimam	2500
remi	2500
ris	2500
ri	2500
rimos	2500
rides	2500
riem	2500
rias	2500
riamos	2500
riais	2500
riam	2500
ride	2500
sorrio	2500
sorris	2500
sorri	2500
sorrimos	2500
sorrides	2500
sorriem	2500
sorria	2500
sorrias	2500
sorriamos	2500
sorriais	2500
sorriam	2500
sorride	2500
parimos	2500
pari	2500
sendo	2500
sido	2500
sidos	2500
sidas	2500
serei	2500
serás	2500
será	2500
seremos	2500
sereis	2500
serias	2500
seríamos	2500
seríeis	2500
seriam	2500
eras	2500
éramos	2500
éreis	2500
eram	2500
sejas	2500
sejamos	2500
sejais	2500
sejam	2500
sê	2500
seres	2500
sermos	2500
serdes	2500
serem	2500
vales	2500
valemos	2500
valeis	2500
valem	2500
valho	2500
valha	2500
valhas	2500
valhamos	2500
valhais	2500
valham	2500
valei	2500
equivales	2500
equivale	2500
equivalemos	2500
equivaleis	2500
equivalem	2500
equivalho	2500
equivalha	2500
equivalhas	2500
equivalhamos	2500
equivalhais	2500
equivalham	2500
equivalei	2500
